Tiempo,Infectados_Reales,Infectados_Predicción_SIRD,Susceptibles_Predicción,Removidos_Predicción
0,300,300.0,200000.0,0.0
1,10,813.391250923337,199486.60874907678,1.1458521828627951e-18
2,20,2195.705682628412,198104.29431737174,4.245799261476557e-18
