source,native,name,p_value,significant,description,term_size,query_size,intersection_size,effective_domain_size,precision,recall,query,parents
GO:CC,GO:0005737,cytoplasm,1.5507644594545542e-23,True,"""The contents of a cell excluding the plasma membrane and nucleus, but including other subcellular structures."" [ISBN:0198547684]",12394,862,630,22115,0.7308584686774942,0.05083104728094239,query_1,"['GO:0005622', 'GO:0110165']"
GO:MF,GO:0005515,protein binding,3.379724586857976e-17,True,"""Binding to a protein."" [GOC:go_curators]",14865,852,735,20196,0.8626760563380281,0.04944500504540868,query_1,['GO:0005488']
GO:CC,GO:0005654,nucleoplasm,2.3198608123566814e-15,True,"""That part of the nuclear content other than the chromosomes or the nucleolus."" [GOC:ma, ISBN:0124325653]",4229,862,268,22115,0.3109048723897912,0.06337195554504611,query_1,"['GO:0031981', 'GO:0110165']"
TF,TF:M00333,Factor: ZF5; motif: NRNGNGCGCGCWN,9.12429973282137e-15,True,Factor: ZF5; motif: NRNGNGCGCGCWN,15464,878,776,20044,0.8838268792710706,0.05018106570098293,query_1,['TF:M00000']
GO:CC,GO:0043226,organelle,5.65963883937024e-14,True,"""Organized structure of distinctive morphology and function. Includes the nucleus, mitochondria, plastids, vacuoles, vesicles, ribosomes and the cytoskeleton, and prokaryotic structures such as anammoxosomes and pirellulosomes. Excludes the plasma membrane."" [GOC:go_curators]",16811,862,750,22115,0.8700696055684455,0.04461364582713699,query_1,['GO:0110165']
GO:CC,GO:0005622,intracellular anatomical structure,2.2730452218323472e-13,True,"""A component of a cell contained within (but not including) the plasma membrane. In eukaryotes it includes the nucleus and cytoplasm."" [ISBN:0198506732]",17842,862,780,22115,0.9048723897911833,0.0437170720771214,query_1,['GO:0110165']
GO:CC,GO:0043231,intracellular membrane-bounded organelle,2.340756265039949e-13,True,"""Organized structure of distinctive morphology and function, bounded by a single or double lipid bilayer membrane and occurring within the cell. Includes the nucleus, mitochondria, plastids, vacuoles, and vesicles. Excludes the plasma membrane."" [GOC:go_curators]",14608,862,675,22115,0.7830626450116009,0.04620755750273822,query_1,"['GO:0043227', 'GO:0043229']"
GO:CC,GO:0043227,membrane-bounded organelle,4.991381185439385e-13,True,"""Organized structure of distinctive morphology and function, bounded by a single or double lipid bilayer membrane. Includes the nucleus, mitochondria, plastids, vacuoles, and vesicles. Excludes the plasma membrane."" [GOC:go_curators]",15672,862,710,22115,0.8236658932714617,0.045303726391015826,query_1,['GO:0043226']
GO:CC,GO:0043229,intracellular organelle,1.5105994389863613e-12,True,"""Organized structure of distinctive morphology and function, occurring within the cell. Includes the nucleus, mitochondria, plastids, vacuoles, vesicles, ribosomes and the cytoskeleton. Excludes the plasma membrane."" [GOC:go_curators]",16022,862,720,22115,0.8352668213457076,0.04493820996130321,query_1,"['GO:0005622', 'GO:0043226']"
TF,TF:M00716_1,Factor: ZF5; motif: GSGCGCGR; match class: 1,8.994558113131228e-12,True,Factor: ZF5; motif: GSGCGCGR; match class: 1,14519,878,733,20044,0.8348519362186788,0.0504855706315862,query_1,['TF:M00716']
TF,TF:M12599_1,Factor: E2F4; motif: YCCCGCCNCNNSSNNSNN; match class: 1,1.6004873419212438e-11,True,Factor: E2F4; motif: YCCCGCCNCNNSSNNSNN; match class: 1,16076,878,788,20044,0.89749430523918,0.04901716844986315,query_1,['TF:M12599']
GO:CC,GO:0031974,membrane-enclosed lumen,2.0338265970246777e-11,True,"""The enclosed volume within a sealed membrane or between two sealed membranes. Encompasses the volume enclosed by the membranes of a particular organelle, e.g. endoplasmic reticulum lumen, or the space between the two lipid bilayers of a double membrane surrounding an organelle, e.g. nuclear envelope lumen."" [GOC:add, GOC:mah]",6663,862,361,22115,0.41879350348027844,0.05417979888938916,query_1,['GO:0110165']
GO:CC,GO:0070013,intracellular organelle lumen,2.0338265970246777e-11,True,"""An organelle lumen that is part of an intracellular organelle."" [GOC:mah]",6663,862,361,22115,0.41879350348027844,0.05417979888938916,query_1,"['GO:0043229', 'GO:0043233']"
GO:CC,GO:0043233,organelle lumen,2.0338265970246777e-11,True,"""The internal volume enclosed by the membranes of a particular organelle; includes the volume enclosed by a single organelle membrane, e.g. endoplasmic reticulum lumen, or the volume enclosed by the innermost of the two lipid bilayers of an organelle envelope, e.g. nuclear lumen."" [GOC:jl, GOC:mah]",6663,862,361,22115,0.41879350348027844,0.05417979888938916,query_1,"['GO:0031974', 'GO:0043226']"
TF,TF:M08526_1,Factor: E2F-3:HES-7; motif: NNNSGCGCSNNNNNCRCGYGNN; match class: 1,2.8994005482870398e-11,True,Factor: E2F-3:HES-7; motif: NNNSGCGCSNNNNNCRCGYGNN; match class: 1,15386,878,763,20044,0.8690205011389521,0.049590536851683346,query_1,['TF:M08526']
TF,TF:M09894,Factor: E2F-4; motif: SNGGGCGGGAANN,3.367788937008611e-11,True,Factor: E2F-4; motif: SNGGGCGGGAANN,16606,878,805,20044,0.9168564920273349,0.04847645429362881,query_1,['TF:M00000']
TF,TF:M10438,Factor: ZF5; motif: GGSGCGCGS,5.157919338928501e-11,True,Factor: ZF5; motif: GGSGCGCGS,16621,878,805,20044,0.9168564920273349,0.048432705613380665,query_1,['TF:M00000']
HPA,HPA:0600000,tonsil,6.911098482117924e-11,True,tonsil,7788,597,497,11019,0.8324958123953099,0.06381612737544941,query_1,['HPA:0000000']
GO:CC,GO:0005829,cytosol,7.872710881231874e-11,True,"""The part of the cytoplasm that does not contain organelles but which does contain other particulate matter, such as protein complexes."" [GOC:hjd, GOC:jl]",5513,862,309,22115,0.35846867749419953,0.05604933792853256,query_1,"['GO:0005737', 'GO:0110165']"
TF,TF:M01240_1,Factor: BEN; motif: CAGCGRNV; match class: 1,8.924321302251785e-11,True,Factor: BEN; motif: CAGCGRNV; match class: 1,13586,878,694,20044,0.7904328018223234,0.05108199617253054,query_1,['TF:M01240']
TF,TF:M00333_1,Factor: ZF5; motif: NRNGNGCGCGCWN; match class: 1,1.1779280269580486e-10,True,Factor: ZF5; motif: NRNGNGCGCGCWN; match class: 1,12784,878,662,20044,0.7539863325740319,0.051783479349186486,query_1,['TF:M00333']
TF,TF:M08525_1,Factor: E2F-1:HES-7; motif: GGCRCGTGSYNNWNGGCGCSM; match class: 1,2.314813065107054e-10,True,Factor: E2F-1:HES-7; motif: GGCRCGTGSYNNWNGGCGCSM; match class: 1,15662,878,770,20044,0.876993166287016,0.04916358064104201,query_1,['TF:M08525']
TF,TF:M10438_1,Factor: ZF5; motif: GGSGCGCGS; match class: 1,2.683802253357397e-10,True,Factor: ZF5; motif: GGSGCGCGS; match class: 1,15279,878,756,20044,0.8610478359908884,0.04947967798939721,query_1,['TF:M10438']
TF,TF:M04826_1,Factor: p300; motif: ACNTCCG; match class: 1,4.604369537404756e-10,True,Factor: p300; motif: ACNTCCG; match class: 1,15605,878,767,20044,0.8735763097949886,0.049150913168856135,query_1,['TF:M04826']
TF,TF:M12599,Factor: E2F4; motif: YCCCGCCNCNNSSNNSNN,5.350412885305099e-10,True,Factor: E2F4; motif: YCCCGCCNCNNSSNNSNN,17574,878,833,20044,0.94874715261959,0.04739956754296119,query_1,['TF:M00000']
TF,TF:M11529,Factor: E2F-2; motif: GCGCGCGCNCS,1.146459302630142e-09,True,Factor: E2F-2; motif: GCGCGCGCNCS,16673,878,803,20044,0.9145785876993167,0.04816169855454927,query_1,['TF:M00000']
TF,TF:M07380,Factor: E2F-4; motif: NTTTCSCGCC,1.3097843503678525e-09,True,Factor: E2F-4; motif: NTTTCSCGCC,13369,878,681,20044,0.775626423690205,0.05093873887351335,query_1,['TF:M00000']
TF,TF:M11531,Factor: E2F-2; motif: GCGCGCGCGYW,1.6127514683914079e-09,True,Factor: E2F-2; motif: GCGCGCGCGYW,13659,878,692,20044,0.7881548974943052,0.05066256680576909,query_1,['TF:M00000']
TF,TF:M00716,Factor: ZF5; motif: GSGCGCGR,2.1116223114303036e-09,True,Factor: ZF5; motif: GSGCGCGR,16490,878,796,20044,0.9066059225512528,0.048271679805943,query_1,['TF:M00000']
GO:BP,GO:0006950,response to stress,4.763830642074368e-09,True,"""Any process that results in a change in state or activity of a cell or an organism (in terms of movement, secretion, enzyme production, gene expression, etc.) as a result of a disturbance in organismal or cellular homeostasis, usually, but not necessarily, exogenous (e.g. temperature, humidity, ionizing radiation)."" [GOC:mah]",3876,832,234,21017,0.28125,0.06037151702786378,query_1,['GO:0050896']
HPA,HPA:0030000,appendix,5.454091110374507e-09,True,appendix,7831,597,493,11019,0.8257956448911222,0.0629549227429447,query_1,['HPA:0000000']
HPA,HPA:0310000,lymph node,1.0230909034445083e-08,True,lymph node,6530,597,429,11019,0.7185929648241206,0.06569678407350689,query_1,['HPA:0000000']
TF,TF:M09894_1,Factor: E2F-4; motif: SNGGGCGGGAANN; match class: 1,1.2629583932057988e-08,True,Factor: E2F-4; motif: SNGGGCGGGAANN; match class: 1,14345,878,715,20044,0.8143507972665148,0.049843150923666785,query_1,['TF:M09894']
TF,TF:M01240,Factor: BEN; motif: CAGCGRNV,2.070647827235343e-08,True,Factor: BEN; motif: CAGCGRNV,16870,878,806,20044,0.9179954441913439,0.04777711914641375,query_1,['TF:M00000']
TF,TF:M11530,Factor: E2F-2; motif: NWTTTGGCGCCAWWNN,2.36561367993178e-08,True,Factor: E2F-2; motif: NWTTTGGCGCCAWWNN,14979,878,738,20044,0.8405466970387244,0.04926897656719407,query_1,['TF:M00000']
TF,TF:M08205,Factor: E2F-1:Elk-1; motif: SGCGCSNNAMCGGAAGT,2.612426806690373e-08,True,Factor: E2F-1:Elk-1; motif: SGCGCSNNAMCGGAAGT,14824,878,732,20044,0.8337129840546698,0.04937938478143551,query_1,['TF:M00000']
HPA,HPA:0550000,stomach 2,3.415883110437188e-08,True,stomach 2,7612,597,480,11019,0.8040201005025126,0.0630583289542827,query_1,['HPA:0000000']
HPA,HPA:0550051,stomach 2; glandular cells[≥Low],3.415883110437188e-08,True,stomach 2; glandular cells[≥Low],7612,597,480,11019,0.8040201005025126,0.0630583289542827,query_1,['HPA:0550000']
TF,TF:M07206,Factor: E2F-1; motif: NGGGCGGGARV,3.530308065891394e-08,True,Factor: E2F-1; motif: NGGGCGGGARV,14970,878,737,20044,0.8394077448747153,0.04923179692718771,query_1,['TF:M00000']
HPA,HPA:0470000,skin 2,3.812841813959551e-08,True,skin 2,7036,597,452,11019,0.7571189279731994,0.06424104604889141,query_1,['HPA:0000000']
TF,TF:M04869_1,Factor: Egr-1; motif: GCGCATGCG; match class: 1,3.96470750359041e-08,True,Factor: Egr-1; motif: GCGCATGCG; match class: 1,10557,878,559,20044,0.6366742596810934,0.05295064885857725,query_1,['TF:M04869']
TF,TF:M04869,Factor: Egr-1; motif: GCGCATGCG,5.288066034747424e-08,True,Factor: Egr-1; motif: GCGCATGCG,11568,878,601,20044,0.6845102505694761,0.051953665283540805,query_1,['TF:M00000']
TF,TF:M11018_1,Factor: IRX-1; motif: NACRYNNNNNNNNRYGNN; match class: 1,5.7322164055402143e-08,True,Factor: IRX-1; motif: NACRYNNNNNNNNRYGNN; match class: 1,16304,878,785,20044,0.8940774487471527,0.048147693817468105,query_1,['TF:M11018']
GO:CC,GO:0031981,nuclear lumen,8.311770062005858e-08,True,"""The volume enclosed by the nuclear inner membrane."" [GOC:mah, GOC:pz]",5524,862,296,22115,0.3433874709976798,0.05358435916002897,query_1,"['GO:0005634', 'GO:0070013']"
HPA,HPA:0310441,lymph node; non-germinal center cells[≥Low],1.0399457763642079e-07,True,lymph node; non-germinal center cells[≥Low],6061,597,401,11019,0.6716917922948074,0.06616069955452895,query_1,['HPA:0310000']
TF,TF:M09892,Factor: E2F-1; motif: NNNNGGCGGGAARN,1.453149198667038e-07,True,Factor: E2F-1; motif: NNNNGGCGGGAARN,13916,878,694,20044,0.7904328018223234,0.04987065248634665,query_1,['TF:M00000']
TF,TF:M11531_1,Factor: E2F-2; motif: GCGCGCGCGYW; match class: 1,2.1792565704307376e-07,True,Factor: E2F-2; motif: GCGCGCGCGYW; match class: 1,12708,878,645,20044,0.734624145785877,0.05075542965061379,query_1,['TF:M11531']
TF,TF:M12666,Factor: SP1; motif: GGCCCCGCCCCCN,2.3793098196762455e-07,True,Factor: SP1; motif: GGCCCCGCCCCCN,8941,878,485,20044,0.5523917995444191,0.054244491667598704,query_1,['TF:M00000']
TF,TF:M04823,Factor: E2F-4; motif: NNTTCCCGCCNN,2.656855332657402e-07,True,Factor: E2F-4; motif: NNTTCCCGCCNN,13114,878,661,20044,0.7528473804100227,0.05040414823852372,query_1,['TF:M00000']
TF,TF:M12597,Factor: E2F1; motif: GSGCGGGAAN,2.6593705808554755e-07,True,Factor: E2F1; motif: GSGCGGGAAN,14407,878,712,20044,0.8109339407744874,0.04942042062886097,query_1,['TF:M00000']
TF,TF:M08525,Factor: E2F-1:HES-7; motif: GGCRCGTGSYNNWNGGCGCSM,2.9781519783275054e-07,True,Factor: E2F-1:HES-7; motif: GGCRCGTGSYNNWNGGCGCSM,17480,878,823,20044,0.9373576309794989,0.04708237986270023,query_1,['TF:M00000']
GO:BP,GO:0080090,regulation of primary metabolic process,4.09969467512739e-07,True,"""Any process that modulates the frequency, rate or extent of the chemical reactions and pathways within a cell or an organism involving those compounds formed as a part of the normal anabolic and catabolic processes. These processes take place in most, if not all, cells of the organism."" [PMID:19211694]",5486,832,298,21017,0.3581730769230769,0.05432008749544295,query_1,"['GO:0019222', 'GO:0044238']"
TF,TF:M11603_1,Factor: TCF-1; motif: ACATCGRGRCGCTGW; match class: 1,4.850326580876202e-07,True,Factor: TCF-1; motif: ACATCGRGRCGCTGW; match class: 1,13544,878,677,20044,0.7710706150341685,0.04998523331364442,query_1,['TF:M11603']
GO:BP,GO:0048518,positive regulation of biological process,4.853002119887538e-07,True,"""Any process that activates or increases the frequency, rate or extent of a biological process. Biological processes are regulated by many means; examples include the control of gene expression, protein modification or interaction with a protein or substrate molecule."" [GOC:jid]",6235,832,330,21017,0.39663461538461536,0.05292702485966319,query_1,"['GO:0008150', 'GO:0050789']"
GO:BP,GO:0006796,phosphate-containing compound metabolic process,5.153845019482835e-07,True,"""The chemical reactions and pathways involving the phosphate group, the anion or salt of any phosphoric acid."" [GOC:ai]",2550,832,163,21017,0.19591346153846154,0.06392156862745098,query_1,['GO:0006793']
GO:BP,GO:0006793,phosphorus metabolic process,5.633347237611085e-07,True,"""The chemical reactions and pathways involving the nonmetallic element phosphorus or compounds that contain phosphorus."" [GOC:ai]",2553,832,163,21017,0.19591346153846154,0.06384645515080298,query_1,['GO:0008152']
GO:CC,GO:0016604,nuclear body,6.913744253799354e-07,True,"""Extra-nucleolar nuclear domains usually visualized by confocal microscopy and fluorescent antibodies to specific proteins."" [GOC:ma, PMID:10330182]",894,862,73,22115,0.08468677494199536,0.08165548098434004,query_1,"['GO:0005654', 'GO:0110165']"
GO:BP,GO:0042254,ribosome biogenesis,7.423480303310955e-07,True,"""A cellular process that results in the biosynthesis of constituent macromolecules, assembly, and arrangement of constituent parts of ribosome subunits; includes transport to the sites of protein synthesis."" [GOC:ma, PMID:26404467, Wikipedia:Ribosome_biogenesis]",316,832,39,21017,0.046875,0.12341772151898735,query_1,['GO:0022613']
TF,TF:M08441_1,Factor: AP-2gamma:Elk-1; motif: NGCCKNRGGSGRCGGAAGTG; match class: 1,9.973107427021412e-07,True,Factor: AP-2gamma:Elk-1; motif: NGCCKNRGGSGRCGGAAGTG; match class: 1,13081,878,657,20044,0.7482915717539863,0.05022551792676401,query_1,['TF:M08441']
TF,TF:M12554,Factor: YY2; motif: NNATGGCGGCN,1.3658986976126352e-06,True,Factor: YY2; motif: NNATGGCGGCN,2712,878,184,20044,0.20956719817767655,0.06784660766961652,query_1,['TF:M00000']
HPA,HPA:0460000,skin 1,1.5149955463618582e-06,True,skin 1,7246,597,456,11019,0.7638190954773869,0.06293127242616615,query_1,['HPA:0000000']
HPA,HPA:0400000,rectum,1.5319521462009755e-06,True,rectum,7973,597,491,11019,0.8224455611390284,0.061582842092060705,query_1,['HPA:0000000']
TF,TF:M08205_1,Factor: E2F-1:Elk-1; motif: SGCGCSNNAMCGGAAGT; match class: 1,2.4567050895119313e-06,True,Factor: E2F-1:Elk-1; motif: SGCGCSNNAMCGGAAGT; match class: 1,10744,878,558,20044,0.6355353075170843,0.05193596425912137,query_1,['TF:M08205']
TF,TF:M12310,Factor: ZNF597; motif: NGCCGCCATTTTGN,3.0067216048023566e-06,True,Factor: ZNF597; motif: NGCCGCCATTTTGN,442,878,50,20044,0.05694760820045558,0.11312217194570136,query_1,['TF:M00000']
HPA,HPA:0380000,placenta,3.0470000631589586e-06,True,placenta,7517,597,468,11019,0.7839195979899497,0.06225887987228948,query_1,['HPA:0000000']
TF,TF:M00803,Factor: E2F; motif: GGCGSG,3.3171318052253565e-06,True,Factor: E2F; motif: GGCGSG,13566,878,674,20044,0.7676537585421412,0.04968303110717971,query_1,['TF:M00000']
TF,TF:M11529_1,Factor: E2F-2; motif: GCGCGCGCNCS; match class: 1,3.402537266944778e-06,True,Factor: E2F-2; motif: GCGCGCGCNCS; match class: 1,14893,878,726,20044,0.826879271070615,0.04874773383468744,query_1,['TF:M11529']
HPA,HPA:0300000,lung,3.5359670697797887e-06,True,lung,7379,597,461,11019,0.7721943048576214,0.06247459005285269,query_1,['HPA:0000000']
GO:CC,GO:0012505,endomembrane system,4.882796226055593e-06,True,"""A collection of membranous structures involved in transport within the cell. The main components of the endomembrane system are endoplasmic reticulum, Golgi bodies, vesicles, cell membrane and nuclear envelope. Members of the endomembrane system pass materials through each other or though the use of vesicles."" [GOC:lh]",4803,862,256,22115,0.29698375870069604,0.053300020820320634,query_1,['GO:0110165']
HPA,HPA:0590000,thyroid gland,5.340062262002473e-06,True,thyroid gland,7131,597,448,11019,0.7504187604690117,0.0628242883186089,query_1,['HPA:0000000']
HPA,HPA:0590051,thyroid gland; glandular cells[≥Low],5.340062262002473e-06,True,thyroid gland; glandular cells[≥Low],7131,597,448,11019,0.7504187604690117,0.0628242883186089,query_1,['HPA:0590000']
HPA,HPA:0600441,tonsil; non-germinal center cells[≥Low],6.473561344510821e-06,True,tonsil; non-germinal center cells[≥Low],6117,597,396,11019,0.6633165829145728,0.06473761647866601,query_1,['HPA:0600000']
TF,TF:M02089,Factor: E2F-3; motif: GGCGGGN,7.546441125908599e-06,True,Factor: E2F-3; motif: GGCGGGN,13559,878,672,20044,0.765375854214123,0.0495611770779556,query_1,['TF:M00000']
TF,TF:M03925,Factor: YY2; motif: NCCGCCATNTY,8.175374160958237e-06,True,Factor: YY2; motif: NCCGCCATNTY,4746,878,283,20044,0.3223234624145786,0.05962916139907291,query_1,['TF:M00000']
HPA,HPA:0430000,seminal vesicle,8.180215261761513e-06,True,seminal vesicle,6828,597,432,11019,0.7236180904522613,0.0632688927943761,query_1,['HPA:0000000']
HPA,HPA:0430051,seminal vesicle; glandular cells[≥Low],8.180215261761513e-06,True,seminal vesicle; glandular cells[≥Low],6828,597,432,11019,0.7236180904522613,0.0632688927943761,query_1,['HPA:0430000']
TF,TF:M11603,Factor: TCF-1; motif: ACATCGRGRCGCTGW,8.228086743927738e-06,True,Factor: TCF-1; motif: ACATCGRGRCGCTGW,16683,878,791,20044,0.9009111617312073,0.04741353473595876,query_1,['TF:M00000']
GO:BP,GO:0010604,positive regulation of macromolecule metabolic process,8.384429278190224e-06,True,"""Any process that increases the frequency, rate or extent of the chemical reactions and pathways involving macromolecules, any molecule of high relative molecular mass, the structure of which essentially comprises the multiple repetition of units derived, actually or conceptually, from molecules of low relative molecular mass."" [GOC:dph, GOC:tb]",3349,832,196,21017,0.23557692307692307,0.0585249328157659,query_1,"['GO:0009893', 'GO:0043170', 'GO:0060255']"
TF,TF:M00986,Factor: Churchill; motif: CGGGNN,8.846381036692771e-06,True,Factor: Churchill; motif: CGGGNN,14579,878,712,20044,0.8109339407744874,0.04883736881816311,query_1,['TF:M00000']
TF,TF:M00695,Factor: ETF; motif: GVGGMGG,8.949117548958404e-06,True,Factor: ETF; motif: GVGGMGG,10744,878,555,20044,0.6321184510250569,0.05165673864482502,query_1,['TF:M00000']
TF,TF:M04744,Factor: ATF-3; motif: GGCGCSSNSNGRTSACGTSA,1.022442230793481e-05,True,Factor: ATF-3; motif: GGCGCSSNSNGRTSACGTSA,10285,878,535,20044,0.6093394077448747,0.05201750121536218,query_1,['TF:M00000']
HPA,HPA:0100000,cerebral cortex,1.073615629207623e-05,True,cerebral cortex,8106,597,494,11019,0.8274706867671692,0.06094251171971379,query_1,['HPA:0000000']
TF,TF:M11530_1,Factor: E2F-2; motif: NWTTTGGCGCCAWWNN; match class: 1,1.1408866540280366e-05,True,Factor: E2F-2; motif: NWTTTGGCGCCAWWNN; match class: 1,13806,878,681,20044,0.775626423690205,0.04932637983485441,query_1,['TF:M11530']
HPA,HPA:0530000,spleen,1.2019804971350573e-05,True,spleen,5893,597,383,11019,0.6415410385259631,0.06499236382148312,query_1,['HPA:0000000']
TF,TF:M11018,Factor: IRX-1; motif: NACRYNNNNNNNNRYGNN,1.2361220303836191e-05,True,Factor: IRX-1; motif: NACRYNNNNNNNNRYGNN,17328,878,813,20044,0.9259681093394078,0.04691828254847646,query_1,['TF:M00000']
HPA,HPA:0300411,lung; macrophages[≥Low],1.306856944988397e-05,True,lung; macrophages[≥Low],6787,597,429,11019,0.7185929648241206,0.06320907617504051,query_1,['HPA:0300000']
GO:BP,GO:0002684,positive regulation of immune system process,1.3540352232204369e-05,True,"""Any process that activates or increases the frequency, rate, or extent of an immune system process."" [GOC:add]",1066,832,82,21017,0.0985576923076923,0.07692307692307693,query_1,"['GO:0002376', 'GO:0002682', 'GO:0048518']"
GO:CC,GO:0005739,mitochondrion,1.4901748731510609e-05,True,"""A semiautonomous, self replicating organelle that occurs in varying numbers, shapes, and sizes in the cytoplasm of virtually all eukaryotic cells. It is notably the site of tissue respiration."" [GOC:giardia, ISBN:0198506732]",1697,862,111,22115,0.12877030162412992,0.06540954625810254,query_1,"['GO:0005737', 'GO:0043231']"
TF,TF:M08526,Factor: E2F-3:HES-7; motif: NNNSGCGCSNNNNNCRCGYGNN,1.685189829587337e-05,True,Factor: E2F-3:HES-7; motif: NNNSGCGCSNNNNNCRCGYGNN,17225,878,809,20044,0.9214123006833713,0.046966618287373,query_1,['TF:M00000']
TF,TF:M07380_1,Factor: E2F-4; motif: NTTTCSCGCC; match class: 1,1.720268549750564e-05,True,Factor: E2F-4; motif: NTTTCSCGCC; match class: 1,8243,878,444,20044,0.5056947608200456,0.05386388450806745,query_1,['TF:M07380']
TF,TF:M04515,Factor: E2F-1; motif: WWTGGCGCCAAA,1.7934094274979687e-05,True,Factor: E2F-1; motif: WWTGGCGCCAAA,13705,878,676,20044,0.7699316628701595,0.04932506384531193,query_1,['TF:M00000']
TF,TF:M08207_1,Factor: E2F-3:TBR2; motif: ANGTGYKANGGCGCSTTNNCRNNT; match class: 1,1.8193026519144943e-05,True,Factor: E2F-3:TBR2; motif: ANGTGYKANGGCGCSTTNNCRNNT; match class: 1,15845,878,759,20044,0.8644646924829157,0.04790154622909435,query_1,['TF:M08207']
TF,TF:M07206_1,Factor: E2F-1; motif: NGGGCGGGARV; match class: 1,1.8369246825438035e-05,True,Factor: E2F-1; motif: NGGGCGGGARV; match class: 1,11184,878,572,20044,0.6514806378132119,0.05114449213161659,query_1,['TF:M07206']
GO:BP,GO:0002682,regulation of immune system process,1.9023110306356433e-05,True,"""Any process that modulates the frequency, rate, or extent of an immune system process."" [GOC:add]",1526,832,106,21017,0.12740384615384615,0.06946264744429882,query_1,"['GO:0002376', 'GO:0050789']"
HPA,HPA:0130000,colon,2.0032964732864383e-05,True,colon,8342,597,504,11019,0.8442211055276382,0.06041716614720691,query_1,['HPA:0000000']
TF,TF:M08266,Factor: ER71:Pax-5; motif: ACCGGAACYACGCWTSANTG,2.067892262835483e-05,True,Factor: ER71:Pax-5; motif: ACCGGAACYACGCWTSANTG,14674,878,714,20044,0.8132118451025057,0.04865748943709963,query_1,['TF:M00000']
GO:CC,GO:0031090,organelle membrane,2.1333385632585442e-05,True,"""A membrane that is one of the two lipid bilayers of an organelle envelope or the outermost membrane of single membrane bound organelle."" [GOC:dos, GOC:mah]",3787,862,208,22115,0.24129930394431554,0.05492474254026934,query_1,"['GO:0016020', 'GO:0043227']"
GO:BP,GO:0033554,cellular response to stress,2.273685773989643e-05,True,"""Any process that results in a change in state or activity of a cell (in terms of movement, secretion, enzyme production, gene expression, etc.) as a result of a stimulus indicating the organism is under stress. The stress is usually, but not necessarily, exogenous (e.g. temperature, humidity, ionizing radiation)."" [GOC:mah]",1786,832,119,21017,0.14302884615384615,0.06662933930571109,query_1,"['GO:0006950', 'GO:0051716']"
HPA,HPA:0040000,bone marrow,2.301006423907725e-05,True,bone marrow,6496,597,413,11019,0.6917922948073701,0.06357758620689655,query_1,['HPA:0000000']
HPA,HPA:0040081,bone marrow; hematopoietic cells[≥Low],2.301006423907725e-05,True,bone marrow; hematopoietic cells[≥Low],6496,597,413,11019,0.6917922948073701,0.06357758620689655,query_1,['HPA:0040000']
TF,TF:M10072,Factor: sp4; motif: NNGNARGRGGCGGRGCNNRR,2.309151637754816e-05,True,Factor: sp4; motif: NNGNARGRGGCGGRGCNNRR,10844,878,557,20044,0.6343963553530751,0.05136481003319808,query_1,['TF:M00000']
HP,HP:0001427,Mitochondrial inheritance,2.379138838121535e-05,True,"A mode of inheritance that is observed for traits related to a gene encoded on the mitochondrial genome. Because the mitochondrial genome is essentially always maternally inherited, a mitochondrial condition can only be transmitted by females, although the condition can affect both sexes. The proportion of mutant mitochondria can vary (heteroplasmy).",16,253,9,5080,0.03557312252964427,0.5625,query_1,['HP:0034345']
HP,HP:0032036,Reduced contrast sensitivity,2.4371778808670733e-05,True,"An abnormality in perception of contrast. Spatial contrast is a physical dimension referring to the light-dark transition of a border or an edge in an image that delineates the existence of a pattern or an object. Contrast sensitivity refers to a measure of how much contrast a person requires to see a target. Contrast-sensitivity measurements differ from acuity measurements; acuity is a measure of the spatial-resolving ability of the visual system under conditions of very high contrast, whereas contrast sensitivity is a measure of the threshold contrast for seeing a target.",12,253,8,5080,0.03162055335968379,0.6666666666666666,query_1,['HP:0000504']
TF,TF:M09887_1,Factor: CREB1; motif: NRRTGACGTMA; match class: 1,2.5612378851832262e-05,True,Factor: CREB1; motif: NRRTGACGTMA; match class: 1,1875,878,134,20044,0.15261958997722094,0.07146666666666666,query_1,['TF:M09887']
HPA,HPA:0620221,vagina; squamous epithelial cells[≥Low],2.5876177092728497e-05,True,vagina; squamous epithelial cells[≥Low],6000,597,387,11019,0.6482412060301508,0.0645,query_1,['HPA:0620000']
HPA,HPA:0620000,vagina,2.5876177092728497e-05,True,vagina,6000,597,387,11019,0.6482412060301508,0.0645,query_1,['HPA:0000000']
TF,TF:M11601,Factor: TCF-1; motif: ACATCGRGRCGCTGW,2.6635582460295197e-05,True,Factor: TCF-1; motif: ACATCGRGRCGCTGW,15178,878,733,20044,0.8348519362186788,0.048293582817235475,query_1,['TF:M00000']
GO:MF,GO:0035639,purine ribonucleoside triphosphate binding,2.778373311298335e-05,True,"""Binding to a purine ribonucleoside triphosphate, a compound consisting of a purine base linked to a ribose sugar esterified with triphosphate on the sugar."" [GOC:BHF, GOC:ebc, ISBN:0198506732]",1852,852,126,20196,0.14788732394366197,0.06803455723542116,query_1,"['GO:0043168', 'GO:1901265', 'GO:1901363']"
TF,TF:M02090,Factor: E2F-4; motif: GCGGGAAANA,2.8556723918856445e-05,True,Factor: E2F-4; motif: GCGGGAAANA,12283,878,617,20044,0.7027334851936219,0.05023202800618742,query_1,['TF:M00000']
TF,TF:M04744_1,Factor: ATF-3; motif: GGCGCSSNSNGRTSACGTSA; match class: 1,3.0962352612924366e-05,True,Factor: ATF-3; motif: GGCGCSSNSNGRTSACGTSA; match class: 1,4973,878,291,20044,0.3314350797266515,0.05851598632616127,query_1,['TF:M04744']
TF,TF:M11601_1,Factor: TCF-1; motif: ACATCGRGRCGCTGW; match class: 1,3.1583803484701955e-05,True,Factor: TCF-1; motif: ACATCGRGRCGCTGW; match class: 1,11404,878,580,20044,0.6605922551252847,0.05085934759733427,query_1,['TF:M11601']
HPA,HPA:0610831,urinary bladder; urothelial cells[≥Low],3.434994431820745e-05,True,urinary bladder; urothelial cells[≥Low],7304,597,453,11019,0.7587939698492462,0.06202081051478642,query_1,['HPA:0610000']
HPA,HPA:0610000,urinary bladder,3.434994431820745e-05,True,urinary bladder,7304,597,453,11019,0.7587939698492462,0.06202081051478642,query_1,['HPA:0000000']
TF,TF:M12151,Factor: Sp1; motif: NWRGCCMCGCCCMCN,3.949540558196879e-05,True,Factor: Sp1; motif: NWRGCCMCGCCCMCN,7031,878,387,20044,0.4407744874715262,0.055041957047361686,query_1,['TF:M00000']
TF,TF:M08487,Factor: GCMa:Erg; motif: ATGCGGGCGGAARKG,4.1322037638877544e-05,True,Factor: GCMa:Erg; motif: ATGCGGGCGGAARKG,14303,878,698,20044,0.7949886104783599,0.04880095084947214,query_1,['TF:M00000']
HPA,HPA:0190221,esophagus; squamous epithelial cells[≥Low],4.447156337230267e-05,True,esophagus; squamous epithelial cells[≥Low],6679,597,421,11019,0.7051926298157454,0.06303338823177122,query_1,['HPA:0190000']
HPA,HPA:0190000,esophagus,4.447156337230267e-05,True,esophagus,6679,597,421,11019,0.7051926298157454,0.06303338823177122,query_1,['HPA:0000000']
GO:BP,GO:0048522,positive regulation of cellular process,4.4581899667987656e-05,True,"""Any process that activates or increases the frequency, rate or extent of a cellular process, any of those that are carried out at the cellular level, but are not necessarily restricted to a single cell. For example, cell communication occurs among more than one cell, but occurs at the cellular level."" [GOC:jid]",5886,832,305,21017,0.36658653846153844,0.05181787291879035,query_1,"['GO:0009987', 'GO:0048518', 'GO:0050794']"
GO:BP,GO:0002252,immune effector process,4.495261330807455e-05,True,"""Any process of the immune system that executes a component of an immune response. An effector immune process takes place after its activation."" [GO_REF:0000022, GOC:add, ISBN:0781735149]",703,832,60,21017,0.07211538461538461,0.08534850640113797,query_1,['GO:0002376']
HPA,HPA:0540052,stomach 1; glandular cells[≥Medium],4.729937960342138e-05,True,stomach 1; glandular cells[≥Medium],6351,597,404,11019,0.6767169179229481,0.06361202960163753,query_1,['HPA:0540051']
TF,TF:M05361,Factor: Sp6; motif: WGGGCGG,4.735077866676075e-05,True,Factor: Sp6; motif: WGGGCGG,8793,878,466,20044,0.530751708428246,0.05299670192198339,query_1,['TF:M00000']
TF,TF:M05444,Factor: CPBP; motif: NGGGCGG,4.735077866676075e-05,True,Factor: CPBP; motif: NGGGCGG,8793,878,466,20044,0.530751708428246,0.05299670192198339,query_1,['TF:M00000']
TF,TF:M05332,Factor: Sp2; motif: WGGGCGG,4.735077866676075e-05,True,Factor: Sp2; motif: WGGGCGG,8793,878,466,20044,0.530751708428246,0.05299670192198339,query_1,['TF:M00000']
HPA,HPA:0540051,stomach 1; glandular cells[≥Low],4.950500769651428e-05,True,stomach 1; glandular cells[≥Low],7664,597,470,11019,0.7872696817420436,0.06132567849686848,query_1,['HPA:0540000']
HPA,HPA:0540000,stomach 1,4.950500769651428e-05,True,stomach 1,7664,597,470,11019,0.7872696817420436,0.06132567849686848,query_1,['HPA:0000000']
HP,HP:0003737,Mitochondrial myopathy,4.953506603907357e-05,True,A type of myopathy associated with mitochondrial disease and characterized by findings on biopsy such as ragged red muscle fibers.,54,253,15,5080,0.05928853754940711,0.2777777777777778,query_1,['HP:0003800']
HPA,HPA:0530711,spleen; cells in red pulp[≥Low],5.241566910242036e-05,True,spleen; cells in red pulp[≥Low],5333,597,350,11019,0.5862646566164154,0.06562910181886368,query_1,['HPA:0530000']
GO:BP,GO:0009893,positive regulation of metabolic process,5.4557047031189916e-05,True,"""Any process that activates or increases the frequency, rate or extent of the chemical reactions and pathways within a cell or an organism."" [GOC:go_curators]",3648,832,206,21017,0.24759615384615385,0.05646929824561404,query_1,"['GO:0008152', 'GO:0019222', 'GO:0048522']"
TF,TF:M10435_1,Factor: Sp2; motif: GGGGCGGGG; match class: 1,5.566869876953061e-05,True,Factor: Sp2; motif: GGGGCGGGG; match class: 1,3652,878,225,20044,0.25626423690205014,0.061610076670317634,query_1,['TF:M10435']
GO:BP,GO:0048003,antigen processing and presentation of lipid antigen via MHC class Ib,5.814833928549671e-05,True,"""The process in which an antigen-presenting cell expresses lipid antigen in association with an MHC class Ib protein complex on its cell surface, including lipid extraction, degradation, and transport steps for the lipid antigen both prior to and following assembly with the MHC protein complex. The lipid antigen may originate from an endogenous or exogenous source of lipid. Class Ib here refers to non-classical class I molecules, such as those of the CD1 family."" [GOC:add, PMID:10375559, PMID:15928678, PMID:15928680]",7,832,6,21017,0.007211538461538462,0.8571428571428571,query_1,['GO:0002475']
GO:BP,GO:0048007,"antigen processing and presentation, exogenous lipid antigen via MHC class Ib",5.814833928549671e-05,True,"""The process in which an antigen-presenting cell expresses lipid antigen of exogenous origin in association with an MHC class Ib protein complex on its cell surface. Class Ib here refers to non-classical class I molecules, such as those of the CD1 family."" [GOC:add, PMID:10375559, PMID:15928678, PMID:15928680]",7,832,6,21017,0.007211538461538462,0.8571428571428571,query_1,"['GO:0019884', 'GO:0048003']"
HPA,HPA:0050000,breast,5.865426448869229e-05,True,breast,7185,597,446,11019,0.7470686767169179,0.06207376478775226,query_1,['HPA:0000000']
WP,WP:WP4718,Cholesterol metabolism with Bloch and Kandutsch Russell pathways,5.997383743398529e-05,True,Cholesterol metabolism with Bloch and Kandutsch Russell pathways,47,431,13,8722,0.030162412993039442,0.2765957446808511,query_1,['WP:000000']
GO:MF,GO:0032553,ribonucleotide binding,6.039721039122816e-05,True,"""Binding to a ribonucleotide, any compound consisting of a ribonucleoside that is esterified with (ortho)phosphate or an oligophosphate at any hydroxyl group on the ribose moiety."" [GOC:mah]",1916,852,128,20196,0.15023474178403756,0.06680584551148225,query_1,"['GO:0000166', 'GO:0097367']"
HP,HP:0000576,Centrocecal scotoma,6.065009161045808e-05,True,A scotoma (area of diminished vision within the visual field) located between the central point of fixation and the blind spot with a roughly horizontal oval shape.,13,253,8,5080,0.03162055335968379,0.6153846153846154,query_1,['HP:0000575']
GO:MF,GO:0032555,purine ribonucleotide binding,6.446743036680604e-05,True,"""Binding to a purine ribonucleotide, any compound consisting of a purine ribonucleoside that is esterified with (ortho)phosphate or an oligophosphate at any hydroxyl group on the ribose moiety."" [GOC:mah]",1899,852,127,20196,0.14906103286384975,0.06687730384412849,query_1,"['GO:0017076', 'GO:0032553']"
TF,TF:M00426_1,Factor: E2F; motif: TTTSGCGS; match class: 1,6.973143429478663e-05,True,Factor: E2F; motif: TTTSGCGS; match class: 1,6004,878,338,20044,0.38496583143507973,0.05629580279813458,query_1,['TF:M00426']
TF,TF:M07084,Factor: E2F-4; motif: NGGCGGGAARN,7.05912827632725e-05,True,Factor: E2F-4; motif: NGGCGGGAARN,11167,878,568,20044,0.6469248291571754,0.05086415330885645,query_1,['TF:M00000']
TF,TF:M08225_1,Factor: Elk-1:Pax-5; motif: ACCGGAACYACGCWTSANYG; match class: 1,7.171306360320084e-05,True,Factor: Elk-1:Pax-5; motif: ACCGGAACYACGCWTSANYG; match class: 1,8211,878,439,20044,0.5,0.053464864206552186,query_1,['TF:M08225']
HPA,HPA:0600431,tonsil; germinal center cells[≥Low],7.5018237060125e-05,True,tonsil; germinal center cells[≥Low],5987,597,384,11019,0.6432160804020101,0.06413896776348756,query_1,['HPA:0600000']
HPA,HPA:0220051,gallbladder; glandular cells[≥Low],8.277763370676742e-05,True,gallbladder; glandular cells[≥Low],7664,597,469,11019,0.7855946398659966,0.06119519832985386,query_1,['HPA:0220000']
HPA,HPA:0220000,gallbladder,8.277763370676742e-05,True,gallbladder,7664,597,469,11019,0.7855946398659966,0.06119519832985386,query_1,['HPA:0000000']
TF,TF:M00179_1,Factor: ATF2; motif: VGTGACGTMACN; match class: 1,8.39678864379367e-05,True,Factor: ATF2; motif: VGTGACGTMACN; match class: 1,1820,878,129,20044,0.1469248291571754,0.07087912087912088,query_1,['TF:M00179']
GO:MF,GO:1901265,nucleoside phosphate binding,8.654433425955897e-05,True,"""Binding to nucleoside phosphate."" [GOC:TermGenie]",2181,852,141,20196,0.16549295774647887,0.06464924346629987,query_1,['GO:0097159']
TF,TF:M09592_1,Factor: ATF-1; motif: NRTGACGTMAN; match class: 1,8.709369884674298e-05,True,Factor: ATF-1; motif: NRTGACGTMAN; match class: 1,1285,878,99,20044,0.11275626423690205,0.07704280155642024,query_1,['TF:M09592']
GO:MF,GO:0030882,lipid antigen binding,8.808229256319573e-05,True,"""Binding to a lipid antigen."" [PMID:14500461]",5,852,5,20196,0.005868544600938967,1.0,query_1,"['GO:0003823', 'GO:0008289']"
GO:MF,GO:0030883,endogenous lipid antigen binding,8.808229256319573e-05,True,"""Binding to an endogenous cellular lipid antigen."" [PMID:14500461]",5,852,5,20196,0.005868544600938967,1.0,query_1,['GO:0030882']
GO:MF,GO:0030884,exogenous lipid antigen binding,8.808229256319573e-05,True,"""Binding to an exogenous lipid antigen (examples include microbial lipids and glycolipids)."" [PMID:14500461]",5,852,5,20196,0.005868544600938967,1.0,query_1,['GO:0030882']
GO:MF,GO:0000166,nucleotide binding,9.03766744341471e-05,True,"""Binding to a nucleotide, any compound consisting of a nucleoside that is esterified with (ortho)phosphate or an oligophosphate at any hydroxyl group on the ribose or deoxyribose."" [GOC:mah, ISBN:0198547684]",2163,852,140,20196,0.1643192488262911,0.06472491909385113,query_1,"['GO:1901265', 'GO:1901363']"
GO:BP,GO:0050896,response to stimulus,9.062405382604026e-05,True,"""Any process that results in a change in state or activity of a cell or an organism (in terms of movement, secretion, enzyme production, gene expression, etc.) as a result of a stimulus. The process begins with detection of the stimulus and ends with a change in state or activity or the cell or organism."" [GOC:ai, GOC:bf]",8993,832,432,21017,0.5192307692307693,0.048037362392972315,query_1,['GO:0008150']
HPA,HPA:0600221,tonsil; squamous epithelial cells[≥Low],9.508097298500416e-05,True,tonsil; squamous epithelial cells[≥Low],6652,597,418,11019,0.7001675041876047,0.06283824413710162,query_1,['HPA:0600000']
TF,TF:M04710,Factor: CHD2; motif: TCTCGCGAG,9.8812738496942e-05,True,Factor: CHD2; motif: TCTCGCGAG,14401,878,700,20044,0.7972665148063781,0.04860773557391848,query_1,['TF:M00000']
TF,TF:M10119,Factor: REX-1; motif: GGCMGCCATTTT,0.00010206651079651614,True,Factor: REX-1; motif: GGCMGCCATTTT,1918,878,134,20044,0.15261958997722094,0.06986444212721585,query_1,['TF:M00000']
GO:MF,GO:0017076,purine nucleotide binding,0.00010489172013301578,True,"""Binding to a purine nucleotide, a compound consisting of a purine nucleoside esterified with (ortho)phosphate."" [GOC:ai]",1993,852,131,20196,0.15375586854460094,0.06573005519317611,query_1,['GO:0000166']
HPA,HPA:0050051,breast; glandular cells[≥Low],0.00010548396495342917,True,breast; glandular cells[≥Low],6813,597,426,11019,0.7135678391959799,0.06252752091589608,query_1,['HPA:0050000']
GO:BP,GO:0050776,regulation of immune response,0.00010771255928435052,True,"""Any process that modulates the frequency, rate or extent of the immune response, the immunological reaction of an organism to an immunogenic stimulus."" [GOC:ai]",897,832,70,21017,0.08413461538461539,0.07803790412486064,query_1,"['GO:0002682', 'GO:0006955', 'GO:0048583']"
TF,TF:M02089_1,Factor: E2F-3; motif: GGCGGGN; match class: 1,0.00010792710989916037,True,Factor: E2F-3; motif: GGCGGGN; match class: 1,9682,878,503,20044,0.5728929384965832,0.051952076017351786,query_1,['TF:M02089']
TF,TF:M10072_1,Factor: sp4; motif: NNGNARGRGGCGGRGCNNRR; match class: 1,0.00011535858538255383,True,Factor: sp4; motif: NNGNARGRGGCGGRGCNNRR; match class: 1,6460,878,358,20044,0.40774487471526194,0.05541795665634675,query_1,['TF:M10072']
HPA,HPA:0020051,adrenal gland; glandular cells[≥Low],0.0001194181355275784,True,adrenal gland; glandular cells[≥Low],7415,597,456,11019,0.7638190954773869,0.0614969656102495,query_1,['HPA:0020000']
GO:BP,GO:0010557,positive regulation of macromolecule biosynthetic process,0.00012035482844462012,True,"""Any process that increases the rate, frequency or extent of the chemical reactions and pathways resulting in the formation of a macromolecule, any molecule of high relative molecular mass, the structure of which essentially comprises the multiple repetition of units derived, actually or conceptually, from molecules of low relative molecular mass."" [GOC:dph, GOC:tb]",2604,832,156,21017,0.1875,0.059907834101382486,query_1,"['GO:0009059', 'GO:0009891', 'GO:0010556', 'GO:0010604']"
TF,TF:M09866_1,Factor: ATF-1; motif: NNRTGACGYMA; match class: 1,0.00012296933498906387,True,Factor: ATF-1; motif: NNRTGACGYMA; match class: 1,986,878,81,20044,0.09225512528473805,0.0821501014198783,query_1,['TF:M09866']
GO:BP,GO:0002376,immune system process,0.0001237650359938406,True,"""Any process involved in the development or functioning of the immune system, an organismal system for calibrated responses to potential internal or invasive threats."" [GO_REF:0000022, GOC:add]",2796,832,165,21017,0.19831730769230768,0.059012875536480686,query_1,['GO:0008150']
GO:BP,GO:0035556,intracellular signal transduction,0.0001247800961866013,True,"""The process in which a signal is passed on to downstream components within the cell, which become activated themselves to further propagate the signal and finally trigger a change in the function or state of the cell."" [GOC:bf, GOC:jl, GOC:signaling, ISBN:3527303782]",2946,832,172,21017,0.20673076923076922,0.058384249830278345,query_1,['GO:0007165']
HP,HP:0001112,Leber optic atrophy,0.0001275051354760384,True,Degeneration of retinal ganglion cells and their axons.,10,253,7,5080,0.02766798418972332,0.7,query_1,['HP:0000587']
HP,HP:0020120,Retinal nerve fiber edema,0.00013545248343641773,True,Swelling (edema) of the retinal nerve fibers.,14,253,8,5080,0.03162055335968379,0.5714285714285714,query_1,['HP:0020119']
HPA,HPA:0020000,adrenal gland,0.00014141099844073592,True,adrenal gland,7422,597,456,11019,0.7638190954773869,0.06143896523848019,query_1,['HPA:0000000']
TF,TF:M00178,Factor: CREB; motif: NSTGACGTMANN,0.0001419695252738115,True,Factor: CREB; motif: NSTGACGTMANN,5341,878,305,20044,0.34738041002277903,0.05710541097172814,query_1,['TF:M00000']
TF,TF:M07039,Factor: ETF; motif: CCCCGCCCCYN,0.00016486921352391965,True,Factor: ETF; motif: CCCCGCCCCYN,16764,878,789,20044,0.8986332574031891,0.047065139584824625,query_1,['TF:M00000']
GO:BP,GO:0009891,positive regulation of biosynthetic process,0.00018854341549640773,True,"""Any process that activates or increases the frequency, rate or extent of the chemical reactions and pathways resulting in the formation of substances."" [GOC:go_curators]",2707,832,160,21017,0.19230769230769232,0.05910602142593277,query_1,"['GO:0009058', 'GO:0009889', 'GO:0009893']"
GO:BP,GO:0050778,positive regulation of immune response,0.00018955696822613743,True,"""Any process that activates or increases the frequency, rate or extent of the immune response, the immunological reaction of an organism to an immunogenic stimulus."" [GOC:ai]",732,832,60,21017,0.07211538461538461,0.08196721311475409,query_1,"['GO:0002684', 'GO:0006955', 'GO:0048584', 'GO:0050776']"
TF,TF:M09636,Factor: MAZ; motif: GGGMGGGGSSGGGGGGGGGGGG,0.00019529101938459394,True,Factor: MAZ; motif: GGGMGGGGSSGGGGGGGGGGGG,16635,878,784,20044,0.8929384965831435,0.04712954613766156,query_1,['TF:M00000']
TF,TF:M11081,Factor: SREBP-1; motif: RTCRCGTGAY,0.0001963564897338226,True,Factor: SREBP-1; motif: RTCRCGTGAY,11275,878,570,20044,0.6492027334851936,0.05055432372505543,query_1,['TF:M00000']
TF,TF:M11058,Factor: Hey1; motif: NGCRCGYGYN,0.0001972947813593766,True,Factor: Hey1; motif: NGCRCGYGYN,13615,878,667,20044,0.7596810933940774,0.04899008446566287,query_1,['TF:M00000']
TF,TF:M00428,Factor: E2F-1; motif: NKTSSCGC,0.00020771974096423673,True,Factor: E2F-1; motif: NKTSSCGC,9219,878,481,20044,0.5478359908883826,0.052174856275084065,query_1,['TF:M00000']
TF,TF:M00327_1,Factor: Pax-3; motif: NNNNNNCGTCACGSTYNNNNN; match class: 1,0.00021716928839635172,True,Factor: Pax-3; motif: NNNNNNCGTCACGSTYNNNNN; match class: 1,7016,878,382,20044,0.43507972665148065,0.05444697833523375,query_1,['TF:M00327']
GO:BP,GO:0048006,"antigen processing and presentation, endogenous lipid antigen via MHC class Ib",0.00021841761800312602,True,"""The process in which an antigen-presenting cell expresses lipid antigen of endogenous origin in association with an MHC class Ib protein complex on its cell surface. Class Ib here refers to non-classical class I molecules, such as those of the CD1 family."" [GOC:add, PMID:10375559, PMID:15928678, PMID:15928680]",5,832,5,21017,0.006009615384615385,1.0,query_1,"['GO:0019883', 'GO:0048003']"
GO:BP,GO:0048583,regulation of response to stimulus,0.00022080495712947592,True,"""Any process that modulates the frequency, rate or extent of a response to a stimulus. Response to stimulus is a change in state or activity of a cell or an organism (in terms of movement, secretion, enzyme production, gene expression, etc.) as a result of a stimulus."" [GOC:jid]",3958,832,217,21017,0.2608173076923077,0.054825669530065686,query_1,"['GO:0050789', 'GO:0050896']"
HPA,HPA:0380521,placenta; trophoblastic cells[≥Low],0.00022720355181573965,True,placenta; trophoblastic cells[≥Low],6360,597,401,11019,0.6716917922948074,0.0630503144654088,query_1,['HPA:0380000']
TF,TF:M09887,Factor: CREB1; motif: NRRTGACGTMA,0.00024281496752888285,True,Factor: CREB1; motif: NRRTGACGTMA,6049,878,337,20044,0.3838268792710706,0.055711687882294594,query_1,['TF:M00000']
TF,TF:M03924_1,Factor: YY1; motif: NNCGCCATTNN; match class: 1,0.00024825867823058883,True,Factor: YY1; motif: NNCGCCATTNN; match class: 1,3778,878,228,20044,0.25968109339407747,0.06034939121228163,query_1,['TF:M03924']
TF,TF:M09600_1,Factor: CREB1; motif: TKACGTCAYNN; match class: 1,0.00025358844943924094,True,Factor: CREB1; motif: TKACGTCAYNN; match class: 1,1599,878,115,20044,0.13097949886104784,0.07191994996873045,query_1,['TF:M09600']
HPA,HPA:0480000,small intestine,0.0002757193589269321,True,small intestine,7877,597,477,11019,0.7989949748743719,0.06055604925733147,query_1,['HPA:0000000']
GO:MF,GO:0003824,catalytic activity,0.00027935963135987353,True,"""Catalysis of a biochemical reaction at physiological temperatures. In biologically catalyzed reactions, the reactants are known as substrates, and the catalysts are naturally occurring macromolecular substances known as enzymes. Enzymes possess specific binding sites for substrates, and are usually composed wholly or largely of protein, but RNA that has catalytic activity (ribozyme) is often also regarded as enzymatic."" [GOC:vw, ISBN:0198506732]",5751,852,308,20196,0.3615023474178404,0.05355590332116154,query_1,['GO:0003674']
TF,TF:M05439,Factor: RREB-1; motif: GGGWCSA,0.0002804089311104757,True,Factor: RREB-1; motif: GGGWCSA,8852,878,464,20044,0.5284738041002278,0.05241753276095797,query_1,['TF:M00000']
GO:MF,GO:0097367,carbohydrate derivative binding,0.00028984865286738976,True,"""Binding to a carbohydrate derivative."" [GOC:pr]",2286,852,144,20196,0.16901408450704225,0.06299212598425197,query_1,['GO:0005488']
TF,TF:M11882,Factor: pax-6; motif: NYACGCNYSANYGMNCN,0.0002955460405869237,True,Factor: pax-6; motif: NYACGCNYSANYGMNCN,15852,878,754,20044,0.8587699316628702,0.047564976028261416,query_1,['TF:M00000']
TF,TF:M00177_1,Factor: CREB; motif: NSTGACGTAANN; match class: 1,0.00030553506169216755,True,Factor: CREB; motif: NSTGACGTAANN; match class: 1,1407,878,104,20044,0.11845102505694761,0.07391613361762615,query_1,['TF:M00177']
HPA,HPA:0320000,nasopharynx,0.00031707974849457535,True,nasopharynx,7196,597,443,11019,0.7420435510887772,0.06156197887715398,query_1,['HPA:0000000']
TF,TF:M09896,Factor: E2F-7; motif: GRGGCGGGAANNN,0.0003218092938749737,True,Factor: E2F-7; motif: GRGGCGGGAANNN,10463,878,534,20044,0.6082004555808656,0.051036987479690335,query_1,['TF:M00000']
TF,TF:M12598,Factor: E2F3; motif: NNRGMKGGAR,0.0003277056325651837,True,Factor: E2F3; motif: NNRGMKGGAR,12788,878,632,20044,0.7198177676537585,0.04942133249921802,query_1,['TF:M00000']
GO:MF,GO:1901363,heterocyclic compound binding,0.0003649726437498916,True,"""Binding to heterocyclic compound."" [GOC:TermGenie]",2315,852,145,20196,0.17018779342723006,0.06263498920086392,query_1,['GO:0036094']
TF,TF:M11058_1,Factor: Hey1; motif: NGCRCGYGYN; match class: 1,0.00038949779017589514,True,Factor: Hey1; motif: NGCRCGYGYN; match class: 1,11364,878,572,20044,0.6514806378132119,0.05033438929954241,query_1,['TF:M11058']
TF,TF:M00931_1,Factor: Sp1; motif: GGGGCGGGGC; match class: 1,0.0004124096564133047,True,Factor: Sp1; motif: GGGGCGGGGC; match class: 1,6121,878,339,20044,0.38610478359908884,0.05538310733540271,query_1,['TF:M00931']
HPA,HPA:0060000,bronchus,0.0004210531086277674,True,bronchus,7428,597,454,11019,0.7604690117252931,0.06112008616047388,query_1,['HPA:0000000']
TF,TF:M00008_1,Factor: Sp1; motif: GGGGCGGGGT; match class: 1,0.0004228642356391415,True,Factor: Sp1; motif: GGGGCGGGGT; match class: 1,5124,878,292,20044,0.3325740318906606,0.05698672911787666,query_1,['TF:M00008']
GO:BP,GO:0006955,immune response,0.000441115452831055,True,"""Any immune system process that functions in the calibrated response of an organism to a potential internal or invasive threat."" [GO_REF:0000022, GOC:add]",2008,832,125,21017,0.1502403846153846,0.062250996015936255,query_1,"['GO:0002376', 'GO:0050896']"
HPA,HPA:0241101,heart muscle; cardiomyocytes[≥Low],0.0004433577912689624,True,heart muscle; cardiomyocytes[≥Low],6332,597,398,11019,0.6666666666666666,0.06285533796588756,query_1,['HPA:0240000']
HPA,HPA:0240000,heart muscle,0.0004433577912689624,True,heart muscle,6332,597,398,11019,0.6666666666666666,0.06285533796588756,query_1,['HPA:0000000']
GO:BP,GO:0009132,nucleoside diphosphate metabolic process,0.0004444605612734903,True,"""The chemical reactions and pathways involving a nucleoside diphosphate, a compound consisting of a nucleobase linked to a deoxyribose or ribose sugar esterified with diphosphate on the sugar."" [GOC:go_curators, ISBN:0198506732]",130,832,20,21017,0.02403846153846154,0.15384615384615385,query_1,['GO:0006753']
TF,TF:M04710_1,Factor: CHD2; motif: TCTCGCGAG; match class: 1,0.0004601712407459317,True,Factor: CHD2; motif: TCTCGCGAG; match class: 1,11753,878,588,20044,0.6697038724373576,0.05002977963073258,query_1,['TF:M04710']
HPA,HPA:0150000,duodenum,0.00046744423225140704,True,duodenum,7899,597,477,11019,0.7989949748743719,0.06038739080896316,query_1,['HPA:0000000']
TF,TF:M09868,Factor: ATF-3; motif: GGTSACGTGAN,0.0004803624236405971,True,Factor: ATF-3; motif: GGTSACGTGAN,6496,878,356,20044,0.4054669703872437,0.05480295566502463,query_1,['TF:M00000']
HPA,HPA:0510000,soft tissue 2,0.0004871765892010995,True,soft tissue 2,5207,597,338,11019,0.5661641541038526,0.06491261763011331,query_1,['HPA:0000000']
HPA,HPA:0310431,lymph node; germinal center cells[≥Low],0.0005016586912338732,True,lymph node; germinal center cells[≥Low],5061,597,330,11019,0.5527638190954773,0.06520450503852994,query_1,['HPA:0310000']
TF,TF:M09636_1,Factor: MAZ; motif: GGGMGGGGSSGGGGGGGGGGGG; match class: 1,0.0005073808483839526,True,Factor: MAZ; motif: GGGMGGGGSSGGGGGGGGGGGG; match class: 1,14493,878,700,20044,0.7972665148063781,0.04829917891395846,query_1,['TF:M09636']
TF,TF:M03922,Factor: SP4; motif: NWRGCCACGCCCMCTYN,0.0005112912159083205,True,Factor: SP4; motif: NWRGCCACGCCCMCTYN,6219,878,343,20044,0.3906605922551253,0.05515356166586268,query_1,['TF:M00000']
TF,TF:M08266_1,Factor: ER71:Pax-5; motif: ACCGGAACYACGCWTSANTG; match class: 1,0.00051365707372146,True,Factor: ER71:Pax-5; motif: ACCGGAACYACGCWTSANTG; match class: 1,9206,878,478,20044,0.5444191343963554,0.051922659135346515,query_1,['TF:M08266']
TF,TF:M03977,Factor: ETS1; motif: ACCGGAARYN,0.000519571867663546,True,Factor: ETS1; motif: ACCGGAARYN,10772,878,546,20044,0.621867881548975,0.05068696620868919,query_1,['TF:M00000']
GO:BP,GO:0019219,regulation of nucleobase-containing compound metabolic process,0.000528995592788836,True,"""Any cellular process that modulates the frequency, rate or extent of the chemical reactions and pathways involving nucleobases, nucleosides, nucleotides and nucleic acids."" [GOC:go_curators]",4002,832,217,21017,0.2608173076923077,0.05422288855572214,query_1,"['GO:0006139', 'GO:0080090']"
GO:BP,GO:0051726,regulation of cell cycle,0.0005502549762426639,True,"""Any process that modulates the rate or extent of progression through the cell cycle."" [GOC:ai, GOC:dph, GOC:tb]",1104,832,79,21017,0.09495192307692307,0.07155797101449275,query_1,"['GO:0007049', 'GO:0050794']"
TF,TF:M09866,Factor: ATF-1; motif: NNRTGACGYMA,0.0005902289482399514,True,Factor: ATF-1; motif: NNRTGACGYMA,3195,878,197,20044,0.224373576309795,0.06165884194053208,query_1,['TF:M00000']
TF,TF:M08207,Factor: E2F-3:TBR2; motif: ANGTGYKANGGCGCSTTNNCRNNT,0.0005903175998941632,True,Factor: E2F-3:TBR2; motif: ANGTGYKANGGCGCSTTNNCRNNT,17409,878,810,20044,0.9225512528473804,0.046527658107875236,query_1,['TF:M00000']
TF,TF:M00932_1,Factor: Sp1; motif: NNGGGGCGGGGNN; match class: 1,0.0005988251825137969,True,Factor: Sp1; motif: NNGGGGCGGGGNN; match class: 1,6271,878,345,20044,0.3929384965831435,0.05501514909902727,query_1,['TF:M00932']
TF,TF:M07395_1,Factor: Sp1; motif: NGGGGCGGGGN; match class: 1,0.0006808247690401139,True,Factor: Sp1; motif: NGGGGCGGGGN; match class: 1,6581,878,359,20044,0.40888382687927105,0.054550980094210604,query_1,['TF:M07395']
TF,TF:M08441,Factor: AP-2gamma:Elk-1; motif: NGCCKNRGGSGRCGGAAGTG,0.0007051960858901834,True,Factor: AP-2gamma:Elk-1; motif: NGCCKNRGGSGRCGGAAGTG,16725,878,785,20044,0.8940774487471527,0.04693572496263079,query_1,['TF:M00000']
WP,WP:WP197,Cholesterol biosynthesis pathway,0.000709725884727076,True,Cholesterol biosynthesis pathway,15,431,7,8722,0.016241299303944315,0.4666666666666667,query_1,['WP:000000']
TF,TF:M00736,Factor: E2F-1:DP-1; motif: TTTCSCGC,0.0007121743393724126,True,Factor: E2F-1:DP-1; motif: TTTCSCGC,10652,878,540,20044,0.6150341685649203,0.050694705219677054,query_1,['TF:M00000']
TF,TF:M09641,Factor: NRF-1; motif: SYGCGCMTGCGCRNNGSN,0.0007145539162665619,True,Factor: NRF-1; motif: SYGCGCMTGCGCRNNGSN,3323,878,203,20044,0.23120728929384965,0.06108937706891363,query_1,['TF:M00000']
TF,TF:M11277,Factor: XBP-1; motif: NNTGACGTCAYN,0.0007239724601566946,True,Factor: XBP-1; motif: NNTGACGTCAYN,960,878,77,20044,0.08769931662870159,0.08020833333333334,query_1,['TF:M00000']
TF,TF:M09765_1,Factor: SP1; motif: NRGKGGGCGGGGCN; match class: 1,0.0007276265654073619,True,Factor: SP1; motif: NRGKGGGCGGGGCN; match class: 1,3444,878,209,20044,0.23804100227790434,0.060685249709639955,query_1,['TF:M09765']
TF,TF:M12152,Factor: Sp1; motif: NWRGCCACGCCCMCN,0.0007306462096679396,True,Factor: Sp1; motif: NWRGCCACGCCCMCN,7548,878,403,20044,0.45899772209567197,0.05339162692103869,query_1,['TF:M00000']
TF,TF:M04516_1,Factor: E2F-1; motif: TTTGGCGCCAAA; match class: 1,0.0007380656462580691,True,Factor: E2F-1; motif: TTTGGCGCCAAA; match class: 1,10538,878,535,20044,0.6093394077448747,0.050768646802049726,query_1,['TF:M04516']
TF,TF:M09868_1,Factor: ATF-3; motif: GGTSACGTGAN; match class: 1,0.0007411673622672453,True,Factor: ATF-3; motif: GGTSACGTGAN; match class: 1,2154,878,143,20044,0.16287015945330297,0.06638811513463325,query_1,['TF:M09868']
GO:BP,GO:0065007,biological regulation,0.0007435035049612644,True,"""Any process that modulates a measurable attribute of any biological process, quality or function."" [GOC:dph, GOC:isa_complete, GOC:mah, GOC:pr, GOC:vw]",12671,832,570,21017,0.6850961538461539,0.044984610527977274,query_1,['GO:0008150']
GO:BP,GO:0050789,regulation of biological process,0.0007667313708251248,True,"""Any process that modulates the frequency, rate or extent of a biological process. Biological processes are regulated by many means; examples include the control of gene expression, protein modification or interaction with a protein or substrate molecule."" [GOC:ai, GOC:go_curators]",12278,832,555,21017,0.6670673076923077,0.045202801759244175,query_1,"['GO:0008150', 'GO:0065007']"
HP,HP:0007768,Central retinal vessel vascular tortuosity,0.0007717640116519954,True,"The presence of an increased number of twists and turns of retinal blood vessels (arteries, arterioles, veins, venules).",12,253,7,5080,0.02766798418972332,0.5833333333333334,query_1,['HP:0000631']
GO:BP,GO:0019222,regulation of metabolic process,0.0007727142588765155,True,"""Any process that modulates the frequency, rate or extent of the chemical reactions and pathways within a cell or an organism."" [GOC:go_curators]",7076,832,348,21017,0.4182692307692308,0.04918032786885246,query_1,"['GO:0008152', 'GO:0050794']"
HPA,HPA:0550052,stomach 2; glandular cells[≥Medium],0.0008319177566326679,True,stomach 2; glandular cells[≥Medium],6284,597,394,11019,0.6599664991624791,0.06269891788669638,query_1,['HPA:0550051']
GO:BP,GO:0009185,ribonucleoside diphosphate metabolic process,0.0008378857345273622,True,"""The chemical reactions and pathways involving a ribonucleoside diphosphate, a compound consisting of a nucleobase linked to a ribose sugar esterified with diphosphate on the sugar."" [GOC:go_curators, ISBN:0198506732]",123,832,19,21017,0.02283653846153846,0.15447154471544716,query_1,['GO:0009132']
GO:MF,GO:0005488,binding,0.0008470328524061173,True,"""The selective, non-covalent, often stoichiometric, interaction of a molecule with one or more specific sites on another molecule."" [GOC:ceb, GOC:mah, ISBN:0198506732]",18366,852,811,20196,0.9518779342723005,0.04415768267450724,query_1,['GO:0003674']
GO:BP,GO:0009191,ribonucleoside diphosphate catabolic process,0.0008470631835774268,True,"""The chemical reactions and pathways resulting in the breakdown of a ribonucleoside diphosphate, a compound consisting of a nucleobase linked to a ribose sugar esterified with diphosphate on the sugar."" [GOC:go_curators, ISBN:0198506732]",100,832,17,21017,0.020432692307692308,0.17,query_1,"['GO:0009134', 'GO:0009185']"
TF,TF:M13135_1,Factor: SP4; motif: GGCCCCGCCCCCN; match class: 1,0.000864064577522081,True,Factor: SP4; motif: GGCCCCGCCCCCN; match class: 1,2293,878,150,20044,0.17084282460136674,0.06541648495420846,query_1,['TF:M13135']
TF,TF:M11882_1,Factor: pax-6; motif: NYACGCNYSANYGMNCN; match class: 1,0.0008786723342986344,True,Factor: pax-6; motif: NYACGCNYSANYGMNCN; match class: 1,11746,878,586,20044,0.6674259681093394,0.04988932402520007,query_1,['TF:M11882']
TF,TF:M00425,Factor: E2F; motif: TTTCGCGC,0.0008876603946269693,True,Factor: E2F; motif: TTTCGCGC,11392,878,571,20044,0.6503416856492027,0.05012289325842697,query_1,['TF:M00000']
HPA,HPA:0270000,kidney,0.0009125014185470504,True,kidney,8237,597,492,11019,0.8241206030150754,0.05973048439966007,query_1,['HPA:0000000']
HPA,HPA:0630000,cervix,0.0009702973020285369,True,cervix,6930,597,427,11019,0.7152428810720268,0.06161616161616162,query_1,['HPA:0000000']
GO:BP,GO:0019637,organophosphate metabolic process,0.0009775140685372077,True,"""The chemical reactions and pathways involving organophosphates, any phosphate-containing organic compound."" [ISBN:0198506732]",1063,832,76,21017,0.09134615384615384,0.07149576669802446,query_1,['GO:0006793']
GO:BP,GO:0046031,ADP metabolic process,0.00098145228382349,True,"""The chemical reactions and pathways involving ADP, adenosine 5'-diphosphate."" [GOC:go_curators]",101,832,17,21017,0.020432692307692308,0.16831683168316833,query_1,"['GO:0009150', 'GO:0009179']"
TF,TF:M00933_1,Factor: Sp1; motif: CCCCGCCCCN; match class: 1,0.000985078951749386,True,Factor: Sp1; motif: CCCCGCCCCN; match class: 1,5359,878,301,20044,0.3428246013667426,0.056167195372270946,query_1,['TF:M00933']
GO:BP,GO:0019318,hexose metabolic process,0.0009930235146512801,True,"""The chemical reactions and pathways involving a hexose, any monosaccharide with a chain of six carbon atoms in the molecule."" [ISBN:0198506732]",229,832,27,21017,0.03245192307692308,0.11790393013100436,query_1,['GO:0005996']
TF,TF:M11066_1,Factor: HES-7; motif: GNCACGYGNN; match class: 1,0.0009936322495689078,True,Factor: HES-7; motif: GNCACGYGNN; match class: 1,8345,878,438,20044,0.4988610478359909,0.05248651887357699,query_1,['TF:M11066']
TF,TF:M07601_1,Factor: C-Myc; motif: NGCCACGTGNN; match class: 1,0.0010610423720392537,True,Factor: C-Myc; motif: NGCCACGTGNN; match class: 1,4235,878,247,20044,0.28132118451025057,0.05832349468713105,query_1,['TF:M07601']
GO:BP,GO:0044281,small molecule metabolic process,0.0010772800007408214,True,"""The chemical reactions and pathways involving small molecules, any low molecular weight, monomeric, non-encoded molecule."" [GOC:curators, GOC:pde, GOC:vw]",1795,832,113,21017,0.13581730769230768,0.06295264623955432,query_1,['GO:0008152']
HPA,HPA:0090161,cerebellum; Purkinje cells[≥Low],0.0011089249079394752,True,cerebellum; Purkinje cells[≥Low],5579,597,356,11019,0.5963149078726968,0.06381071876680408,query_1,['HPA:0090000']
HPA,HPA:0170000,endometrium 2,0.001119917493818281,True,endometrium 2,6917,597,426,11019,0.7135678391959799,0.06158739337863235,query_1,['HPA:0000000']
HPA,HPA:0130241,colon; peripheral nerve/ganglion[≥Low],0.001131519945602659,True,colon; peripheral nerve/ganglion[≥Low],5043,597,327,11019,0.5477386934673367,0.06484235574063058,query_1,['HPA:0130000']
HPA,HPA:0130201,colon; endothelial cells[≥Low],0.0011686820348813178,True,colon; endothelial cells[≥Low],5675,597,361,11019,0.6046901172529313,0.06361233480176211,query_1,['HPA:0130000']
HP,HP:0004309,Ventricular preexcitation,0.0011737168581109102,True,An abnormality in which the cardiac ventricles depolarize too early as a result of an abnormality of cardiac conduction pathways such as an accessory pathway.,29,253,10,5080,0.039525691699604744,0.3448275862068966,query_1,['HP:0004308']
WP,WP:WP5329,Cholesterol biosynthesis pathway in hepatocytes,0.0011745824184930139,True,Cholesterol biosynthesis pathway in hepatocytes,43,431,11,8722,0.025522041763341066,0.2558139534883721,query_1,['WP:000000']
TF,TF:M00338,Factor: ATF; motif: NTGACGTCANYS,0.0011861075470950963,True,Factor: ATF; motif: NTGACGTCANYS,3892,878,230,20044,0.2619589977220957,0.05909558067831449,query_1,['TF:M00000']
TF,TF:M00986_1,Factor: Churchill; motif: CGGGNN; match class: 1,0.0012083196511152824,True,Factor: Churchill; motif: CGGGNN; match class: 1,10709,878,541,20044,0.6161731207289294,0.05051825567279858,query_1,['TF:M00986']
HP,HP:0003200,Ragged-red muscle fibers,0.001234313808239974,True,"An abnormal appearance of muscle fibers observed on muscle biopsy. Ragged red fibers can be visualized with Gomori trichrome staining as irregular and intensely red subsarcolemmal zones, whereas the normal myofibrils are green. The margins of affect fibers appear red and ragged. The ragged-red is due to the accumulation of abnormal mitochondria below the plasma membrane of the muscle fiber, leading to the appearance of a red rim and speckled sarcoplasm.",59,253,14,5080,0.05533596837944664,0.23728813559322035,query_1,['HP:0004303']
TF,TF:M01104,Factor: MOVO-B; motif: GNGGGGG,0.0012375144293262222,True,Factor: MOVO-B; motif: GNGGGGG,10571,878,535,20044,0.6093394077448747,0.050610159871346136,query_1,['TF:M00000']
TF,TF:M11535,Factor: E2F-4; motif: TTTTGGCGCCAWWN,0.00125583470423883,True,Factor: E2F-4; motif: TTTTGGCGCCAWWN,11179,878,561,20044,0.6389521640091116,0.050183379550943735,query_1,['TF:M00000']
TF,TF:M11309_1,Factor: ATF-2; motif: NRTGACGTMANN; match class: 1,0.0012680025784834272,True,Factor: ATF-2; motif: NRTGACGTMANN; match class: 1,2346,878,152,20044,0.17312072892938496,0.06479113384484228,query_1,['TF:M11309']
TF,TF:M08767_1,Factor: HES-1; motif: GNCACGTGNC; match class: 1,0.0012807377377833456,True,Factor: HES-1; motif: GNCACGTGNC; match class: 1,7848,878,415,20044,0.47266514806378135,0.052879714576962285,query_1,['TF:M08767']
TF,TF:M12597_1,Factor: E2F1; motif: GSGCGGGAAN; match class: 1,0.0012885010269178395,True,Factor: E2F1; motif: GSGCGGGAAN; match class: 1,10180,878,518,20044,0.5899772209567198,0.05088408644400786,query_1,['TF:M12597']
HPA,HPA:0380522,placenta; trophoblastic cells[≥Medium],0.0013152068876622766,True,placenta; trophoblastic cells[≥Medium],5050,597,327,11019,0.5477386934673367,0.06475247524752475,query_1,['HPA:0380521']
TF,TF:M08208,Factor: E2F-3:FOXI1; motif: NGACACCGCGCCCAC,0.0013265158374373416,True,Factor: E2F-3:FOXI1; motif: NGACACCGCGCCCAC,12874,878,632,20044,0.7198177676537585,0.04909119154885817,query_1,['TF:M00000']
TF,TF:M01588,Factor: GKLF; motif: GCCMCRCCCNNN,0.0013446838232977283,True,Factor: GKLF; motif: GCCMCRCCCNNN,9153,878,473,20044,0.5387243735763098,0.051677045777340766,query_1,['TF:M00000']
TF,TF:M07312,Factor: ATF-2; motif: NNTGACGTCAN,0.0014044890743363314,True,Factor: ATF-2; motif: NNTGACGTCAN,4064,878,238,20044,0.27107061503416857,0.05856299212598425,query_1,['TF:M00000']
HPA,HPA:0400051,rectum; glandular cells[≥Low],0.0014732387920247713,True,rectum; glandular cells[≥Low],7067,597,433,11019,0.7252931323283082,0.061270694778548185,query_1,['HPA:0400000']
TF,TF:M12592_1,Factor: CREM; motif: NRTGACGYMA; match class: 1,0.0015029302599567427,True,Factor: CREM; motif: NRTGACGYMA; match class: 1,2104,878,139,20044,0.15831435079726652,0.06606463878326996,query_1,['TF:M12592']
GO:BP,GO:0009134,nucleoside diphosphate catabolic process,0.0015088601839377933,True,"""The chemical reactions and pathways resulting in the breakdown of a nucleoside diphosphate, a compound consisting of a nucleobase linked to a deoxyribose or ribose sugar esterified with diphosphate on the sugar."" [GOC:go_curators, ISBN:0198506732]",104,832,17,21017,0.020432692307692308,0.16346153846153846,query_1,"['GO:0009132', 'GO:1901292']"
HP,HP:0000631,Retinal arterial tortuosity,0.0016013969183671223,True,The presence of an increased number of twists and turns of the retinal artery.,13,253,7,5080,0.02766798418972332,0.5384615384615384,query_1,"['HP:0000630', 'HP:0005116', 'HP:0012841']"
TF,TF:M03860,Factor: USF2; motif: NNNCCACGTGACN,0.0016127653704265492,True,Factor: USF2; motif: NNNCCACGTGACN,3805,878,225,20044,0.25626423690205014,0.05913272010512484,query_1,['TF:M00000']
TF,TF:M00917,Factor: CREB; motif: CNNTGACGTMA,0.001620775572562695,True,Factor: CREB; motif: CNNTGACGTMA,5663,878,314,20044,0.357630979498861,0.05544764259226558,query_1,['TF:M00000']
REAC,REAC:R-HSA-191273,Cholesterol biosynthesis,0.0016283237828214733,True,Cholesterol biosynthesis,26,553,9,10916,0.0162748643761302,0.34615384615384615,query_1,['REAC:R-HSA-8957322']
HP,HP:0020119,Abnormal retinal nerve fiber layer morphology,0.0016568539179583966,True,A structural abnormality of the retinal nerve fiber layer,18,253,8,5080,0.03162055335968379,0.4444444444444444,query_1,['HP:0000479']
HPA,HPA:0350000,pancreas,0.0016591339720781115,True,pancreas,7409,597,450,11019,0.7537688442211056,0.06073694155756512,query_1,['HPA:0000000']
TF,TF:M09895,Factor: E2F-6; motif: NGGGCGGGARRNN,0.0017368147190627915,True,Factor: E2F-6; motif: NGGGCGGGARRNN,8045,878,423,20044,0.48177676537585423,0.05257924176507147,query_1,['TF:M00000']
TF,TF:M10530,Factor: sp4; motif: NNNGCYCCGCCCCCY,0.0018088150110328644,True,Factor: sp4; motif: NNNGCYCCGCCCCCY,8450,878,441,20044,0.5022779043280182,0.05218934911242604,query_1,['TF:M00000']
GO:BP,GO:0046032,ADP catabolic process,0.0018263943779880747,True,"""The chemical reactions and pathways resulting in the breakdown of ADP, adenosine 5'-diphosphate."" [GOC:go_curators]",94,832,16,21017,0.019230769230769232,0.1702127659574468,query_1,"['GO:0009154', 'GO:0009181', 'GO:0046031']"
TF,TF:M12703,Factor: ZNF383; motif: SSNGGGMGGNGSNGGS,0.0018392705565561543,True,Factor: ZNF383; motif: SSNGGGMGGNGSNGGS,9355,878,481,20044,0.5478359908883826,0.051416354890432926,query_1,['TF:M00000']
HPA,HPA:0130051,colon; glandular cells[≥Low],0.001846610887972351,True,colon; glandular cells[≥Low],6999,597,429,11019,0.7185929648241206,0.06129447063866267,query_1,['HPA:0130000']
TF,TF:M07034_1,Factor: ATF-1; motif: NNNTGACGTNNN; match class: 1,0.0018813905693711964,True,Factor: ATF-1; motif: NNNTGACGTNNN; match class: 1,1210,878,90,20044,0.10250569476082004,0.0743801652892562,query_1,['TF:M07034']
TF,TF:M04826,Factor: p300; motif: ACNTCCG,0.0018859937323713184,True,Factor: p300; motif: ACNTCCG,18155,878,834,20044,0.9498861047835991,0.04593775819333517,query_1,['TF:M00000']
HPA,HPA:0480051,small intestine; glandular cells[≥Low],0.0019473658436311853,True,small intestine; glandular cells[≥Low],7080,597,433,11019,0.7252931323283082,0.06115819209039548,query_1,['HPA:0480000']
TF,TF:M01783,Factor: SP2; motif: GGGCGGGAC,0.0019697135134062677,True,Factor: SP2; motif: GGGCGGGAC,9405,878,483,20044,0.5501138952164009,0.05135566188197767,query_1,['TF:M00000']
TF,TF:M03544,Factor: CREB1; motif: NNNNACGTCANN,0.001997997916927931,True,Factor: CREB1; motif: NNNNACGTCANN,4164,878,242,20044,0.275626423690205,0.05811719500480307,query_1,['TF:M00000']
GO:BP,GO:0050794,regulation of cellular process,0.002024602693397868,True,"""Any process that modulates the frequency, rate or extent of a cellular process, any of those that are carried out at the cellular level, but are not necessarily restricted to a single cell. For example, cell communication occurs among more than one cell, but occurs at the cellular level."" [GOC:go_curators]",11876,832,537,21017,0.6454326923076923,0.04521724486359043,query_1,"['GO:0009987', 'GO:0050789']"
HPA,HPA:0220052,gallbladder; glandular cells[≥Medium],0.002058433666023711,True,gallbladder; glandular cells[≥Medium],6615,597,409,11019,0.6850921273031826,0.0618291761148904,query_1,['HPA:0220051']
TF,TF:M03567_1,Factor: Sp2; motif: NYSGCCCCGCCCCCY; match class: 1,0.0020671165238510497,True,Factor: Sp2; motif: NYSGCCCCGCCCCCY; match class: 1,3756,878,222,20044,0.2528473804100228,0.05910543130990415,query_1,['TF:M03567']
HPA,HPA:0030051,appendix; glandular cells[≥Low],0.002077360100665057,True,appendix; glandular cells[≥Low],6751,597,416,11019,0.6968174204355109,0.061620500666567914,query_1,['HPA:0030000']
HPA,HPA:0250000,hippocampus,0.0021322808378074166,True,hippocampus,6830,597,420,11019,0.7035175879396985,0.06149341142020498,query_1,['HPA:0000000']
TF,TF:M04516,Factor: E2F-1; motif: TTTGGCGCCAAA,0.002224301598309012,True,Factor: E2F-1; motif: TTTGGCGCCAAA,11711,878,582,20044,0.662870159453303,0.04969686619417642,query_1,['TF:M00000']
TF,TF:M12173_1,Factor: GKLF; motif: NNCCMCRCCCN; match class: 1,0.0022566495059431185,True,Factor: GKLF; motif: NNCCMCRCCCN; match class: 1,5130,878,288,20044,0.32801822323462415,0.056140350877192984,query_1,['TF:M12173']
TF,TF:M09892_1,Factor: E2F-1; motif: NNNNGGCGGGAARN; match class: 1,0.002275302640127516,True,Factor: E2F-1; motif: NNNNGGCGGGAARN; match class: 1,9460,878,485,20044,0.5523917995444191,0.051268498942917545,query_1,['TF:M09892']
GO:BP,GO:1901135,carbohydrate derivative metabolic process,0.0023000401639646953,True,"""The chemical reactions and pathways involving carbohydrate derivative."" [GOC:TermGenie]",992,832,71,21017,0.08533653846153846,0.0715725806451613,query_1,['GO:0008152']
TF,TF:M08568_1,Factor: ER71:E2A; motif: CASSTGNACCGGAWRYN; match class: 1,0.002305834143239154,True,Factor: ER71:E2A; motif: CASSTGNACCGGAWRYN; match class: 1,15419,878,733,20044,0.8348519362186788,0.04753875089175692,query_1,['TF:M08568']
TF,TF:M00196_1,Factor: Sp1; motif: NGGGGGCGGGGYN; match class: 1,0.0024392656925579115,True,Factor: Sp1; motif: NGGGGGCGGGGYN; match class: 1,6137,878,335,20044,0.3815489749430524,0.05458693172559883,query_1,['TF:M00196']
TF,TF:M07248,Factor: CREB1; motif: NNNNTGACGTNANNN,0.0025072888648678343,True,Factor: CREB1; motif: NNNNTGACGTNANNN,4341,878,250,20044,0.2847380410022779,0.05759041695461875,query_1,['TF:M00000']
TF,TF:M11066,Factor: HES-7; motif: GNCACGYGNN,0.002603563506604557,True,Factor: HES-7; motif: GNCACGYGNN,11745,878,583,20044,0.664009111617312,0.04963814389101746,query_1,['TF:M00000']
TF,TF:M11533,Factor: E2F-1; motif: NTTTTGGCGCCAWWWN,0.002701809786102868,True,Factor: E2F-1; motif: NTTTTGGCGCCAWWWN,13454,878,654,20044,0.744874715261959,0.04861007878697785,query_1,['TF:M00000']
GO:BP,GO:0060255,regulation of macromolecule metabolic process,0.002738335633541024,True,"""Any process that modulates the frequency, rate or extent of the chemical reactions and pathways involving macromolecules, any molecule of high relative molecular mass, the structure of which essentially comprises the multiple repetition of units derived, actually or conceptually, from molecules of low relative molecular mass."" [GOC:dph, GOC:tb]",6535,832,322,21017,0.3870192307692308,0.049273144605967864,query_1,"['GO:0019222', 'GO:0043170']"
HP,HP:0200125,Mitochondrial respiratory chain defects,0.0027394566149211313,True,Mitochondrial respiratory chain defects,19,253,8,5080,0.03162055335968379,0.42105263157894735,query_1,['HP:0003287']
TF,TF:M13135,Factor: SP4; motif: GGCCCCGCCCCCN,0.0027710496894176938,True,Factor: SP4; motif: GGCCCCGCCCCCN,5758,878,317,20044,0.36104783599088835,0.055053838138242446,query_1,['TF:M00000']
TF,TF:M12592,Factor: CREM; motif: NRTGACGYMA,0.0027810934784049655,True,Factor: CREM; motif: NRTGACGYMA,6556,878,354,20044,0.4031890660592255,0.05399633923123856,query_1,['TF:M00000']
TF,TF:M00940,Factor: E2F-1; motif: NTTTCGCGCS,0.0028068562913622945,True,Factor: E2F-1; motif: NTTTCGCGCS,8031,878,421,20044,0.479498861047836,0.052421865272070725,query_1,['TF:M00000']
GO:BP,GO:0009181,purine ribonucleoside diphosphate catabolic process,0.0028252109177338033,True,"""The chemical reactions and pathways resulting in the breakdown of purine ribonucleoside diphosphate, a compound consisting of a purine base linked to a ribose sugar esterified with diphosphate on the sugar."" [GOC:go_curators, ISBN:0198506732]",97,832,16,21017,0.019230769230769232,0.16494845360824742,query_1,"['GO:0009137', 'GO:0009179', 'GO:0009191']"
GO:BP,GO:0009137,purine nucleoside diphosphate catabolic process,0.0028252109177338033,True,"""The chemical reactions and pathways resulting in the breakdown of purine nucleoside diphosphate, a compound consisting of a purine base linked to a ribose or deoxyribose sugar esterified with diphosphate on the sugar."" [GOC:go_curators, ISBN:0198506732]",97,832,16,21017,0.019230769230769232,0.16494845360824742,query_1,"['GO:0009134', 'GO:0009135']"
TF,TF:M00916_1,Factor: CREB; motif: NNTKACGTCANNNS; match class: 1,0.0028593482078464426,True,Factor: CREB; motif: NNTKACGTCANNNS; match class: 1,1732,878,118,20044,0.13439635535307518,0.06812933025404157,query_1,['TF:M00916']
GO:BP,GO:0009261,ribonucleotide catabolic process,0.0028643359731958936,True,"""The chemical reactions and pathways resulting in the breakdown of a ribonucleotide, a compound consisting of ribonucleoside (a base linked to a ribose sugar) esterified with a phosphate group at either the 3' or 5'-hydroxyl group of the sugar."" [GOC:go_curators, ISBN:0198506732]",133,832,19,21017,0.02283653846153846,0.14285714285714285,query_1,"['GO:0009166', 'GO:0009259', 'GO:1901136']"
TF,TF:M00803_1,Factor: E2F; motif: GGCGSG; match class: 1,0.0029481614881604746,True,Factor: E2F; motif: GGCGSG; match class: 1,10535,878,531,20044,0.6047835990888383,0.05040341718082582,query_1,['TF:M00803']
HPA,HPA:0180000,epididymis,0.0029891895728050093,True,epididymis,7337,597,445,11019,0.7453936348408711,0.06065149243560038,query_1,['HPA:0000000']
HPA,HPA:0180051,epididymis; glandular cells[≥Low],0.0029891895728050093,True,epididymis; glandular cells[≥Low],7337,597,445,11019,0.7453936348408711,0.06065149243560038,query_1,['HPA:0180000']
GO:BP,GO:0009166,nucleotide catabolic process,0.002991708130223292,True,"""The chemical reactions and pathways resulting in the breakdown of nucleotides, any nucleoside that is esterified with (ortho)phosphate or an oligophosphate at any hydroxyl group on the glycose moiety; may be mono-, di- or triphosphate; this definition includes cyclic-nucleotides (nucleoside cyclic phosphates)."" [GOC:go_curators]",159,832,21,21017,0.025240384615384616,0.1320754716981132,query_1,"['GO:0009117', 'GO:1901292']"
GO:MF,GO:0043168,anion binding,0.0030547679109843603,True,"""Binding to an anion, a charged atom or group of atoms with a net negative charge."" [GOC:jl]",2445,852,147,20196,0.17253521126760563,0.06012269938650307,query_1,['GO:0043167']
WP,WP:WP5193,Cholesterol synthesis disorders,0.0030827969255555927,True,Cholesterol synthesis disorders,18,431,7,8722,0.016241299303944315,0.3888888888888889,query_1,['WP:000000']
HPA,HPA:0351181,pancreas; pancreatic endocrine cells[≥Low],0.0030847934239944686,True,pancreas; pancreatic endocrine cells[≥Low],5628,597,356,11019,0.5963149078726968,0.06325515280739161,query_1,['HPA:0350000']
HP,HP:0008316,Abnormal mitochondria in muscle tissue,0.003138147835980106,True,An abnormality of the mitochondria in muscle tissue.,39,253,11,5080,0.043478260869565216,0.28205128205128205,query_1,"['HP:0003287', 'HP:0011805']"
TF,TF:M00427,Factor: E2F; motif: TTTSGCGS,0.0031712798169159753,True,Factor: E2F; motif: TTTSGCGS,9802,878,499,20044,0.5683371298405467,0.05090797796368088,query_1,['TF:M00000']
GO:BP,GO:0002697,regulation of immune effector process,0.0031923788423491623,True,"""Any process that modulates the frequency, rate, or extent of an immune effector process."" [GOC:add]",381,832,36,21017,0.04326923076923077,0.09448818897637795,query_1,"['GO:0002252', 'GO:0002682']"
HPA,HPA:0090000,cerebellum,0.003207458852266225,True,cerebellum,7202,597,438,11019,0.7336683417085427,0.06081643987781172,query_1,['HPA:0000000']
TF,TF:M03807_1,Factor: SP2; motif: GNNGGGGGCGGGGSN; match class: 1,0.0033334920167265654,True,Factor: SP2; motif: GNNGGGGGCGGGGSN; match class: 1,4356,878,250,20044,0.2847380410022779,0.0573921028466483,query_1,['TF:M03807']
GO:BP,GO:0006006,glucose metabolic process,0.003364612930576054,True,"""The chemical reactions and pathways involving glucose, the aldohexose gluco-hexose. D-glucose is dextrorotatory and is sometimes known as dextrose; it is an important source of energy for living organisms and is found free as well as combined in homo- and hetero-oligosaccharides and polysaccharides."" [ISBN:0198506732]",187,832,23,21017,0.027644230769230768,0.12299465240641712,query_1,['GO:0019318']
TF,TF:M08767,Factor: HES-1; motif: GNCACGTGNC,0.003492251847763108,True,Factor: HES-1; motif: GNCACGTGNC,7956,878,417,20044,0.47494305239179957,0.0524132730015083,query_1,['TF:M00000']
TF,TF:M00196,Factor: Sp1; motif: NGGGGGCGGGGYN,0.003570774970360158,True,Factor: Sp1; motif: NGGGGGCGGGGYN,10571,878,532,20044,0.6059225512528473,0.05032636458234793,query_1,['TF:M00000']
GO:BP,GO:0006195,purine nucleotide catabolic process,0.0036060709673206184,True,"""The chemical reactions and pathways resulting in the breakdown of a purine nucleotide, a compound consisting of nucleoside (a purine base linked to a deoxyribose or ribose sugar) esterified with a phosphate group at either the 3' or 5'-hydroxyl group of the sugar."" [GOC:go_curators, ISBN:0198506732]",135,832,19,21017,0.02283653846153846,0.14074074074074075,query_1,"['GO:0006163', 'GO:0009166', 'GO:0072523']"
HPA,HPA:0030052,appendix; glandular cells[≥Medium],0.0038214268804377624,True,appendix; glandular cells[≥Medium],5508,597,349,11019,0.5845896147403685,0.06336238198983297,query_1,['HPA:0030051']
TF,TF:M01273_1,Factor: SP4; motif: SCCCCGCCCCS; match class: 1,0.0038466742939546896,True,Factor: SP4; motif: SCCCCGCCCCS; match class: 1,1054,878,80,20044,0.09111617312072894,0.07590132827324478,query_1,['TF:M01273']
TF,TF:M00179,Factor: ATF2; motif: VGTGACGTMACN,0.0038535643916399937,True,Factor: ATF2; motif: VGTGACGTMACN,6186,878,336,20044,0.3826879271070615,0.05431619786614937,query_1,['TF:M00000']
GO:BP,GO:0051098,regulation of binding,0.003925993511638718,True,"""Any process that modulates the frequency, rate or extent of binding, the selective interaction of a molecule with one or more specific sites on another molecule."" [GOC:ai]",231,832,26,21017,0.03125,0.11255411255411256,query_1,['GO:0065009']
GO:BP,GO:0051254,positive regulation of RNA metabolic process,0.003999690126129026,True,"""Any process that activates or increases the frequency, rate or extent of the chemical reactions and pathways involving RNA."" [GOC:ai]",1844,832,113,21017,0.13581730769230768,0.061279826464208244,query_1,"['GO:0010604', 'GO:0016070', 'GO:0045935', 'GO:0051252']"
TF,TF:M04934_1,Factor: TR4; motif: ACCCCGS; match class: 1,0.004173362223951123,True,Factor: TR4; motif: ACCCCGS; match class: 1,15788,878,746,20044,0.8496583143507973,0.04725107676716494,query_1,['TF:M04934']
TF,TF:M07250,Factor: E2F-1; motif: NNNSSCGCSAANN,0.004217674968030259,True,Factor: E2F-1; motif: NNNSSCGCSAANN,11048,878,552,20044,0.6287015945330297,0.0499637943519189,query_1,['TF:M00000']
TF,TF:M01744,Factor: REX1; motif: AANATGGCKGCN,0.00427573085790455,True,Factor: REX1; motif: AANATGGCKGCN,635,878,55,20044,0.06264236902050115,0.08661417322834646,query_1,['TF:M00000']
TF,TF:M10071,Factor: Sp1; motif: NGGGGGCGGGGCCNGGGGGGGG,0.004343943167002697,True,Factor: Sp1; motif: NGGGGGCGGGGCCNGGGGGGGG,8777,878,453,20044,0.5159453302961275,0.05161216816679959,query_1,['TF:M00000']
TF,TF:M11052_1,Factor: Hey2; motif: NNCACGYGNN; match class: 1,0.004381210665525044,True,Factor: Hey2; motif: NNCACGYGNN; match class: 1,9732,878,495,20044,0.5637813211845103,0.05086313193588163,query_1,['TF:M11052']
TF,TF:M11052,Factor: Hey2; motif: NNCACGYGNN,0.00444975218649348,True,Factor: Hey2; motif: NNCACGYGNN,12783,878,625,20044,0.7118451025056948,0.04889306109676915,query_1,['TF:M00000']
TF,TF:M00916,Factor: CREB; motif: NNTKACGTCANNNS,0.004509599804812333,True,Factor: CREB; motif: NNTKACGTCANNNS,5980,878,326,20044,0.3712984054669704,0.05451505016722408,query_1,['TF:M00000']
TF,TF:M00430,Factor: E2F-1; motif: NTTSGCGG,0.004618409966976244,True,Factor: E2F-1; motif: NTTSGCGG,8242,878,429,20044,0.4886104783599089,0.052050473186119876,query_1,['TF:M00000']
TF,TF:M00737,Factor: E2F-1:DP-2; motif: TTTSSCGC,0.004702635501887293,True,Factor: E2F-1:DP-2; motif: TTTSSCGC,8963,878,461,20044,0.5250569476082004,0.051433671761686936,query_1,['TF:M00000']
TF,TF:M06948,Factor: Sp2; motif: TGGGCGCGCCCA,0.004877691642144723,True,Factor: Sp2; motif: TGGGCGCGCCCA,9124,878,468,20044,0.5330296127562643,0.05129329241560719,query_1,['TF:M00000']
HPA,HPA:0600432,tonsil; germinal center cells[≥Medium],0.00494370970028178,True,tonsil; germinal center cells[≥Medium],4100,597,271,11019,0.4539363484087102,0.06609756097560976,query_1,['HPA:0600431']
GO:BP,GO:0009135,purine nucleoside diphosphate metabolic process,0.004979507354634857,True,"""The chemical reactions and pathways involving purine nucleoside diphosphate, a compound consisting of a purine base linked to a ribose or deoxyribose sugar esterified with diphosphate on the sugar."" [GOC:go_curators, ISBN:0198506732]",113,832,17,21017,0.020432692307692308,0.1504424778761062,query_1,['GO:0009132']
GO:BP,GO:0009179,purine ribonucleoside diphosphate metabolic process,0.004979507354634857,True,"""The chemical reactions and pathways involving purine ribonucleoside diphosphate, a compound consisting of a purine base linked to a ribose sugar esterified with diphosphate on the sugar."" [GOC:go_curators, ISBN:0198506732]",113,832,17,21017,0.020432692307692308,0.1504424778761062,query_1,"['GO:0009135', 'GO:0009185']"
TF,TF:M08523,Factor: E2F-1:TBR2; motif: NGGTGNNANGGCGCNNTNNCRNNN,0.005182543830650288,True,Factor: E2F-1:TBR2; motif: NGGTGNNANGGCGCNNTNNCRNNN,12481,878,612,20044,0.6970387243735763,0.049034532489383865,query_1,['TF:M00000']
HPA,HPA:0150051,duodenum; glandular cells[≥Low],0.00526120827515146,True,duodenum; glandular cells[≥Low],7108,597,432,11019,0.7236180904522613,0.06077658975801913,query_1,['HPA:0150000']
TF,TF:M04797,Factor: Egr-1; motif: CCGCCCMCG,0.005285216033978347,True,Factor: Egr-1; motif: CCGCCCMCG,5263,878,292,20044,0.3325740318906606,0.0554816644499335,query_1,['TF:M00000']
TF,TF:M09969,Factor: EKLF; motif: NGGGYGKGGCNNGG,0.00531646178258815,True,Factor: EKLF; motif: NGGGYGKGGCNNGG,4736,878,267,20044,0.3041002277904328,0.056376689189189186,query_1,['TF:M00000']
TF,TF:M04515_1,Factor: E2F-1; motif: WWTGGCGCCAAA; match class: 1,0.005348032921794423,True,Factor: E2F-1; motif: WWTGGCGCCAAA; match class: 1,12531,878,614,20044,0.6993166287015945,0.04899848376027452,query_1,['TF:M04515']
GO:BP,GO:0009154,purine ribonucleotide catabolic process,0.005424203160524876,True,"""The chemical reactions and pathways resulting in the breakdown of a purine ribonucleotide, a compound consisting of ribonucleoside (a purine base linked to a ribose sugar) esterified with a phosphate group at either the 3' or 5'-hydroxyl group of the sugar."" [GOC:go_curators, ISBN:0198506732]",126,832,18,21017,0.021634615384615384,0.14285714285714285,query_1,"['GO:0006195', 'GO:0009150', 'GO:0009261']"
TF,TF:M09970_1,Factor: KLF3; motif: NNNNNNGGGCGGGGCNNGN; match class: 1,0.005449560316053255,True,Factor: KLF3; motif: NNNNNNGGGCGGGGCNNGN; match class: 1,3907,878,227,20044,0.25854214123006836,0.05810084463782954,query_1,['TF:M09970']
GO:CC,GO:0005856,cytoskeleton,0.0054802003493044414,True,"""A cellular structure that forms the internal framework of eukaryotic and prokaryotic cells. The cytoskeleton includes intermediate filaments, microfilaments, microtubules, the microtrabecular lattice, and other structures characterized by a polymeric filamentous nature and long-range order within the cell. The various elements of the cytoskeleton not only serve in the maintenance of cellular shape but also have roles in other cellular functions, including cellular movement, cell division, endocytosis, and movement of organelles."" [GOC:mah, PMID:16959967, PMID:27419875]",2440,862,135,22115,0.15661252900232017,0.055327868852459015,query_1,['GO:0043232']
GO:BP,GO:0061615,glycolytic process through fructose-6-phosphate,0.005542007978609049,True,"""The chemical reactions and pathways resulting in the breakdown of a monosaccharide into pyruvate, occurring through a fructose-6-phosphate intermediate, with the concomitant production of ATP and NADH."" [GOC:dph, ISBN:0201090910, ISBN:0879010479]",24,832,8,21017,0.009615384615384616,0.3333333333333333,query_1,['GO:0006096']
TF,TF:M00327,Factor: Pax-3; motif: NNNNNNCGTCACGSTYNNNNN,0.0055455515363633185,True,Factor: Pax-3; motif: NNNNNNCGTCACGSTYNNNNN,13598,878,658,20044,0.7494305239179955,0.04838946903956464,query_1,['TF:M00000']
GO:BP,GO:0005996,monosaccharide metabolic process,0.005547790056125672,True,"""The chemical reactions and pathways involving monosaccharides, the simplest carbohydrates. They are polyhydric alcohols containing either an aldehyde or a keto group and between three to ten or more carbon atoms. They form the constitutional repeating units of oligo- and polysaccharides."" [ISBN:0198506732]",250,832,27,21017,0.03245192307692308,0.108,query_1,"['GO:0005975', 'GO:0044281']"
TF,TF:M07615_1,Factor: Sp3; motif: GGGGCGGGGSNN; match class: 1,0.005615023402046704,True,Factor: Sp3; motif: GGGGCGGGGSNN; match class: 1,3017,878,183,20044,0.20842824601366744,0.060656281073914485,query_1,['TF:M07615']
HPA,HPA:0590052,thyroid gland; glandular cells[≥Medium],0.005639809121927536,True,thyroid gland; glandular cells[≥Medium],5602,597,353,11019,0.5912897822445561,0.06301320956801143,query_1,['HPA:0590051']
GO:BP,GO:0072523,purine-containing compound catabolic process,0.005642278863985718,True,"""The chemical reactions and pathways resulting in the breakdown of a purine-containing compound, i.e. any compound that contains purine or a formal derivative thereof."" [GOC:mah]",152,832,20,21017,0.02403846153846154,0.13157894736842105,query_1,"['GO:0009056', 'GO:0072521']"
GO:BP,GO:0065009,regulation of molecular function,0.0056683099004457855,True,"""Any process that modulates the frequency, rate or extent of a molecular function, an elemental biological activity occurring at the molecular level, such as catalysis or binding."" [GOC:isa_complete]",1611,832,101,21017,0.12139423076923077,0.06269397889509622,query_1,['GO:0065007']
HPA,HPA:0170051,endometrium 2; glandular cells[≥Low],0.00573610473926411,True,endometrium 2; glandular cells[≥Low],6723,597,412,11019,0.6901172529313233,0.06128216569983638,query_1,['HPA:0170000']
TF,TF:M07277_1,Factor: BTEB2; motif: RGGGNGKGGN; match class: 1,0.005866942889308557,True,Factor: BTEB2; motif: RGGGNGKGGN; match class: 1,4324,878,247,20044,0.28132118451025057,0.057123034227567066,query_1,['TF:M07277']
TF,TF:M08803,Factor: CREM; motif: NNTGACGT,0.005910553870601865,True,Factor: CREM; motif: NNTGACGT,1154,878,85,20044,0.09681093394077449,0.07365684575389948,query_1,['TF:M00000']
TF,TF:M01303_1,Factor: SP1; motif: GGGGYGGGGNS; match class: 1,0.005966801222497693,True,Factor: SP1; motif: GGGGYGGGGNS; match class: 1,3666,878,215,20044,0.244874715261959,0.058647026732133116,query_1,['TF:M01303']
TF,TF:M12231,Factor: LRF; motif: NCGACCACCGN,0.006063039367194929,True,Factor: LRF; motif: NCGACCACCGN,11707,878,579,20044,0.6594533029612756,0.04945758947638165,query_1,['TF:M00000']
TF,TF:M09600,Factor: CREB1; motif: TKACGTCAYNN,0.006112032884913627,True,Factor: CREB1; motif: TKACGTCAYNN,5399,878,298,20044,0.33940774487471526,0.05519540655676977,query_1,['TF:M00000']
HP,HP:0007924,Slow decrease in visual acuity,0.006156221457624537,True,Slow decrease in visual acuity,34,253,10,5080,0.039525691699604744,0.29411764705882354,query_1,['HP:0000529']
TF,TF:M11307_1,Factor: ATF-2; motif: NNTGACGTMANN; match class: 1,0.006197824222306393,True,Factor: ATF-2; motif: NNTGACGTMANN; match class: 1,1986,878,130,20044,0.1480637813211845,0.06545820745216516,query_1,['TF:M11307']
GO:MF,GO:0005524,ATP binding,0.006358987320422953,True,"""Binding to ATP, adenosine 5'-triphosphate, a universally important coenzyme and enzyme regulator."" [ISBN:0198506732]",1502,852,98,20196,0.11502347417840375,0.06524633821571238,query_1,"['GO:0032559', 'GO:0035639']"
TF,TF:M12186_1,Factor: BTEB4; motif: NCCACGCCCM; match class: 1,0.006381373070988018,True,Factor: BTEB4; motif: NCCACGCCCM; match class: 1,4080,878,235,20044,0.26765375854214124,0.05759803921568627,query_1,['TF:M12186']
GO:BP,GO:0051252,regulation of RNA metabolic process,0.006558486931098334,True,"""Any process that modulates the frequency, rate or extent of the chemical reactions and pathways involving RNA."" [GOC:ai]",3709,832,198,21017,0.23798076923076922,0.05338366136424912,query_1,"['GO:0016070', 'GO:0019219', 'GO:0060255']"
GO:CC,GO:0110165,cellular anatomical structure,0.006601886721789479,True,"""A part of a cellular organism consisting of a material entity with granularity above the level of a protein complex but below that of an anatomical system. Note that cellular organisms exclude viruses."" [GOC:kmv]",21571,862,857,22115,0.994199535962877,0.03972926614436048,query_1,['GO:0005575']
HPA,HPA:0100121,cerebral cortex; glial cells[≥Low],0.006658344906005203,True,cerebral cortex; glial cells[≥Low],4927,597,316,11019,0.5293132328308208,0.06413639131317232,query_1,['HPA:0100000']
GO:CC,GO:0031965,nuclear membrane,0.006741582165748281,True,"""Either of the lipid bilayers that surround the nucleus and form the nuclear envelope; excludes the intermembrane space."" [GOC:mah, GOC:pz]",316,862,29,22115,0.033642691415313224,0.09177215189873418,query_1,"['GO:0005635', 'GO:0031090']"
GO:CC,GO:0030684,preribosome,0.0067743798266730205,True,"""Any complex of pre-rRNAs, ribosomal proteins, and associated proteins formed during ribosome biogenesis."" [PMID:10567516]",108,862,15,22115,0.01740139211136891,0.1388888888888889,query_1,['GO:1990904']
TF,TF:M11883,Factor: pax-6; motif: NYACGCNTSRNYGCNYN,0.006785330317892256,True,Factor: pax-6; motif: NYACGCNTSRNYGCNYN,13758,878,664,20044,0.7562642369020501,0.04826282889954935,query_1,['TF:M00000']
TF,TF:M08487_1,Factor: GCMa:Erg; motif: ATGCGGGCGGAARKG; match class: 1,0.0068207375592642125,True,Factor: GCMa:Erg; motif: ATGCGGGCGGAARKG; match class: 1,9056,878,464,20044,0.5284738041002278,0.05123674911660778,query_1,['TF:M08487']
TF,TF:M07129,Factor: Sp2; motif: GYCCCGCCYCYNNNN,0.006908590495758342,True,Factor: Sp2; motif: GYCCCGCCYCYNNNN,6482,878,348,20044,0.39635535307517084,0.05368713360074051,query_1,['TF:M00000']
GO:BP,GO:0006096,glycolytic process,0.007025319762962363,True,"""The chemical reactions and pathways resulting in the breakdown of a carbohydrate into pyruvate, with the concomitant production of a small amount of ATP and the reduction of NAD(P) to NAD(P)H. Glycolysis begins with the metabolism of a carbohydrate to generate products that can enter the pathway and ends with the production of pyruvate. Pyruvate may be converted to acetyl-coenzyme A, ethanol, lactate, or other small molecules."" [GOC:bf, GOC:dph, ISBN:0201090910, ISBN:0716720094, ISBN:0879010479, Wikipedia:Glycolysis]",92,832,15,21017,0.018028846153846152,0.16304347826086957,query_1,"['GO:0006090', 'GO:0006091', 'GO:0016052', 'GO:0019364', 'GO:0046032', 'GO:0046034', 'GO:0046496']"
TF,TF:M12277,Factor: YY2; motif: NKCSGCCATTTTGN,0.007049777128004814,True,Factor: YY2; motif: NKCSGCCATTTTGN,136,878,20,20044,0.022779043280182234,0.14705882352941177,query_1,['TF:M00000']
TF,TF:M11277_1,Factor: XBP-1; motif: NNTGACGTCAYN; match class: 1,0.007344068087928007,True,Factor: XBP-1; motif: NNTGACGTCAYN; match class: 1,915,878,71,20044,0.08086560364464693,0.07759562841530054,query_1,['TF:M11277']
GO:CC,GO:0016607,nuclear speck,0.007430765803400021,True,"""A discrete extra-nucleolar subnuclear domain, 20-50 in number, in which splicing factors are seen to be localized by immunofluorescence microscopy."" [PMID:28977640]",419,862,35,22115,0.04060324825986079,0.08353221957040573,query_1,['GO:0016604']
TF,TF:M00918,Factor: E2F; motif: TTTSGCGSG,0.007489593468346023,True,Factor: E2F; motif: TTTSGCGSG,5753,878,314,20044,0.357630979498861,0.05458021901616548,query_1,['TF:M00000']
GO:BP,GO:1901292,nucleoside phosphate catabolic process,0.00755581434142195,True,"""The chemical reactions and pathways resulting in the breakdown of a nucleoside phosphate."" [GOC:TermGenie]",182,832,22,21017,0.026442307692307692,0.12087912087912088,query_1,"['GO:0006753', 'GO:0034655', 'GO:0046434']"
TF,TF:M12153,Factor: Sp3; motif: NGCCACGCCCMCN,0.007667291750050731,True,Factor: Sp3; motif: NGCCACGCCCMCN,6380,878,343,20044,0.3906605922551253,0.05376175548589342,query_1,['TF:M00000']
GO:BP,GO:0045935,positive regulation of nucleobase-containing compound metabolic process,0.007871552986621125,True,"""Any cellular process that activates or increases the frequency, rate or extent of the chemical reactions and pathways involving nucleobases, nucleosides, nucleotides and nucleic acids."" [GOC:go_curators]",2038,832,121,21017,0.14543269230769232,0.05937193326790972,query_1,"['GO:0006139', 'GO:0009893', 'GO:0019219']"
GO:CC,GO:0032040,small-subunit processome,0.008264442503214092,True,"""A large ribonucleoprotein complex that is an early preribosomal complex. In S. cerevisiae, it has a size of 80S and consists of the 35S pre-rRNA, early-associating ribosomal proteins most of which are part of the small ribosomal subunit, the U3 snoRNA and associated proteins."" [GOC:krc, GOC:vw, PMID:12068309, PMID:12957375, PMID:15120992, PMID:15590835]",73,862,12,22115,0.013921113689095127,0.1643835616438356,query_1,['GO:0030684']
HPA,HPA:0490691,smooth muscle; smooth muscle cells[≥Low],0.008274062798097009,True,smooth muscle; smooth muscle cells[≥Low],5454,597,344,11019,0.576214405360134,0.06307297396406307,query_1,['HPA:0490000']
HPA,HPA:0490000,smooth muscle,0.008274062798097009,True,smooth muscle,5454,597,344,11019,0.576214405360134,0.06307297396406307,query_1,['HPA:0000000']
HPA,HPA:0210000,fallopian tube,0.008383965232097073,True,fallopian tube,7466,597,449,11019,0.7520938023450586,0.06013929815162068,query_1,['HPA:0000000']
TF,TF:M07312_1,Factor: ATF-2; motif: NNTGACGTCAN; match class: 1,0.008406699173735288,True,Factor: ATF-2; motif: NNTGACGTCAN; match class: 1,1200,878,87,20044,0.09908883826879271,0.0725,query_1,['TF:M07312']
TF,TF:M00113,Factor: CREB; motif: NNGNTGACGTNN,0.008500970777168649,True,Factor: CREB; motif: NNGNTGACGTNN,5100,878,283,20044,0.3223234624145786,0.05549019607843137,query_1,['TF:M00000']
GO:BP,GO:0009141,nucleoside triphosphate metabolic process,0.00864037761974186,True,"""The chemical reactions and pathways involving a nucleoside triphosphate, a compound consisting of a nucleobase linked to a deoxyribose or ribose sugar esterified with triphosphate on the sugar."" [GOC:go_curators, ISBN:0198506732]",271,832,28,21017,0.03365384615384615,0.1033210332103321,query_1,['GO:0006753']
TF,TF:M00920,Factor: E2F; motif: NKCGCGCSAAAN,0.008694816207097217,True,Factor: E2F; motif: NKCGCGCSAAAN,5848,878,318,20044,0.3621867881548975,0.05437756497948017,query_1,['TF:M00000']
HPA,HPA:0160000,endometrium 1,0.008743645525111995,True,endometrium 1,7055,597,428,11019,0.7169179229480737,0.060666194188518784,query_1,['HPA:0000000']
TF,TF:M03807,Factor: SP2; motif: GNNGGGGGCGGGGSN,0.008758280791616349,True,Factor: SP2; motif: GNNGGGGGCGGGGSN,8689,878,447,20044,0.5091116173120729,0.051444354931522614,query_1,['TF:M00000']
HP,HP:0003800,Muscle abnormality related to mitochondrial dysfunction,0.00880046975489781,True,Muscle abnormality related to mitochondrial dysfunction,88,253,16,5080,0.06324110671936758,0.18181818181818182,query_1,['HP:0011804']
TF,TF:M11313_1,Factor: CREBPA; motif: NRTGACGTMANN; match class: 1,0.008827326702821731,True,Factor: CREBPA; motif: NRTGACGTMANN; match class: 1,2057,878,133,20044,0.15148063781321183,0.06465726786582401,query_1,['TF:M11313']
TF,TF:M09967,Factor: AP-2rep; motif: NGGGGCGGGGC,0.008919377498942511,True,Factor: AP-2rep; motif: NGGGGCGGGGC,4160,878,238,20044,0.27107061503416857,0.05721153846153846,query_1,['TF:M00000']
TF,TF:M11257,Factor: AIBZIP; motif: NRTGACGTCAYN,0.008941698343401245,True,Factor: AIBZIP; motif: NRTGACGTCAYN,1007,878,76,20044,0.08656036446469248,0.07547169811320754,query_1,['TF:M00000']
GO:BP,GO:0005975,carbohydrate metabolic process,0.009086538357268449,True,"""The chemical reactions and pathways involving carbohydrates, any of a group of organic compounds based of the general formula Cx(H2O)y."" [GOC:mah, ISBN:0198506732]",569,832,46,21017,0.055288461538461536,0.08084358523725835,query_1,['GO:0044238']
TF,TF:M11231_1,Factor: CREBL1; motif: GRTGACGTCAYC; match class: 1,0.00911711878964911,True,Factor: CREBL1; motif: GRTGACGTCAYC; match class: 1,869,878,68,20044,0.0774487471526196,0.07825086306098965,query_1,['TF:M11231']
TF,TF:M10849,Factor: Cdx-2; motif: NRTCGTAANNNN,0.009185372935235069,True,Factor: Cdx-2; motif: NRTCGTAANNNN,11312,878,561,20044,0.6389521640091116,0.04959335219236209,query_1,['TF:M00000']
HP,HP:0007327,Mixed demyelinating and axonal polyneuropathy,0.009283058690259824,True,Mixed demyelinating and axonal polyneuropathy,11,253,6,5080,0.023715415019762844,0.5454545454545454,query_1,"['HP:0009830', 'HP:0012447']"
HPA,HPA:0040082,bone marrow; hematopoietic cells[≥Medium],0.00932698988487124,True,bone marrow; hematopoietic cells[≥Medium],4256,597,278,11019,0.4656616415410385,0.06531954887218046,query_1,['HPA:0040081']
HPA,HPA:0440341,skeletal muscle; myocytes[≥Low],0.00935657566383069,True,skeletal muscle; myocytes[≥Low],5909,597,368,11019,0.6164154103852596,0.06227788119817228,query_1,['HPA:0440000']
HPA,HPA:0440000,skeletal muscle,0.00935657566383069,True,skeletal muscle,5909,597,368,11019,0.6164154103852596,0.06227788119817228,query_1,['HPA:0000000']
HPA,HPA:0510701,soft tissue 2; peripheral nerve[≥Low],0.009365188177228293,True,soft tissue 2; peripheral nerve[≥Low],3199,597,218,11019,0.36515912897822445,0.0681462957174117,query_1,['HPA:0510000']
HPA,HPA:0310442,lymph node; non-germinal center cells[≥Medium],0.009465020999689334,True,lymph node; non-germinal center cells[≥Medium],3989,597,263,11019,0.440536013400335,0.06593131110554024,query_1,['HPA:0310441']
HPA,HPA:0040083,bone marrow; hematopoietic cells[High],0.009625214939421926,True,bone marrow; hematopoietic cells[High],1453,597,113,11019,0.18927973199329984,0.07777013076393668,query_1,['HPA:0040082']
GO:BP,GO:1902680,positive regulation of RNA biosynthetic process,0.009639993099035236,True,"""Any process that activates or increases the frequency, rate or extent of RNA biosynthetic process."" [GO:jl, GO_REF:0000058, GOC:TermGenie]",1713,832,105,21017,0.12620192307692307,0.06129597197898424,query_1,"['GO:0010557', 'GO:0032774', 'GO:0051254', 'GO:2001141']"
GO:BP,GO:0051716,cellular response to stimulus,0.009665547205334125,True,"""Any process that results in a change in state or activity of a cell (in terms of movement, secretion, enzyme production, gene expression, etc.) as a result of a stimulus. The process begins with detection of the stimulus by a cell and ends with a change in state or activity or the cell."" [GOC:bf, GOC:jl]",7320,832,351,21017,0.421875,0.04795081967213115,query_1,"['GO:0009987', 'GO:0050896']"
TF,TF:M01660,Factor: GABP-alpha; motif: CTTCCK,0.009805675626629727,True,Factor: GABP-alpha; motif: CTTCCK,11340,878,562,20044,0.6400911161731208,0.04955908289241623,query_1,['TF:M00000']
TF,TF:M01822_1,Factor: CPBP; motif: SNCCCNN; match class: 1,0.009877347655031211,True,Factor: CPBP; motif: SNCCCNN; match class: 1,18998,878,859,20044,0.9783599088838268,0.045215285819559956,query_1,['TF:M01822']
GO:BP,GO:0006753,nucleoside phosphate metabolic process,0.009953731257185724,True,"""The chemical reactions and pathways involving any phosphorylated nucleoside."" [GOC:mah]",642,832,50,21017,0.06009615384615385,0.0778816199376947,query_1,"['GO:0006796', 'GO:0019637', 'GO:0055086']"
TF,TF:M02070,Factor: TEL1; motif: CNCGGAANNN,0.010163486027571039,True,Factor: TEL1; motif: CNCGGAANNN,11085,878,551,20044,0.6275626423690205,0.04970681100586378,query_1,['TF:M00000']
HP,HP:0002401,Stroke-like episode,0.010166989409522037,True,"No consensus exists on what a stroke-like episode is, but these episodes can be functionally defined as a new neurological deficit, occurring with or without the context of seizures, which last longer than 24 hours.",22,253,8,5080,0.03162055335968379,0.36363636363636365,query_1,['HP:0001297']
TF,TF:M00737_1,Factor: E2F-1:DP-2; motif: TTTSSCGC; match class: 1,0.010203380042614332,True,Factor: E2F-1:DP-2; motif: TTTSSCGC; match class: 1,3025,878,182,20044,0.2072892938496583,0.060165289256198344,query_1,['TF:M00737']
TF,TF:M11251,Factor: Luman; motif: NRTGACGTCAYN,0.010358323199590139,True,Factor: Luman; motif: NRTGACGTCAYN,804,878,64,20044,0.07289293849658314,0.07960199004975124,query_1,['TF:M00000']
TF,TF:M11303_1,Factor: batf3; motif: GRTGACGTCATC; match class: 1,0.01047249102771342,True,Factor: batf3; motif: GRTGACGTCATC; match class: 1,605,878,52,20044,0.05922551252847381,0.0859504132231405,query_1,['TF:M11303']
WP,WP:WP4877,Host pathogen interaction of human coronaviruses MAPK signaling,0.010481775342840331,True,Host pathogen interaction of human coronaviruses MAPK signaling,36,431,9,8722,0.02088167053364269,0.25,query_1,['WP:000000']
WP,WP:WP5333,Enterocyte cholesterol metabolism,0.010481775342840331,True,Enterocyte cholesterol metabolism,36,431,9,8722,0.02088167053364269,0.25,query_1,['WP:000000']
HPA,HPA:0330000,oral mucosa,0.010814341071629366,True,oral mucosa,6257,597,386,11019,0.6465661641541038,0.06169090618507272,query_1,['HPA:0000000']
HPA,HPA:0330221,oral mucosa; squamous epithelial cells[≥Low],0.010814341071629366,True,oral mucosa; squamous epithelial cells[≥Low],6257,597,386,11019,0.6465661641541038,0.06169090618507272,query_1,['HPA:0330000']
HP,HP:0001639,Hypertrophic cardiomyopathy,0.010849561611340482,True,"Hypertrophic cardiomyopathy (HCM) is defined by the presence of increased ventricular wall thickness or mass in the absence of loading conditions (hypertension, valve disease) sufficient to cause the observed abnormality.",280,253,32,5080,0.12648221343873517,0.11428571428571428,query_1,['HP:0001638']
HPA,HPA:0360000,parathyroid gland,0.010871444514127498,True,parathyroid gland,5898,597,367,11019,0.6147403685092128,0.06222448287555103,query_1,['HPA:0000000']
HPA,HPA:0360051,parathyroid gland; glandular cells[≥Low],0.010871444514127498,True,parathyroid gland; glandular cells[≥Low],5898,597,367,11019,0.6147403685092128,0.06222448287555103,query_1,['HPA:0360000']
GO:BP,GO:0006351,DNA-templated transcription,0.011229007489861133,True,"""The synthesis of an RNA transcript from a DNA template."" [GOC:jl, GOC:txnOH]",3559,832,190,21017,0.2283653846153846,0.05338578252318067,query_1,"['GO:0010467', 'GO:0032774']"
GO:MF,GO:0032559,adenyl ribonucleotide binding,0.0113297328870739,True,"""Binding to an adenyl ribonucleotide, any compound consisting of adenosine esterified with (ortho)phosphate or an oligophosphate at any hydroxyl group on the ribose moiety."" [GOC:mah]",1543,852,99,20196,0.11619718309859155,0.06416072585871678,query_1,"['GO:0030554', 'GO:0032555']"
TF,TF:M12173,Factor: GKLF; motif: NNCCMCRCCCN,0.011482916472545575,True,Factor: GKLF; motif: NNCCMCRCCCN,10281,878,516,20044,0.5876993166287016,0.050189670265538375,query_1,['TF:M00000']
GO:BP,GO:0006090,pyruvate metabolic process,0.011541438917892671,True,"""The chemical reactions and pathways involving pyruvate, 2-oxopropanoate."" [GOC:go_curators]",120,832,17,21017,0.020432692307692308,0.14166666666666666,query_1,['GO:0032787']
TF,TF:M11257_1,Factor: AIBZIP; motif: NRTGACGTCAYN; match class: 1,0.011631258959616376,True,Factor: AIBZIP; motif: NRTGACGTCAYN; match class: 1,927,878,71,20044,0.08086560364464693,0.07659115426105717,query_1,['TF:M11257']
GO:BP,GO:0007049,cell cycle,0.011631697043441826,True,"""The progression of biochemical and morphological phases and events that occur in a cell during successive cell replication or nuclear replication events. Canonically, the cell cycle comprises the replication and segregation of genetic material followed by the division of the cell, but in endocycles or syncytial cells nuclear replication or nuclear division may not be followed by cell division."" [GOC:go_curators, GOC:mtg_cell_cycle]",1824,832,110,21017,0.13221153846153846,0.06030701754385965,query_1,['GO:0009987']
HPA,HPA:0250121,hippocampus; glial cells[≥Low],0.011688577746923376,True,hippocampus; glial cells[≥Low],4142,597,271,11019,0.4539363484087102,0.06542732979237084,query_1,['HPA:0250000']
TF,TF:M07248_1,Factor: CREB1; motif: NNNNTGACGTNANNN; match class: 1,0.011692984195111056,True,Factor: CREB1; motif: NNNNTGACGTNANNN; match class: 1,1246,878,89,20044,0.10136674259681093,0.07142857142857142,query_1,['TF:M07248']
TF,TF:M11226,Factor: ATF-6; motif: GRTGACGTCAYC,0.011997123974656776,True,Factor: ATF-6; motif: GRTGACGTCAYC,876,878,68,20044,0.0774487471526196,0.0776255707762557,query_1,['TF:M00000']
GO:CC,GO:0031967,organelle envelope,0.012081048004178046,True,"""A double membrane structure enclosing an organelle, including two lipid bilayers and the region between them. In some cases, an organelle envelope may have more than two membranes."" [GOC:mah, GOC:pz]",1300,862,80,22115,0.09280742459396751,0.06153846153846154,query_1,"['GO:0043227', 'GO:0043229', 'GO:0110165']"
GO:BP,GO:0019364,pyridine nucleotide catabolic process,0.012109145119284884,True,"""The chemical reactions and pathways resulting in the breakdown of a pyridine nucleotide, a nucleotide characterized by a pyridine derivative as a nitrogen base."" [GOC:jl, GOC:pde, GOC:vw]",96,832,15,21017,0.018028846153846152,0.15625,query_1,"['GO:0009166', 'GO:0019362', 'GO:0072526']"
TF,TF:M11303,Factor: batf3; motif: GRTGACGTCATC,0.012270440147640962,True,Factor: batf3; motif: GRTGACGTCATC,641,878,54,20044,0.06150341685649203,0.0842433697347894,query_1,['TF:M00000']
TF,TF:M07039_1,Factor: ETF; motif: CCCCGCCCCYN; match class: 1,0.012410444536059061,True,Factor: ETF; motif: CCCCGCCCCYN; match class: 1,13994,878,672,20044,0.765375854214123,0.048020580248678,query_1,['TF:M07039']
GO:CC,GO:0101002,ficolin-1-rich granule,0.012464811271973143,True,"""Highly exocytosable gelatinase-poor granules found in neutrophils and rich in ficolin-1. Ficolin-1 is released from neutrophil granules by stimulation with fMLP or PMA, and the majority becomes associated with the surface membrane of the cells and can be detected by flow cytometry."" [GOC:mec, PMID:19741154]",184,862,20,22115,0.02320185614849188,0.10869565217391304,query_1,['GO:0030141']
TF,TF:M11231,Factor: CREBL1; motif: GRTGACGTCAYC,0.01254920874141596,True,Factor: CREBL1; motif: GRTGACGTCAYC,1087,878,80,20044,0.09111617312072894,0.07359705611775529,query_1,['TF:M00000']
TF,TF:M11251_1,Factor: Luman; motif: NRTGACGTCAYN; match class: 1,0.012690767713177412,True,Factor: Luman; motif: NRTGACGTCAYN; match class: 1,792,878,63,20044,0.07175398633257403,0.07954545454545454,query_1,['TF:M11251']
TF,TF:M11307,Factor: ATF-2; motif: NNTGACGTMANN,0.01293680616853938,True,Factor: ATF-2; motif: NNTGACGTMANN,2130,878,136,20044,0.1548974943052392,0.06384976525821597,query_1,['TF:M00000']
GO:MF,GO:0019899,enzyme binding,0.013049837065577831,True,"""Binding to an enzyme, a protein with catalytic activity."" [GOC:jl]",2105,852,127,20196,0.14906103286384975,0.06033254156769596,query_1,['GO:0005515']
TF,TF:M00178_1,Factor: CREB; motif: NSTGACGTMANN; match class: 1,0.013291186532818704,True,Factor: CREB; motif: NSTGACGTMANN; match class: 1,1562,878,106,20044,0.12072892938496584,0.0678617157490397,query_1,['TF:M00178']
HPA,HPA:0500651,soft tissue 1; fibroblasts[≥Low],0.013310021069867006,True,soft tissue 1; fibroblasts[≥Low],4238,597,276,11019,0.4623115577889447,0.06512505899008966,query_1,['HPA:0500000']
GO:BP,GO:0031400,negative regulation of protein modification process,0.013668846271498126,True,"""Any process that stops, prevents, or reduces the frequency, rate or extent of the covalent alteration of one or more amino acid residues within a protein."" [GOC:mah, GOC:tb]",373,832,34,21017,0.040865384615384616,0.09115281501340483,query_1,"['GO:0031399', 'GO:0036211', 'GO:0051248']"
GO:BP,GO:0006996,organelle organization,0.013683769795244764,True,"""A process that is carried out at the cellular level which results in the assembly, arrangement of constituent parts, or disassembly of an organelle within a cell. An organelle is an organized structure of distinctive morphology and function. Includes the nucleus, mitochondria, plastids, vacuoles, vesicles, ribosomes and the cytoskeleton. Excludes the plasma membrane."" [GOC:mah]",3570,832,190,21017,0.2283653846153846,0.05322128851540616,query_1,['GO:0016043']
TF,TF:M01864_1,Factor: ATF-4; motif: KACGTCAKS; match class: 1,0.013684458083122394,True,Factor: ATF-4; motif: KACGTCAKS; match class: 1,1269,878,90,20044,0.10250569476082004,0.07092198581560284,query_1,['TF:M01864']
TF,TF:M00039,Factor: CREB; motif: TGACGTMA,0.014022292605193382,True,Factor: CREB; motif: TGACGTMA,5321,878,292,20044,0.3325740318906606,0.05487690283781244,query_1,['TF:M00000']
GO:BP,GO:0141124,intracellular signaling cassette,0.014269033861125281,True,"""An intracellular signaling module that is part of larger signaling pathways that can be initiated either intracellularly or by cell surface receptors. Intracellular signaling cassettes are discrete signaling units that are often shared by multiple signaling pathways."" [GOC:ha, GOC:pg]",1895,832,113,21017,0.13581730769230768,0.05963060686015831,query_1,['GO:0035556']
GO:BP,GO:0006091,generation of precursor metabolites and energy,0.014437515635756619,True,"""The chemical reactions and pathways resulting in the formation of precursor metabolites, substances from which energy is derived, and any process involved in the liberation of energy from these substances."" [GOC:jl]",509,832,42,21017,0.05048076923076923,0.0825147347740668,query_1,['GO:0008152']
TF,TF:M11880,Factor: pax-6; motif: NYACGCWTSANYGMNCN,0.01502719376619914,True,Factor: pax-6; motif: NYACGCWTSANYGMNCN,13348,878,645,20044,0.734624145785877,0.048321845969433626,query_1,['TF:M00000']
GO:BP,GO:0045893,positive regulation of DNA-templated transcription,0.015121249300800941,True,"""Any process that activates or increases the frequency, rate or extent of cellular DNA-templated transcription."" [GOC:go_curators, GOC:txnOH]",1710,832,104,21017,0.125,0.0608187134502924,query_1,"['GO:0006351', 'GO:0006355', 'GO:1902680']"
HP,HP:0004885,Episodic respiratory distress,0.015270558383242646,True,Episodic respiratory distress,17,253,7,5080,0.02766798418972332,0.4117647058823529,query_1,['HP:0002098']
TF,TF:M12722,Factor: ZXDL; motif: GSGSCNNGGGMRGCNCCGGGS,0.015371194855693755,True,Factor: ZXDL; motif: GSGSCNNGGGMRGCNCCGGGS,10881,878,541,20044,0.6161731207289294,0.0497196948809852,query_1,['TF:M00000']
HPA,HPA:0630222,cervix; squamous epithelial cells[≥Medium],0.01553242063189531,True,cervix; squamous epithelial cells[≥Medium],3730,597,247,11019,0.4137353433835846,0.06621983914209115,query_1,['HPA:0630221']
HPA,HPA:0460671,skin 1; melanocytes[≥Low],0.01563556794456869,True,skin 1; melanocytes[≥Low],5302,597,334,11019,0.559463986599665,0.06299509619011694,query_1,['HPA:0460000']
TF,TF:M08457,Factor: ER71:SREBP-2; motif: NTSACGTGACGGAARY,0.01570399633356472,True,Factor: ER71:SREBP-2; motif: NTSACGTGACGGAARY,12342,878,603,20044,0.6867881548974943,0.04885755955274672,query_1,['TF:M00000']
TF,TF:M00738,Factor: E2F-4:DP-1; motif: TTTSGCGC,0.01642233600284019,True,Factor: E2F-4:DP-1; motif: TTTSGCGC,10099,878,507,20044,0.5774487471526196,0.050202990395088624,query_1,['TF:M00000']
GO:CC,GO:0005774,vacuolar membrane,0.01643588712371694,True,"""The lipid bilayer surrounding the vacuole and separating its contents from the cytoplasm of the cell."" [GOC:ai]",489,862,38,22115,0.04408352668213457,0.07770961145194274,query_1,"['GO:0005773', 'GO:0098588']"
GO:MF,GO:0030554,adenyl nucleotide binding,0.016466013765433756,True,"""Binding to an adenyl nucleotide, an adenosine esterified with (ortho)phosphate."" [ISBN:0198506732]",1636,852,103,20196,0.12089201877934272,0.06295843520782396,query_1,['GO:0017076']
GO:BP,GO:0016052,carbohydrate catabolic process,0.016622592312210055,True,"""The chemical reactions and pathways resulting in the breakdown of carbohydrates, any of a group of organic compounds based of the general formula Cx(H2O)y."" [ISBN:0198506732]",163,832,20,21017,0.02403846153846154,0.12269938650306748,query_1,"['GO:0005975', 'GO:0009056']"
TF,TF:M00917_1,Factor: CREB; motif: CNNTGACGTMA; match class: 1,0.016647592522278726,True,Factor: CREB; motif: CNNTGACGTMA; match class: 1,1626,878,109,20044,0.12414578587699317,0.06703567035670356,query_1,['TF:M00917']
GO:BP,GO:0061620,glycolytic process through glucose-6-phosphate,0.016654244793582258,True,"""The chemical reactions and pathways resulting in the breakdown of a carbohydrate into pyruvate, occurring through a glucose-6-phosphate intermediate, with the concomitant production of a small amount of ATP."" [GOC:dph, ISBN:0201090910, ISBN:0879010479]",20,832,7,21017,0.008413461538461538,0.35,query_1,['GO:0061615']
TF,TF:M09765,Factor: SP1; motif: NRGKGGGCGGGGCN,0.016815179667707136,True,Factor: SP1; motif: NRGKGGGCGGGGCN,7705,878,401,20044,0.45671981776765375,0.05204412719013628,query_1,['TF:M00000']
TF,TF:M08313,Factor: GCMa:PEA3; motif: ATRCGGGCGGAAGTR,0.01693453057581158,True,Factor: GCMa:PEA3; motif: ATRCGGGCGGAAGTR,15691,878,739,20044,0.8416856492027335,0.04709706201006947,query_1,['TF:M00000']
TF,TF:M12666_1,Factor: SP1; motif: GGCCCCGCCCCCN; match class: 1,0.017144596258005115,True,Factor: SP1; motif: GGCCCCGCCCCCN; match class: 1,4530,878,254,20044,0.28929384965831434,0.05607064017660044,query_1,['TF:M12666']
GO:BP,GO:0002443,leukocyte mediated immunity,0.01727721523151934,True,"""Any process involved in the carrying out of an immune response by a leukocyte."" [GO_REF:0000022, GOC:add, ISBN:0781735149]",461,832,39,21017,0.046875,0.08459869848156182,query_1,['GO:0002252']
REAC,REAC:R-HSA-6790901,rRNA modification in the nucleus and cytosol,0.017522382990086224,True,rRNA modification in the nucleus and cytosol,59,553,12,10916,0.0216998191681736,0.2033898305084746,query_1,['REAC:R-HSA-8868773']
HP,HP:0012766,Widened cerebral subarachnoid space,0.017794353368867623,True,An increase in size of the anatomic space between the arachnoid membrane and pia mater in the region surrounding the cerebrum.,12,253,6,5080,0.023715415019762844,0.5,query_1,['HP:0012704']
GO:BP,GO:0072526,pyridine-containing compound catabolic process,0.017852847972501733,True,"""The chemical reactions and pathways resulting in the breakdown of a pyridine-containing compound, i.e. any compound that contains pyridine or a formal derivative thereof."" [GOC:mah]",99,832,15,21017,0.018028846153846152,0.15151515151515152,query_1,"['GO:0009056', 'GO:0072524']"
TF,TF:M01820_1,Factor: CREM; motif: TGACGTCASYN; match class: 1,0.018042856828342595,True,Factor: CREM; motif: TGACGTCASYN; match class: 1,1932,878,125,20044,0.14236902050113895,0.06469979296066253,query_1,['TF:M01820']
TF,TF:M07034,Factor: ATF-1; motif: NNNTGACGTNNN,0.01804316937366135,True,Factor: ATF-1; motif: NNNTGACGTNNN,4303,878,243,20044,0.2767653758542141,0.05647222867766674,query_1,['TF:M00000']
HPA,HPA:0600442,tonsil; non-germinal center cells[≥Medium],0.018119777867639422,True,tonsil; non-germinal center cells[≥Medium],4200,597,273,11019,0.457286432160804,0.065,query_1,['HPA:0600441']
TF,TF:M07226_1,Factor: SP1; motif: NCCCCKCCCCC; match class: 1,0.018510217590466508,True,Factor: SP1; motif: NCCCCKCCCCC; match class: 1,4055,878,231,20044,0.2630979498861048,0.05696670776818742,query_1,['TF:M07226']
GO:MF,GO:0071723,lipopeptide binding,0.018585661420601907,True,"""Binding to a lipopeptide, any of a group of organic compounds comprising two or more amino acids linked by peptide bonds and containing a nonprotein group consisting of a lipid or lipids."" [GOC:add, PMID:12077222, PMID:12524386, PMID:2757794]",10,852,5,20196,0.005868544600938967,0.5,query_1,"['GO:0008289', 'GO:0033218']"
TF,TF:M04934,Factor: TR4; motif: ACCCCGS,0.018616915840627062,True,Factor: TR4; motif: ACCCCGS,18430,878,840,20044,0.9567198177676538,0.04557786218122626,query_1,['TF:M00000']
TF,TF:M11226_1,Factor: ATF-6; motif: GRTGACGTCAYC; match class: 1,0.018675183106301202,True,Factor: ATF-6; motif: GRTGACGTCAYC; match class: 1,853,878,66,20044,0.07517084282460136,0.07737397420867527,query_1,['TF:M11226']
GO:MF,GO:0008092,cytoskeletal protein binding,0.018978935640724462,True,"""Binding to a protein component of a cytoskeleton (actin, microtubule, or intermediate filament cytoskeleton)."" [GOC:mah]",1008,852,70,20196,0.08215962441314555,0.06944444444444445,query_1,['GO:0005515']
TF,TF:M11254_1,Factor: AIBZIP; motif: GRTGAYGTCAYC; match class: 1,0.019037525912280116,True,Factor: AIBZIP; motif: GRTGAYGTCAYC; match class: 1,768,878,61,20044,0.06947608200455581,0.07942708333333333,query_1,['TF:M11254']
GO:BP,GO:0016310,phosphorylation,0.01917721069386019,True,"""The process of introducing a phosphate group into a molecule, usually with the formation of a phosphoric ester, a phosphoric anhydride or a phosphoric amide."" [ISBN:0198506732]",1575,832,97,21017,0.11658653846153846,0.061587301587301586,query_1,['GO:0006796']
TF,TF:M00008,Factor: Sp1; motif: GGGGCGGGGT,0.019273984958675598,True,Factor: Sp1; motif: GGGGCGGGGT,10364,878,518,20044,0.5899772209567198,0.049980702431493634,query_1,['TF:M00000']
GO:BP,GO:1902653,secondary alcohol biosynthetic process,0.019331730207354555,True,"""The chemical reactions and pathways resulting in the formation of secondary alcohol."" [GO_REF:0000068, GOC:mengo_curators, GOC:TermGenie, PMID:11288200]",55,832,11,21017,0.013221153846153846,0.2,query_1,"['GO:0046165', 'GO:1902652']"
GO:BP,GO:0006695,cholesterol biosynthetic process,0.019331730207354555,True,"""The chemical reactions and pathways resulting in the formation of cholesterol, cholest-5-en-3 beta-ol, the principal sterol of vertebrates and the precursor of many steroids, including bile acids and steroid hormones."" [GOC:ai]",55,832,11,21017,0.013221153846153846,0.2,query_1,"['GO:0008203', 'GO:0016126', 'GO:1902653']"
GO:BP,GO:0046649,lymphocyte activation,0.019527703492234743,True,"""A change in morphology and behavior of a lymphocyte resulting from exposure to a specific antigen, mitogen, cytokine, chemokine, cellular ligand, or soluble factor."" [GOC:mgi_curators, ISBN:0781735149]",787,832,57,21017,0.06850961538461539,0.0724269377382465,query_1,['GO:0045321']
GO:BP,GO:0055086,nucleobase-containing small molecule metabolic process,0.020206636828057796,True,"""The cellular chemical reactions and pathways involving a nucleobase-containing small molecule: a nucleobase, a nucleoside, or a nucleotide."" [GOC:vw]",677,832,51,21017,0.06129807692307692,0.07533234859675036,query_1,"['GO:0006139', 'GO:0044281']"
TF,TF:M11305_1,Factor: batf3; motif: NRTGACGTCAYN; match class: 1,0.020651367192674682,True,Factor: batf3; motif: NRTGACGTCAYN; match class: 1,770,878,61,20044,0.06947608200455581,0.07922077922077922,query_1,['TF:M11305']
TF,TF:M11305,Factor: batf3; motif: NRTGACGTCAYN,0.020651367192674682,True,Factor: batf3; motif: NRTGACGTCAYN,770,878,61,20044,0.06947608200455581,0.07922077922077922,query_1,['TF:M00000']
TF,TF:M00981_1,"Factor: CREB,; motif: NTGACGTNA; match class: 1",0.021234844648301467,True,"Factor: CREB,; motif: NTGACGTNA; match class: 1",2960,878,177,20044,0.20159453302961275,0.0597972972972973,query_1,['TF:M00981']
GO:BP,GO:0048519,negative regulation of biological process,0.021356049433239484,True,"""Any process that stops, prevents, or reduces the frequency, rate or extent of a biological process. Biological processes are regulated by many means; examples include the control of gene expression, protein modification or interaction with a protein or substrate molecule."" [GOC:jid]",5865,832,288,21017,0.34615384615384615,0.049104859335038366,query_1,"['GO:0008150', 'GO:0050789']"
HP,HP:0001716,Wolff-Parkinson-White syndrome,0.021430674760775367,True,A disorder of the cardiac conduction system of the heart characterized by ventricular preexcitation due to the presence of an abnormal accessory atrioventricular electrical conduction pathway.,24,253,8,5080,0.03162055335968379,0.3333333333333333,query_1,['HP:0004309']
TF,TF:M07246_1,Factor: ATF-4; motif: NNTKRCRTCANS; match class: 1,0.021510595505149468,True,Factor: ATF-4; motif: NNTKRCRTCANS; match class: 1,604,878,51,20044,0.05808656036446469,0.08443708609271523,query_1,['TF:M07246']
HP,HP:0000590,Progressive external ophthalmoplegia,0.021644384627679404,True,Initial bilateral ptosis followed by limitation of eye movements in all directions and slowing of saccades.,31,253,9,5080,0.03557312252964427,0.2903225806451613,query_1,['HP:0000544']
TF,TF:M00919,Factor: E2F; motif: NCSCGCSAAAN,0.021892684118406364,True,Factor: E2F; motif: NCSCGCSAAAN,6339,878,338,20044,0.38496583143507973,0.0533207130462218,query_1,['TF:M00000']
HPA,HPA:0470681,skin 2; epidermal cells[≥Low],0.02243799060460988,True,skin 2; epidermal cells[≥Low],5693,597,354,11019,0.592964824120603,0.06218162655893202,query_1,['HPA:0470000']
TF,TF:M04106,Factor: RUNX2; motif: NRACCGCAAACCGCAN,0.022460016688456798,True,Factor: RUNX2; motif: NRACCGCAAACCGCAN,14132,878,676,20044,0.7699316628701595,0.04783470138692329,query_1,['TF:M00000']
TF,TF:M12700_1,Factor: ZNF295; motif: RTGACGTCAN; match class: 1,0.022621667532304258,True,Factor: ZNF295; motif: RTGACGTCAN; match class: 1,858,878,66,20044,0.07517084282460136,0.07692307692307693,query_1,['TF:M12700']
HPA,HPA:0400052,rectum; glandular cells[≥Medium],0.022727763848488715,True,rectum; glandular cells[≥Medium],6107,597,376,11019,0.6298157453936348,0.061568691665302114,query_1,['HPA:0400051']
GO:MF,GO:0044877,protein-containing complex binding,0.02287244003368941,True,"""Binding to a macromolecular complex."" [GOC:jl]",1279,852,84,20196,0.09859154929577464,0.0656763096168882,query_1,['GO:0005488']
GO:BP,GO:0042274,ribosomal small subunit biogenesis,0.022919937728244064,True,"""A cellular process that results in the biosynthesis of constituent macromolecules, assembly, and arrangement of constituent parts of a small ribosomal subunit; includes transport to the sites of protein synthesis."" [GOC:jl]",101,832,15,21017,0.018028846153846152,0.1485148514851485,query_1,"['GO:0022613', 'GO:0042254']"
TF,TF:M03920_1,Factor: SP1; motif: RCCMCRCCCMC; match class: 1,0.023004040544435164,True,Factor: SP1; motif: RCCMCRCCCMC; match class: 1,3125,878,185,20044,0.21070615034168566,0.0592,query_1,['TF:M03920']
HPA,HPA:0290000,liver,0.023369551108189602,True,liver,6298,597,386,11019,0.6465661641541038,0.06128929818990156,query_1,['HPA:0000000']
TF,TF:M01861,Factor: ATF-1; motif: TNACGTCAN,0.023535245191991717,True,Factor: ATF-1; motif: TNACGTCAN,6409,878,341,20044,0.38838268792710706,0.05320642845997815,query_1,['TF:M00000']
GO:BP,GO:0012501,programmed cell death,0.023850748431467148,True,"""A process which begins when a cell receives an internal or external signal and activates a series of biochemical events (signaling pathway). The process ends with the death of the cell."" [GOC:lr, GOC:mtg_apoptosis]",1980,832,116,21017,0.13942307692307693,0.05858585858585859,query_1,['GO:0008219']
GO:BP,GO:0009144,purine nucleoside triphosphate metabolic process,0.024081831604597558,True,"""The chemical reactions and pathways involving purine nucleoside triphosphate, a compound consisting of a purine base linked to a ribose or deoxyribose sugar esterified with triphosphate on the sugar."" [GOC:go_curators, ISBN:0198506732]",255,832,26,21017,0.03125,0.10196078431372549,query_1,['GO:0009141']
GO:BP,GO:0051641,cellular localization,0.024214984389858193,True,"""A cellular localization process whereby a substance or cellular entity, such as a protein complex or organelle, is transported to, and/or maintained in, a specific location within a cell including the localization of substances or cellular entities to the cell membrane."" [GOC:tb, GOC:vw]",3625,832,191,21017,0.22956730769230768,0.052689655172413793,query_1,"['GO:0009987', 'GO:0051179']"
TF,TF:M11304_1,Factor: batf3; motif: NRTGAYGTCAYN; match class: 1,0.024277273706076928,True,Factor: batf3; motif: NRTGAYGTCAYN; match class: 1,757,878,60,20044,0.0683371298405467,0.07926023778071334,query_1,['TF:M11304']
GO:BP,GO:0006364,rRNA processing,0.02449775417522775,True,"""Any process involved in the conversion of a primary ribosomal RNA (rRNA) transcript into one or more mature rRNA molecules."" [GOC:curators]",225,832,24,21017,0.028846153846153848,0.10666666666666667,query_1,"['GO:0006396', 'GO:0016072', 'GO:0042254']"
HPA,HPA:0360052,parathyroid gland; glandular cells[≥Medium],0.02479277073024354,True,parathyroid gland; glandular cells[≥Medium],4414,597,284,11019,0.47571189279731996,0.06434073402809243,query_1,['HPA:0360051']
TF,TF:M09658_1,Factor: Sp2; motif: GGSNNGGGGGCGGGGCCNGNGS; match class: 1,0.02563512345444465,True,Factor: Sp2; motif: GGSNNGGGGGCGGGGCCNGNGS; match class: 1,2139,878,135,20044,0.15375854214123008,0.06311360448807854,query_1,['TF:M09658']
GO:BP,GO:0008219,cell death,0.026134284705458186,True,"""Any biological process that results in permanent cessation of all vital functions of a cell. A cell should be considered dead when any one of the following molecular or morphological criteria is met: (1) the cell has lost the integrity of its plasma membrane; (2) the cell, including its nucleus, has undergone complete fragmentation into discrete bodies (frequently referred to as apoptotic bodies). The cell corpse (or its fragments) may be engulfed by an adjacent cell in vivo, but engulfment of whole cells should not be considered a strict criteria to define cell death as, under some circumstances, live engulfed cells can be released from phagosomes (see PMID:18045538)."" [GOC:mah, GOC:mtg_apoptosis, PMID:25236395]",1984,832,116,21017,0.13942307692307693,0.05846774193548387,query_1,['GO:0009987']
HPA,HPA:0630221,cervix; squamous epithelial cells[≥Low],0.026457838125077914,True,cervix; squamous epithelial cells[≥Low],5460,597,341,11019,0.5711892797319933,0.062454212454212454,query_1,['HPA:0630000']
TF,TF:M10071_1,Factor: Sp1; motif: NGGGGGCGGGGCCNGGGGGGGG; match class: 1,0.026473149097667188,True,Factor: Sp1; motif: NGGGGGCGGGGCCNGGGGGGGG; match class: 1,4787,878,265,20044,0.30182232346241455,0.055358261959473576,query_1,['TF:M10071']
GO:CC,GO:0005765,lysosomal membrane,0.026639479570330898,True,"""The lipid bilayer surrounding the lysosome and separating its contents from the cell cytoplasm."" [GOC:ai]",446,862,35,22115,0.04060324825986079,0.07847533632286996,query_1,"['GO:0005764', 'GO:0098852']"
GO:CC,GO:0098852,lytic vacuole membrane,0.026639479570330898,True,"""The lipid bilayer surrounding a lytic vacuole and separating its contents from the cytoplasm of the cell."" [GOC:dos]",446,862,35,22115,0.04060324825986079,0.07847533632286996,query_1,"['GO:0000323', 'GO:0005774']"
GO:BP,GO:0015990,electron transport coupled proton transport,0.026841362179555656,True,"""The transport of protons against an electrochemical gradient, using energy from electron transport."" [GOC:mah]",5,832,4,21017,0.004807692307692308,0.8,query_1,['GO:0015988']
GO:BP,GO:0015988,"energy coupled proton transmembrane transport, against electrochemical gradient",0.026841362179555656,True,"""The transport of protons across a membrane and against an electrochemical gradient, using energy from a source such as ATP hydrolysis, light, or electron transport."" [GOC:mah]",5,832,4,21017,0.004807692307692308,0.8,query_1,['GO:1902600']
TF,TF:M01588_1,Factor: GKLF; motif: GCCMCRCCCNNN; match class: 1,0.02692875726363413,True,Factor: GKLF; motif: GCCMCRCCCNNN; match class: 1,4076,878,231,20044,0.2630979498861048,0.05667320902845927,query_1,['TF:M01588']
TF,TF:M03893,Factor: WT1; motif: GNGGGGGCGGGG,0.027511945708241056,True,Factor: WT1; motif: GNGGGGGCGGGG,8544,878,437,20044,0.4977220956719818,0.05114700374531835,query_1,['TF:M00000']
HPA,HPA:0420051,salivary gland; glandular cells[≥Low],0.02800479548585094,True,salivary gland; glandular cells[≥Low],6902,597,417,11019,0.6984924623115578,0.06041727035641843,query_1,['HPA:0420000']
HPA,HPA:0420000,salivary gland,0.02800479548585094,True,salivary gland,6902,597,417,11019,0.6984924623115578,0.06041727035641843,query_1,['HPA:0000000']
TF,TF:M11304,Factor: batf3; motif: NRTGAYGTCAYN,0.02834452386468982,True,Factor: batf3; motif: NRTGAYGTCAYN,795,878,62,20044,0.07061503416856492,0.0779874213836478,query_1,['TF:M00000']
GO:BP,GO:2001141,regulation of RNA biosynthetic process,0.02841513769243954,True,"""Any process that modulates the frequency, rate or extent of RNA biosynthetic process."" [GOC:dph]",3454,832,183,21017,0.21995192307692307,0.05298204979733642,query_1,"['GO:0010556', 'GO:0032774', 'GO:0051252']"
HPA,HPA:0600222,tonsil; squamous epithelial cells[≥Medium],0.02893360018398799,True,tonsil; squamous epithelial cells[≥Medium],4949,597,313,11019,0.52428810720268,0.0632451000202061,query_1,['HPA:0600221']
GO:BP,GO:0044283,small molecule biosynthetic process,0.0289473968825561,True,"""The chemical reactions and pathways resulting in the formation of small molecules, any low molecular weight, monomeric, non-encoded molecule."" [GOC:curators, GOC:pde, GOC:vw]",595,832,46,21017,0.055288461538461536,0.0773109243697479,query_1,"['GO:0009058', 'GO:0044281']"
TF,TF:M02279_1,Factor: CREB1; motif: TGACGTCA; match class: 1,0.029055634497314575,True,Factor: CREB1; motif: TGACGTCA; match class: 1,882,878,67,20044,0.07630979498861047,0.07596371882086168,query_1,['TF:M02279']
GO:CC,GO:0098588,bounding membrane of organelle,0.02911666762004886,True,"""The lipid bilayer that forms the outer-most layer of an organelle."" [GOC:dos]",2217,862,121,22115,0.14037122969837587,0.054578258908434825,query_1,['GO:0031090']
HP,HP:0012841,Retinal vascular tortuosity,0.029438693545572447,True,The presence of an increased number of twists and turns of the retinal blood vessels.,57,253,12,5080,0.04743083003952569,0.21052631578947367,query_1,['HP:0008046']
GO:BP,GO:0045321,leukocyte activation,0.02971051698460516,True,"""A change in morphology and behavior of a leukocyte resulting from exposure to a specific antigen, mitogen, cytokine, cellular ligand, or soluble factor."" [GOC:add]",951,832,65,21017,0.078125,0.0683491062039958,query_1,"['GO:0001775', 'GO:0002376']"
TF,TF:M11220,Factor: CREB1; motif: NNTGACGTCANN,0.029843060818221738,True,Factor: CREB1; motif: NNTGACGTCANN,1761,878,115,20044,0.13097949886104784,0.0653038046564452,query_1,['TF:M00000']
GO:BP,GO:0006355,regulation of DNA-templated transcription,0.030196402259670525,True,"""Any process that modulates the frequency, rate or extent of cellular DNA-templated transcription."" [GOC:go_curators, GOC:txnOH]",3435,832,182,21017,0.21875,0.05298398835516739,query_1,"['GO:0006351', 'GO:0010468', 'GO:2001141']"
TF,TF:M02064,Factor: c-ets-2; motif: ACCGGAWRTN,0.030226546175065788,True,Factor: c-ets-2; motif: ACCGGAWRTN,11163,878,551,20044,0.6275626423690205,0.04935949117620711,query_1,['TF:M00000']
TF,TF:M00931,Factor: Sp1; motif: GGGGCGGGGC,0.030286916560426428,True,Factor: Sp1; motif: GGGGCGGGGC,10605,878,527,20044,0.6002277904328018,0.049693540782649696,query_1,['TF:M00000']
TF,TF:M11404,Factor: Fli-1; motif: NACCGGAARTN,0.03057398456445038,True,Factor: Fli-1; motif: NACCGGAARTN,8935,878,454,20044,0.5170842824601367,0.05081141578063794,query_1,['TF:M00000']
GO:BP,GO:0051099,positive regulation of binding,0.030727170648114664,True,"""Any process that activates or increases the rate or extent of binding, the selective interaction of a molecule with one or more specific sites on another molecule."" [GOC:ai]",116,832,16,21017,0.019230769230769232,0.13793103448275862,query_1,"['GO:0044093', 'GO:0051098']"
HPA,HPA:0480052,small intestine; glandular cells[≥Medium],0.03077762445854899,True,small intestine; glandular cells[≥Medium],6067,597,373,11019,0.6247906197654941,0.061480138453931105,query_1,['HPA:0480051']
GO:BP,GO:0002253,activation of immune response,0.03103931676521857,True,"""Any process that initiates an immune response."" [GO_REF:0000022, GOC:add, ISBN:0781735149]",543,832,43,21017,0.051682692307692304,0.07918968692449356,query_1,"['GO:0002376', 'GO:0050778']"
TF,TF:M00017_1,Factor: ATF; motif: CNSTGACGTNNNYC; match class: 1,0.03130046986311918,True,Factor: ATF; motif: CNSTGACGTNNNYC; match class: 1,2284,878,142,20044,0.16173120728929385,0.06217162872154115,query_1,['TF:M00017']
HP,HP:0005157,Concentric hypertrophic cardiomyopathy,0.03167403032643942,True,Hypertrophic cardiomyopathy with an symmetrical and concentric pattern of hypertrophy.,13,253,6,5080,0.023715415019762844,0.46153846153846156,query_1,['HP:0001639']
HP,HP:0007067,Distal peripheral sensory neuropathy,0.03167403032643942,True,Peripheral sensory neuropathy affecting primarily distal sensation.,13,253,6,5080,0.023715415019762844,0.46153846153846156,query_1,['HP:0000763']
GO:CC,GO:1902494,catalytic complex,0.03205394468623282,True,"""A protein complex which is capable of catalytic activity."" [GOC:bhm, GOC:TermGenie, PMID:8077207]",1699,862,97,22115,0.11252900232018562,0.05709240729841083,query_1,['GO:0032991']
TF,TF:M00939,Factor: E2F; motif: TTTSGCGSG,0.03208231784973348,True,Factor: E2F; motif: TTTSGCGSG,6626,878,350,20044,0.39863325740318906,0.0528222155146393,query_1,['TF:M00000']
HPA,HPA:0270362,kidney; cells in tubules[≥Medium],0.03271959219361401,True,kidney; cells in tubules[≥Medium],5826,597,360,11019,0.6030150753768844,0.061791967044284246,query_1,['HPA:0270361']
HPA,HPA:0610832,urinary bladder; urothelial cells[≥Medium],0.03307893039909451,True,urinary bladder; urothelial cells[≥Medium],5958,597,367,11019,0.6147403685092128,0.06159785162806311,query_1,['HPA:0610831']
TF,TF:M13124,Factor: ZNF670; motif: SNGGGCRGRG,0.033987742241101175,True,Factor: ZNF670; motif: SNGGGCRGRG,13091,878,632,20044,0.7198177676537585,0.0482774425177603,query_1,['TF:M00000']
GO:BP,GO:0043412,macromolecule modification,0.03435659646294564,True,"""The covalent alteration of one or more monomeric units in a polypeptide, polynucleotide, polysaccharide, or other biological macromolecule, resulting in a change in its properties."" [GOC:go_curators]",3129,832,168,21017,0.20192307692307693,0.053691275167785234,query_1,['GO:0043170']
HPA,HPA:0020052,adrenal gland; glandular cells[≥Medium],0.035249258724910616,True,adrenal gland; glandular cells[≥Medium],6018,597,370,11019,0.6197654941373534,0.06148222000664673,query_1,['HPA:0020051']
TF,TF:M11223_1,Factor: CREB1; motif: NRTGACGTCANN; match class: 1,0.03574082808090388,True,Factor: CREB1; motif: NRTGACGTCANN; match class: 1,2825,878,169,20044,0.19248291571753987,0.059823008849557525,query_1,['TF:M11223']
TF,TF:M12155,Factor: Sp2; motif: NTWAGTCCCGCCCMCTT,0.035886129407841805,True,Factor: Sp2; motif: NTWAGTCCCGCCCMCTT,4721,878,261,20044,0.2972665148063781,0.05528489726752807,query_1,['TF:M00000']
GO:BP,GO:0080134,regulation of response to stress,0.036142903861920435,True,"""Any process that modulates the frequency, rate or extent of a response to stress. Response to stress is a change in state or activity of a cell or an organism (in terms of movement, secretion, enzyme production, gene expression, etc.) as a result of a disturbance in organismal or cellular homeostasis, usually, but not necessarily, exogenous (e.g. temperature, humidity, ionizing radiation)."" [GOC:dhl]",1354,832,85,21017,0.10216346153846154,0.06277695716395865,query_1,"['GO:0006950', 'GO:0048583']"
TF,TF:M02065_1,Factor: ER81; motif: RCCGGAARYN; match class: 1,0.03674134791414359,True,Factor: ER81; motif: RCCGGAARYN; match class: 1,7184,878,375,20044,0.4271070615034169,0.05219933184855234,query_1,['TF:M02065']
GO:BP,GO:0002263,cell activation involved in immune response,0.03770413798333309,True,"""A change in the morphology or behavior of a cell resulting from exposure to an activating factor such as a cellular or soluble ligand, leading to the initiation or perpetuation of an immune response."" [GO_REF:0000022, GOC:add, ISBN:0781735149]",309,832,29,21017,0.03485576923076923,0.09385113268608414,query_1,"['GO:0001775', 'GO:0002252', 'GO:0006955']"
GO:BP,GO:0002757,immune response-activating signaling pathway,0.03788106701275244,True,"""The series of molecular signals generated by a ligand binding to its receptor that lead to the activation or perpetuation of an immune response."" [GOC:add]",477,832,39,21017,0.046875,0.08176100628930817,query_1,"['GO:0002253', 'GO:0002764']"
TF,TF:M08930_1,Factor: JUND:FRA-1; motif: RTGACGTMAY; match class: 1,0.038371570379351655,True,Factor: JUND:FRA-1; motif: RTGACGTMAY; match class: 1,1638,878,108,20044,0.12300683371298406,0.06593406593406594,query_1,['TF:M08930']
TF,TF:M02065,Factor: ER81; motif: RCCGGAARYN,0.03856970794451533,True,Factor: ER81; motif: RCCGGAARYN,13076,878,631,20044,0.7186788154897494,0.04825634750688284,query_1,['TF:M00000']
TF,TF:M00114,Factor: Tax/CREB; motif: GGGGGTTGACGYANA,0.03903022053742563,True,Factor: Tax/CREB; motif: GGGGGTTGACGYANA,6705,878,353,20044,0.4020501138952164,0.05264727815063386,query_1,['TF:M00000']
TF,TF:M11225_1,Factor: CREM; motif: NNTGACGTCANN; match class: 1,0.039596601441340785,True,Factor: CREM; motif: NNTGACGTCANN; match class: 1,2531,878,154,20044,0.17539863325740318,0.060845515606479654,query_1,['TF:M11225']
GO:CC,GO:0005773,vacuole,0.03970711881321675,True,"""A closed structure, found only in eukaryotic cells, that is completely surrounded by unit membrane and contains liquid material. Cells contain one or several vacuoles, that may have different functions from each other. Vacuoles have a diverse array of functions. They can act as a storage organelle for nutrients or waste products, as a degradative compartment, as a cost-effective way of increasing cell size, and as a homeostatic regulator controlling both turgor pressure and pH of the cytosol."" [GOC:mtg_sensu, ISBN:0198506732]",856,862,56,22115,0.06496519721577726,0.06542056074766354,query_1,"['GO:0005737', 'GO:0043231']"
GO:CC,GO:0031410,cytoplasmic vesicle,0.039747968336186934,True,"""A vesicle found in the cytoplasm of a cell."" [GOC:ai, GOC:mah, GOC:vesicles]",2523,862,134,22115,0.1554524361948956,0.053111375346809354,query_1,"['GO:0005737', 'GO:0097708']"
HPA,HPA:0130052,colon; glandular cells[≥Medium],0.04039639079353525,True,colon; glandular cells[≥Medium],5988,597,368,11019,0.6164154103852596,0.0614562458249833,query_1,['HPA:0130051']
GO:BP,GO:0006915,apoptotic process,0.040817679789462186,True,"""A programmed cell death process which begins when a cell receives an internal (e.g. DNA damage) or external signal (e.g. an extracellular death ligand), and proceeds through a series of biochemical events (signaling pathway phase) which trigger an execution phase. The execution phase is the last step of an apoptotic process, and is typically characterized by rounding-up of the cell, retraction of pseudopodes, reduction of cellular volume (pyknosis), chromatin condensation, nuclear fragmentation (karyorrhexis), plasma membrane blebbing and fragmentation of the cell into apoptotic bodies. When the execution phase is completed, the cell has died."" [GOC:cjm, GOC:dhl, GOC:ecd, GOC:go_curators, GOC:mtg_apoptosis, GOC:tb, ISBN:0198506732, PMID:18846107, PMID:21494263]",1919,832,112,21017,0.1346153846153846,0.0583637311099531,query_1,['GO:0012501']
WP,WP:WP3963,Mevalonate pathway,0.041524439579683464,True,Mevalonate pathway,7,431,4,8722,0.009280742459396751,0.5714285714285714,query_1,['WP:000000']
TF,TF:M08226,Factor: Elk-1:Pax-9; motif: ACCGGAACYACGCWYSANTG,0.04216229069983085,True,Factor: Elk-1:Pax-9; motif: ACCGGAACYACGCWYSANTG,12294,878,598,20044,0.6810933940774487,0.04864161379534732,query_1,['TF:M00000']
TF,TF:M12227,Factor: ZIC4; motif: NNCCNCCCRYNGYGN,0.04294553577451508,True,Factor: ZIC4; motif: NNCCNCCCRYNGYGN,11376,878,559,20044,0.6366742596810934,0.049138537271448665,query_1,['TF:M00000']
GO:BP,GO:0009205,purine ribonucleoside triphosphate metabolic process,0.04299878928651687,True,"""The chemical reactions and pathways involving purine ribonucleoside triphosphate, a compound consisting of a purine base linked to a ribose sugar esterified with triphosphate on the sugar."" [GOC:go_curators, ISBN:0198506732]",248,832,25,21017,0.030048076923076924,0.10080645161290322,query_1,"['GO:0009144', 'GO:0009199']"
TF,TF:M01241,Factor: BEN; motif: CWGCGAYA,0.04324959230462902,True,Factor: BEN; motif: CWGCGAYA,7638,878,395,20044,0.4498861047835991,0.05171510866719036,query_1,['TF:M00000']
TF,TF:M00431,Factor: E2F-1; motif: TTTSGCGS,0.04338568957812709,True,Factor: E2F-1; motif: TTTSGCGS,7483,878,388,20044,0.4419134396355353,0.05185086195376186,query_1,['TF:M00000']
TF,TF:M07395,Factor: Sp1; motif: NGGGGCGGGGN,0.04402130012094514,True,Factor: Sp1; motif: NGGGGCGGGGN,10981,878,542,20044,0.6173120728929385,0.0493579819688553,query_1,['TF:M00000']
HPA,HPA:0150052,duodenum; glandular cells[≥Medium],0.04409762129647214,True,duodenum; glandular cells[≥Medium],6106,597,374,11019,0.626465661641541,0.06125122830003275,query_1,['HPA:0150051']
GO:CC,GO:0097708,intracellular vesicle,0.04416051733809827,True,"""Any vesicle that is part of the intracellular region."" [GOC:vesicles]",2529,862,134,22115,0.1554524361948956,0.05298536971134836,query_1,"['GO:0031982', 'GO:0043231']"
HPA,HPA:0350472,pancreas; exocrine glandular cells[≥Medium],0.044645848813272646,True,pancreas; exocrine glandular cells[≥Medium],5304,597,331,11019,0.5544388609715243,0.06240573152337858,query_1,['HPA:0350471']
KEGG,KEGG:01100,Metabolic pathways,0.04492309199871102,True,Metabolic pathways,1537,423,104,8484,0.2458628841607565,0.06766428106701367,query_1,['KEGG:00000']
TF,TF:M02036,Factor: WT1; motif: CGCCCCCNCN,0.0451925397759121,True,Factor: WT1; motif: CGCCCCCNCN,10058,878,502,20044,0.571753986332574,0.04991051898985882,query_1,['TF:M00000']
HPA,HPA:0060101,bronchus; respiratory epithelial cells[≥Low],0.04523305060841064,True,bronchus; respiratory epithelial cells[≥Low],5938,597,365,11019,0.6113902847571189,0.061468507915122934,query_1,['HPA:0060000']
TF,TF:M01820,Factor: CREM; motif: TGACGTCASYN,0.04573139520236536,True,Factor: CREM; motif: TGACGTCASYN,6432,878,340,20044,0.38724373576309795,0.05286069651741294,query_1,['TF:M00000']
TF,TF:M00426,Factor: E2F; motif: TTTSGCGS,0.04647584722815657,True,Factor: E2F; motif: TTTSGCGS,12230,878,595,20044,0.6776765375854215,0.04865085854456255,query_1,['TF:M00000']
TF,TF:M11298_1,Factor: jdp2; motif: NRTGACGTCAYN; match class: 1,0.046672662732667694,True,Factor: jdp2; motif: NRTGACGTCAYN; match class: 1,895,878,67,20044,0.07630979498861047,0.07486033519553073,query_1,['TF:M11298']
GO:CC,GO:0005764,lysosome,0.04745571546698101,True,"""A small lytic vacuole that has cell cycle-independent morphology found in most animal cells and that contains a variety of hydrolases, most of which have their maximal activities in the pH range 5-6. The contained enzymes display latency if properly isolated. About 40 different lysosomal hydrolases are known and lysosomes have a great variety of morphologies and functions."" [GOC:mah, ISBN:0198506732]",763,862,51,22115,0.05916473317865429,0.06684141546526867,query_1,['GO:0000323']
GO:CC,GO:0000323,lytic vacuole,0.04745571546698101,True,"""A vacuole that is maintained at an acidic pH and which contains degradative enzymes, including a wide variety of acid hydrolases."" [GOC:krc]",763,862,51,22115,0.05916473317865429,0.06684141546526867,query_1,['GO:0005773']
TF,TF:M10530_1,Factor: sp4; motif: NNNGCYCCGCCCCCY; match class: 1,0.04959098692549702,True,Factor: sp4; motif: NNNGCYCCGCCCCCY; match class: 1,3924,878,222,20044,0.2528473804100228,0.05657492354740061,query_1,['TF:M10530']
HPA,HPA:0160051,endometrium 1; glandular cells[≥Low],0.04985275377479507,True,endometrium 1; glandular cells[≥Low],6818,597,411,11019,0.6884422110552764,0.06028160750953359,query_1,['HPA:0160000']
GO:MF,GO:0106423,tubulin-tyrosine carboxypeptidase,0.049884457096373326,True,"""Catalysis of the reaction: C-terminal L-alpha-aminoacyl-L-glutamyl-L-glutamyl-L-tyrosyl-[tubulin] + H2O = C-terminal L-alpha-aminoacyl-L-glutamyl-L-glutamyl-[tubulin] + L-tyrosine."" [PMID:29146869, PMID:35482892, RHEA:57444]",3,852,3,20196,0.0035211267605633804,1.0,query_1,['GO:0004181']
