9606.ENSP00000033079	9606.ENSP00000429900	FAM13B	ASAP1	9606	0.403	0	0	0	0.085	0	0	0.375
9606.ENSP00000155093	9606.ENSP00000346986	ZFY	WAC	9606	0.418	0	0	0.252	0	0.046	0	0.25
9606.ENSP00000155093	9606.ENSP00000367203	ZFY	KDM6A	9606	0.457	0	0	0	0.087	0.117	0	0.381
9606.ENSP00000196489	9606.ENSP00000263253	ZNF416	EP300	9606	0.461	0	0	0	0	0.093	0	0.431
9606.ENSP00000196489	9606.ENSP00000379464	ZNF416	ZNF134	9606	0.483	0	0	0.073	0.466	0	0	0
9606.ENSP00000200453	9606.ENSP00000442060	PPP1R15A	MAFF	9606	0.418	0	0	0	0.419	0	0	0
9606.ENSP00000200453	9606.ENSP00000367203	PPP1R15A	KDM6A	9606	0.432	0	0	0	0.304	0	0	0.217
9606.ENSP00000200453	9606.ENSP00000434729	PPP1R15A	ATP6V0B	9606	0.45	0	0	0	0.371	0	0	0.161
9606.ENSP00000200453	9606.ENSP00000303315	PPP1R15A	JUNB	9606	0.461	0	0	0	0.448	0	0	0.064
9606.ENSP00000200453	9606.ENSP00000216797	PPP1R15A	NFKBIA	9606	0.488	0	0	0	0.256	0.159	0	0.248
9606.ENSP00000200453	9606.ENSP00000247178	PPP1R15A	ATG14	9606	0.488	0	0	0	0.044	0	0	0.487
9606.ENSP00000200453	9606.ENSP00000355574	PPP1R15A	COA6	9606	0.517	0	0	0	0	0.445	0	0.166
9606.ENSP00000200453	9606.ENSP00000356920	PPP1R15A	DUSP12	9606	0.58	0	0	0	0.043	0	0	0.58
9606.ENSP00000200453	9606.ENSP00000419449	PPP1R15A	EIF1	9606	0.64	0	0	0	0.211	0	0	0.563
9606.ENSP00000200453	9606.ENSP00000215631	PPP1R15A	GADD45B	9606	0.642	0	0	0	0.453	0	0	0.374
9606.ENSP00000200453	9606.ENSP00000360266	PPP1R15A	JUN	9606	0.68	0	0	0	0.492	0	0	0.397
9606.ENSP00000200453	9606.ENSP00000306245	PPP1R15A	FOS	9606	0.715	0	0	0	0.386	0	0	0.556
9606.ENSP00000200453	9606.ENSP00000239223	PPP1R15A	DUSP1	9606	0.746	0	0	0	0.435	0	0	0.569
9606.ENSP00000200453	9606.ENSP00000307786	PPP1R15A	CYCS	9606	0.785	0.095	0	0	0.081	0.417	0.35	0.425
9606.ENSP00000200453	9606.ENSP00000344352	PPP1R15A	ATF3	9606	0.896	0	0	0	0.495	0	0	0.803
9606.ENSP00000200453	9606.ENSP00000448665	PPP1R15A	DDIT3	9606	0.949	0	0	0	0.273	0.129	0	0.926
9606.ENSP00000202017	9606.ENSP00000483276	PDRG1	TMEM222	9606	0.41	0	0	0	0.067	0	0	0.393
9606.ENSP00000202017	9606.ENSP00000367203	PDRG1	KDM6A	9606	0.471	0	0	0	0	0	0	0.471
9606.ENSP00000202816	9606.ENSP00000368565	ESF1	DNAJC2	9606	0.416	0	0	0	0.416	0	0	0
9606.ENSP00000202816	9606.ENSP00000251636	ESF1	DHX29	9606	0.419	0	0	0	0.227	0.268	0	0.056
9606.ENSP00000202816	9606.ENSP00000417559	ESF1	NMD3	9606	0.422	0	0	0	0.413	0	0	0.055
9606.ENSP00000202816	9606.ENSP00000346120	ESF1	DDX21	9606	0.431	0	0	0	0.319	0.154	0	0.093
9606.ENSP00000202816	9606.ENSP00000315379	ESF1	PRPF3	9606	0.44	0	0	0	0.392	0	0	0.116
9606.ENSP00000202816	9606.ENSP00000318966	ESF1	PINX1	9606	0.44	0	0	0	0.404	0.099	0	0
9606.ENSP00000202816	9606.ENSP00000389182	ESF1	RPP30	9606	0.44	0	0	0	0.264	0	0	0.27
9606.ENSP00000202816	9606.ENSP00000496044	ESF1	POLR1C	9606	0.465	0	0	0	0.41	0	0	0.13
9606.ENSP00000202816	9606.ENSP00000369162	ESF1	RIOK1	9606	0.518	0	0	0	0.512	0.054	0	0
9606.ENSP00000202816	9606.ENSP00000355471	ESF1	TFB2M	9606	0.552	0	0	0	0.552	0	0	0
9606.ENSP00000202816	9606.ENSP00000203001	ESF1	TRMT6	9606	0.582	0	0	0	0.529	0	0	0.149
9606.ENSP00000202816	9606.ENSP00000341324	ESF1	SRFBP1	9606	0.626	0	0	0	0.429	0	0	0.373
9606.ENSP00000202816	9606.ENSP00000226796	ESF1	GAR1	9606	0.705	0	0	0	0.372	0.55	0	0
9606.ENSP00000202816	9606.ENSP00000296792	ESF1	UTP15	9606	0.721	0	0	0	0.535	0	0	0.424
9606.ENSP00000202816	9606.ENSP00000261637	ESF1	UTP20	9606	0.746	0	0	0	0.452	0	0	0.555
9606.ENSP00000202816	9606.ENSP00000368887	ESF1	PAK1IP1	9606	0.752	0	0	0	0.744	0	0	0.069
9606.ENSP00000202816	9606.ENSP00000483495	ESF1	DDX27	9606	0.818	0	0	0	0.771	0.154	0	0.136
9606.ENSP00000202816	9606.ENSP00000371858	ESF1	NOP2	9606	0.823	0	0	0	0.821	0	0	0.05
9606.ENSP00000202816	9606.ENSP00000253237	ESF1	GRWD1	9606	0.825	0	0	0	0.825	0	0	0
9606.ENSP00000202816	9606.ENSP00000419005	ESF1	UTP25	9606	0.826	0	0	0	0.538	0	0	0.639
9606.ENSP00000202816	9606.ENSP00000479504	ESF1	DDX52	9606	0.841	0	0	0	0.606	0.476	0	0.294
9606.ENSP00000202816	9606.ENSP00000265245	ESF1	LSG1	9606	0.852	0	0	0	0.837	0.091	0	0.08
9606.ENSP00000202816	9606.ENSP00000360412	ESF1	NOC3L	9606	0.861	0	0	0	0.852	0.099	0	0
9606.ENSP00000202816	9606.ENSP00000327179	ESF1	UTP4	9606	0.864	0	0	0	0.695	0.129	0	0.531
9606.ENSP00000202816	9606.ENSP00000356548	ESF1	LTV1	9606	0.871	0	0	0	0.859	0	0	0.12
9606.ENSP00000202816	9606.ENSP00000363746	ESF1	WDR46	9606	0.879	0	0	0	0.854	0	0	0.207
9606.ENSP00000202816	9606.ENSP00000384302	ESF1	WDR43	9606	0.88	0	0	0	0.842	0.072	0	0.249
9606.ENSP00000202816	9606.ENSP00000264279	ESF1	NOP58	9606	0.884	0	0	0	0.657	0.474	0	0.411
9606.ENSP00000202816	9606.ENSP00000377944	ESF1	UTP14A	9606	0.892	0	0	0	0.829	0.108	0	0.346
9606.ENSP00000202816	9606.ENSP00000446184	ESF1	RRP12	9606	0.892	0	0	0	0.833	0	0	0.377
9606.ENSP00000202816	9606.ENSP00000402338	ESF1	RPF2	9606	0.932	0	0	0	0.932	0	0	0
9606.ENSP00000202816	9606.ENSP00000314348	ESF1	DDX10	9606	0.996	0	0	0	0.845	0.958	0	0.532
9606.ENSP00000203001	9606.ENSP00000321810	TRMT6	TRIT1	9606	0.417	0	0	0	0.082	0	0	0.391
9606.ENSP00000203001	9606.ENSP00000318966	TRMT6	PINX1	9606	0.423	0	0	0	0.423	0	0	0
9606.ENSP00000203001	9606.ENSP00000346120	TRMT6	DDX21	9606	0.445	0	0	0	0.427	0.066	0	0.046
9606.ENSP00000203001	9606.ENSP00000296792	TRMT6	UTP15	9606	0.462	0	0	0	0.462	0	0	0
9606.ENSP00000203001	9606.ENSP00000417559	TRMT6	NMD3	9606	0.471	0	0	0	0.379	0.183	0	0
9606.ENSP00000203001	9606.ENSP00000377944	TRMT6	UTP14A	9606	0.486	0	0	0	0.364	0.224	0	0
9606.ENSP00000203001	9606.ENSP00000265245	TRMT6	LSG1	9606	0.493	0	0	0	0.48	0	0	0.066
9606.ENSP00000203001	9606.ENSP00000360412	TRMT6	NOC3L	9606	0.494	0	0	0	0.452	0	0	0.114
9606.ENSP00000203001	9606.ENSP00000263092	TRMT6	METTL16	9606	0.497	0	0	0	0.27	0	0	0.339
9606.ENSP00000203001	9606.ENSP00000264279	TRMT6	NOP58	9606	0.502	0	0	0	0.427	0	0	0.167
9606.ENSP00000203001	9606.ENSP00000363746	TRMT6	WDR46	9606	0.525	0	0	0	0.504	0	0	0.082
9606.ENSP00000203001	9606.ENSP00000327179	TRMT6	UTP4	9606	0.533	0	0	0	0.533	0	0	0
9606.ENSP00000203001	9606.ENSP00000253237	TRMT6	GRWD1	9606	0.537	0	0	0	0.537	0	0	0
9606.ENSP00000203001	9606.ENSP00000496044	TRMT6	POLR1C	9606	0.54	0	0	0	0.367	0	0	0.303
9606.ENSP00000203001	9606.ENSP00000384302	TRMT6	WDR43	9606	0.549	0	0	0	0.549	0	0	0
9606.ENSP00000203001	9606.ENSP00000463982	TRMT6	YTHDC1	9606	0.558	0	0	0	0.075	0	0	0.541
9606.ENSP00000203001	9606.ENSP00000311977	TRMT6	DUS3L	9606	0.607	0	0	0	0.313	0.203	0	0.34
9606.ENSP00000203001	9606.ENSP00000397673	TRMT6	ALKBH8	9606	0.633	0	0	0	0.117	0	0	0.602
9606.ENSP00000203001	9606.ENSP00000356548	TRMT6	LTV1	9606	0.691	0	0	0	0.691	0	0	0
9606.ENSP00000203001	9606.ENSP00000371858	TRMT6	NOP2	9606	0.702	0	0	0	0.375	0	0	0.543
9606.ENSP00000203001	9606.ENSP00000369162	TRMT6	RIOK1	9606	0.719	0	0	0	0.7	0	0	0.103
9606.ENSP00000203001	9606.ENSP00000314348	TRMT6	DDX10	9606	0.743	0	0	0	0.736	0.066	0	0
9606.ENSP00000203001	9606.ENSP00000479504	TRMT6	DDX52	9606	0.757	0	0	0	0.757	0	0	0
9606.ENSP00000203001	9606.ENSP00000402338	TRMT6	RPF2	9606	0.792	0	0	0	0.775	0	0	0.114
9606.ENSP00000203001	9606.ENSP00000216489	TRMT6	ALKBH1	9606	0.805	0	0	0	0.169	0	0	0.775
9606.ENSP00000206595	9606.ENSP00000499238	G2E3	NUSAP1	9606	0.449	0	0	0	0.243	0	0	0.302
9606.ENSP00000206595	9606.ENSP00000260731	G2E3	KIF11	9606	0.46	0	0	0	0.32	0.045	0	0.236
9606.ENSP00000206595	9606.ENSP00000328228	G2E3	CDCA2	9606	0.58	0	0	0	0.18	0	0	0.509
9606.ENSP00000206595	9606.ENSP00000247191	G2E3	DLGAP5	9606	0.6	0	0	0	0.285	0	0	0.464
9606.ENSP00000215631	9606.ENSP00000356920	GADD45B	DUSP12	9606	0.479	0	0	0	0	0	0	0.479
9606.ENSP00000215631	9606.ENSP00000350633	GADD45B	SERTAD1	9606	0.536	0	0	0	0.461	0	0	0.174
9606.ENSP00000215631	9606.ENSP00000306245	GADD45B	FOS	9606	0.627	0	0	0	0.267	0	0	0.511
9606.ENSP00000215631	9606.ENSP00000448665	GADD45B	DDIT3	9606	0.644	0	0	0	0.15	0	0	0.599
9606.ENSP00000215631	9606.ENSP00000216797	GADD45B	NFKBIA	9606	0.648	0	0	0	0.437	0	0	0.401
9606.ENSP00000215631	9606.ENSP00000239223	GADD45B	DUSP1	9606	0.669	0	0	0	0.42	0	0	0.453
9606.ENSP00000215631	9606.ENSP00000303315	GADD45B	JUNB	9606	0.702	0	0	0	0.645	0	0	0.194
9606.ENSP00000215631	9606.ENSP00000360266	GADD45B	JUN	9606	0.702	0	0	0	0.453	0	0	0.478
9606.ENSP00000215631	9606.ENSP00000344352	GADD45B	ATF3	9606	0.824	0	0	0	0.445	0	0	0.697
9606.ENSP00000216489	9606.ENSP00000362820	ALKBH1	SRSF3	9606	0.403	0	0	0	0.05	0	0	0.398
9606.ENSP00000216489	9606.ENSP00000321810	ALKBH1	TRIT1	9606	0.421	0	0	0	0.186	0	0	0.318
9606.ENSP00000216489	9606.ENSP00000379847	ALKBH1	ZNF143	9606	0.534	0	0	0	0.534	0	0	0
9606.ENSP00000216489	9606.ENSP00000371858	ALKBH1	NOP2	9606	0.612	0	0	0	0.092	0	0	0.59
9606.ENSP00000216489	9606.ENSP00000263092	ALKBH1	METTL16	9606	0.7	0	0	0	0.067	0	0	0.692
9606.ENSP00000216489	9606.ENSP00000358799	ALKBH1	RBM15	9606	0.713	0	0	0	0.067	0	0	0.705
9606.ENSP00000216489	9606.ENSP00000463982	ALKBH1	YTHDC1	9606	0.803	0	0	0	0	0	0	0.803
9606.ENSP00000216489	9606.ENSP00000397673	ALKBH1	ALKBH8	9606	0.953	0	0	0	0.109	0	0	0.949
9606.ENSP00000216554	9606.ENSP00000398882	EIF5	DOHH	9606	0.479	0	0	0	0.144	0	0	0.415
9606.ENSP00000216554	9606.ENSP00000436679	EIF5	NXF1	9606	0.494	0	0	0	0.149	0	0	0.43
9606.ENSP00000216554	9606.ENSP00000417559	EIF5	NMD3	9606	0.551	0.231	0	0	0.128	0	0	0.384
9606.ENSP00000216554	9606.ENSP00000356920	EIF5	DUSP12	9606	0.554	0	0	0	0.067	0.535	0	0.056
9606.ENSP00000216554	9606.ENSP00000416959	EIF5	TRA2B	9606	0.677	0	0	0	0.646	0.066	0	0.102
9606.ENSP00000216554	9606.ENSP00000251636	EIF5	DHX29	9606	0.705	0	0	0	0.118	0	0	0.679
9606.ENSP00000216554	9606.ENSP00000296577	EIF5	ABCE1	9606	0.986	0	0	0	0.228	0.859	0	0.881
9606.ENSP00000216554	9606.ENSP00000419449	EIF5	EIF1	9606	0.999	0	0	0	0.24	0.916	0	0.998
9606.ENSP00000216797	9606.ENSP00000216911	NFKBIA	AURKA	9606	0.413	0	0	0	0.063	0.292	0	0.187
9606.ENSP00000216797	9606.ENSP00000325018	NFKBIA	ZNF569	9606	0.419	0	0	0	0	0.091	0	0.388
9606.ENSP00000216797	9606.ENSP00000356920	NFKBIA	DUSP12	9606	0.421	0	0	0	0.054	0.068	0	0.397
9606.ENSP00000216797	9606.ENSP00000376297	NFKBIA	DYNLL1	9606	0.426	0	0	0	0	0.301	0	0.213
9606.ENSP00000216797	9606.ENSP00000356832	NFKBIA	SGK1	9606	0.431	0	0	0	0.131	0.071	0	0.351
9606.ENSP00000216797	9606.ENSP00000360869	NFKBIA	IFIT1	9606	0.442	0	0	0	0.09	0.106	0	0.369
9606.ENSP00000216797	9606.ENSP00000381601	NFKBIA	MX1	9606	0.452	0	0	0	0.137	0.065	0	0.375
9606.ENSP00000216797	9606.ENSP00000367203	NFKBIA	KDM6A	9606	0.482	0	0	0	0.066	0.107	0	0.428
9606.ENSP00000216797	9606.ENSP00000496832	NFKBIA	ISG15	9606	0.488	0	0	0	0.127	0.1	0	0.4
9606.ENSP00000216797	9606.ENSP00000264552	NFKBIA	UBE2S	9606	0.5	0	0	0	0.042	0.32	0	0.294
9606.ENSP00000216797	9606.ENSP00000303315	NFKBIA	JUNB	9606	0.522	0	0	0	0.279	0	0	0.364
9606.ENSP00000216797	9606.ENSP00000362179	NFKBIA	ZC3H12A	9606	0.53	0	0	0	0.267	0	0	0.385
9606.ENSP00000216797	9606.ENSP00000307786	NFKBIA	CYCS	9606	0.596	0	0	0	0	0.057	0	0.589
9606.ENSP00000216797	9606.ENSP00000239223	NFKBIA	DUSP1	9606	0.652	0	0	0	0.29	0.068	0	0.516
9606.ENSP00000216797	9606.ENSP00000344352	NFKBIA	ATF3	9606	0.676	0	0	0	0.154	0.065	0	0.623
9606.ENSP00000216797	9606.ENSP00000263253	NFKBIA	EP300	9606	0.734	0	0	0	0.044	0.51	0	0.478
9606.ENSP00000216797	9606.ENSP00000262367	NFKBIA	CREBBP	9606	0.741	0	0	0	0.06	0.292	0	0.643
9606.ENSP00000216797	9606.ENSP00000306245	NFKBIA	FOS	9606	0.808	0	0	0	0.156	0.053	0	0.779
9606.ENSP00000216797	9606.ENSP00000360266	NFKBIA	JUN	9606	0.908	0	0	0	0.235	0.292	0	0.844
9606.ENSP00000216797	9606.ENSP00000221452	NFKBIA	RELB	9606	0.995	0	0.001	0	0.181	0.861	0	0.963
9606.ENSP00000216797	9606.ENSP00000312988	NFKBIA	NFKBIB	9606	0.999	0	0	0.128	0.061	0.832	0.9	0.984
9606.ENSP00000216911	9606.ENSP00000360266	AURKA	JUN	9606	0.4	0	0	0	0	0.131	0	0.338
9606.ENSP00000216911	9606.ENSP00000344352	AURKA	ATF3	9606	0.425	0	0	0	0	0.112	0	0.379
9606.ENSP00000216911	9606.ENSP00000383178	AURKA	DIAPH3	9606	0.428	0	0	0	0.335	0	0	0.174
9606.ENSP00000216911	9606.ENSP00000355958	AURKA	DTL	9606	0.485	0	0	0	0.4	0	0	0.177
9606.ENSP00000216911	9606.ENSP00000306245	AURKA	FOS	9606	0.561	0	0	0	0	0.112	0	0.525
9606.ENSP00000216911	9606.ENSP00000349547	AURKA	RASSF1	9606	0.597	0	0	0	0	0.421	0	0.333
9606.ENSP00000216911	9606.ENSP00000438483	AURKA	KPNA2	9606	0.616	0	0	0	0.469	0	0	0.306
9606.ENSP00000216911	9606.ENSP00000281453	AURKA	CENPU	9606	0.619	0	0	0	0.297	0	0	0.48
9606.ENSP00000216911	9606.ENSP00000356381	AURKA	KATNA1	9606	0.636	0	0.001	0	0.091	0.292	0	0.48
9606.ENSP00000216911	9606.ENSP00000263253	AURKA	EP300	9606	0.652	0	0	0	0.103	0	0.5	0.286
9606.ENSP00000216911	9606.ENSP00000328228	AURKA	CDCA2	9606	0.682	0	0	0	0.571	0	0	0.29
9606.ENSP00000216911	9606.ENSP00000263181	AURKA	KIF18A	9606	0.683	0	0	0	0.474	0.094	0	0.387
9606.ENSP00000216911	9606.ENSP00000264552	AURKA	UBE2S	9606	0.704	0	0	0	0.229	0.053	0.5	0.284
9606.ENSP00000216911	9606.ENSP00000315644	AURKA	TYMS	9606	0.729	0	0	0	0.551	0	0	0.421
9606.ENSP00000216911	9606.ENSP00000300035	AURKA	PCLAF	9606	0.735	0	0	0	0.445	0	0	0.543
9606.ENSP00000216911	9606.ENSP00000407586	AURKA	HRAS	9606	0.744	0	0	0	0.044	0.06	0	0.738
9606.ENSP00000216911	9606.ENSP00000320147	AURKA	EZH2	9606	0.761	0	0	0	0.291	0.102	0	0.655
9606.ENSP00000216911	9606.ENSP00000363055	AURKA	ZWINT	9606	0.787	0	0	0	0.431	0	0	0.642
9606.ENSP00000216911	9606.ENSP00000499238	AURKA	NUSAP1	9606	0.843	0	0	0	0.705	0	0	0.488
9606.ENSP00000216911	9606.ENSP00000335357	AURKA	CDKN3	9606	0.87	0	0	0	0.793	0.135	0	0.334
9606.ENSP00000216911	9606.ENSP00000353770	AURKA	RRM2	9606	0.892	0	0	0	0.574	0	0	0.757
9606.ENSP00000216911	9606.ENSP00000411532	AURKA	TOP2A	9606	0.963	0	0	0	0.826	0.071	0	0.791
9606.ENSP00000216911	9606.ENSP00000247191	AURKA	DLGAP5	9606	0.966	0	0	0	0.843	0.226	0	0.746
9606.ENSP00000216911	9606.ENSP00000260731	AURKA	KIF11	9606	0.972	0	0	0	0.812	0.272	0	0.816
9606.ENSP00000216911	9606.ENSP00000301633	AURKA	BIRC5	9606	0.993	0	0	0	0.824	0.492	0.54	0.865
9606.ENSP00000216911	9606.ENSP00000300093	AURKA	PLK1	9606	0.997	0	0	0	0.902	0.69	0.5	0.84
9606.ENSP00000219069	9606.ENSP00000320658	ZNF263	YARS2	9606	0.415	0	0	0	0.103	0	0	0.374
9606.ENSP00000219069	9606.ENSP00000320147	ZNF263	EZH2	9606	0.43	0	0	0	0.067	0.331	0	0.16
9606.ENSP00000219069	9606.ENSP00000360266	ZNF263	JUN	9606	0.537	0	0	0	0.089	0.091	0	0.485
9606.ENSP00000220429	9606.ENSP00000278070	GABPB1	PPRC1	9606	0.598	0	0	0	0.074	0	0.5	0.202
9606.ENSP00000220429	9606.ENSP00000355471	GABPB1	TFB2M	9606	0.85	0	0	0	0.09	0	0.5	0.698
9606.ENSP00000220429	9606.ENSP00000328004	GABPB1	YAF2	9606	0.895	0	0	0	0.072	0.239	0	0.864
9606.ENSP00000221452	9606.ENSP00000344352	RELB	ATF3	9606	0.412	0	0	0	0.108	0.094	0	0.33
9606.ENSP00000221452	9606.ENSP00000358294	RELB	CD160	9606	0.459	0	0	0	0	0	0	0.46
9606.ENSP00000221452	9606.ENSP00000344504	RELB	H1-0	9606	0.463	0	0	0	0	0.045	0	0.461
9606.ENSP00000221452	9606.ENSP00000438483	RELB	KPNA2	9606	0.466	0	0	0	0	0.44	0	0.085
9606.ENSP00000221452	9606.ENSP00000381601	RELB	MX1	9606	0.471	0	0	0	0.163	0.097	0	0.356
9606.ENSP00000221452	9606.ENSP00000306245	RELB	FOS	9606	0.499	0	0	0	0.067	0.094	0	0.455
9606.ENSP00000221452	9606.ENSP00000303315	RELB	JUNB	9606	0.516	0	0	0	0.2	0.093	0	0.386
9606.ENSP00000221452	9606.ENSP00000360266	RELB	JUN	9606	0.581	0	0	0	0.069	0.093	0	0.543
9606.ENSP00000221452	9606.ENSP00000362179	RELB	ZC3H12A	9606	0.606	0	0	0	0.403	0	0	0.367
9606.ENSP00000221452	9606.ENSP00000263253	RELB	EP300	9606	0.654	0	0	0	0.05	0.103	0	0.627
9606.ENSP00000221452	9606.ENSP00000320147	RELB	EZH2	9606	0.801	0	0	0	0.055	0.314	0	0.718
9606.ENSP00000221452	9606.ENSP00000312988	RELB	NFKBIB	9606	0.993	0	0	0	0.132	0.497	0	0.986
9606.ENSP00000222812	9606.ENSP00000409667	STX1A	SYNJ1	9606	0.403	0	0	0	0.072	0	0	0.383
9606.ENSP00000222812	9606.ENSP00000329715	STX1A	DRG1	9606	0.439	0	0	0	0	0.439	0	0
9606.ENSP00000222812	9606.ENSP00000278193	STX1A	LIN7C	9606	0.521	0	0	0	0.055	0	0.5	0.068
9606.ENSP00000222812	9606.ENSP00000417175	STX1A	VAPB	9606	0.636	0	0	0	0	0.543	0	0.235
9606.ENSP00000222812	9606.ENSP00000466379	STX1A	GET3	9606	0.732	0	0	0	0	0	0.5	0.486
9606.ENSP00000226279	9606.ENSP00000280612	CD38	SLC7A11	9606	0.411	0	0	0	0	0	0	0.411
9606.ENSP00000226279	9606.ENSP00000351059	CD38	CX3CR1	9606	0.446	0	0	0	0.097	0	0	0.412
9606.ENSP00000226279	9606.ENSP00000254066	CD38	RARA	9606	0.452	0	0	0	0.053	0	0	0.446
9606.ENSP00000226279	9606.ENSP00000358294	CD38	CD160	9606	0.642	0	0	0	0.118	0	0	0.611
9606.ENSP00000226279	9606.ENSP00000292303	CD38	CCR5	9606	0.693	0	0	0	0.147	0	0	0.655
9606.ENSP00000226796	9606.ENSP00000364037	GAR1	TEX10	9606	0.404	0	0	0	0.204	0	0	0.282
9606.ENSP00000226796	9606.ENSP00000479504	GAR1	DDX52	9606	0.404	0	0	0	0.309	0.088	0	0.13
9606.ENSP00000226796	9606.ENSP00000296577	GAR1	ABCE1	9606	0.405	0	0	0	0.367	0.099	0	0
9606.ENSP00000226796	9606.ENSP00000377944	GAR1	UTP14A	9606	0.413	0	0	0	0.413	0	0	0
9606.ENSP00000226796	9606.ENSP00000263657	GAR1	PNO1	9606	0.424	0	0	0	0.424	0	0	0
9606.ENSP00000226796	9606.ENSP00000363746	GAR1	WDR46	9606	0.447	0	0	0	0.329	0.19	0	0.065
9606.ENSP00000226796	9606.ENSP00000296792	GAR1	UTP15	9606	0.491	0	0	0	0.24	0	0	0.357
9606.ENSP00000226796	9606.ENSP00000355471	GAR1	TFB2M	9606	0.495	0	0	0	0.343	0.163	0	0.156
9606.ENSP00000226796	9606.ENSP00000318966	GAR1	PINX1	9606	0.52	0	0	0	0.381	0.248	0	0.051
9606.ENSP00000226796	9606.ENSP00000417559	GAR1	NMD3	9606	0.539	0.042	0	0	0.411	0	0	0.249
9606.ENSP00000226796	9606.ENSP00000346120	GAR1	DDX21	9606	0.585	0	0	0	0.365	0.304	0	0.136
9606.ENSP00000226796	9606.ENSP00000369162	GAR1	RIOK1	9606	0.589	0	0	0	0.25	0.453	0	0.08
9606.ENSP00000226796	9606.ENSP00000253237	GAR1	GRWD1	9606	0.615	0	0	0	0.615	0	0	0
9606.ENSP00000226796	9606.ENSP00000496044	GAR1	POLR1C	9606	0.617	0	0	0	0.45	0.225	0	0.175
9606.ENSP00000226796	9606.ENSP00000402338	GAR1	RPF2	9606	0.624	0	0	0	0.596	0.095	0	0.054
9606.ENSP00000226796	9606.ENSP00000371858	GAR1	NOP2	9606	0.627	0	0	0	0.553	0.091	0	0.156
9606.ENSP00000226796	9606.ENSP00000300086	GAR1	TERF2IP	9606	0.644	0	0	0	0.049	0	0.5	0.312
9606.ENSP00000226796	9606.ENSP00000384302	GAR1	WDR43	9606	0.711	0	0	0	0.634	0.099	0	0.195
9606.ENSP00000226796	9606.ENSP00000483495	GAR1	DDX27	9606	0.748	0	0	0	0.688	0.142	0	0.135
9606.ENSP00000226796	9606.ENSP00000446184	GAR1	RRP12	9606	0.786	0	0	0	0.405	0.481	0	0.362
9606.ENSP00000226796	9606.ENSP00000389182	GAR1	RPP30	9606	0.79	0	0	0	0.158	0	0.72	0.182
9606.ENSP00000226796	9606.ENSP00000264279	GAR1	NOP58	9606	0.985	0.059	0	0	0.84	0.299	0.72	0.59
9606.ENSP00000227520	9606.ENSP00000346120	CCDC86	DDX21	9606	0.464	0	0	0	0.177	0.209	0	0.243
9606.ENSP00000227520	9606.ENSP00000253237	CCDC86	GRWD1	9606	0.514	0	0	0	0.514	0	0	0
9606.ENSP00000229330	9606.ENSP00000367203	HCFC2	KDM6A	9606	0.4	0	0	0	0.059	0.329	0	0.126
9606.ENSP00000229330	9606.ENSP00000364037	HCFC2	TEX10	9606	0.558	0	0	0	0	0	0.54	0.08
9606.ENSP00000230990	9606.ENSP00000344352	HBEGF	ATF3	9606	0.446	0	0	0	0.264	0	0	0.278
9606.ENSP00000230990	9606.ENSP00000351059	HBEGF	CX3CR1	9606	0.447	0	0	0	0	0	0	0.447
9606.ENSP00000230990	9606.ENSP00000360266	HBEGF	JUN	9606	0.549	0	0	0	0.257	0	0	0.419
9606.ENSP00000230990	9606.ENSP00000407586	HBEGF	HRAS	9606	0.596	0	0	0	0.059	0	0.5	0.21
9606.ENSP00000230990	9606.ENSP00000306245	HBEGF	FOS	9606	0.695	0	0	0	0.18	0	0.4	0.43
9606.ENSP00000231238	9606.ENSP00000417175	TTC1	VAPB	9606	0.469	0	0	0	0.049	0.456	0	0.057
9606.ENSP00000231238	9606.ENSP00000407586	TTC1	HRAS	9606	0.586	0	0	0	0	0.292	0	0.44
9606.ENSP00000233630	9606.ENSP00000264552	PCGF1	UBE2S	9606	0.583	0	0	0	0.077	0.071	0.54	0.069
9606.ENSP00000233630	9606.ENSP00000348489	PCGF1	FBRS	9606	0.654	0	0	0	0.054	0.315	0	0.509
9606.ENSP00000233630	9606.ENSP00000320147	PCGF1	EZH2	9606	0.985	0	0	0	0.055	0.289	0.9	0.805
9606.ENSP00000233630	9606.ENSP00000328004	PCGF1	YAF2	9606	0.999	0	0	0	0	0.833	0	0.994
9606.ENSP00000234091	9606.ENSP00000360266	ID2	JUN	9606	0.416	0	0	0	0.097	0	0	0.38
9606.ENSP00000234091	9606.ENSP00000486891	ID2	TCF7L2	9606	0.525	0	0	0	0.048	0	0	0.522
9606.ENSP00000234198	9606.ENSP00000360266	DLX2	JUN	9606	0.446	0	0	0	0.045	0	0	0.444
9606.ENSP00000234198	9606.ENSP00000492024	DLX2	PAX6	9606	0.808	0	0	0	0.049	0.071	0	0.8
9606.ENSP00000239223	9606.ENSP00000356920	DUSP1	DUSP12	9606	0.459	0	0	0	0.042	0	0	0.459
9606.ENSP00000239223	9606.ENSP00000356832	DUSP1	SGK1	9606	0.611	0	0	0	0.227	0.085	0	0.495
9606.ENSP00000239223	9606.ENSP00000303315	DUSP1	JUNB	9606	0.698	0	0	0	0.544	0.091	0	0.328
9606.ENSP00000239223	9606.ENSP00000344352	DUSP1	ATF3	9606	0.833	0	0	0	0.349	0.094	0	0.74
9606.ENSP00000239223	9606.ENSP00000360266	DUSP1	JUN	9606	0.911	0	0	0	0.482	0.103	0	0.824
9606.ENSP00000239223	9606.ENSP00000306245	DUSP1	FOS	9606	0.961	0	0	0	0.801	0.13	0	0.795
9606.ENSP00000242776	9606.ENSP00000348010	DDX39A	PRPF39	9606	0.413	0	0.016	0	0.123	0.125	0	0.297
9606.ENSP00000242776	9606.ENSP00000416959	DDX39A	TRA2B	9606	0.413	0	0	0	0.268	0.113	0	0.168
9606.ENSP00000242776	9606.ENSP00000463982	DDX39A	YTHDC1	9606	0.42	0	0	0	0.097	0	0	0.384
9606.ENSP00000242776	9606.ENSP00000290418	DDX39A	CCDC142	9606	0.431	0	0	0	0.065	0.328	0	0.166
9606.ENSP00000242776	9606.ENSP00000360412	DDX39A	NOC3L	9606	0.432	0	0	0	0.163	0.294	0	0.116
9606.ENSP00000242776	9606.ENSP00000244020	DDX39A	SRSF6	9606	0.455	0.042	0	0	0.274	0.11	0	0.224
9606.ENSP00000242776	9606.ENSP00000346120	DDX39A	DDX21	9606	0.482	0	0	0.151	0.139	0	0	0.348
9606.ENSP00000242776	9606.ENSP00000371858	DDX39A	NOP2	9606	0.506	0	0	0	0.422	0.147	0	0.078
9606.ENSP00000242776	9606.ENSP00000362820	DDX39A	SRSF3	9606	0.529	0	0	0	0.304	0	0	0.351
9606.ENSP00000242776	9606.ENSP00000258962	DDX39A	SRSF1	9606	0.543	0.042	0	0	0.273	0.094	0	0.361
9606.ENSP00000242776	9606.ENSP00000310596	DDX39A	LSM1	9606	0.553	0	0	0	0.078	0.272	0	0.387
9606.ENSP00000242776	9606.ENSP00000264279	DDX39A	NOP58	9606	0.563	0.057	0	0	0.284	0.313	0	0.169
9606.ENSP00000242776	9606.ENSP00000480421	DDX39A	SRRT	9606	0.619	0	0	0	0.467	0	0	0.315
9606.ENSP00000242776	9606.ENSP00000298281	DDX39A	PCF11	9606	0.75	0	0	0	0.083	0.094	0.5	0.469
9606.ENSP00000242776	9606.ENSP00000436679	DDX39A	NXF1	9606	0.828	0	0	0	0.209	0.114	0.4	0.639
9606.ENSP00000242776	9606.ENSP00000357679	DDX39A	CHTOP	9606	0.911	0	0	0	0.185	0.42	0.5	0.67
9606.ENSP00000244020	9606.ENSP00000458954	SRSF6	NUP88	9606	0.421	0	0	0	0.075	0	0.4	0
9606.ENSP00000244020	9606.ENSP00000295926	SRSF6	CCNL1	9606	0.429	0	0	0	0.106	0.292	0	0.17
9606.ENSP00000244020	9606.ENSP00000346986	SRSF6	WAC	9606	0.444	0	0	0	0.067	0.243	0	0.276
9606.ENSP00000244020	9606.ENSP00000346120	SRSF6	DDX21	9606	0.445	0.042	0	0	0.177	0.267	0	0.151
9606.ENSP00000244020	9606.ENSP00000359216	SRSF6	PTBP2	9606	0.448	0	0	0	0.072	0.045	0	0.428
9606.ENSP00000244020	9606.ENSP00000435210	SRSF6	BCLAF1	9606	0.451	0	0	0	0.255	0.118	0	0.232
9606.ENSP00000244020	9606.ENSP00000438483	SRSF6	KPNA2	9606	0.485	0	0	0	0.074	0.093	0	0.435
9606.ENSP00000244020	9606.ENSP00000357679	SRSF6	CHTOP	9606	0.544	0	0	0	0.246	0	0	0.42
9606.ENSP00000244020	9606.ENSP00000348010	SRSF6	PRPF39	9606	0.546	0	0	0	0.133	0.29	0	0.321
9606.ENSP00000244020	9606.ENSP00000480421	SRSF6	SRRT	9606	0.566	0	0	0	0.472	0.074	0	0.183
9606.ENSP00000244020	9606.ENSP00000316948	SRSF6	CLK4	9606	0.583	0	0	0	0.081	0.173	0	0.494
9606.ENSP00000244020	9606.ENSP00000394734	SRSF6	CLK1	9606	0.612	0	0	0	0.092	0.179	0	0.52
9606.ENSP00000244020	9606.ENSP00000349748	SRSF6	SFPQ	9606	0.694	0	0	0	0.532	0.053	0	0.365
9606.ENSP00000244020	9606.ENSP00000298281	SRSF6	PCF11	9606	0.74	0	0	0	0.103	0.3	0.5	0.27
9606.ENSP00000244020	9606.ENSP00000436679	SRSF6	NXF1	9606	0.859	0	0	0	0.186	0.264	0.65	0.407
9606.ENSP00000244020	9606.ENSP00000297071	SRSF6	TRA2A	9606	0.937	0	0	0.158	0.368	0.756	0	0.571
9606.ENSP00000244020	9606.ENSP00000258962	SRSF6	SRSF1	9606	0.987	0	0	0.068	0.493	0.78	0.8	0.47
9606.ENSP00000244020	9606.ENSP00000416959	SRSF6	TRA2B	9606	0.987	0	0	0.288	0.445	0.847	0.4	0.706
9606.ENSP00000244020	9606.ENSP00000362820	SRSF6	SRSF3	9606	0.991	0	0	0	0.692	0.71	0.8	0.599
9606.ENSP00000246672	9606.ENSP00000379841	NR1D1	GPS2	9606	0.458	0	0	0	0.048	0.409	0	0.115
9606.ENSP00000246672	9606.ENSP00000263253	NR1D1	EP300	9606	0.766	0	0	0	0.052	0.071	0.5	0.533
9606.ENSP00000246672	9606.ENSP00000254657	NR1D1	PER2	9606	0.998	0	0	0	0.109	0.154	0	0.998
9606.ENSP00000246868	9606.ENSP00000356548	SBDS	LTV1	9606	0.422	0	0	0	0.126	0	0	0.365
9606.ENSP00000246868	9606.ENSP00000368887	SBDS	PAK1IP1	9606	0.428	0	0	0	0.26	0	0	0.258
9606.ENSP00000246868	9606.ENSP00000270538	SBDS	TIMM44	9606	0.428	0	0	0	0.049	0.424	0	0
9606.ENSP00000246868	9606.ENSP00000327179	SBDS	UTP4	9606	0.467	0	0	0	0.126	0	0	0.415
9606.ENSP00000246868	9606.ENSP00000402338	SBDS	RPF2	9606	0.489	0	0	0	0.28	0	0	0.318
9606.ENSP00000246868	9606.ENSP00000255631	SBDS	HSPBP1	9606	0.495	0	0	0	0.111	0.403	0	0.125
9606.ENSP00000246868	9606.ENSP00000466090	SBDS	ELANE	9606	0.619	0	0	0	0	0	0	0.619
9606.ENSP00000246868	9606.ENSP00000315017	SBDS	MRPL1	9606	0.62	0	0	0	0.594	0	0	0.102
9606.ENSP00000246868	9606.ENSP00000265245	SBDS	LSG1	9606	0.645	0	0	0	0.124	0.053	0	0.606
9606.ENSP00000246868	9606.ENSP00000417559	SBDS	NMD3	9606	0.698	0	0	0	0.198	0.072	0	0.627
9606.ENSP00000247001	9606.ENSP00000413098	SUGP1	SCAF8	9606	0.43	0	0	0	0.43	0	0	0
9606.ENSP00000247001	9606.ENSP00000419270	SUGP1	PRKRIP1	9606	0.476	0	0	0	0.463	0	0	0.065
9606.ENSP00000247001	9606.ENSP00000270538	SUGP1	TIMM44	9606	0.512	0	0	0	0.179	0.43	0	0
9606.ENSP00000247001	9606.ENSP00000315379	SUGP1	PRPF3	9606	0.596	0	0	0	0.122	0	0.5	0.154
9606.ENSP00000247001	9606.ENSP00000258962	SUGP1	SRSF1	9606	0.82	0	0	0	0.062	0	0	0.816
9606.ENSP00000247001	9606.ENSP00000480421	SUGP1	SRRT	9606	0.82	0	0	0	0.138	0	0.8	0
9606.ENSP00000247178	9606.ENSP00000286760	ATG14	WHAMM	9606	0.435	0	0	0	0.279	0	0	0.249
9606.ENSP00000247178	9606.ENSP00000376297	ATG14	DYNLL1	9606	0.519	0	0	0	0	0	0.5	0.079
9606.ENSP00000247178	9606.ENSP00000273047	ATG14	RAB5A	9606	0.712	0	0	0	0.049	0	0	0.709
9606.ENSP00000247178	9606.ENSP00000411256	ATG14	GABARAPL1	9606	0.993	0	0	0	0.085	0.602	0.9	0.831
9606.ENSP00000247191	9606.ENSP00000320147	DLGAP5	EZH2	9606	0.455	0	0	0	0.361	0	0	0.181
9606.ENSP00000247191	9606.ENSP00000383178	DLGAP5	DIAPH3	9606	0.543	0	0	0	0.518	0.056	0	0.076
9606.ENSP00000247191	9606.ENSP00000315644	DLGAP5	TYMS	9606	0.672	0	0	0	0.559	0	0	0.287
9606.ENSP00000247191	9606.ENSP00000438483	DLGAP5	KPNA2	9606	0.705	0	0	0	0.592	0	0	0.306
9606.ENSP00000247191	9606.ENSP00000281453	DLGAP5	CENPU	9606	0.734	0	0	0	0.438	0	0	0.546
9606.ENSP00000247191	9606.ENSP00000355958	DLGAP5	DTL	9606	0.756	0	0	0	0.706	0	0	0.204
9606.ENSP00000247191	9606.ENSP00000300093	DLGAP5	PLK1	9606	0.807	0	0	0	0.646	0	0	0.479
9606.ENSP00000247191	9606.ENSP00000300035	DLGAP5	PCLAF	9606	0.881	0	0	0	0.769	0	0	0.505
9606.ENSP00000247191	9606.ENSP00000328228	DLGAP5	CDCA2	9606	0.898	0	0	0	0.817	0	0	0.465
9606.ENSP00000247191	9606.ENSP00000363055	DLGAP5	ZWINT	9606	0.92	0	0	0	0.787	0	0	0.643
9606.ENSP00000247191	9606.ENSP00000263181	DLGAP5	KIF18A	9606	0.945	0	0	0	0.816	0	0	0.714
9606.ENSP00000247191	9606.ENSP00000353770	DLGAP5	RRM2	9606	0.95	0	0	0	0.848	0	0	0.683
9606.ENSP00000247191	9606.ENSP00000335357	DLGAP5	CDKN3	9606	0.962	0	0	0	0.958	0.045	0	0.122
9606.ENSP00000247191	9606.ENSP00000499238	DLGAP5	NUSAP1	9606	0.965	0	0	0	0.865	0	0	0.752
9606.ENSP00000247191	9606.ENSP00000301633	DLGAP5	BIRC5	9606	0.967	0	0	0	0.907	0	0	0.661
9606.ENSP00000247191	9606.ENSP00000411532	DLGAP5	TOP2A	9606	0.978	0	0	0	0.916	0	0	0.754
9606.ENSP00000247191	9606.ENSP00000260731	DLGAP5	KIF11	9606	0.997	0	0	0	0.966	0	0	0.922
9606.ENSP00000251636	9606.ENSP00000478070	DHX29	CWC25	9606	0.409	0	0	0	0.062	0.289	0	0.185
9606.ENSP00000251636	9606.ENSP00000327179	DHX29	UTP4	9606	0.417	0	0	0	0.208	0.27	0	0.073
9606.ENSP00000251636	9606.ENSP00000387006	DHX29	CWC22	9606	0.425	0	0	0	0.185	0.277	0	0.102
9606.ENSP00000251636	9606.ENSP00000314348	DHX29	DDX10	9606	0.434	0	0	0	0.122	0.122	0	0.324
9606.ENSP00000251636	9606.ENSP00000377944	DHX29	UTP14A	9606	0.459	0	0	0	0.245	0.273	0	0.093
9606.ENSP00000251636	9606.ENSP00000496832	DHX29	ISG15	9606	0.564	0	0	0	0.052	0.063	0.54	0.059
9606.ENSP00000251636	9606.ENSP00000296577	DHX29	ABCE1	9606	0.575	0	0	0	0.192	0.124	0	0.448
9606.ENSP00000251636	9606.ENSP00000315379	DHX29	PRPF3	9606	0.577	0	0	0	0.153	0.126	0	0.475
9606.ENSP00000251636	9606.ENSP00000346120	DHX29	DDX21	9606	0.582	0	0	0	0.093	0.122	0	0.517
9606.ENSP00000251636	9606.ENSP00000419449	DHX29	EIF1	9606	0.967	0	0	0	0.077	0.045	0.54	0.929
9606.ENSP00000253048	9606.ENSP00000311977	ZC3H4	DUS3L	9606	0.414	0	0	0	0.094	0	0	0.379
9606.ENSP00000253048	9606.ENSP00000358799	ZC3H4	RBM15	9606	0.511	0	0	0	0.082	0	0	0.489
9606.ENSP00000253048	9606.ENSP00000298281	ZC3H4	PCF11	9606	0.605	0	0	0	0.163	0.406	0	0.27
9606.ENSP00000253079	9606.ENSP00000417559	CCDC62	NMD3	9606	0.452	0	0	0	0.087	0	0	0.425
9606.ENSP00000253237	9606.ENSP00000278070	GRWD1	PPRC1	9606	0.41	0	0	0	0.404	0	0	0.051
9606.ENSP00000253237	9606.ENSP00000369162	GRWD1	RIOK1	9606	0.425	0	0	0	0.298	0.054	0	0.203
9606.ENSP00000253237	9606.ENSP00000318966	GRWD1	PINX1	9606	0.437	0	0	0	0.437	0	0	0
9606.ENSP00000253237	9606.ENSP00000311977	GRWD1	DUS3L	9606	0.447	0	0	0	0.447	0	0	0
9606.ENSP00000253237	9606.ENSP00000368565	GRWD1	DNAJC2	9606	0.478	0	0	0	0.201	0.314	0	0.124
9606.ENSP00000253237	9606.ENSP00000261637	GRWD1	UTP20	9606	0.593	0	0	0	0.415	0	0	0.332
9606.ENSP00000253237	9606.ENSP00000479504	GRWD1	DDX52	9606	0.599	0	0	0	0.594	0	0	0.053
9606.ENSP00000253237	9606.ENSP00000419005	GRWD1	UTP25	9606	0.602	0	0	0	0.602	0	0	0
9606.ENSP00000253237	9606.ENSP00000263657	GRWD1	PNO1	9606	0.604	0	0	0	0.509	0	0	0.226
9606.ENSP00000253237	9606.ENSP00000355471	GRWD1	TFB2M	9606	0.606	0	0	0	0.606	0	0	0
9606.ENSP00000253237	9606.ENSP00000346120	GRWD1	DDX21	9606	0.615	0	0	0	0.394	0.292	0	0.174
9606.ENSP00000253237	9606.ENSP00000329715	GRWD1	DRG1	9606	0.627	0	0	0	0.627	0	0	0
9606.ENSP00000253237	9606.ENSP00000314348	GRWD1	DDX10	9606	0.641	0	0	0	0.617	0	0	0.101
9606.ENSP00000253237	9606.ENSP00000265245	GRWD1	LSG1	9606	0.72	0	0	0	0.617	0.092	0	0.259
9606.ENSP00000253237	9606.ENSP00000377944	GRWD1	UTP14A	9606	0.721	0	0	0	0.673	0	0	0.18
9606.ENSP00000253237	9606.ENSP00000296792	GRWD1	UTP15	9606	0.726	0	0	0	0.692	0	0	0.144
9606.ENSP00000253237	9606.ENSP00000398882	GRWD1	DOHH	9606	0.736	0	0	0	0.736	0	0	0
9606.ENSP00000253237	9606.ENSP00000496044	GRWD1	POLR1C	9606	0.788	0	0	0	0.776	0.091	0	0
9606.ENSP00000253237	9606.ENSP00000356548	GRWD1	LTV1	9606	0.805	0	0	0	0.697	0	0	0.382
9606.ENSP00000253237	9606.ENSP00000368887	GRWD1	PAK1IP1	9606	0.832	0	0	0	0.748	0	0	0.36
9606.ENSP00000253237	9606.ENSP00000360412	GRWD1	NOC3L	9606	0.838	0	0	0	0.834	0	0	0.065
9606.ENSP00000253237	9606.ENSP00000483495	GRWD1	DDX27	9606	0.856	0	0	0	0.799	0.292	0	0.069
9606.ENSP00000253237	9606.ENSP00000384302	GRWD1	WDR43	9606	0.858	0	0	0	0.838	0	0	0.157
9606.ENSP00000253237	9606.ENSP00000417559	GRWD1	NMD3	9606	0.885	0	0	0	0.831	0	0	0.345
9606.ENSP00000253237	9606.ENSP00000371858	GRWD1	NOP2	9606	0.896	0	0	0	0.843	0.292	0	0.144
9606.ENSP00000253237	9606.ENSP00000264279	GRWD1	NOP58	9606	0.907	0	0	0	0.885	0	0	0.222
9606.ENSP00000253237	9606.ENSP00000327179	GRWD1	UTP4	9606	0.917	0	0	0	0.917	0	0	0
9606.ENSP00000253237	9606.ENSP00000446184	GRWD1	RRP12	9606	0.919	0	0	0	0.888	0	0	0.31
9606.ENSP00000253237	9606.ENSP00000363746	GRWD1	WDR46	9606	0.92	0	0	0	0.92	0	0	0
9606.ENSP00000253237	9606.ENSP00000402338	GRWD1	RPF2	9606	0.949	0	0	0	0.917	0	0	0.407
9606.ENSP00000253799	9606.ENSP00000312326	AOC2	AOC3	9606	0.944	0	0	0.056	0.149	0.367	0.9	0.069
9606.ENSP00000254066	9606.ENSP00000325326	RARA	ZNF335	9606	0.418	0	0	0	0.067	0.067	0	0.386
9606.ENSP00000254066	9606.ENSP00000379841	RARA	GPS2	9606	0.425	0	0	0	0.047	0.119	0	0.37
9606.ENSP00000254066	9606.ENSP00000368565	RARA	DNAJC2	9606	0.438	0	0	0	0	0	0	0.438
9606.ENSP00000254066	9606.ENSP00000466090	RARA	ELANE	9606	0.442	0	0	0	0.042	0	0	0.442
9606.ENSP00000254066	9606.ENSP00000415243	RARA	SKIL	9606	0.461	0	0	0	0.042	0.043	0	0.46
9606.ENSP00000254066	9606.ENSP00000486891	RARA	TCF7L2	9606	0.464	0	0	0	0.054	0.091	0	0.427
9606.ENSP00000254066	9606.ENSP00000254657	RARA	PER2	9606	0.497	0	0	0	0.072	0.091	0	0.452
9606.ENSP00000254066	9606.ENSP00000289316	RARA	H2BC5	9606	0.526	0	0	0	0	0.049	0.5	0.085
9606.ENSP00000254066	9606.ENSP00000476136	RARA	H2BC11	9606	0.53	0	0	0	0	0.049	0.5	0.091
9606.ENSP00000254066	9606.ENSP00000419060	RARA	BRAF	9606	0.588	0	0	0	0.079	0.071	0	0.557
9606.ENSP00000254066	9606.ENSP00000358151	RARA	H2BC21	9606	0.596	0	0	0	0	0.049	0.5	0.22
9606.ENSP00000254066	9606.ENSP00000367022	RARA	H2AC6	9606	0.63	0	0	0	0	0.292	0.5	0
9606.ENSP00000254066	9606.ENSP00000367203	RARA	KDM6A	9606	0.66	0	0	0	0.052	0.127	0.5	0.275
9606.ENSP00000254066	9606.ENSP00000360266	RARA	JUN	9606	0.759	0	0	0	0.062	0.057	0	0.75
9606.ENSP00000254066	9606.ENSP00000320147	RARA	EZH2	9606	0.866	0	0	0	0.048	0.311	0.5	0.641
9606.ENSP00000254066	9606.ENSP00000306245	RARA	FOS	9606	0.868	0	0	0	0.049	0.31	0	0.814
9606.ENSP00000254066	9606.ENSP00000263253	RARA	EP300	9606	0.883	0	0	0	0.049	0.533	0	0.757
9606.ENSP00000254066	9606.ENSP00000262367	RARA	CREBBP	9606	0.889	0	0	0	0.075	0.533	0	0.763
9606.ENSP00000254250	9606.ENSP00000356381	THAP1	KATNA1	9606	0.498	0	0	0	0.488	0.057	0	0.044
9606.ENSP00000254250	9606.ENSP00000379847	THAP1	ZNF143	9606	0.611	0	0	0	0.532	0	0	0.203
9606.ENSP00000254325	9606.ENSP00000492024	RFX1	PAX6	9606	0.491	0	0	0	0	0	0	0.491
9606.ENSP00000254325	9606.ENSP00000378786	RFX1	HLA-DRA	9606	0.647	0	0	0	0	0	0	0.647
9606.ENSP00000254325	9606.ENSP00000371434	RFX1	RFX3	9606	0.689	0	0	0.061	0	0.668	0	0.083
9606.ENSP00000254657	9606.ENSP00000394734	PER2	CLK1	9606	0.409	0	0	0	0.055	0	0	0.4
9606.ENSP00000254657	9606.ENSP00000262367	PER2	CREBBP	9606	0.481	0	0	0	0.083	0	0	0.458
9606.ENSP00000254657	9606.ENSP00000263253	PER2	EP300	9606	0.559	0	0	0	0.06	0	0	0.551
9606.ENSP00000254657	9606.ENSP00000306245	PER2	FOS	9606	0.656	0	0	0	0.063	0	0	0.648
9606.ENSP00000255194	9606.ENSP00000481126	AP3B1	VPS11	9606	0.407	0	0	0	0.049	0	0.36	0.104
9606.ENSP00000255194	9606.ENSP00000407586	AP3B1	HRAS	9606	0.442	0	0	0	0	0.094	0.4	0.056
9606.ENSP00000255194	9606.ENSP00000491067	AP3B1	NECAP1	9606	0.499	0	0	0	0	0	0.5	0
9606.ENSP00000255194	9606.ENSP00000419060	AP3B1	BRAF	9606	0.517	0	0	0	0.064	0.051	0.5	0
9606.ENSP00000255194	9606.ENSP00000466090	AP3B1	ELANE	9606	0.602	0	0	0	0	0	0	0.602
9606.ENSP00000255631	9606.ENSP00000372201	HSPBP1	TMEM128	9606	0.41	0	0	0	0	0	0	0.41
9606.ENSP00000255631	9606.ENSP00000356202	HSPBP1	MTRF1L	9606	0.425	0	0	0	0.056	0.367	0	0.116
9606.ENSP00000255631	9606.ENSP00000434729	HSPBP1	ATP6V0B	9606	0.47	0.046	0	0	0.396	0	0	0.155
9606.ENSP00000255631	9606.ENSP00000367623	HSPBP1	HSPA14	9606	0.482	0	0	0	0.116	0.254	0	0.277
9606.ENSP00000255631	9606.ENSP00000338019	HSPBP1	DNAJB2	9606	0.508	0	0	0	0.135	0.161	0	0.376
9606.ENSP00000255631	9606.ENSP00000367203	HSPBP1	KDM6A	9606	0.513	0.045	0	0	0.393	0.071	0	0.204
9606.ENSP00000255631	9606.ENSP00000398882	HSPBP1	DOHH	9606	0.603	0	0	0	0.603	0	0	0
9606.ENSP00000255631	9606.ENSP00000417559	HSPBP1	NMD3	9606	0.682	0	0	0	0.044	0.633	0	0.166
9606.ENSP00000255631	9606.ENSP00000496044	HSPBP1	POLR1C	9606	0.763	0.086	0	0	0.598	0.294	0	0.195
9606.ENSP00000255631	9606.ENSP00000315017	HSPBP1	MRPL1	9606	0.774	0.07	0	0	0.531	0.452	0	0.166
9606.ENSP00000255631	9606.ENSP00000310219	HSPBP1	HSPA6	9606	0.805	0	0	0	0.109	0.703	0	0.321
9606.ENSP00000255631	9606.ENSP00000298428	HSPBP1	SEC61A2	9606	0.815	0.086	0	0	0.591	0.461	0	0.194
9606.ENSP00000255631	9606.ENSP00000369127	HSPBP1	DNAJA1	9606	0.817	0	0	0	0.203	0.336	0	0.682
9606.ENSP00000255631	9606.ENSP00000487365	HSPBP1	HSPH1	9606	0.963	0	0	0	0.106	0.254	0.9	0.521
9606.ENSP00000255631	9606.ENSP00000489189	HSPBP1	BAG1	9606	0.973	0	0	0	0.05	0	0.9	0.74
9606.ENSP00000256545	9606.ENSP00000403210	EMC7	EMC9	9606	0.999	0	0	0	0.047	0.966	0.9	0.747
9606.ENSP00000257787	9606.ENSP00000438483	AKIRIN2	KPNA2	9606	0.414	0	0	0	0.069	0.331	0	0.134
9606.ENSP00000258774	9606.ENSP00000310520	HUS1	ERCC4	9606	0.837	0	0	0	0.095	0	0.4	0.724
9606.ENSP00000258962	9606.ENSP00000369127	SRSF1	DNAJA1	9606	0.405	0	0	0	0.382	0.066	0	0.051
9606.ENSP00000258962	9606.ENSP00000289316	SRSF1	H2BC5	9606	0.411	0	0	0	0.044	0.292	0	0.201
9606.ENSP00000258962	9606.ENSP00000295926	SRSF1	CCNL1	9606	0.421	0	0	0	0.053	0.292	0	0.206
9606.ENSP00000258962	9606.ENSP00000315644	SRSF1	TYMS	9606	0.428	0	0	0	0.084	0	0	0.402
9606.ENSP00000258962	9606.ENSP00000384302	SRSF1	WDR43	9606	0.435	0	0	0	0.43	0	0	0.05
9606.ENSP00000258962	9606.ENSP00000346986	SRSF1	WAC	9606	0.449	0	0	0	0.116	0.243	0	0.242
9606.ENSP00000258962	9606.ENSP00000458954	SRSF1	NUP88	9606	0.451	0	0	0	0.102	0	0.4	0.064
9606.ENSP00000258962	9606.ENSP00000316948	SRSF1	CLK4	9606	0.476	0	0	0	0.073	0.085	0	0.431
9606.ENSP00000258962	9606.ENSP00000348010	SRSF1	PRPF39	9606	0.485	0	0	0	0.084	0.29	0	0.272
9606.ENSP00000258962	9606.ENSP00000292303	SRSF1	CCR5	9606	0.521	0	0	0	0	0	0	0.521
9606.ENSP00000258962	9606.ENSP00000263253	SRSF1	EP300	9606	0.55	0	0	0	0.114	0.074	0	0.496
9606.ENSP00000258962	9606.ENSP00000344504	SRSF1	H1-0	9606	0.56	0	0	0	0.042	0	0	0.56
9606.ENSP00000258962	9606.ENSP00000343966	SRSF1	PSPC1	9606	0.594	0	0	0	0.087	0.071	0	0.559
9606.ENSP00000258962	9606.ENSP00000435210	SRSF1	BCLAF1	9606	0.605	0	0	0	0.443	0.071	0	0.298
9606.ENSP00000258962	9606.ENSP00000358151	SRSF1	H2BC21	9606	0.622	0	0	0	0.044	0	0	0.621
9606.ENSP00000258962	9606.ENSP00000480421	SRSF1	SRRT	9606	0.634	0	0	0	0.556	0	0	0.21
9606.ENSP00000258962	9606.ENSP00000295488	SRSF1	HELQ	9606	0.636	0	0	0	0.14	0	0	0.595
9606.ENSP00000258962	9606.ENSP00000315379	SRSF1	PRPF3	9606	0.638	0	0	0	0.148	0	0	0.593
9606.ENSP00000258962	9606.ENSP00000359216	SRSF1	PTBP2	9606	0.67	0	0	0	0.064	0.068	0	0.652
9606.ENSP00000258962	9606.ENSP00000353770	SRSF1	RRM2	9606	0.677	0	0	0	0.102	0.073	0	0.643
9606.ENSP00000258962	9606.ENSP00000298281	SRSF1	PCF11	9606	0.758	0	0	0	0.102	0.3	0.5	0.322
9606.ENSP00000258962	9606.ENSP00000357679	SRSF1	CHTOP	9606	0.804	0	0	0	0.771	0	0	0.181
9606.ENSP00000258962	9606.ENSP00000386023	SRSF1	BUD31	9606	0.864	0	0	0	0.109	0.8	0	0.297
9606.ENSP00000258962	9606.ENSP00000349748	SRSF1	SFPQ	9606	0.872	0	0	0	0.668	0.071	0	0.618
9606.ENSP00000258962	9606.ENSP00000463982	SRSF1	YTHDC1	9606	0.878	0	0	0	0.162	0	0	0.86
9606.ENSP00000258962	9606.ENSP00000394734	SRSF1	CLK1	9606	0.93	0	0	0	0.071	0.831	0	0.59
9606.ENSP00000258962	9606.ENSP00000297071	SRSF1	TRA2A	9606	0.934	0	0	0	0.292	0.426	0	0.85
9606.ENSP00000258962	9606.ENSP00000436679	SRSF1	NXF1	9606	0.992	0	0	0	0.123	0.754	0.65	0.912
9606.ENSP00000258962	9606.ENSP00000362820	SRSF1	SRSF3	9606	0.994	0	0	0	0.758	0.663	0.8	0.718
9606.ENSP00000258962	9606.ENSP00000416959	SRSF1	TRA2B	9606	0.997	0	0	0	0.775	0.837	0.4	0.902
9606.ENSP00000260372	9606.ENSP00000376297	HAUS2	DYNLL1	9606	0.499	0	0	0	0	0	0.5	0
9606.ENSP00000260372	9606.ENSP00000300093	HAUS2	PLK1	9606	0.517	0	0	0	0.074	0	0.5	0
9606.ENSP00000260372	9606.ENSP00000262127	HAUS2	CEP76	9606	0.637	0	0	0	0.305	0	0.5	0
9606.ENSP00000260731	9606.ENSP00000358151	KIF11	H2BC21	9606	0.424	0	0	0	0	0.065	0	0.41
9606.ENSP00000260731	9606.ENSP00000344504	KIF11	H1-0	9606	0.434	0	0	0	0.1	0	0	0.397
9606.ENSP00000260731	9606.ENSP00000383178	KIF11	DIAPH3	9606	0.525	0	0	0	0.478	0	0	0.125
9606.ENSP00000260731	9606.ENSP00000289316	KIF11	H2BC5	9606	0.561	0	0	0	0.056	0.065	0	0.543
9606.ENSP00000260731	9606.ENSP00000320147	KIF11	EZH2	9606	0.58	0	0	0	0.5	0.045	0	0.191
9606.ENSP00000260731	9606.ENSP00000438483	KIF11	KPNA2	9606	0.585	0	0	0	0.509	0	0	0.189
9606.ENSP00000260731	9606.ENSP00000476136	KIF11	H2BC11	9606	0.588	0	0	0	0.072	0.065	0	0.564
9606.ENSP00000260731	9606.ENSP00000486891	KIF11	TCF7L2	9606	0.623	0	0	0	0.042	0	0	0.623
9606.ENSP00000260731	9606.ENSP00000281453	KIF11	CENPU	9606	0.647	0	0	0	0.502	0	0	0.32
9606.ENSP00000260731	9606.ENSP00000315644	KIF11	TYMS	9606	0.726	0	0	0	0.636	0	0	0.279
9606.ENSP00000260731	9606.ENSP00000335357	KIF11	CDKN3	9606	0.848	0	0	0	0.794	0.096	0	0.25
9606.ENSP00000260731	9606.ENSP00000355958	KIF11	DTL	9606	0.85	0	0	0	0.815	0	0	0.222
9606.ENSP00000260731	9606.ENSP00000300035	KIF11	PCLAF	9606	0.857	0	0	0	0.776	0	0	0.389
9606.ENSP00000260731	9606.ENSP00000328228	KIF11	CDCA2	9606	0.904	0	0	0	0.853	0	0	0.372
9606.ENSP00000260731	9606.ENSP00000300093	KIF11	PLK1	9606	0.919	0	0	0	0.644	0.071	0	0.776
9606.ENSP00000260731	9606.ENSP00000363055	KIF11	ZWINT	9606	0.928	0	0	0	0.794	0	0	0.665
9606.ENSP00000260731	9606.ENSP00000353770	KIF11	RRM2	9606	0.947	0	0	0	0.863	0	0	0.634
9606.ENSP00000260731	9606.ENSP00000301633	KIF11	BIRC5	9606	0.957	0	0	0	0.885	0.067	0	0.637
9606.ENSP00000260731	9606.ENSP00000263181	KIF11	KIF18A	9606	0.97	0	0	0	0.885	0.158	0.54	0.408
9606.ENSP00000260731	9606.ENSP00000499238	KIF11	NUSAP1	9606	0.974	0	0	0	0.907	0	0	0.739
9606.ENSP00000260731	9606.ENSP00000411532	KIF11	TOP2A	9606	0.975	0	0	0	0.91	0	0	0.735
9606.ENSP00000261349	9606.ENSP00000360266	LRP6	JUN	9606	0.408	0	0	0	0	0	0	0.408
9606.ENSP00000261349	9606.ENSP00000486891	LRP6	TCF7L2	9606	0.509	0	0	0	0.058	0	0	0.5
9606.ENSP00000261349	9606.ENSP00000418447	LRP6	PPP2CA	9606	0.551	0	0	0	0.06	0	0.5	0.122
9606.ENSP00000261475	9606.ENSP00000325074	PPP2R3C	PPP2R2A	9606	0.78	0	0	0	0.05	0	0	0.778
9606.ENSP00000261475	9606.ENSP00000418447	PPP2R3C	PPP2CA	9606	0.798	0	0	0	0.076	0.276	0	0.722
9606.ENSP00000261637	9606.ENSP00000368887	UTP20	PAK1IP1	9606	0.426	0	0	0	0.409	0	0	0.069
9606.ENSP00000261637	9606.ENSP00000296577	UTP20	ABCE1	9606	0.427	0	0	0	0.398	0	0	0.087
9606.ENSP00000261637	9606.ENSP00000355471	UTP20	TFB2M	9606	0.525	0	0	0	0.337	0.314	0	0
9606.ENSP00000261637	9606.ENSP00000483495	UTP20	DDX27	9606	0.557	0	0	0	0.457	0.066	0	0.196
9606.ENSP00000261637	9606.ENSP00000371858	UTP20	NOP2	9606	0.633	0	0	0	0.61	0	0	0.098
9606.ENSP00000261637	9606.ENSP00000364037	UTP20	TEX10	9606	0.674	0	0	0	0.231	0	0.5	0.222
9606.ENSP00000261637	9606.ENSP00000402338	UTP20	RPF2	9606	0.703	0	0	0	0.622	0	0	0.248
9606.ENSP00000261637	9606.ENSP00000265245	UTP20	LSG1	9606	0.714	0	0	0	0.426	0	0	0.522
9606.ENSP00000261637	9606.ENSP00000314348	UTP20	DDX10	9606	0.794	0	0	0	0.574	0.066	0	0.524
9606.ENSP00000261637	9606.ENSP00000341324	UTP20	SRFBP1	9606	0.798	0	0	0	0.27	0.297	0.54	0.246
9606.ENSP00000261637	9606.ENSP00000333948	UTP20	RPS19BP1	9606	0.802	0	0	0	0.055	0.8	0	0
9606.ENSP00000261637	9606.ENSP00000356548	UTP20	LTV1	9606	0.805	0	0	0	0.417	0	0.54	0.332
9606.ENSP00000261637	9606.ENSP00000360412	UTP20	NOC3L	9606	0.812	0	0	0	0.724	0	0	0.349
9606.ENSP00000261637	9606.ENSP00000369162	UTP20	RIOK1	9606	0.878	0	0	0	0.261	0	0.72	0.458
9606.ENSP00000261637	9606.ENSP00000419005	UTP20	UTP25	9606	0.905	0	0	0	0.259	0	0.8	0.413
9606.ENSP00000261637	9606.ENSP00000479504	UTP20	DDX52	9606	0.954	0	0	0	0.531	0	0.8	0.549
9606.ENSP00000261637	9606.ENSP00000446184	UTP20	RRP12	9606	0.964	0	0	0	0.835	0.095	0	0.781
9606.ENSP00000261637	9606.ENSP00000263657	UTP20	PNO1	9606	0.98	0	0	0	0.156	0.924	0	0.716
9606.ENSP00000261637	9606.ENSP00000377944	UTP20	UTP14A	9606	0.998	0	0	0	0.611	0.959	0.54	0.756
9606.ENSP00000261637	9606.ENSP00000296792	UTP20	UTP15	9606	0.998	0	0	0	0.759	0.976	0.5	0.582
9606.ENSP00000261637	9606.ENSP00000384302	UTP20	WDR43	9606	0.998	0	0	0	0.423	0.987	0.5	0.602
9606.ENSP00000261637	9606.ENSP00000363746	UTP20	WDR46	9606	0.999	0	0	0	0.61	0.991	0.8	0.376
9606.ENSP00000261637	9606.ENSP00000264279	UTP20	NOP58	9606	0.999	0	0	0	0.623	0.993	0.54	0.6
9606.ENSP00000261637	9606.ENSP00000327179	UTP20	UTP4	9606	0.999	0	0	0	0.68	0.991	0.54	0.622
9606.ENSP00000261745	9606.ENSP00000466379	NAA25	GET3	9606	0.401	0	0	0	0.044	0	0	0.399
9606.ENSP00000261745	9606.ENSP00000326200	NAA25	ZBTB11	9606	0.412	0	0	0	0.201	0.045	0	0.291
9606.ENSP00000261745	9606.ENSP00000478783	NAA25	LTN1	9606	0.445	0	0	0	0.422	0	0	0.079
9606.ENSP00000261745	9606.ENSP00000367406	NAA25	TAF2	9606	0.449	0	0	0	0.367	0.165	0	0
9606.ENSP00000261745	9606.ENSP00000296577	NAA25	ABCE1	9606	0.479	0	0	0	0.479	0	0	0
9606.ENSP00000262053	9606.ENSP00000360266	ATF1	JUN	9606	0.432	0	0	0	0.042	0.214	0	0.307
9606.ENSP00000262053	9606.ENSP00000296953	ATF1	CREBRF	9606	0.473	0	0	0	0.047	0.47	0	0
9606.ENSP00000262053	9606.ENSP00000306245	ATF1	FOS	9606	0.61	0	0	0	0.064	0	0	0.6
9606.ENSP00000262053	9606.ENSP00000263253	ATF1	EP300	9606	0.734	0	0	0	0.049	0.095	0.5	0.455
9606.ENSP00000262053	9606.ENSP00000262367	ATF1	CREBBP	9606	0.746	0	0	0	0.056	0.331	0	0.63
9606.ENSP00000262127	9606.ENSP00000369614	CEP76	CNTROB	9606	0.412	0	0	0	0.049	0	0	0.407
9606.ENSP00000262127	9606.ENSP00000300093	CEP76	PLK1	9606	0.846	0	0	0	0.056	0	0.8	0.252
9606.ENSP00000262367	9606.ENSP00000448665	CREBBP	DDIT3	9606	0.4	0	0	0	0	0.326	0	0.145
9606.ENSP00000262367	9606.ENSP00000358799	CREBBP	RBM15	9606	0.401	0	0	0	0.11	0	0	0.355
9606.ENSP00000262367	9606.ENSP00000324693	CREBBP	GRHL1	9606	0.419	0	0	0	0.053	0	0.4	0.06
9606.ENSP00000262367	9606.ENSP00000303315	CREBBP	JUNB	9606	0.438	0	0	0	0.073	0.326	0	0.172
9606.ENSP00000262367	9606.ENSP00000419060	CREBBP	BRAF	9606	0.465	0	0	0	0.062	0.047	0	0.449
9606.ENSP00000262367	9606.ENSP00000347602	CREBBP	ARID4A	9606	0.469	0	0	0	0.07	0.071	0	0.434
9606.ENSP00000262367	9606.ENSP00000312988	CREBBP	NFKBIB	9606	0.47	0	0	0	0	0	0	0.47
9606.ENSP00000262367	9606.ENSP00000350633	CREBBP	SERTAD1	9606	0.487	0	0	0	0	0.295	0	0.302
9606.ENSP00000262367	9606.ENSP00000367022	CREBBP	H2AC6	9606	0.528	0	0	0	0.056	0.071	0.5	0.052
9606.ENSP00000262367	9606.ENSP00000280612	CREBBP	SLC7A11	9606	0.531	0	0	0	0	0	0.5	0.1
9606.ENSP00000262367	9606.ENSP00000476136	CREBBP	H2BC11	9606	0.572	0	0	0	0.055	0	0.5	0.167
9606.ENSP00000262367	9606.ENSP00000289316	CREBBP	H2BC5	9606	0.581	0	0	0	0.06	0	0.5	0.181
9606.ENSP00000262367	9606.ENSP00000380888	CREBBP	MED13	9606	0.631	0	0	0	0.194	0	0.5	0.159
9606.ENSP00000262367	9606.ENSP00000344352	CREBBP	ATF3	9606	0.681	0	0	0	0.053	0.294	0	0.56
9606.ENSP00000262367	9606.ENSP00000438483	CREBBP	KPNA2	9606	0.76	0	0	0	0.086	0.51	0	0.508
9606.ENSP00000262367	9606.ENSP00000358151	CREBBP	H2BC21	9606	0.776	0	0	0	0.073	0.292	0.5	0.4
9606.ENSP00000262367	9606.ENSP00000367203	CREBBP	KDM6A	9606	0.811	0	0	0	0.187	0.102	0	0.762
9606.ENSP00000262367	9606.ENSP00000320147	CREBBP	EZH2	9606	0.818	0	0	0	0.067	0.091	0.5	0.622
9606.ENSP00000262367	9606.ENSP00000492024	CREBBP	PAX6	9606	0.855	0	0	0	0	0.109	0.8	0.254
9606.ENSP00000262367	9606.ENSP00000484789	CREBBP	H4C5	9606	0.903	0	0	0	0.042	0.9	0	0.072
9606.ENSP00000262367	9606.ENSP00000306245	CREBBP	FOS	9606	0.943	0	0	0	0.067	0.63	0	0.848
9606.ENSP00000262367	9606.ENSP00000486891	CREBBP	TCF7L2	9606	0.966	0	0	0	0.062	0.125	0.9	0.643
9606.ENSP00000262367	9606.ENSP00000360266	CREBBP	JUN	9606	0.994	0	0	0	0.049	0.839	0	0.969
9606.ENSP00000262367	9606.ENSP00000263253	CREBBP	EP300	9606	0.999	0	0	0.062	0.839	0.782	0.9	0.983
9606.ENSP00000263062	9606.ENSP00000497609	EPC1	INO80	9606	0.437	0	0	0	0.142	0.307	0	0.13
9606.ENSP00000263062	9606.ENSP00000355656	EPC1	H2AW	9606	0.514	0	0	0	0.042	0.223	0.4	0
9606.ENSP00000263062	9606.ENSP00000367022	EPC1	H2AC6	9606	0.517	0	0	0	0.049	0.223	0.4	0
9606.ENSP00000263062	9606.ENSP00000347602	EPC1	ARID4A	9606	0.586	0	0	0	0.194	0.376	0	0.243
9606.ENSP00000263062	9606.ENSP00000415436	EPC1	KANSL2	9606	0.724	0	0	0	0.056	0	0.72	0
9606.ENSP00000263062	9606.ENSP00000320147	EPC1	EZH2	9606	0.817	0	0	0	0	0.314	0.5	0.511
9606.ENSP00000263062	9606.ENSP00000320566	EPC1	ING3	9606	0.996	0	0	0	0.138	0.9	0.9	0.672
9606.ENSP00000263092	9606.ENSP00000438993	METTL16	ZCCHC8	9606	0.47	0	0	0	0.47	0	0	0
9606.ENSP00000263092	9606.ENSP00000362820	METTL16	SRSF3	9606	0.483	0	0	0	0.08	0	0	0.46
9606.ENSP00000263092	9606.ENSP00000370139	METTL16	HCCS	9606	0.485	0	0	0	0.056	0.477	0	0
9606.ENSP00000263092	9606.ENSP00000269856	METTL16	FEM1A	9606	0.531	0	0	0	0.531	0	0	0
9606.ENSP00000263092	9606.ENSP00000463982	METTL16	YTHDC1	9606	0.824	0	0	0	0.055	0	0	0.821
9606.ENSP00000263092	9606.ENSP00000358799	METTL16	RBM15	9606	0.996	0	0	0	0.06	0	0	0.996
9606.ENSP00000263181	9606.ENSP00000300035	KIF18A	PCLAF	9606	0.402	0	0	0	0.31	0	0	0.168
9606.ENSP00000263181	9606.ENSP00000497174	KIF18A	DYNC2H1	9606	0.429	0	0	0	0.076	0.288	0	0.202
9606.ENSP00000263181	9606.ENSP00000355958	KIF18A	DTL	9606	0.433	0	0	0	0.433	0	0	0
9606.ENSP00000263181	9606.ENSP00000335357	KIF18A	CDKN3	9606	0.468	0	0	0	0.444	0.072	0	0.053
9606.ENSP00000263181	9606.ENSP00000438483	KIF18A	KPNA2	9606	0.475	0	0	0	0.383	0.047	0	0.178
9606.ENSP00000263181	9606.ENSP00000383178	KIF18A	DIAPH3	9606	0.501	0	0	0	0.468	0	0	0.101
9606.ENSP00000263181	9606.ENSP00000353770	KIF18A	RRM2	9606	0.512	0	0	0	0.394	0	0	0.227
9606.ENSP00000263181	9606.ENSP00000363055	KIF18A	ZWINT	9606	0.545	0	0	0	0.344	0.065	0	0.318
9606.ENSP00000263181	9606.ENSP00000356381	KIF18A	KATNA1	9606	0.563	0	0	0	0.049	0	0	0.56
9606.ENSP00000263181	9606.ENSP00000281453	KIF18A	CENPU	9606	0.589	0	0	0	0.358	0	0	0.386
9606.ENSP00000263181	9606.ENSP00000301633	KIF18A	BIRC5	9606	0.622	0	0	0	0.453	0.06	0	0.323
9606.ENSP00000263181	9606.ENSP00000411532	KIF18A	TOP2A	9606	0.643	0	0	0	0.484	0	0	0.335
9606.ENSP00000263181	9606.ENSP00000328228	KIF18A	CDCA2	9606	0.658	0	0	0	0.513	0	0	0.327
9606.ENSP00000263181	9606.ENSP00000499238	KIF18A	NUSAP1	9606	0.713	0	0	0	0.592	0	0	0.325
9606.ENSP00000263181	9606.ENSP00000300093	KIF18A	PLK1	9606	0.927	0	0	0	0.435	0.066	0.8	0.389
9606.ENSP00000263253	9606.ENSP00000418447	EP300	PPP2CA	9606	0.417	0	0	0	0.055	0.292	0	0.198
9606.ENSP00000263253	9606.ENSP00000438483	EP300	KPNA2	9606	0.441	0	0	0	0.088	0.292	0	0.203
9606.ENSP00000263253	9606.ENSP00000396954	EP300	ATF5	9606	0.453	0	0	0	0	0.38	0	0.154
9606.ENSP00000263253	9606.ENSP00000344504	EP300	H1-0	9606	0.47	0	0	0	0.056	0	0	0.462
9606.ENSP00000263253	9606.ENSP00000312988	EP300	NFKBIB	9606	0.485	0	0	0	0.042	0	0	0.484
9606.ENSP00000263253	9606.ENSP00000350633	EP300	SERTAD1	9606	0.505	0	0	0	0.043	0.14	0	0.447
9606.ENSP00000263253	9606.ENSP00000355656	EP300	H2AW	9606	0.507	0	0	0	0	0.045	0.5	0.052
9606.ENSP00000263253	9606.ENSP00000339976	EP300	TAF1A	9606	0.517	0	0	0	0.047	0	0.5	0.069
9606.ENSP00000263253	9606.ENSP00000372689	EP300	STAG1	9606	0.529	0	0	0	0.049	0	0.5	0.09
9606.ENSP00000263253	9606.ENSP00000367022	EP300	H2AC6	9606	0.536	0	0	0	0.049	0.045	0.5	0.099
9606.ENSP00000263253	9606.ENSP00000364037	EP300	TEX10	9606	0.539	0	0	0	0.049	0	0	0.536
9606.ENSP00000263253	9606.ENSP00000280612	EP300	SLC7A11	9606	0.543	0	0	0	0	0	0.5	0.125
9606.ENSP00000263253	9606.ENSP00000265651	EP300	FBXO3	9606	0.559	0	0	0	0.056	0.51	0	0.125
9606.ENSP00000263253	9606.ENSP00000320566	EP300	ING3	9606	0.567	0	0	0	0.049	0	0	0.563
9606.ENSP00000263253	9606.ENSP00000496044	EP300	POLR1C	9606	0.583	0	0	0	0.049	0.074	0.5	0.166
9606.ENSP00000263253	9606.ENSP00000407586	EP300	HRAS	9606	0.595	0	0	0	0.055	0	0	0.589
9606.ENSP00000263253	9606.ENSP00000346120	EP300	DDX21	9606	0.595	0	0	0	0.101	0.051	0.5	0.163
9606.ENSP00000263253	9606.ENSP00000289316	EP300	H2BC5	9606	0.614	0	0	0	0.055	0	0.5	0.249
9606.ENSP00000263253	9606.ENSP00000344352	EP300	ATF3	9606	0.624	0	0	0	0.053	0.045	0	0.617
9606.ENSP00000263253	9606.ENSP00000419060	EP300	BRAF	9606	0.634	0	0	0	0.066	0.047	0	0.622
9606.ENSP00000263253	9606.ENSP00000378702	EP300	BRD2	9606	0.645	0	0	0	0.114	0.067	0.5	0.243
9606.ENSP00000263253	9606.ENSP00000300093	EP300	PLK1	9606	0.654	0	0	0	0.074	0.079	0.5	0.284
9606.ENSP00000263253	9606.ENSP00000380888	EP300	MED13	9606	0.666	0	0	0	0.24	0	0.5	0.193
9606.ENSP00000263253	9606.ENSP00000448665	EP300	DDIT3	9606	0.784	0	0	0	0	0.567	0	0.522
9606.ENSP00000263253	9606.ENSP00000379841	EP300	GPS2	9606	0.84	0	0	0	0.117	0.3	0.5	0.543
9606.ENSP00000263253	9606.ENSP00000303315	EP300	JUNB	9606	0.855	0	0	0	0.083	0.643	0	0.592
9606.ENSP00000263253	9606.ENSP00000492024	EP300	PAX6	9606	0.888	0	0	0	0	0.3	0.8	0.265
9606.ENSP00000263253	9606.ENSP00000367203	EP300	KDM6A	9606	0.902	0	0	0	0.251	0.067	0.5	0.753
9606.ENSP00000263253	9606.ENSP00000484789	EP300	H4C5	9606	0.903	0	0	0	0	0.9	0	0.072
9606.ENSP00000263253	9606.ENSP00000358151	EP300	H2BC21	9606	0.96	0	0	0	0.068	0.735	0.5	0.719
9606.ENSP00000263253	9606.ENSP00000320147	EP300	EZH2	9606	0.963	0	0	0	0.069	0.593	0.5	0.828
9606.ENSP00000263253	9606.ENSP00000306245	EP300	FOS	9606	0.964	0	0	0	0.067	0.74	0.5	0.737
9606.ENSP00000263253	9606.ENSP00000476136	EP300	H2BC11	9606	0.968	0	0	0	0.055	0.9	0.5	0.414
9606.ENSP00000263253	9606.ENSP00000486891	EP300	TCF7L2	9606	0.975	0	0	0	0.177	0.354	0.9	0.595
9606.ENSP00000263253	9606.ENSP00000360266	EP300	JUN	9606	0.999	0	0	0	0.044	0.885	0.5	0.991
9606.ENSP00000263657	9606.ENSP00000364037	PNO1	TEX10	9606	0.417	0	0	0	0.371	0	0	0.111
9606.ENSP00000263657	9606.ENSP00000371858	PNO1	NOP2	9606	0.432	0	0	0	0.376	0	0	0.127
9606.ENSP00000263657	9606.ENSP00000483495	PNO1	DDX27	9606	0.447	0	0	0	0.388	0.06	0	0.115
9606.ENSP00000263657	9606.ENSP00000368887	PNO1	PAK1IP1	9606	0.472	0	0	0	0.351	0	0	0.22
9606.ENSP00000263657	9606.ENSP00000268483	PNO1	TXNL4B	9606	0.484	0	0	0	0.049	0	0	0.48
9606.ENSP00000263657	9606.ENSP00000496044	PNO1	POLR1C	9606	0.485	0	0	0	0.483	0	0	0.046
9606.ENSP00000263657	9606.ENSP00000341324	PNO1	SRFBP1	9606	0.489	0	0	0	0.281	0.298	0	0.069
9606.ENSP00000263657	9606.ENSP00000296577	PNO1	ABCE1	9606	0.501	0	0	0	0.263	0	0	0.351
9606.ENSP00000263657	9606.ENSP00000265245	PNO1	LSG1	9606	0.548	0	0	0	0.265	0	0	0.41
9606.ENSP00000263657	9606.ENSP00000479504	PNO1	DDX52	9606	0.597	0	0	0	0.332	0	0	0.42
9606.ENSP00000263657	9606.ENSP00000355471	PNO1	TFB2M	9606	0.601	0	0	0	0.443	0.313	0	0
9606.ENSP00000263657	9606.ENSP00000346120	PNO1	DDX21	9606	0.618	0	0	0	0.518	0.201	0	0.087
9606.ENSP00000263657	9606.ENSP00000314348	PNO1	DDX10	9606	0.634	0	0	0	0.573	0.06	0	0.162
9606.ENSP00000263657	9606.ENSP00000419005	PNO1	UTP25	9606	0.663	0	0	0	0.333	0	0	0.516
9606.ENSP00000263657	9606.ENSP00000417559	PNO1	NMD3	9606	0.704	0	0	0	0.429	0	0	0.503
9606.ENSP00000263657	9606.ENSP00000333948	PNO1	RPS19BP1	9606	0.804	0	0	0	0.064	0.8	0	0
9606.ENSP00000263657	9606.ENSP00000402338	PNO1	RPF2	9606	0.844	0	0	0	0.673	0.092	0	0.517
9606.ENSP00000263657	9606.ENSP00000363746	PNO1	WDR46	9606	0.971	0	0	0	0.413	0.924	0	0.418
9606.ENSP00000263657	9606.ENSP00000327179	PNO1	UTP4	9606	0.972	0	0	0	0.414	0.951	0	0.122
9606.ENSP00000263657	9606.ENSP00000446184	PNO1	RRP12	9606	0.973	0	0	0	0.273	0.81	0	0.821
9606.ENSP00000263657	9606.ENSP00000384302	PNO1	WDR43	9606	0.974	0	0	0	0.418	0.946	0	0.253
9606.ENSP00000263657	9606.ENSP00000264279	PNO1	NOP58	9606	0.978	0	0	0	0.444	0.952	0	0.237
9606.ENSP00000263657	9606.ENSP00000369162	PNO1	RIOK1	9606	0.98	0	0	0	0.232	0.86	0	0.831
9606.ENSP00000263657	9606.ENSP00000296792	PNO1	UTP15	9606	0.98	0	0	0	0.595	0.924	0	0.402
9606.ENSP00000263657	9606.ENSP00000377944	PNO1	UTP14A	9606	0.996	0	0	0	0.338	0.982	0	0.703
9606.ENSP00000263657	9606.ENSP00000356548	PNO1	LTV1	9606	0.998	0	0	0	0.366	0.974	0	0.915
9606.ENSP00000263780	9606.ENSP00000411256	CHMP2B	GABARAPL1	9606	0.541	0	0	0	0.084	0	0.4	0.232
9606.ENSP00000263780	9606.ENSP00000273047	CHMP2B	RAB5A	9606	0.587	0	0	0	0.329	0	0	0.41
9606.ENSP00000263780	9606.ENSP00000417175	CHMP2B	VAPB	9606	0.736	0	0	0	0.067	0	0	0.728
9606.ENSP00000263780	9606.ENSP00000486574	CHMP2B	UBAP1	9606	0.939	0	0	0	0.083	0	0.9	0.396
9606.ENSP00000264279	9606.ENSP00000315379	NOP58	PRPF3	9606	0.412	0	0	0	0.083	0.205	0	0.258
9606.ENSP00000264279	9606.ENSP00000329715	NOP58	DRG1	9606	0.421	0	0	0	0.391	0	0	0.089
9606.ENSP00000264279	9606.ENSP00000483001	NOP58	NOP16	9606	0.43	0	0	0	0.287	0	0	0.233
9606.ENSP00000264279	9606.ENSP00000331944	NOP58	AEN	9606	0.437	0	0	0	0.211	0.269	0	0.102
9606.ENSP00000264279	9606.ENSP00000435210	NOP58	BCLAF1	9606	0.45	0	0	0	0.353	0.065	0	0.164
9606.ENSP00000264279	9606.ENSP00000398882	NOP58	DOHH	9606	0.474	0	0	0	0.329	0	0	0.248
9606.ENSP00000264279	9606.ENSP00000315017	NOP58	MRPL1	9606	0.5	0	0	0	0.446	0.125	0	0.053
9606.ENSP00000264279	9606.ENSP00000368887	NOP58	PAK1IP1	9606	0.538	0	0	0	0.511	0	0	0.095
9606.ENSP00000264279	9606.ENSP00000369162	NOP58	RIOK1	9606	0.542	0	0	0	0.405	0.099	0	0.214
9606.ENSP00000264279	9606.ENSP00000438483	NOP58	KPNA2	9606	0.555	0	0	0	0.164	0.369	0	0.223
9606.ENSP00000264279	9606.ENSP00000341324	NOP58	SRFBP1	9606	0.567	0.061	0	0	0.241	0.297	0	0.237
9606.ENSP00000264279	9606.ENSP00000364037	NOP58	TEX10	9606	0.582	0	0	0	0.2	0	0.5	0
9606.ENSP00000264279	9606.ENSP00000318966	NOP58	PINX1	9606	0.624	0	0	0	0.381	0.412	0	0.05
9606.ENSP00000264279	9606.ENSP00000296577	NOP58	ABCE1	9606	0.628	0	0	0	0.579	0	0	0.154
9606.ENSP00000264279	9606.ENSP00000355471	NOP58	TFB2M	9606	0.631	0.061	0	0	0.43	0.314	0	0.115
9606.ENSP00000264279	9606.ENSP00000265245	NOP58	LSG1	9606	0.669	0	0	0	0.579	0.099	0	0.198
9606.ENSP00000264279	9606.ENSP00000368565	NOP58	DNAJC2	9606	0.682	0	0	0	0.654	0	0	0.119
9606.ENSP00000264279	9606.ENSP00000419005	NOP58	UTP25	9606	0.683	0	0	0	0.256	0	0.54	0.147
9606.ENSP00000264279	9606.ENSP00000496044	NOP58	POLR1C	9606	0.757	0	0	0	0.591	0.288	0	0.232
9606.ENSP00000264279	9606.ENSP00000333948	NOP58	RPS19BP1	9606	0.807	0	0	0	0.076	0.8	0	0
9606.ENSP00000264279	9606.ENSP00000360412	NOP58	NOC3L	9606	0.859	0	0	0	0.699	0.55	0	0
9606.ENSP00000264279	9606.ENSP00000356548	NOP58	LTV1	9606	0.86	0	0	0	0.825	0	0	0.234
9606.ENSP00000264279	9606.ENSP00000479504	NOP58	DDX52	9606	0.862	0	0	0	0.676	0.412	0	0.334
9606.ENSP00000264279	9606.ENSP00000346120	NOP58	DDX21	9606	0.877	0.057	0	0	0.549	0.492	0	0.498
9606.ENSP00000264279	9606.ENSP00000483495	NOP58	DDX27	9606	0.888	0.057	0	0	0.76	0.451	0	0.204
9606.ENSP00000264279	9606.ENSP00000417559	NOP58	NMD3	9606	0.903	0	0	0	0.826	0.187	0	0.37
9606.ENSP00000264279	9606.ENSP00000314348	NOP58	DDX10	9606	0.929	0.057	0	0	0.822	0.412	0	0.364
9606.ENSP00000264279	9606.ENSP00000402338	NOP58	RPF2	9606	0.95	0	0	0	0.903	0.154	0	0.444
9606.ENSP00000264279	9606.ENSP00000389182	NOP58	RPP30	9606	0.956	0	0	0	0.154	0	0.9	0.531
9606.ENSP00000264279	9606.ENSP00000371858	NOP58	NOP2	9606	0.974	0	0	0	0.72	0.726	0	0.687
9606.ENSP00000264279	9606.ENSP00000368459	NOP58	NUFIP1	9606	0.979	0	0	0	0.122	0.727	0.72	0.734
9606.ENSP00000264279	9606.ENSP00000446184	NOP58	RRP12	9606	0.992	0	0	0	0.697	0.963	0	0.412
9606.ENSP00000264279	9606.ENSP00000363746	NOP58	WDR46	9606	0.998	0	0	0	0.575	0.991	0.54	0.411
9606.ENSP00000264279	9606.ENSP00000377944	NOP58	UTP14A	9606	0.998	0	0	0	0.569	0.986	0.54	0.563
9606.ENSP00000264279	9606.ENSP00000327179	NOP58	UTP4	9606	0.999	0	0	0	0.727	0.991	0.54	0.743
9606.ENSP00000264279	9606.ENSP00000296792	NOP58	UTP15	9606	0.999	0	0	0	0.642	0.992	0.5	0.752
9606.ENSP00000264279	9606.ENSP00000384302	NOP58	WDR43	9606	0.999	0	0	0	0.884	0.991	0.5	0.54
9606.ENSP00000264350	9606.ENSP00000483001	HERC5	NOP16	9606	0.42	0	0	0	0	0.42	0	0
9606.ENSP00000264350	9606.ENSP00000358799	HERC5	RBM15	9606	0.576	0	0	0	0.055	0	0	0.57
9606.ENSP00000264350	9606.ENSP00000359504	HERC5	GBP1	9606	0.583	0	0	0	0.271	0	0	0.451
9606.ENSP00000264350	9606.ENSP00000483430	HERC5	IFI27	9606	0.713	0	0	0	0.443	0	0	0.507
9606.ENSP00000264350	9606.ENSP00000354822	HERC5	XAF1	9606	0.862	0	0	0	0.765	0.074	0	0.419
9606.ENSP00000264350	9606.ENSP00000359787	HERC5	IFI44L	9606	0.912	0	0	0	0.79	0	0	0.6
9606.ENSP00000264350	9606.ENSP00000359783	HERC5	IFI44	9606	0.914	0	0	0	0.793	0	0	0.602
9606.ENSP00000264350	9606.ENSP00000371471	HERC5	RSAD2	9606	0.923	0	0	0	0.793	0	0	0.643
9606.ENSP00000264350	9606.ENSP00000381601	HERC5	MX1	9606	0.963	0	0	0	0.779	0	0.4	0.748
9606.ENSP00000264350	9606.ENSP00000360869	HERC5	IFIT1	9606	0.963	0	0	0	0.786	0	0.4	0.736
9606.ENSP00000264350	9606.ENSP00000496832	HERC5	ISG15	9606	0.998	0	0	0	0.782	0.523	0.8	0.942
9606.ENSP00000264444	9606.ENSP00000347602	MXD1	ARID4A	9606	0.771	0	0	0	0.099	0.711	0	0.192
9606.ENSP00000264538	9606.ENSP00000497174	IFT57	DYNC2H1	9606	0.661	0	0	0	0.081	0	0	0.646
9606.ENSP00000264552	9606.ENSP00000496832	UBE2S	ISG15	9606	0.417	0	0	0	0.117	0.172	0	0.266
9606.ENSP00000264552	9606.ENSP00000301633	UBE2S	BIRC5	9606	0.418	0	0	0	0.274	0.091	0	0.188
9606.ENSP00000264552	9606.ENSP00000438483	UBE2S	KPNA2	9606	0.462	0	0	0	0.362	0	0	0.191
9606.ENSP00000264552	9606.ENSP00000411256	UBE2S	GABARAPL1	9606	0.476	0	0	0	0.06	0	0	0.466
9606.ENSP00000264552	9606.ENSP00000295756	UBE2S	TRAT1	9606	0.591	0	0	0	0	0	0	0.591
9606.ENSP00000264552	9606.ENSP00000300093	UBE2S	PLK1	9606	0.73	0	0	0	0.262	0.052	0.5	0.319
9606.ENSP00000264552	9606.ENSP00000280377	UBE2S	USP15	9606	0.859	0	0	0	0.05	0.513	0	0.72
9606.ENSP00000264649	9606.ENSP00000411256	ATP6V0A1	GABARAPL1	9606	0.467	0	0	0	0.077	0.07	0	0.429
9606.ENSP00000264649	9606.ENSP00000273047	ATP6V0A1	RAB5A	9606	0.53	0	0	0	0.057	0.096	0	0.492
9606.ENSP00000264649	9606.ENSP00000449500	ATP6V0A1	RNASEK	9606	0.992	0	0	0	0.102	0.966	0.72	0.191
9606.ENSP00000264649	9606.ENSP00000434729	ATP6V0A1	ATP6V0B	9606	0.999	0.061	0	0	0.437	0.964	0.925	0.8
9606.ENSP00000264711	9606.ENSP00000359216	DNAJC27	PTBP2	9606	0.432	0	0	0	0.067	0	0	0.417
9606.ENSP00000264711	9606.ENSP00000338019	DNAJC27	DNAJB2	9606	0.435	0	0	0	0.059	0.113	0	0.377
9606.ENSP00000264711	9606.ENSP00000368565	DNAJC27	DNAJC2	9606	0.464	0	0	0	0	0.053	0	0.457
9606.ENSP00000264711	9606.ENSP00000320650	DNAJC27	DNAJC25	9606	0.6	0	0	0	0.077	0.113	0	0.55
9606.ENSP00000265069	9606.ENSP00000435210	ZFR	BCLAF1	9606	0.464	0	0	0	0.445	0	0	0.073
9606.ENSP00000265069	9606.ENSP00000351416	ZFR	ANKRD17	9606	0.508	0	0	0	0.44	0	0	0.159
9606.ENSP00000265245	9606.ENSP00000496044	LSG1	POLR1C	9606	0.421	0	0	0	0.394	0	0	0.084
9606.ENSP00000265245	9606.ENSP00000320650	LSG1	DNAJC25	9606	0.428	0	0	0	0.062	0.415	0	0
9606.ENSP00000265245	9606.ENSP00000346120	LSG1	DDX21	9606	0.503	0.041	0	0	0.292	0.186	0	0.206
9606.ENSP00000265245	9606.ENSP00000296792	LSG1	UTP15	9606	0.603	0	0	0	0.514	0	0	0.216
9606.ENSP00000265245	9606.ENSP00000368887	LSG1	PAK1IP1	9606	0.614	0	0	0	0.437	0	0	0.342
9606.ENSP00000265245	9606.ENSP00000356920	LSG1	DUSP12	9606	0.622	0	0	0	0.155	0.281	0	0.427
9606.ENSP00000265245	9606.ENSP00000364037	LSG1	TEX10	9606	0.631	0	0	0	0.204	0.31	0	0.383
9606.ENSP00000265245	9606.ENSP00000436679	LSG1	NXF1	9606	0.647	0	0	0	0.118	0.401	0	0.385
9606.ENSP00000265245	9606.ENSP00000417175	LSG1	VAPB	9606	0.666	0	0	0	0.063	0.447	0	0.408
9606.ENSP00000265245	9606.ENSP00000363746	LSG1	WDR46	9606	0.67	0	0	0	0.665	0	0	0.057
9606.ENSP00000265245	9606.ENSP00000314348	LSG1	DDX10	9606	0.677	0.041	0	0	0.553	0.186	0	0.183
9606.ENSP00000265245	9606.ENSP00000369162	LSG1	RIOK1	9606	0.726	0	0	0	0.389	0	0	0.569
9606.ENSP00000265245	9606.ENSP00000479504	LSG1	DDX52	9606	0.766	0	0	0	0.693	0	0	0.269
9606.ENSP00000265245	9606.ENSP00000327179	LSG1	UTP4	9606	0.781	0	0	0	0.701	0	0	0.296
9606.ENSP00000265245	9606.ENSP00000377944	LSG1	UTP14A	9606	0.806	0	0	0	0.741	0.091	0	0.239
9606.ENSP00000265245	9606.ENSP00000356548	LSG1	LTV1	9606	0.808	0	0	0	0.584	0	0	0.557
9606.ENSP00000265245	9606.ENSP00000371858	LSG1	NOP2	9606	0.833	0	0	0	0.713	0.274	0	0.261
9606.ENSP00000265245	9606.ENSP00000360412	LSG1	NOC3L	9606	0.851	0	0	0	0.668	0.508	0	0.161
9606.ENSP00000265245	9606.ENSP00000384302	LSG1	WDR43	9606	0.862	0	0	0	0.835	0.091	0	0.154
9606.ENSP00000265245	9606.ENSP00000446184	LSG1	RRP12	9606	0.888	0	0	0	0.695	0	0	0.647
9606.ENSP00000265245	9606.ENSP00000483495	LSG1	DDX27	9606	0.891	0.041	0	0	0.865	0.186	0	0.089
9606.ENSP00000265245	9606.ENSP00000402338	LSG1	RPF2	9606	0.952	0	0	0	0.845	0.326	0	0.584
9606.ENSP00000265245	9606.ENSP00000417559	LSG1	NMD3	9606	0.999	0	0	0	0.619	0.987	0	0.872
9606.ENSP00000265598	9606.ENSP00000371471	LAMP3	RSAD2	9606	0.422	0	0	0	0.422	0	0	0
9606.ENSP00000265651	9606.ENSP00000265963	FBXO3	GTF2H1	9606	0.428	0	0	0	0.056	0	0	0.419
9606.ENSP00000265651	9606.ENSP00000418447	FBXO3	PPP2CA	9606	0.45	0.059	0	0	0.376	0	0	0.138
9606.ENSP00000265651	9606.ENSP00000326240	FBXO3	MYNN	9606	0.471	0	0	0	0.469	0	0	0.046
9606.ENSP00000265651	9606.ENSP00000341324	FBXO3	SRFBP1	9606	0.533	0.095	0	0	0.404	0	0	0.205
9606.ENSP00000265651	9606.ENSP00000355471	FBXO3	TFB2M	9606	0.546	0.095	0	0	0.419	0	0	0.205
9606.ENSP00000265963	9606.ENSP00000306245	GTF2H1	FOS	9606	0.447	0	0	0	0	0	0	0.447
9606.ENSP00000265963	9606.ENSP00000355471	GTF2H1	TFB2M	9606	0.451	0	0	0	0.104	0.105	0	0.37
9606.ENSP00000265963	9606.ENSP00000339976	GTF2H1	TAF1A	9606	0.51	0	0	0	0.062	0	0.5	0
9606.ENSP00000265963	9606.ENSP00000496044	GTF2H1	POLR1C	9606	0.746	0	0	0	0.054	0.502	0.5	0.051
9606.ENSP00000265963	9606.ENSP00000310520	GTF2H1	ERCC4	9606	0.784	0	0	0	0.107	0.292	0.5	0.398
9606.ENSP00000265963	9606.ENSP00000476136	GTF2H1	H2BC11	9606	0.813	0	0	0	0	0.813	0	0
9606.ENSP00000265963	9606.ENSP00000484789	GTF2H1	H4C5	9606	0.838	0	0	0	0	0.836	0	0.049
9606.ENSP00000265963	9606.ENSP00000367406	GTF2H1	TAF2	9606	0.919	0	0	0	0.123	0.8	0.5	0.186
9606.ENSP00000268483	9606.ENSP00000446184	TXNL4B	RRP12	9606	0.51	0	0	0	0.049	0	0	0.506
9606.ENSP00000268483	9606.ENSP00000369162	TXNL4B	RIOK1	9606	0.6	0	0	0	0.056	0	0	0.594
9606.ENSP00000268483	9606.ENSP00000356548	TXNL4B	LTV1	9606	0.68	0	0	0	0.049	0	0	0.678
9606.ENSP00000268483	9606.ENSP00000315379	TXNL4B	PRPF3	9606	0.901	0	0	0	0.054	0.781	0.54	0.091
9606.ENSP00000269576	9606.ENSP00000484789	KRT10	H4C5	9606	0.433	0	0	0	0.086	0.123	0	0.35
9606.ENSP00000270538	9606.ENSP00000483495	TIMM44	DDX27	9606	0.409	0	0	0	0.164	0.065	0	0.304
9606.ENSP00000270538	9606.ENSP00000483001	TIMM44	NOP16	9606	0.409	0	0	0	0.115	0	0	0.36
9606.ENSP00000270538	9606.ENSP00000370139	TIMM44	HCCS	9606	0.44	0	0	0	0.176	0	0	0.348
9606.ENSP00000270538	9606.ENSP00000315017	TIMM44	MRPL1	9606	0.508	0	0	0	0.245	0	0	0.375
9606.ENSP00000270538	9606.ENSP00000356256	TIMM44	TIMM17A	9606	0.999	0	0	0	0.223	0.647	0.54	0.997
9606.ENSP00000271526	9606.ENSP00000415436	PRCC	KANSL2	9606	0.676	0	0	0	0.141	0	0	0.638
9606.ENSP00000271526	9606.ENSP00000386023	PRCC	BUD31	9606	0.803	0	0	0	0.06	0	0.8	0
9606.ENSP00000271526	9606.ENSP00000349748	PRCC	SFPQ	9606	0.818	0	0	0	0.073	0	0	0.812
9606.ENSP00000273047	9606.ENSP00000407586	RAB5A	HRAS	9606	0.453	0	0	0.102	0.109	0.316	0	0.118
9606.ENSP00000273047	9606.ENSP00000409667	RAB5A	SYNJ1	9606	0.464	0	0	0	0.049	0	0	0.46
9606.ENSP00000273047	9606.ENSP00000341213	RAB5A	RAB5IF	9606	0.489	0	0	0	0.053	0	0	0.482
9606.ENSP00000273047	9606.ENSP00000411256	RAB5A	GABARAPL1	9606	0.597	0	0	0	0.166	0.059	0	0.527
9606.ENSP00000273047	9606.ENSP00000481126	RAB5A	VPS11	9606	0.782	0	0	0	0.058	0.479	0	0.592
9606.ENSP00000273375	9606.ENSP00000487365	RABL3	HSPH1	9606	0.425	0.041	0	0	0.242	0.142	0.162	0.07
9606.ENSP00000273375	9606.ENSP00000367623	RABL3	HSPA14	9606	0.428	0.041	0	0	0.246	0.142	0.162	0.07
9606.ENSP00000273375	9606.ENSP00000310219	RABL3	HSPA6	9606	0.429	0.041	0	0	0.247	0.142	0.162	0.07
9606.ENSP00000278070	9606.ENSP00000364037	PPRC1	TEX10	9606	0.417	0	0	0	0.417	0	0	0
9606.ENSP00000278070	9606.ENSP00000478070	PPRC1	CWC25	9606	0.456	0	0	0	0.062	0.428	0	0.068
9606.ENSP00000278070	9606.ENSP00000371858	PPRC1	NOP2	9606	0.536	0	0	0	0.536	0	0	0
9606.ENSP00000278070	9606.ENSP00000387006	PPRC1	CWC22	9606	0.538	0	0	0	0.106	0.477	0	0.091
9606.ENSP00000278070	9606.ENSP00000355471	PPRC1	TFB2M	9606	0.76	0	0	0	0.258	0	0.5	0.406
9606.ENSP00000278070	9606.ENSP00000386023	PPRC1	BUD31	9606	0.826	0	0	0	0.115	0.783	0	0.166
9606.ENSP00000278200	9606.ENSP00000492024	IMMP1L	PAX6	9606	0.625	0	0	0	0	0	0	0.625
9606.ENSP00000278949	9606.ENSP00000295694	MPZL3	TMEM79	9606	0.65	0	0	0	0.108	0.61	0	0.075
9606.ENSP00000280377	9606.ENSP00000358151	USP15	H2BC21	9606	0.501	0	0	0	0.042	0.345	0	0.269
9606.ENSP00000280377	9606.ENSP00000315379	USP15	PRPF3	9606	0.755	0	0	0	0.095	0.42	0	0.572
9606.ENSP00000280612	9606.ENSP00000396954	SLC7A11	ATF5	9606	0.546	0	0	0	0.049	0	0	0.543
9606.ENSP00000281453	9606.ENSP00000335357	CENPU	CDKN3	9606	0.462	0	0	0	0.459	0	0	0.046
9606.ENSP00000281453	9606.ENSP00000300035	CENPU	PCLAF	9606	0.575	0	0	0	0.49	0	0	0.2
9606.ENSP00000281453	9606.ENSP00000301633	CENPU	BIRC5	9606	0.626	0	0	0	0.369	0.184	0	0.332
9606.ENSP00000281453	9606.ENSP00000315644	CENPU	TYMS	9606	0.64	0	0	0	0.52	0	0	0.281
9606.ENSP00000281453	9606.ENSP00000328228	CENPU	CDCA2	9606	0.674	0	0	0.288	0.378	0	0	0.322
9606.ENSP00000281453	9606.ENSP00000355958	CENPU	DTL	9606	0.675	0	0	0	0.661	0	0	0.082
9606.ENSP00000281453	9606.ENSP00000411532	CENPU	TOP2A	9606	0.688	0	0	0	0.447	0	0	0.459
9606.ENSP00000281453	9606.ENSP00000353770	CENPU	RRM2	9606	0.688	0	0	0	0.447	0	0	0.46
9606.ENSP00000281453	9606.ENSP00000499238	CENPU	NUSAP1	9606	0.698	0	0	0	0.554	0	0	0.35
9606.ENSP00000281453	9606.ENSP00000367022	CENPU	H2AC6	9606	0.8	0	0	0	0	0.8	0	0
9606.ENSP00000281453	9606.ENSP00000484789	CENPU	H4C5	9606	0.801	0	0	0	0	0.8	0	0.05
9606.ENSP00000281453	9606.ENSP00000363055	CENPU	ZWINT	9606	0.829	0	0	0	0.526	0	0	0.656
9606.ENSP00000281453	9606.ENSP00000300093	CENPU	PLK1	9606	0.996	0	0	0	0.203	0.784	0.5	0.96
9606.ENSP00000285071	9606.ENSP00000434729	FLCN	ATP6V0B	9606	0.424	0	0	0	0	0	0.4	0.08
9606.ENSP00000285071	9606.ENSP00000424183	FLCN	LAMTOR3	9606	0.933	0	0	0	0	0.837	0.4	0.372
9606.ENSP00000285071	9606.ENSP00000362092	FLCN	RRAGC	9606	0.999	0	0	0	0.105	0.93	0.9	0.89
9606.ENSP00000289316	9606.ENSP00000339976	H2BC5	TAF1A	9606	0.412	0	0	0	0.042	0	0.4	0.06
9606.ENSP00000289316	9606.ENSP00000346120	H2BC5	DDX21	9606	0.427	0	0	0	0	0.071	0.4	0.055
9606.ENSP00000289316	9606.ENSP00000379841	H2BC5	GPS2	9606	0.429	0	0	0	0.056	0.074	0.4	0
9606.ENSP00000289316	9606.ENSP00000347602	H2BC5	ARID4A	9606	0.486	0	0	0	0.056	0.13	0.4	0.081
9606.ENSP00000289316	9606.ENSP00000486891	H2BC5	TCF7L2	9606	0.499	0	0	0	0	0	0.5	0
9606.ENSP00000289316	9606.ENSP00000438483	H2BC5	KPNA2	9606	0.518	0	0	0	0.076	0	0.5	0
9606.ENSP00000289316	9606.ENSP00000411532	H2BC5	TOP2A	9606	0.521	0	0	0	0.048	0.09	0	0.492
9606.ENSP00000289316	9606.ENSP00000300086	H2BC5	TERF2IP	9606	0.547	0	0	0	0.043	0.091	0.5	0.082
9606.ENSP00000289316	9606.ENSP00000496044	H2BC5	POLR1C	9606	0.561	0	0	0	0.044	0.271	0.4	0.075
9606.ENSP00000289316	9606.ENSP00000372689	H2BC5	STAG1	9606	0.57	0	0	0	0	0.098	0.5	0.125
9606.ENSP00000289316	9606.ENSP00000306245	H2BC5	FOS	9606	0.599	0	0	0	0.067	0.072	0.5	0.184
9606.ENSP00000289316	9606.ENSP00000344504	H2BC5	H1-0	9606	0.604	0	0	0	0.127	0.132	0	0.52
9606.ENSP00000289316	9606.ENSP00000360266	H2BC5	JUN	9606	0.61	0	0	0	0.063	0.071	0.5	0.21
9606.ENSP00000289316	9606.ENSP00000476136	H2BC5	H2BC11	9606	0.627	0	0	0.048	0.337	0.127	0.4	0.046
9606.ENSP00000289316	9606.ENSP00000346986	H2BC5	WAC	9606	0.64	0	0	0	0.067	0	0.5	0.29
9606.ENSP00000289316	9606.ENSP00000320147	H2BC5	EZH2	9606	0.656	0	0	0	0.072	0.14	0.5	0.24
9606.ENSP00000289316	9606.ENSP00000300093	H2BC5	PLK1	9606	0.684	0	0	0	0.076	0	0.5	0.371
9606.ENSP00000289316	9606.ENSP00000367203	H2BC5	KDM6A	9606	0.699	0	0	0	0.06	0.316	0.5	0.175
9606.ENSP00000289316	9606.ENSP00000355656	H2BC5	H2AW	9606	0.713	0	0.018	0	0.296	0.178	0.4	0.27
9606.ENSP00000289316	9606.ENSP00000339566	H2BC5	H1-2	9606	0.89	0	0.007	0	0.789	0.116	0	0.459
9606.ENSP00000289316	9606.ENSP00000484789	H2BC5	H4C5	9606	0.946	0	0.06	0	0.474	0.831	0	0.431
9606.ENSP00000289316	9606.ENSP00000358151	H2BC5	H2BC21	9606	0.966	0	0	0.048	0.72	0.812	0.4	0.052
9606.ENSP00000289316	9606.ENSP00000367022	H2BC5	H2AC6	9606	0.998	0	0.018	0	0.822	0.967	0.4	0.595
9606.ENSP00000292303	9606.ENSP00000297435	CCR5	DEFA4	9606	0.414	0	0	0	0.059	0	0	0.403
9606.ENSP00000292303	9606.ENSP00000381601	CCR5	MX1	9606	0.42	0	0	0	0.124	0	0	0.365
9606.ENSP00000292303	9606.ENSP00000378786	CCR5	HLA-DRA	9606	0.637	0	0	0	0.25	0	0	0.537
9606.ENSP00000292303	9606.ENSP00000351059	CCR5	CX3CR1	9606	0.823	0	0	0.08	0.138	0	0.5	0.607
9606.ENSP00000295488	9606.ENSP00000364260	HELQ	TRMO	9606	0.436	0	0	0	0.436	0	0	0
9606.ENSP00000295756	9606.ENSP00000371471	TRAT1	RSAD2	9606	0.417	0	0	0	0.06	0	0	0.406
9606.ENSP00000295756	9606.ENSP00000496832	TRAT1	ISG15	9606	0.491	0	0	0	0.063	0	0	0.479
9606.ENSP00000295926	9606.ENSP00000328992	CCNL1	PAXBP1	9606	0.446	0	0	0	0.206	0	0	0.331
9606.ENSP00000295926	9606.ENSP00000362820	CCNL1	SRSF3	9606	0.45	0	0	0	0.137	0.292	0	0.173
9606.ENSP00000295926	9606.ENSP00000344504	CCNL1	H1-0	9606	0.492	0	0	0	0.042	0	0	0.492
9606.ENSP00000295926	9606.ENSP00000394734	CCNL1	CLK1	9606	0.568	0	0	0	0.535	0	0	0.11
9606.ENSP00000296577	9606.ENSP00000315017	ABCE1	MRPL1	9606	0.419	0	0	0	0.374	0.061	0	0.091
9606.ENSP00000296577	9606.ENSP00000358272	ABCE1	NDUFAF4	9606	0.429	0	0	0	0.227	0.292	0	0
9606.ENSP00000296577	9606.ENSP00000369162	ABCE1	RIOK1	9606	0.432	0.042	0	0	0.155	0	0	0.354
9606.ENSP00000296577	9606.ENSP00000384302	ABCE1	WDR43	9606	0.458	0	0	0	0.381	0.097	0	0.108
9606.ENSP00000296577	9606.ENSP00000497274	ABCE1	ABCC2	9606	0.458	0	0	0	0.056	0	0	0.449
9606.ENSP00000296577	9606.ENSP00000371858	ABCE1	NOP2	9606	0.465	0	0	0	0.406	0.086	0	0.094
9606.ENSP00000296577	9606.ENSP00000329715	ABCE1	DRG1	9606	0.465	0	0	0	0.408	0	0	0.133
9606.ENSP00000296577	9606.ENSP00000327179	ABCE1	UTP4	9606	0.507	0	0	0	0.386	0	0	0.229
9606.ENSP00000296577	9606.ENSP00000346120	ABCE1	DDX21	9606	0.557	0	0	0	0.523	0.073	0	0.08
9606.ENSP00000296577	9606.ENSP00000360412	ABCE1	NOC3L	9606	0.576	0	0	0	0.514	0.099	0	0.108
9606.ENSP00000296577	9606.ENSP00000417559	ABCE1	NMD3	9606	0.58	0	0	0	0.461	0	0	0.252
9606.ENSP00000296577	9606.ENSP00000368565	ABCE1	DNAJC2	9606	0.596	0	0	0	0.265	0	0	0.472
9606.ENSP00000296577	9606.ENSP00000446184	ABCE1	RRP12	9606	0.62	0	0	0	0.342	0.292	0	0.25
9606.ENSP00000296577	9606.ENSP00000402338	ABCE1	RPF2	9606	0.65	0	0	0	0.634	0	0	0.081
9606.ENSP00000296577	9606.ENSP00000296792	ABCE1	UTP15	9606	0.685	0	0	0	0.676	0	0	0.067
9606.ENSP00000296577	9606.ENSP00000478783	ABCE1	LTN1	9606	0.789	0	0	0	0.149	0	0	0.762
9606.ENSP00000296577	9606.ENSP00000356548	ABCE1	LTV1	9606	0.801	0	0	0	0.705	0.095	0	0.317
9606.ENSP00000296577	9606.ENSP00000419449	ABCE1	EIF1	9606	0.983	0	0	0	0.112	0.902	0	0.825
9606.ENSP00000296792	9606.ENSP00000496044	UTP15	POLR1C	9606	0.413	0	0	0	0.413	0	0	0
9606.ENSP00000296792	9606.ENSP00000360412	UTP15	NOC3L	9606	0.481	0	0	0	0.481	0	0	0
9606.ENSP00000296792	9606.ENSP00000371858	UTP15	NOP2	9606	0.501	0	0	0	0.381	0.098	0	0.179
9606.ENSP00000296792	9606.ENSP00000314348	UTP15	DDX10	9606	0.525	0	0.077	0	0.347	0.091	0	0.234
9606.ENSP00000296792	9606.ENSP00000368887	UTP15	PAK1IP1	9606	0.543	0	0	0.27	0.399	0	0	0
9606.ENSP00000296792	9606.ENSP00000341324	UTP15	SRFBP1	9606	0.603	0	0	0	0.428	0.302	0	0.087
9606.ENSP00000296792	9606.ENSP00000355471	UTP15	TFB2M	9606	0.667	0	0	0	0.425	0.401	0	0.112
9606.ENSP00000296792	9606.ENSP00000417559	UTP15	NMD3	9606	0.709	0	0	0	0.629	0	0	0.247
9606.ENSP00000296792	9606.ENSP00000356548	UTP15	LTV1	9606	0.712	0	0	0	0.633	0	0	0.248
9606.ENSP00000296792	9606.ENSP00000446184	UTP15	RRP12	9606	0.724	0	0	0	0.623	0.281	0	0.064
9606.ENSP00000296792	9606.ENSP00000402338	UTP15	RPF2	9606	0.74	0	0	0	0.732	0	0	0.068
9606.ENSP00000296792	9606.ENSP00000364037	UTP15	TEX10	9606	0.757	0	0	0	0.447	0	0.5	0.191
9606.ENSP00000296792	9606.ENSP00000333948	UTP15	RPS19BP1	9606	0.803	0	0	0	0.06	0.8	0	0
9606.ENSP00000296792	9606.ENSP00000419005	UTP15	UTP25	9606	0.821	0	0	0	0.39	0	0.5	0.46
9606.ENSP00000296792	9606.ENSP00000479504	UTP15	DDX52	9606	0.824	0	0	0	0.401	0.073	0.5	0.44
9606.ENSP00000296792	9606.ENSP00000483495	UTP15	DDX27	9606	0.83	0	0.001	0	0.816	0.091	0	0.065
9606.ENSP00000296792	9606.ENSP00000377944	UTP15	UTP14A	9606	0.995	0	0	0	0.37	0.961	0.5	0.703
9606.ENSP00000296792	9606.ENSP00000384302	UTP15	WDR43	9606	0.999	0	0	0	0.706	0.995	0.8	0.981
9606.ENSP00000296792	9606.ENSP00000327179	UTP15	UTP4	9606	0.999	0	0	0	0.712	0.997	0.8	0.981
9606.ENSP00000296792	9606.ENSP00000363746	UTP15	WDR46	9606	0.999	0	0	0	0.69	0.991	0.5	0.615
9606.ENSP00000297071	9606.ENSP00000316948	TRA2A	CLK4	9606	0.412	0	0	0	0.144	0.099	0	0.298
9606.ENSP00000297071	9606.ENSP00000435210	TRA2A	BCLAF1	9606	0.429	0	0	0	0.274	0.046	0	0.241
9606.ENSP00000297071	9606.ENSP00000349748	TRA2A	SFPQ	9606	0.44	0	0	0	0.193	0.071	0	0.312
9606.ENSP00000297071	9606.ENSP00000359216	TRA2A	PTBP2	9606	0.442	0	0	0	0.071	0.05	0	0.418
9606.ENSP00000297071	9606.ENSP00000480421	TRA2A	SRRT	9606	0.497	0	0	0	0.205	0.317	0	0.147
9606.ENSP00000297071	9606.ENSP00000348010	TRA2A	PRPF39	9606	0.517	0	0	0	0.278	0.212	0	0.218
9606.ENSP00000297071	9606.ENSP00000386023	TRA2A	BUD31	9606	0.53	0	0	0	0.099	0.417	0	0.176
9606.ENSP00000297071	9606.ENSP00000358799	TRA2A	RBM15	9606	0.559	0	0	0	0.063	0.055	0	0.542
9606.ENSP00000297071	9606.ENSP00000330188	TRA2A	RSRC2	9606	0.617	0	0	0	0.2	0	0	0.54
9606.ENSP00000297071	9606.ENSP00000463982	TRA2A	YTHDC1	9606	0.764	0	0	0	0.24	0.637	0	0.213
9606.ENSP00000297071	9606.ENSP00000394734	TRA2A	CLK1	9606	0.799	0	0	0	0.192	0.712	0	0.207
9606.ENSP00000297071	9606.ENSP00000416959	TRA2A	TRA2B	9606	0.876	0	0	0.062	0.309	0.818	0	0.078
9606.ENSP00000297071	9606.ENSP00000362820	TRA2A	SRSF3	9606	0.896	0	0	0	0.423	0.532	0	0.645
9606.ENSP00000297435	9606.ENSP00000466090	DEFA4	ELANE	9606	0.999	0	0	0	0.999	0.071	0	0.507
9606.ENSP00000298281	9606.ENSP00000438993	PCF11	ZCCHC8	9606	0.43	0	0	0	0.333	0	0	0.18
9606.ENSP00000298281	9606.ENSP00000379847	PCF11	ZNF143	9606	0.507	0	0	0	0.208	0	0.4	0.047
9606.ENSP00000298281	9606.ENSP00000480421	PCF11	SRRT	9606	0.632	0	0	0	0.126	0	0.4	0.356
9606.ENSP00000298281	9606.ENSP00000362820	PCF11	SRSF3	9606	0.635	0	0	0	0.113	0	0.5	0.244
9606.ENSP00000298281	9606.ENSP00000463982	PCF11	YTHDC1	9606	0.648	0	0	0	0.203	0.514	0	0.164
9606.ENSP00000298281	9606.ENSP00000310260	PCF11	INTS6	9606	0.649	0	0	0	0.277	0	0.4	0.256
9606.ENSP00000298281	9606.ENSP00000357679	PCF11	CHTOP	9606	0.682	0	0	0	0.083	0	0.5	0.362
9606.ENSP00000298281	9606.ENSP00000436679	PCF11	NXF1	9606	0.726	0	0	0	0.124	0.21	0	0.635
9606.ENSP00000298281	9606.ENSP00000413098	PCF11	SCAF8	9606	0.964	0	0	0	0.502	0.171	0.54	0.834
9606.ENSP00000298428	9606.ENSP00000466379	SEC61A2	GET3	9606	0.406	0	0	0	0	0.108	0	0.361
9606.ENSP00000298428	9606.ENSP00000367203	SEC61A2	KDM6A	9606	0.513	0.046	0	0	0.406	0.064	0	0.191
9606.ENSP00000298428	9606.ENSP00000434729	SEC61A2	ATP6V0B	9606	0.563	0.059	0	0	0.507	0	0	0.135
9606.ENSP00000298428	9606.ENSP00000496044	SEC61A2	POLR1C	9606	0.785	0.111	0	0	0.691	0	0	0.281
9606.ENSP00000298428	9606.ENSP00000315017	SEC61A2	MRPL1	9606	0.87	0.102	0	0	0.66	0.508	0	0.24
9606.ENSP00000298510	9606.ENSP00000307786	PRDX3	CYCS	9606	0.804	0	0	0	0.158	0	0	0.777
9606.ENSP00000298573	9606.ENSP00000306245	DUSP16	FOS	9606	0.405	0	0	0	0.074	0.14	0	0.313
9606.ENSP00000298573	9606.ENSP00000355866	DUSP16	DUSP10	9606	0.415	0	0	0	0	0	0	0.415
9606.ENSP00000298573	9606.ENSP00000380530	DUSP16	DUSP8	9606	0.454	0	0	0	0.06	0.079	0	0.421
9606.ENSP00000298573	9606.ENSP00000360266	DUSP16	JUN	9606	0.539	0	0	0	0.087	0.111	0	0.477
9606.ENSP00000300035	9606.ENSP00000328228	PCLAF	CDCA2	9606	0.425	0	0	0	0.362	0	0	0.137
9606.ENSP00000300035	9606.ENSP00000300093	PCLAF	PLK1	9606	0.436	0	0	0	0.258	0	0	0.271
9606.ENSP00000300035	9606.ENSP00000320147	PCLAF	EZH2	9606	0.525	0	0	0	0.349	0	0	0.3
9606.ENSP00000300035	9606.ENSP00000496832	PCLAF	ISG15	9606	0.57	0	0	0	0.068	0	0.5	0.152
9606.ENSP00000300035	9606.ENSP00000335357	PCLAF	CDKN3	9606	0.635	0	0	0	0.578	0	0	0.171
9606.ENSP00000300035	9606.ENSP00000355958	PCLAF	DTL	9606	0.794	0	0	0	0.734	0	0	0.256
9606.ENSP00000300035	9606.ENSP00000315644	PCLAF	TYMS	9606	0.859	0	0	0	0.793	0	0	0.349
9606.ENSP00000300035	9606.ENSP00000353770	PCLAF	RRM2	9606	0.907	0	0	0	0.814	0	0	0.519
9606.ENSP00000300035	9606.ENSP00000363055	PCLAF	ZWINT	9606	0.913	0	0	0	0.785	0	0	0.615
9606.ENSP00000300035	9606.ENSP00000499238	PCLAF	NUSAP1	9606	0.914	0	0	0	0.801	0	0	0.588
9606.ENSP00000300035	9606.ENSP00000411532	PCLAF	TOP2A	9606	0.92	0	0	0	0.832	0	0	0.545
9606.ENSP00000300035	9606.ENSP00000301633	PCLAF	BIRC5	9606	0.93	0	0	0	0.82	0	0	0.629
9606.ENSP00000300086	9606.ENSP00000300093	TERF2IP	PLK1	9606	0.483	0	0	0	0.056	0.095	0	0.443
9606.ENSP00000300086	9606.ENSP00000372689	TERF2IP	STAG1	9606	0.516	0	0	0	0.072	0	0.5	0
9606.ENSP00000300086	9606.ENSP00000476136	TERF2IP	H2BC11	9606	0.546	0	0	0	0	0.091	0.5	0.082
9606.ENSP00000300086	9606.ENSP00000358151	TERF2IP	H2BC21	9606	0.555	0	0	0	0.061	0.091	0.5	0.082
9606.ENSP00000300086	9606.ENSP00000367022	TERF2IP	H2AC6	9606	0.595	0	0	0	0.049	0.095	0.5	0.171
9606.ENSP00000300086	9606.ENSP00000310520	TERF2IP	ERCC4	9606	0.652	0	0	0	0.072	0.129	0	0.605
9606.ENSP00000300093	9606.ENSP00000355958	PLK1	DTL	9606	0.4	0	0	0	0.269	0	0	0.213
9606.ENSP00000300093	9606.ENSP00000360266	PLK1	JUN	9606	0.43	0	0	0	0	0.131	0	0.371
9606.ENSP00000300093	9606.ENSP00000410818	PLK1	MAD2L1BP	9606	0.437	0	0	0	0.083	0.292	0	0.203
9606.ENSP00000300093	9606.ENSP00000407586	PLK1	HRAS	9606	0.451	0	0	0	0.062	0.218	0	0.312
9606.ENSP00000300093	9606.ENSP00000315644	PLK1	TYMS	9606	0.474	0	0	0	0.253	0	0	0.325
9606.ENSP00000300093	9606.ENSP00000320147	PLK1	EZH2	9606	0.508	0	0	0	0.203	0.061	0	0.396
9606.ENSP00000300093	9606.ENSP00000438483	PLK1	KPNA2	9606	0.508	0	0	0	0.335	0.095	0	0.248
9606.ENSP00000300093	9606.ENSP00000367022	PLK1	H2AC6	9606	0.535	0	0	0	0.06	0	0.5	0.091
9606.ENSP00000300093	9606.ENSP00000369614	PLK1	CNTROB	9606	0.581	0	0	0	0.08	0.223	0	0.46
9606.ENSP00000300093	9606.ENSP00000451812	PLK1	LIN52	9606	0.658	0	0	0	0	0	0.5	0.344
9606.ENSP00000300093	9606.ENSP00000476136	PLK1	H2BC11	9606	0.69	0	0	0	0.093	0	0.5	0.372
9606.ENSP00000300093	9606.ENSP00000358151	PLK1	H2BC21	9606	0.722	0	0	0	0.074	0	0.5	0.448
9606.ENSP00000300093	9606.ENSP00000328228	PLK1	CDCA2	9606	0.723	0	0	0	0.558	0	0	0.399
9606.ENSP00000300093	9606.ENSP00000372689	PLK1	STAG1	9606	0.761	0	0	0	0.116	0.236	0.5	0.377
9606.ENSP00000300093	9606.ENSP00000310520	PLK1	ERCC4	9606	0.769	0	0	0	0.088	0.629	0	0.371
9606.ENSP00000300093	9606.ENSP00000335357	PLK1	CDKN3	9606	0.771	0	0	0	0.429	0.405	0	0.38
9606.ENSP00000300093	9606.ENSP00000499238	PLK1	NUSAP1	9606	0.811	0	0	0	0.502	0	0	0.637
9606.ENSP00000300093	9606.ENSP00000325074	PLK1	PPP2R2A	9606	0.815	0	0	0	0.049	0.515	0	0.631
9606.ENSP00000300093	9606.ENSP00000418447	PLK1	PPP2CA	9606	0.824	0	0	0	0.049	0.493	0.5	0.359
9606.ENSP00000300093	9606.ENSP00000353770	PLK1	RRM2	9606	0.873	0	0	0	0.478	0.329	0	0.667
9606.ENSP00000300093	9606.ENSP00000376297	PLK1	DYNLL1	9606	0.894	0	0	0	0.049	0	0.8	0.492
9606.ENSP00000300093	9606.ENSP00000363055	PLK1	ZWINT	9606	0.93	0	0	0	0.302	0	0.8	0.544
9606.ENSP00000300093	9606.ENSP00000411532	PLK1	TOP2A	9606	0.931	0	0	0	0.612	0.292	0	0.768
9606.ENSP00000300093	9606.ENSP00000301633	PLK1	BIRC5	9606	0.98	0	0	0	0.852	0	0.5	0.756
9606.ENSP00000301633	9606.ENSP00000303315	BIRC5	JUNB	9606	0.41	0	0	0	0	0	0.4	0.057
9606.ENSP00000301633	9606.ENSP00000458954	BIRC5	NUP88	9606	0.416	0	0	0	0.067	0	0.4	0
9606.ENSP00000301633	9606.ENSP00000437550	BIRC5	LATS1	9606	0.425	0	0	0	0.06	0	0	0.414
9606.ENSP00000301633	9606.ENSP00000411256	BIRC5	GABARAPL1	9606	0.457	0	0	0	0	0	0	0.457
9606.ENSP00000301633	9606.ENSP00000383178	BIRC5	DIAPH3	9606	0.505	0	0	0	0.416	0	0	0.187
9606.ENSP00000301633	9606.ENSP00000360266	BIRC5	JUN	9606	0.51	0	0	0	0	0	0	0.51
9606.ENSP00000301633	9606.ENSP00000320147	BIRC5	EZH2	9606	0.567	0	0	0	0.356	0.051	0	0.349
9606.ENSP00000301633	9606.ENSP00000355958	BIRC5	DTL	9606	0.588	0	0	0	0.524	0	0	0.17
9606.ENSP00000301633	9606.ENSP00000306245	BIRC5	FOS	9606	0.607	0	0	0	0	0.067	0.4	0.355
9606.ENSP00000301633	9606.ENSP00000328228	BIRC5	CDCA2	9606	0.658	0	0	0	0.518	0	0	0.321
9606.ENSP00000301633	9606.ENSP00000438483	BIRC5	KPNA2	9606	0.818	0	0	0	0.716	0	0	0.386
9606.ENSP00000301633	9606.ENSP00000315644	BIRC5	TYMS	9606	0.862	0	0	0	0.616	0	0	0.657
9606.ENSP00000301633	9606.ENSP00000335357	BIRC5	CDKN3	9606	0.887	0	0	0	0.848	0.09	0	0.248
9606.ENSP00000301633	9606.ENSP00000353770	BIRC5	RRM2	9606	0.895	0	0	0	0.758	0	0	0.584
9606.ENSP00000301633	9606.ENSP00000363055	BIRC5	ZWINT	9606	0.917	0	0	0	0.77	0	0	0.657
9606.ENSP00000301633	9606.ENSP00000499238	BIRC5	NUSAP1	9606	0.953	0	0	0	0.837	0	0	0.724
9606.ENSP00000301633	9606.ENSP00000411532	BIRC5	TOP2A	9606	0.976	0	0	0	0.868	0	0	0.828
9606.ENSP00000303315	9606.ENSP00000362179	JUNB	ZC3H12A	9606	0.47	0	0	0	0.441	0	0	0.091
9606.ENSP00000303315	9606.ENSP00000442060	JUNB	MAFF	9606	0.498	0	0	0	0.271	0.073	0	0.316
9606.ENSP00000303315	9606.ENSP00000448665	JUNB	DDIT3	9606	0.504	0	0	0	0.081	0.36	0	0.225
9606.ENSP00000303315	9606.ENSP00000344352	JUNB	ATF3	9606	0.964	0	0	0	0.404	0.774	0	0.754
9606.ENSP00000303315	9606.ENSP00000360266	JUNB	JUN	9606	0.999	0	0	0	0.543	0.639	0.9	0.983
9606.ENSP00000303315	9606.ENSP00000306245	JUNB	FOS	9606	0.999	0	0	0	0.809	0.907	0.9	0.995
9606.ENSP00000303575	9606.ENSP00000398882	NUDT9	DOHH	9606	0.402	0	0.341	0	0.047	0	0	0.125
9606.ENSP00000303575	9606.ENSP00000466379	NUDT9	GET3	9606	0.423	0	0	0	0.055	0.415	0	0
9606.ENSP00000305494	9606.ENSP00000417559	SPATA5L1	NMD3	9606	0.515	0	0	0	0.113	0.397	0	0.166
9606.ENSP00000305494	9606.ENSP00000350704	SPATA5L1	C1orf109	9606	0.836	0	0	0	0.072	0.75	0	0.353
9606.ENSP00000306245	9606.ENSP00000354822	FOS	XAF1	9606	0.402	0	0	0	0.046	0.096	0	0.362
9606.ENSP00000306245	9606.ENSP00000380530	FOS	DUSP8	9606	0.413	0	0	0	0.074	0.14	0	0.322
9606.ENSP00000306245	9606.ENSP00000369127	FOS	DNAJA1	9606	0.448	0	0	0	0.048	0.105	0	0.405
9606.ENSP00000306245	9606.ENSP00000419060	FOS	BRAF	9606	0.46	0	0	0	0	0.096	0	0.427
9606.ENSP00000306245	9606.ENSP00000355866	FOS	DUSP10	9606	0.48	0	0	0	0.094	0.14	0	0.386
9606.ENSP00000306245	9606.ENSP00000307786	FOS	CYCS	9606	0.485	0	0	0	0	0	0	0.485
9606.ENSP00000306245	9606.ENSP00000381601	FOS	MX1	9606	0.536	0	0	0	0.099	0.065	0	0.494
9606.ENSP00000306245	9606.ENSP00000367022	FOS	H2AC6	9606	0.547	0	0	0	0.07	0.054	0.5	0.091
9606.ENSP00000306245	9606.ENSP00000496832	FOS	ISG15	9606	0.547	0	0	0	0	0.066	0	0.535
9606.ENSP00000306245	9606.ENSP00000356832	FOS	SGK1	9606	0.555	0	0	0	0.221	0.071	0	0.435
9606.ENSP00000306245	9606.ENSP00000312988	FOS	NFKBIB	9606	0.567	0	0	0	0	0.053	0	0.561
9606.ENSP00000306245	9606.ENSP00000320147	FOS	EZH2	9606	0.567	0	0	0	0.05	0.07	0	0.55
9606.ENSP00000306245	9606.ENSP00000360869	FOS	IFIT1	9606	0.569	0	0	0	0.084	0.078	0	0.53
9606.ENSP00000306245	9606.ENSP00000476136	FOS	H2BC11	9606	0.583	0	0	0	0	0.072	0.5	0.175
9606.ENSP00000306245	9606.ENSP00000335357	FOS	CDKN3	9606	0.607	0	0	0	0.055	0.094	0	0.578
9606.ENSP00000306245	9606.ENSP00000486891	FOS	TCF7L2	9606	0.614	0	0	0	0.047	0.099	0	0.586
9606.ENSP00000306245	9606.ENSP00000358151	FOS	H2BC21	9606	0.696	0	0	0	0.084	0.072	0.5	0.37
9606.ENSP00000306245	9606.ENSP00000407586	FOS	HRAS	9606	0.763	0	0	0	0.056	0.097	0	0.744
9606.ENSP00000306245	9606.ENSP00000356920	FOS	DUSP12	9606	0.791	0	0	0	0.074	0.104	0	0.768
9606.ENSP00000306245	9606.ENSP00000442060	FOS	MAFF	9606	0.847	0	0	0	0.183	0.286	0	0.76
9606.ENSP00000306245	9606.ENSP00000448665	FOS	DDIT3	9606	0.905	0	0	0	0.09	0.844	0	0.385
9606.ENSP00000306245	9606.ENSP00000344352	FOS	ATF3	9606	0.994	0	0	0	0.47	0.353	0	0.984
9606.ENSP00000306245	9606.ENSP00000360266	FOS	JUN	9606	0.999	0	0	0	0.69	0.999	0.9	0.999
9606.ENSP00000306682	9606.ENSP00000419060	PPM1D	BRAF	9606	0.427	0	0	0	0.044	0.107	0	0.383
9606.ENSP00000306682	9606.ENSP00000438483	PPM1D	KPNA2	9606	0.496	0	0	0	0.103	0.311	0	0.25
9606.ENSP00000306887	9606.ENSP00000315017	TMEM126A	MRPL1	9606	0.44	0	0	0	0.44	0	0	0
9606.ENSP00000306887	9606.ENSP00000358272	TMEM126A	NDUFAF4	9606	0.504	0	0	0	0.194	0	0	0.41
9606.ENSP00000307786	9606.ENSP00000419060	CYCS	BRAF	9606	0.402	0	0	0	0	0.045	0	0.4
9606.ENSP00000307786	9606.ENSP00000335357	CYCS	CDKN3	9606	0.415	0	0	0	0.083	0	0	0.388
9606.ENSP00000307786	9606.ENSP00000355471	CYCS	TFB2M	9606	0.443	0	0	0	0.146	0	0	0.375
9606.ENSP00000307786	9606.ENSP00000356256	CYCS	TIMM17A	9606	0.444	0	0	0	0.193	0	0	0.338
9606.ENSP00000307786	9606.ENSP00000344504	CYCS	H1-0	9606	0.548	0	0	0	0.049	0	0	0.544
9606.ENSP00000307786	9606.ENSP00000411256	CYCS	GABARAPL1	9606	0.55	0	0	0	0.129	0	0	0.504
9606.ENSP00000307786	9606.ENSP00000358151	CYCS	H2BC21	9606	0.57	0	0	0	0.05	0	0	0.566
9606.ENSP00000307786	9606.ENSP00000355574	CYCS	COA6	9606	0.62	0	0	0	0.228	0.302	0	0.352
9606.ENSP00000307786	9606.ENSP00000448665	CYCS	DDIT3	9606	0.628	0	0	0	0.06	0	0	0.621
9606.ENSP00000307786	9606.ENSP00000394734	CYCS	CLK1	9606	0.809	0	0	0	0	0	0	0.809
9606.ENSP00000307786	9606.ENSP00000370139	CYCS	HCCS	9606	0.825	0	0	0	0.208	0.19	0	0.749
9606.ENSP00000307786	9606.ENSP00000360266	CYCS	JUN	9606	0.829	0	0	0	0.063	0	0	0.825
9606.ENSP00000308461	9606.ENSP00000383178	RND1	DIAPH3	9606	0.404	0	0	0	0.074	0.179	0	0.279
9606.ENSP00000308461	9606.ENSP00000386229	RND1	RGS14	9606	0.411	0	0	0	0.059	0.294	0	0.182
9606.ENSP00000308461	9606.ENSP00000362179	RND1	ZC3H12A	9606	0.439	0	0	0	0.182	0	0	0.343
9606.ENSP00000308461	9606.ENSP00000407586	RND1	HRAS	9606	0.471	0	0	0	0.055	0.095	0	0.432
9606.ENSP00000310219	9606.ENSP00000344352	HSPA6	ATF3	9606	0.415	0	0	0	0.121	0.085	0	0.331
9606.ENSP00000310219	9606.ENSP00000458954	HSPA6	NUP88	9606	0.429	0	0	0	0.058	0	0.4	0.071
9606.ENSP00000310219	9606.ENSP00000320650	HSPA6	DNAJC25	9606	0.507	0.041	0	0	0.236	0.142	0.162	0.209
9606.ENSP00000310219	9606.ENSP00000360869	HSPA6	IFIT1	9606	0.535	0	0	0	0.072	0.132	0	0.469
9606.ENSP00000310219	9606.ENSP00000367623	HSPA6	HSPA14	9606	0.604	0	0	0.109	0.065	0	0.5	0.162
9606.ENSP00000310219	9606.ENSP00000487365	HSPA6	HSPH1	9606	0.727	0	0	0.163	0.256	0.241	0.4	0.186
9606.ENSP00000310219	9606.ENSP00000368565	HSPA6	DNAJC2	9606	0.8	0	0	0	0.198	0.504	0.4	0.264
9606.ENSP00000310219	9606.ENSP00000489189	HSPA6	BAG1	9606	0.832	0	0	0	0	0.625	0.4	0.313
9606.ENSP00000310219	9606.ENSP00000338019	HSPA6	DNAJB2	9606	0.858	0.041	0	0.364	0.251	0.504	0.162	0.393
9606.ENSP00000310219	9606.ENSP00000369127	HSPA6	DNAJA1	9606	0.894	0.041	0	0.391	0.313	0.464	0.162	0.526
9606.ENSP00000310260	9606.ENSP00000370139	INTS6	HCCS	9606	0.402	0	0	0	0.054	0	0	0.394
9606.ENSP00000310260	9606.ENSP00000418447	INTS6	PPP2CA	9606	0.999	0	0	0	0.065	0.999	0	0.085
9606.ENSP00000310596	9606.ENSP00000314348	LSM1	DDX10	9606	0.431	0	0	0	0.058	0.272	0	0.236
9606.ENSP00000310596	9606.ENSP00000315379	LSM1	PRPF3	9606	0.584	0	0	0	0.054	0.427	0	0.295
9606.ENSP00000311977	9606.ENSP00000446184	DUS3L	RRP12	9606	0.422	0	0	0	0.422	0	0	0
9606.ENSP00000311977	9606.ENSP00000483495	DUS3L	DDX27	9606	0.424	0.042	0	0	0.392	0.056	0	0.077
9606.ENSP00000311977	9606.ENSP00000398882	DUS3L	DOHH	9606	0.432	0	0	0	0.336	0	0	0.181
9606.ENSP00000311977	9606.ENSP00000417559	DUS3L	NMD3	9606	0.433	0	0	0	0.219	0	0	0.304
9606.ENSP00000311977	9606.ENSP00000367406	DUS3L	TAF2	9606	0.457	0	0.449	0	0.056	0	0	0
9606.ENSP00000311977	9606.ENSP00000321810	DUS3L	TRIT1	9606	0.472	0.057	0	0	0.088	0.079	0	0.411
9606.ENSP00000311977	9606.ENSP00000371858	DUS3L	NOP2	9606	0.564	0	0	0	0.43	0.056	0	0.254
9606.ENSP00000312326	9606.ENSP00000351059	AOC3	CX3CR1	9606	0.4	0	0	0	0	0	0	0.4
9606.ENSP00000312326	9606.ENSP00000358151	AOC3	H2BC21	9606	0.434	0	0	0	0	0	0	0.434
9606.ENSP00000312411	9606.ENSP00000367346	PPM1E	NDUFAF5	9606	0.431	0	0	0	0.047	0.425	0	0.046
9606.ENSP00000312599	9606.ENSP00000397673	TMEM70	ALKBH8	9606	0.409	0	0	0	0	0	0	0.409
9606.ENSP00000312599	9606.ENSP00000367346	TMEM70	NDUFAF5	9606	0.434	0	0	0	0.07	0	0	0.417
9606.ENSP00000312599	9606.ENSP00000355574	TMEM70	COA6	9606	0.494	0	0	0	0.144	0	0	0.432
9606.ENSP00000312599	9606.ENSP00000358272	TMEM70	NDUFAF4	9606	0.643	0	0	0	0.16	0.088	0	0.571
9606.ENSP00000312988	9606.ENSP00000418447	NFKBIB	PPP2CA	9606	0.416	0	0	0	0.042	0.127	0	0.358
9606.ENSP00000312988	9606.ENSP00000360266	NFKBIB	JUN	9606	0.637	0	0	0	0.051	0	0	0.634
9606.ENSP00000314348	9606.ENSP00000355471	DDX10	TFB2M	9606	0.596	0.042	0	0	0.546	0.054	0	0.133
9606.ENSP00000314348	9606.ENSP00000346120	DDX10	DDX21	9606	0.629	0	0	0.165	0.431	0	0	0.28
9606.ENSP00000314348	9606.ENSP00000419005	DDX10	UTP25	9606	0.645	0	0	0	0.603	0	0	0.142
9606.ENSP00000314348	9606.ENSP00000369162	DDX10	RIOK1	9606	0.645	0.041	0	0	0.6	0	0	0.149
9606.ENSP00000314348	9606.ENSP00000318966	DDX10	PINX1	9606	0.663	0	0	0	0.617	0.129	0	0.071
9606.ENSP00000314348	9606.ENSP00000327179	DDX10	UTP4	9606	0.674	0	0	0	0.636	0.091	0	0.093
9606.ENSP00000314348	9606.ENSP00000417559	DDX10	NMD3	9606	0.684	0	0	0	0.577	0.066	0	0.264
9606.ENSP00000314348	9606.ENSP00000364037	DDX10	TEX10	9606	0.694	0	0	0	0.622	0.066	0	0.201
9606.ENSP00000314348	9606.ENSP00000371858	DDX10	NOP2	9606	0.717	0	0	0	0.643	0.147	0	0.145
9606.ENSP00000314348	9606.ENSP00000341324	DDX10	SRFBP1	9606	0.843	0.042	0	0	0.149	0.784	0	0.213
9606.ENSP00000314348	9606.ENSP00000356548	DDX10	LTV1	9606	0.861	0	0	0	0.695	0.424	0	0.276
9606.ENSP00000314348	9606.ENSP00000363746	DDX10	WDR46	9606	0.88	0	0	0	0.837	0.188	0	0.168
9606.ENSP00000314348	9606.ENSP00000402338	DDX10	RPF2	9606	0.882	0	0	0	0.833	0.211	0	0.18
9606.ENSP00000314348	9606.ENSP00000483495	DDX10	DDX27	9606	0.885	0	0	0.148	0.833	0	0	0.256
9606.ENSP00000314348	9606.ENSP00000360412	DDX10	NOC3L	9606	0.901	0	0	0	0.854	0.294	0	0.116
9606.ENSP00000314348	9606.ENSP00000446184	DDX10	RRP12	9606	0.901	0	0	0	0.858	0.114	0	0.281
9606.ENSP00000314348	9606.ENSP00000479504	DDX10	DDX52	9606	0.91	0	0	0.158	0.847	0.053	0	0.351
9606.ENSP00000314348	9606.ENSP00000384302	DDX10	WDR43	9606	0.938	0	0	0	0.905	0.302	0	0.137
9606.ENSP00000314348	9606.ENSP00000377944	DDX10	UTP14A	9606	0.969	0	0	0	0.704	0.84	0	0.411
9606.ENSP00000314608	9606.ENSP00000401878	KLHL11	KBTBD8	9606	0.459	0	0	0	0.062	0.109	0.4	0.05
9606.ENSP00000314619	9606.ENSP00000492024	ZFAND2A	PAX6	9606	0.575	0	0	0	0	0.071	0	0.562
9606.ENSP00000315017	9606.ENSP00000496832	MRPL1	ISG15	9606	0.401	0	0	0	0.122	0.302	0	0.101
9606.ENSP00000315017	9606.ENSP00000360412	MRPL1	NOC3L	9606	0.425	0	0	0	0.22	0.294	0	0
9606.ENSP00000315017	9606.ENSP00000387006	MRPL1	CWC22	9606	0.438	0	0	0	0.181	0	0	0.342
9606.ENSP00000315017	9606.ENSP00000434729	MRPL1	ATP6V0B	9606	0.446	0	0	0	0.358	0	0	0.173
9606.ENSP00000315017	9606.ENSP00000367203	MRPL1	KDM6A	9606	0.489	0	0	0	0.387	0	0	0.202
9606.ENSP00000315017	9606.ENSP00000402338	MRPL1	RPF2	9606	0.512	0	0	0	0.436	0.15	0	0.065
9606.ENSP00000315017	9606.ENSP00000356202	MRPL1	MTRF1L	9606	0.582	0	0	0	0.157	0.435	0	0.193
9606.ENSP00000315017	9606.ENSP00000496044	MRPL1	POLR1C	9606	0.772	0.085	0	0	0.669	0.126	0	0.24
9606.ENSP00000315379	9606.ENSP00000378702	PRPF3	BRD2	9606	0.452	0	0	0	0.083	0.421	0	0.052
9606.ENSP00000315379	9606.ENSP00000483495	PRPF3	DDX27	9606	0.471	0	0	0	0.442	0	0	0.09
9606.ENSP00000315379	9606.ENSP00000387006	PRPF3	CWC22	9606	0.932	0	0	0	0.1	0.094	0.9	0.264
9606.ENSP00000315644	9606.ENSP00000341324	TYMS	SRFBP1	9606	0.42	0.053	0	0	0.308	0	0	0.186
9606.ENSP00000315644	9606.ENSP00000497274	TYMS	ABCC2	9606	0.436	0.054	0	0	0.108	0	0	0.385
9606.ENSP00000315644	9606.ENSP00000419060	TYMS	BRAF	9606	0.445	0	0	0	0	0	0	0.445
9606.ENSP00000315644	9606.ENSP00000355471	TYMS	TFB2M	9606	0.452	0.053	0	0	0.347	0	0	0.186
9606.ENSP00000315644	9606.ENSP00000328228	TYMS	CDCA2	9606	0.463	0	0	0	0.337	0	0	0.222
9606.ENSP00000315644	9606.ENSP00000438483	TYMS	KPNA2	9606	0.5	0	0	0	0.424	0	0	0.167
9606.ENSP00000315644	9606.ENSP00000320147	TYMS	EZH2	9606	0.532	0	0	0	0.36	0	0	0.299
9606.ENSP00000315644	9606.ENSP00000335357	TYMS	CDKN3	9606	0.597	0	0	0	0.496	0	0	0.234
9606.ENSP00000315644	9606.ENSP00000355958	TYMS	DTL	9606	0.713	0	0	0	0.594	0	0	0.321
9606.ENSP00000315644	9606.ENSP00000363055	TYMS	ZWINT	9606	0.845	0	0	0	0.765	0	0	0.37
9606.ENSP00000315644	9606.ENSP00000499238	TYMS	NUSAP1	9606	0.905	0	0	0	0.78	0	0	0.586
9606.ENSP00000315644	9606.ENSP00000353770	TYMS	RRM2	9606	0.939	0	0	0	0.844	0	0	0.628
9606.ENSP00000315644	9606.ENSP00000411532	TYMS	TOP2A	9606	0.96	0.12	0	0	0.78	0	0	0.813
9606.ENSP00000316948	9606.ENSP00000359160	CLK4	TRMT13	9606	0.413	0	0	0	0.413	0	0	0
9606.ENSP00000316948	9606.ENSP00000348010	CLK4	PRPF39	9606	0.414	0	0	0	0.341	0	0	0.148
9606.ENSP00000316948	9606.ENSP00000362820	CLK4	SRSF3	9606	0.449	0	0	0	0.067	0.095	0	0.399
9606.ENSP00000316948	9606.ENSP00000358151	CLK4	H2BC21	9606	0.557	0	0	0	0.058	0	0	0.549
9606.ENSP00000316948	9606.ENSP00000394734	CLK4	CLK1	9606	0.959	0	0	0.051	0.599	0	0.9	0.056
9606.ENSP00000317144	9606.ENSP00000378167	PIBF1	CCDC66	9606	0.409	0	0	0	0.202	0.045	0	0.287
9606.ENSP00000318966	9606.ENSP00000419005	PINX1	UTP25	9606	0.403	0	0	0	0.403	0	0	0
9606.ENSP00000318966	9606.ENSP00000377944	PINX1	UTP14A	9606	0.435	0	0	0	0.435	0	0	0
9606.ENSP00000318966	9606.ENSP00000360412	PINX1	NOC3L	9606	0.452	0	0	0	0.416	0.099	0	0
9606.ENSP00000318966	9606.ENSP00000384302	PINX1	WDR43	9606	0.457	0	0	0	0.422	0.099	0	0
9606.ENSP00000318966	9606.ENSP00000483495	PINX1	DDX27	9606	0.48	0	0	0	0.409	0.129	0	0.071
9606.ENSP00000318966	9606.ENSP00000371858	PINX1	NOP2	9606	0.488	0	0	0	0.427	0.07	0	0.116
9606.ENSP00000318966	9606.ENSP00000479504	PINX1	DDX52	9606	0.547	0	0	0	0.547	0	0	0
9606.ENSP00000318966	9606.ENSP00000369162	PINX1	RIOK1	9606	0.558	0	0	0	0.558	0	0	0
9606.ENSP00000318966	9606.ENSP00000402338	PINX1	RPF2	9606	0.594	0	0	0	0.572	0	0	0.091
9606.ENSP00000318966	9606.ENSP00000356548	PINX1	LTV1	9606	0.699	0	0	0	0.689	0.064	0	0.05
9606.ENSP00000318966	9606.ENSP00000363746	PINX1	WDR46	9606	0.976	0	0	0	0.502	0.954	0	0
9606.ENSP00000319255	9606.ENSP00000360412	CHORDC1	NOC3L	9606	0.484	0	0	0	0.179	0	0	0.397
9606.ENSP00000319255	9606.ENSP00000369127	CHORDC1	DNAJA1	9606	0.494	0	0	0	0.299	0.045	0	0.304
9606.ENSP00000319255	9606.ENSP00000487365	CHORDC1	HSPH1	9606	0.666	0	0	0	0.521	0.066	0	0.312
9606.ENSP00000320147	9606.ENSP00000438483	EZH2	KPNA2	9606	0.411	0	0	0	0.265	0.064	0	0.211
9606.ENSP00000320147	9606.ENSP00000328004	EZH2	YAF2	9606	0.453	0	0	0	0	0.05	0	0.448
9606.ENSP00000320147	9606.ENSP00000349547	EZH2	RASSF1	9606	0.474	0	0	0	0.044	0	0	0.473
9606.ENSP00000320147	9606.ENSP00000355958	EZH2	DTL	9606	0.475	0	0	0	0.427	0	0	0.12
9606.ENSP00000320147	9606.ENSP00000379841	EZH2	GPS2	9606	0.475	0	0	0	0.058	0.096	0.4	0.094
9606.ENSP00000320147	9606.ENSP00000378702	EZH2	BRD2	9606	0.479	0	0	0	0.048	0.071	0	0.458
9606.ENSP00000320147	9606.ENSP00000344352	EZH2	ATF3	9606	0.508	0	0	0	0.05	0.313	0	0.306
9606.ENSP00000320147	9606.ENSP00000363055	EZH2	ZWINT	9606	0.517	0	0	0	0.444	0	0	0.167
9606.ENSP00000320147	9606.ENSP00000335357	EZH2	CDKN3	9606	0.528	0	0	0	0.261	0.053	0	0.38
9606.ENSP00000320147	9606.ENSP00000407586	EZH2	HRAS	9606	0.536	0	0	0	0.048	0.063	0	0.522
9606.ENSP00000320147	9606.ENSP00000379847	EZH2	ZNF143	9606	0.536	0	0	0	0.387	0.095	0	0.23
9606.ENSP00000320147	9606.ENSP00000355656	EZH2	H2AW	9606	0.559	0	0	0	0.042	0.143	0.5	0.053
9606.ENSP00000320147	9606.ENSP00000344504	EZH2	H1-0	9606	0.561	0	0	0	0.044	0.219	0	0.46
9606.ENSP00000320147	9606.ENSP00000349748	EZH2	SFPQ	9606	0.566	0	0	0	0.074	0.091	0	0.526
9606.ENSP00000320147	9606.ENSP00000499238	EZH2	NUSAP1	9606	0.585	0	0	0	0.501	0	0	0.202
9606.ENSP00000320147	9606.ENSP00000419060	EZH2	BRAF	9606	0.622	0	0	0	0.049	0.077	0	0.604
9606.ENSP00000320147	9606.ENSP00000411532	EZH2	TOP2A	9606	0.626	0	0	0	0.428	0	0	0.373
9606.ENSP00000320147	9606.ENSP00000353770	EZH2	RRM2	9606	0.65	0	0	0	0.502	0.091	0	0.29
9606.ENSP00000320147	9606.ENSP00000492024	EZH2	PAX6	9606	0.69	0	0	0	0.063	0.072	0.5	0.372
9606.ENSP00000320147	9606.ENSP00000484789	EZH2	H4C5	9606	0.839	0	0	0	0.057	0.822	0	0.115
9606.ENSP00000320147	9606.ENSP00000360266	EZH2	JUN	9606	0.852	0	0	0	0	0	0.5	0.717
9606.ENSP00000320147	9606.ENSP00000358151	EZH2	H2BC21	9606	0.886	0	0	0	0.064	0.269	0.5	0.706
9606.ENSP00000320147	9606.ENSP00000367022	EZH2	H2AC6	9606	0.908	0	0	0	0.042	0.821	0.5	0.053
9606.ENSP00000320147	9606.ENSP00000476136	EZH2	H2BC11	9606	0.929	0	0	0	0.088	0.82	0.5	0.236
9606.ENSP00000320147	9606.ENSP00000367203	EZH2	KDM6A	9606	0.965	0	0	0	0.075	0.271	0.5	0.91
9606.ENSP00000320566	9606.ENSP00000355656	ING3	H2AW	9606	0.463	0	0	0	0	0.143	0.4	0
9606.ENSP00000320566	9606.ENSP00000367022	ING3	H2AC6	9606	0.465	0	0	0	0.044	0.143	0.4	0
9606.ENSP00000320566	9606.ENSP00000367203	ING3	KDM6A	9606	0.509	0	0	0	0.049	0.229	0	0.384
9606.ENSP00000320566	9606.ENSP00000347602	ING3	ARID4A	9606	0.668	0	0	0	0.142	0.239	0	0.532
9606.ENSP00000320566	9606.ENSP00000384198	ING3	INO80D	9606	0.734	0	0	0	0.065	0.06	0.72	0.048
9606.ENSP00000320566	9606.ENSP00000415436	ING3	KANSL2	9606	0.783	0	0	0	0.074	0	0.72	0.231
9606.ENSP00000320566	9606.ENSP00000497609	ING3	INO80	9606	0.916	0	0	0	0	0.137	0.9	0.115
9606.ENSP00000320650	9606.ENSP00000346120	DNAJC25	DDX21	9606	0.409	0	0	0	0.071	0.374	0	0.065
9606.ENSP00000320650	9606.ENSP00000487365	DNAJC25	HSPH1	9606	0.463	0.041	0	0	0.236	0.142	0.162	0.137
9606.ENSP00000320650	9606.ENSP00000367623	DNAJC25	HSPA14	9606	0.478	0.041	0	0	0.236	0.142	0.162	0.163
9606.ENSP00000320650	9606.ENSP00000368565	DNAJC25	DNAJC2	9606	0.488	0	0	0	0.074	0.076	0	0.449
9606.ENSP00000320658	9606.ENSP00000356202	YARS2	MTRF1L	9606	0.552	0.082	0	0	0.338	0	0	0.321
9606.ENSP00000320658	9606.ENSP00000321810	YARS2	TRIT1	9606	0.61	0	0	0	0.202	0	0	0.532
9606.ENSP00000321810	9606.ENSP00000411532	TRIT1	TOP2A	9606	0.409	0.12	0	0	0.082	0	0	0.328
9606.ENSP00000321810	9606.ENSP00000496044	TRIT1	POLR1C	9606	0.439	0	0	0	0.14	0	0	0.374
9606.ENSP00000321810	9606.ENSP00000355471	TRIT1	TFB2M	9606	0.499	0.07	0	0	0.185	0	0	0.392
9606.ENSP00000321810	9606.ENSP00000397673	TRIT1	ALKBH8	9606	0.582	0	0	0	0.246	0	0	0.469
9606.ENSP00000321810	9606.ENSP00000362135	TRIT1	YRDC	9606	0.728	0.112	0	0	0.083	0	0	0.693
9606.ENSP00000324403	9606.ENSP00000413929	PHF21B	RCOR3	9606	0.799	0	0	0	0.05	0.462	0	0.638
9606.ENSP00000325018	9606.ENSP00000338770	ZNF569	ZNF420	9606	0.413	0	0	0.068	0.375	0.06	0	0.055
9606.ENSP00000325018	9606.ENSP00000379464	ZNF569	ZNF134	9606	0.497	0	0	0.069	0.181	0	0	0.393
9606.ENSP00000325018	9606.ENSP00000358151	ZNF569	H2BC21	9606	0.518	0	0	0	0	0.099	0	0.487
9606.ENSP00000325074	9606.ENSP00000419060	PPP2R2A	BRAF	9606	0.457	0	0	0	0.081	0.303	0	0.219
9606.ENSP00000325074	9606.ENSP00000483228	PPP2R2A	PPP4R3B	9606	0.628	0	0	0	0.114	0	0.54	0.161
9606.ENSP00000325074	9606.ENSP00000418447	PPP2R2A	PPP2CA	9606	0.999	0	0	0	0.195	0.998	0.9	0.983
9606.ENSP00000325326	9606.ENSP00000358151	ZNF335	H2BC21	9606	0.467	0	0	0	0.067	0.099	0	0.417
9606.ENSP00000326200	9606.ENSP00000367406	ZBTB11	TAF2	9606	0.402	0	0	0	0.373	0.073	0	0.054
9606.ENSP00000326200	9606.ENSP00000358799	ZBTB11	RBM15	9606	0.442	0	0	0	0.44	0.045	0	0
9606.ENSP00000326200	9606.ENSP00000413098	ZBTB11	SCAF8	9606	0.459	0	0	0	0.444	0.068	0	0
9606.ENSP00000326200	9606.ENSP00000372689	ZBTB11	STAG1	9606	0.497	0	0	0	0.448	0.127	0	0
9606.ENSP00000326240	9606.ENSP00000355827	MYNN	FBXO28	9606	0.497	0	0	0	0.175	0	0	0.415
9606.ENSP00000327179	9606.ENSP00000346120	UTP4	DDX21	9606	0.411	0	0	0	0.369	0.091	0	0.056
9606.ENSP00000327179	9606.ENSP00000334564	UTP4	POLR3C	9606	0.418	0	0	0	0.418	0	0	0
9606.ENSP00000327179	9606.ENSP00000369162	UTP4	RIOK1	9606	0.442	0	0	0	0.348	0	0	0.179
9606.ENSP00000327179	9606.ENSP00000355471	UTP4	TFB2M	9606	0.58	0	0	0	0.413	0.314	0	0
9606.ENSP00000327179	9606.ENSP00000364037	UTP4	TEX10	9606	0.715	0	0	0	0.344	0	0.5	0.202
9606.ENSP00000327179	9606.ENSP00000483495	UTP4	DDX27	9606	0.722	0	0	0	0.613	0.091	0	0.273
9606.ENSP00000327179	9606.ENSP00000496044	UTP4	POLR1C	9606	0.734	0	0	0	0.716	0	0	0.101
9606.ENSP00000327179	9606.ENSP00000371858	UTP4	NOP2	9606	0.753	0	0	0	0.753	0	0	0
9606.ENSP00000327179	9606.ENSP00000356548	UTP4	LTV1	9606	0.765	0	0	0	0.696	0.161	0	0.153
9606.ENSP00000327179	9606.ENSP00000360412	UTP4	NOC3L	9606	0.812	0	0	0	0.812	0	0	0
9606.ENSP00000327179	9606.ENSP00000333948	UTP4	RPS19BP1	9606	0.813	0	0	0	0.104	0.8	0	0
9606.ENSP00000327179	9606.ENSP00000341324	UTP4	SRFBP1	9606	0.824	0	0	0	0.365	0.388	0.54	0.131
9606.ENSP00000327179	9606.ENSP00000368887	UTP4	PAK1IP1	9606	0.827	0	0	0	0.827	0	0	0
9606.ENSP00000327179	9606.ENSP00000417559	UTP4	NMD3	9606	0.861	0	0	0	0.822	0	0	0.252
9606.ENSP00000327179	9606.ENSP00000419005	UTP4	UTP25	9606	0.886	0	0	0	0.619	0	0.54	0.403
9606.ENSP00000327179	9606.ENSP00000479504	UTP4	DDX52	9606	0.89	0	0	0	0.622	0.309	0.5	0.258
9606.ENSP00000327179	9606.ENSP00000446184	UTP4	RRP12	9606	0.891	0	0	0	0.877	0.095	0	0.102
9606.ENSP00000327179	9606.ENSP00000402338	UTP4	RPF2	9606	0.909	0	0	0	0.882	0.095	0	0.219
9606.ENSP00000327179	9606.ENSP00000377944	UTP4	UTP14A	9606	0.998	0	0	0	0.699	0.966	0.54	0.676
9606.ENSP00000327179	9606.ENSP00000363746	UTP4	WDR46	9606	0.999	0	0	0	0.871	0.991	0.54	0.617
9606.ENSP00000327179	9606.ENSP00000384302	UTP4	WDR43	9606	0.999	0	0	0	0.875	0.998	0.8	0.983
9606.ENSP00000327796	9606.ENSP00000355958	DCAF4L1	DTL	9606	0.554	0	0	0	0	0	0.54	0.071
9606.ENSP00000328004	9606.ENSP00000348489	YAF2	FBRS	9606	0.885	0	0	0	0	0.806	0	0.432
9606.ENSP00000328228	9606.ENSP00000383178	CDCA2	DIAPH3	9606	0.455	0	0	0	0.442	0	0	0.063
9606.ENSP00000328228	9606.ENSP00000353770	CDCA2	RRM2	9606	0.513	0	0	0	0.42	0	0	0.194
9606.ENSP00000328228	9606.ENSP00000355958	CDCA2	DTL	9606	0.517	0	0	0	0.48	0	0	0.11
9606.ENSP00000328228	9606.ENSP00000335357	CDCA2	CDKN3	9606	0.563	0	0	0	0.535	0	0	0.098
9606.ENSP00000328228	9606.ENSP00000363055	CDCA2	ZWINT	9606	0.615	0	0	0	0.449	0	0	0.33
9606.ENSP00000328228	9606.ENSP00000499238	CDCA2	NUSAP1	9606	0.68	0	0	0	0.521	0	0	0.359
9606.ENSP00000328228	9606.ENSP00000438483	CDCA2	KPNA2	9606	0.702	0	0	0	0.26	0.587	0	0.104
9606.ENSP00000328228	9606.ENSP00000411532	CDCA2	TOP2A	9606	0.789	0	0	0	0.707	0	0	0.31
9606.ENSP00000328992	9606.ENSP00000409667	PAXBP1	SYNJ1	9606	0.75	0	0.443	0	0.083	0	0	0.55
9606.ENSP00000329715	9606.ENSP00000496044	DRG1	POLR1C	9606	0.407	0	0	0	0.407	0	0	0
9606.ENSP00000329715	9606.ENSP00000384302	DRG1	WDR43	9606	0.425	0	0	0	0.425	0	0	0
9606.ENSP00000329715	9606.ENSP00000389182	DRG1	RPP30	9606	0.45	0	0	0	0.333	0	0	0.208
9606.ENSP00000329715	9606.ENSP00000402338	DRG1	RPF2	9606	0.498	0	0	0	0.498	0	0	0
9606.ENSP00000329715	9606.ENSP00000368565	DRG1	DNAJC2	9606	0.674	0	0	0	0.21	0.583	0	0.091
9606.ENSP00000329715	9606.ENSP00000367623	DRG1	HSPA14	9606	0.69	0	0	0	0.191	0.626	0	0.055
9606.ENSP00000330188	9606.ENSP00000394734	RSRC2	CLK1	9606	0.421	0	0	0	0.421	0	0	0
9606.ENSP00000330188	9606.ENSP00000413929	RSRC2	RCOR3	9606	0.48	0	0	0	0.076	0	0	0.46
9606.ENSP00000330188	9606.ENSP00000416959	RSRC2	TRA2B	9606	0.481	0	0	0	0.308	0	0	0.281
9606.ENSP00000330188	9606.ENSP00000359042	RSRC2	PRPF38B	9606	0.515	0	0	0	0.515	0	0	0
9606.ENSP00000330188	9606.ENSP00000435210	RSRC2	BCLAF1	9606	0.52	0	0	0	0.52	0	0	0
9606.ENSP00000330188	9606.ENSP00000438993	RSRC2	ZCCHC8	9606	0.599	0	0.292	0	0.186	0	0	0.359
9606.ENSP00000330188	9606.ENSP00000463982	RSRC2	YTHDC1	9606	0.608	0	0	0	0.608	0	0	0
9606.ENSP00000332791	9606.ENSP00000401878	KLHL15	KBTBD8	9606	0.524	0	0	0.215	0.128	0	0.36	0
9606.ENSP00000333948	9606.ENSP00000384302	RPS19BP1	WDR43	9606	0.805	0	0	0	0.065	0.8	0	0
9606.ENSP00000333948	9606.ENSP00000377944	RPS19BP1	UTP14A	9606	0.805	0	0	0	0.067	0.8	0	0
9606.ENSP00000333948	9606.ENSP00000363746	RPS19BP1	WDR46	9606	0.86	0	0	0	0.171	0.8	0	0.228
9606.ENSP00000334564	9606.ENSP00000377944	POLR3C	UTP14A	9606	0.489	0	0	0	0.316	0	0	0.284
9606.ENSP00000334564	9606.ENSP00000438483	POLR3C	KPNA2	9606	0.495	0	0	0	0.05	0.478	0	0.064
9606.ENSP00000334564	9606.ENSP00000483495	POLR3C	DDX27	9606	0.571	0	0	0	0.396	0	0	0.318
9606.ENSP00000334564	9606.ENSP00000379847	POLR3C	ZNF143	9606	0.584	0	0	0	0.076	0.128	0.5	0.089
9606.ENSP00000334564	9606.ENSP00000378736	POLR3C	CRCP	9606	0.999	0	0	0	0.049	0.996	0.54	0.774
9606.ENSP00000334564	9606.ENSP00000496044	POLR3C	POLR1C	9606	0.999	0	0	0	0.385	0.999	0.9	0.666
9606.ENSP00000335357	9606.ENSP00000419060	CDKN3	BRAF	9606	0.409	0	0	0	0	0.092	0	0.376
9606.ENSP00000335357	9606.ENSP00000360266	CDKN3	JUN	9606	0.439	0	0	0	0	0.077	0	0.417
9606.ENSP00000335357	9606.ENSP00000355958	CDKN3	DTL	9606	0.573	0	0	0	0.42	0	0	0.294
9606.ENSP00000335357	9606.ENSP00000363055	CDKN3	ZWINT	9606	0.676	0	0	0	0.639	0	0	0.138
9606.ENSP00000335357	9606.ENSP00000353770	CDKN3	RRM2	9606	0.713	0	0	0	0.651	0	0	0.213
9606.ENSP00000335357	9606.ENSP00000499238	CDKN3	NUSAP1	9606	0.831	0	0	0	0.802	0	0	0.18
9606.ENSP00000335357	9606.ENSP00000411532	CDKN3	TOP2A	9606	0.863	0	0	0	0.8	0	0	0.341
9606.ENSP00000338019	9606.ENSP00000368565	DNAJB2	DNAJC2	9606	0.447	0	0	0	0.068	0.076	0	0.41
9606.ENSP00000338019	9606.ENSP00000489189	DNAJB2	BAG1	9606	0.617	0	0	0	0.055	0	0	0.611
9606.ENSP00000338019	9606.ENSP00000369127	DNAJB2	DNAJA1	9606	0.665	0	0	0.143	0.08	0.163	0	0.551
9606.ENSP00000338019	9606.ENSP00000367623	DNAJB2	HSPA14	9606	0.735	0.041	0	0.366	0.236	0.142	0.162	0.357
9606.ENSP00000338019	9606.ENSP00000487365	DNAJB2	HSPH1	9606	0.76	0.041	0	0.217	0.236	0.142	0.162	0.528
9606.ENSP00000339566	9606.ENSP00000355866	H1-2	DUSP10	9606	0.421	0	0	0	0.047	0	0	0.417
9606.ENSP00000339566	9606.ENSP00000344504	H1-2	H1-0	9606	0.588	0	0	0	0.073	0.164	0.4	0.219
9606.ENSP00000339566	9606.ENSP00000476136	H1-2	H2BC11	9606	0.598	0	0.007	0	0.374	0.116	0	0.332
9606.ENSP00000339566	9606.ENSP00000484789	H1-2	H4C5	9606	0.727	0	0	0	0.314	0.172	0	0.559
9606.ENSP00000339566	9606.ENSP00000367022	H1-2	H2AC6	9606	0.87	0	0.002	0	0.77	0.136	0	0.397
9606.ENSP00000339566	9606.ENSP00000358151	H1-2	H2BC21	9606	0.928	0	0.007	0	0.65	0.3	0	0.732
9606.ENSP00000339976	9606.ENSP00000367022	TAF1A	H2AC6	9606	0.4	0	0	0	0	0	0.4	0
9606.ENSP00000339976	9606.ENSP00000476136	TAF1A	H2BC11	9606	0.401	0	0	0	0.044	0	0.4	0
9606.ENSP00000339976	9606.ENSP00000358151	TAF1A	H2BC21	9606	0.567	0	0	0	0	0.292	0.4	0.063
9606.ENSP00000339976	9606.ENSP00000367406	TAF1A	TAF2	9606	0.593	0	0	0	0.067	0	0	0.582
9606.ENSP00000339976	9606.ENSP00000346120	TAF1A	DDX21	9606	0.604	0	0	0	0.078	0.192	0.5	0.063
9606.ENSP00000339976	9606.ENSP00000380054	TAF1A	EAF1	9606	0.658	0	0	0	0.19	0.595	0	0
9606.ENSP00000339976	9606.ENSP00000496044	TAF1A	POLR1C	9606	0.68	0	0	0	0.068	0	0.5	0.37
9606.ENSP00000340672	9606.ENSP00000370139	ARMCX3	HCCS	9606	0.433	0	0	0	0.073	0.394	0	0.072
9606.ENSP00000341324	9606.ENSP00000368887	SRFBP1	PAK1IP1	9606	0.419	0	0	0	0.419	0	0	0
9606.ENSP00000341324	9606.ENSP00000479504	SRFBP1	DDX52	9606	0.428	0	0	0	0.312	0	0	0.203
9606.ENSP00000341324	9606.ENSP00000360412	SRFBP1	NOC3L	9606	0.485	0	0	0	0.485	0	0	0
9606.ENSP00000341324	9606.ENSP00000446184	SRFBP1	RRP12	9606	0.51	0	0	0	0.299	0.146	0	0.248
9606.ENSP00000341324	9606.ENSP00000363746	SRFBP1	WDR46	9606	0.569	0	0	0	0.335	0.299	0	0.149
9606.ENSP00000341324	9606.ENSP00000384302	SRFBP1	WDR43	9606	0.601	0	0	0	0.341	0.398	0	0.075
9606.ENSP00000341324	9606.ENSP00000377944	SRFBP1	UTP14A	9606	0.614	0	0	0	0.356	0.301	0	0.212
9606.ENSP00000341324	9606.ENSP00000402338	SRFBP1	RPF2	9606	0.626	0	0	0	0.626	0	0	0
9606.ENSP00000341324	9606.ENSP00000356548	SRFBP1	LTV1	9606	0.724	0	0	0	0.44	0.514	0	0.069
9606.ENSP00000343966	9606.ENSP00000372361	PSPC1	ZMYM5	9606	0.434	0	0	0	0.149	0	0	0.363
9606.ENSP00000343966	9606.ENSP00000349748	PSPC1	SFPQ	9606	0.999	0	0	0.053	0.084	0.982	0	0.982
9606.ENSP00000344352	9606.ENSP00000407586	ATF3	HRAS	9606	0.494	0	0	0	0	0.074	0	0.476
9606.ENSP00000344352	9606.ENSP00000396954	ATF3	ATF5	9606	0.575	0	0	0	0.056	0.047	0	0.566
9606.ENSP00000344352	9606.ENSP00000356920	ATF3	DUSP12	9606	0.751	0	0	0	0.055	0.094	0	0.733
9606.ENSP00000344352	9606.ENSP00000442060	ATF3	MAFF	9606	0.868	0	0	0	0.503	0.281	0	0.661
9606.ENSP00000344352	9606.ENSP00000448665	ATF3	DDIT3	9606	0.988	0	0	0	0.231	0.877	0.72	0.619
9606.ENSP00000344352	9606.ENSP00000360266	ATF3	JUN	9606	0.999	0	0	0	0.55	0.931	0	0.995
9606.ENSP00000344504	9606.ENSP00000355656	H1-0	H2AW	9606	0.45	0	0	0	0.085	0.136	0	0.36
9606.ENSP00000344504	9606.ENSP00000378702	H1-0	BRD2	9606	0.468	0	0	0	0.043	0.312	0	0.257
9606.ENSP00000344504	9606.ENSP00000484789	H1-0	H4C5	9606	0.902	0	0	0	0.123	0.849	0	0.323
9606.ENSP00000344504	9606.ENSP00000476136	H1-0	H2BC11	9606	0.92	0	0	0	0.122	0.818	0	0.538
9606.ENSP00000344504	9606.ENSP00000358151	H1-0	H2BC21	9606	0.996	0	0	0	0.148	0.298	0	0.994
9606.ENSP00000346120	9606.ENSP00000476136	DDX21	H2BC11	9606	0.419	0	0	0	0	0.071	0.4	0.042
9606.ENSP00000346120	9606.ENSP00000369162	DDX21	RIOK1	9606	0.427	0.041	0	0	0.316	0.054	0	0.185
9606.ENSP00000346120	9606.ENSP00000417559	DDX21	NMD3	9606	0.432	0	0	0	0.353	0.066	0	0.136
9606.ENSP00000346120	9606.ENSP00000484789	DDX21	H4C5	9606	0.434	0	0	0	0	0.051	0	0.428
9606.ENSP00000346120	9606.ENSP00000435210	DDX21	BCLAF1	9606	0.435	0	0	0	0.208	0.229	0	0.149
9606.ENSP00000346120	9606.ENSP00000367022	DDX21	H2AC6	9606	0.441	0	0	0	0.054	0.073	0.4	0.064
9606.ENSP00000346120	9606.ENSP00000358151	DDX21	H2BC21	9606	0.457	0	0	0	0	0.071	0.4	0.104
9606.ENSP00000346120	9606.ENSP00000356548	DDX21	LTV1	9606	0.48	0	0	0	0.417	0.065	0	0.122
9606.ENSP00000346120	9606.ENSP00000436679	DDX21	NXF1	9606	0.496	0	0	0	0.121	0.098	0	0.415
9606.ENSP00000346120	9606.ENSP00000360266	DDX21	JUN	9606	0.512	0	0	0	0.057	0.359	0	0.257
9606.ENSP00000346120	9606.ENSP00000377944	DDX21	UTP14A	9606	0.535	0	0	0	0.371	0.133	0	0.215
9606.ENSP00000346120	9606.ENSP00000479504	DDX21	DDX52	9606	0.535	0	0	0.154	0.364	0.053	0	0.195
9606.ENSP00000346120	9606.ENSP00000446184	DDX21	RRP12	9606	0.551	0	0	0	0.338	0.257	0	0.161
9606.ENSP00000346120	9606.ENSP00000368565	DDX21	DNAJC2	9606	0.56	0	0	0	0.279	0.323	0	0.172
9606.ENSP00000346120	9606.ENSP00000411532	DDX21	TOP2A	9606	0.576	0	0	0	0.135	0.421	0	0.221
9606.ENSP00000346120	9606.ENSP00000364037	DDX21	TEX10	9606	0.628	0	0	0	0.182	0.066	0.4	0.284
9606.ENSP00000346120	9606.ENSP00000349748	DDX21	SFPQ	9606	0.638	0	0	0	0.215	0.205	0	0.467
9606.ENSP00000346120	9606.ENSP00000360412	DDX21	NOC3L	9606	0.655	0	0	0	0.304	0.413	0	0.222
9606.ENSP00000346120	9606.ENSP00000402338	DDX21	RPF2	9606	0.661	0	0	0	0.498	0.277	0	0.141
9606.ENSP00000346120	9606.ENSP00000496044	DDX21	POLR1C	9606	0.697	0	0	0	0.291	0.093	0.5	0.17
9606.ENSP00000346120	9606.ENSP00000438483	DDX21	KPNA2	9606	0.717	0	0	0	0.14	0.599	0	0.245
9606.ENSP00000346120	9606.ENSP00000384302	DDX21	WDR43	9606	0.722	0	0	0	0.585	0.122	0	0.298
9606.ENSP00000346120	9606.ENSP00000371858	DDX21	NOP2	9606	0.761	0	0	0	0.452	0.462	0	0.252
9606.ENSP00000346120	9606.ENSP00000483495	DDX21	DDX27	9606	0.767	0	0	0.184	0.431	0.244	0	0.413
9606.ENSP00000346120	9606.ENSP00000363746	DDX21	WDR46	9606	0.869	0	0	0	0.297	0.25	0	0.772
9606.ENSP00000346986	9606.ENSP00000351416	WAC	ANKRD17	9606	0.404	0	0	0	0.314	0.049	0	0.16
9606.ENSP00000346986	9606.ENSP00000348010	WAC	PRPF39	9606	0.62	0	0	0	0.06	0.48	0	0.286
9606.ENSP00000346986	9606.ENSP00000476136	WAC	H2BC11	9606	0.642	0	0	0	0.054	0	0.5	0.305
9606.ENSP00000347602	9606.ENSP00000372361	ARID4A	ZMYM5	9606	0.467	0	0	0	0.242	0.293	0	0.086
9606.ENSP00000347602	9606.ENSP00000476136	ARID4A	H2BC11	9606	0.478	0	0	0	0	0.13	0.4	0.081
9606.ENSP00000347602	9606.ENSP00000356381	ARID4A	KATNA1	9606	0.486	0	0	0	0.078	0.126	0	0.413
9606.ENSP00000347602	9606.ENSP00000355656	ARID4A	H2AW	9606	0.489	0	0	0	0	0.184	0.4	0
9606.ENSP00000347602	9606.ENSP00000367022	ARID4A	H2AC6	9606	0.507	0	0	0	0.075	0.184	0.4	0
9606.ENSP00000347602	9606.ENSP00000358151	ARID4A	H2BC21	9606	0.59	0	0	0	0.049	0.265	0.4	0.139
9606.ENSP00000348010	9606.ENSP00000416959	PRPF39	TRA2B	9606	0.406	0	0	0	0.153	0.212	0	0.181
9606.ENSP00000349547	9606.ENSP00000417175	RASSF1	VAPB	9606	0.489	0	0	0	0	0.489	0	0
9606.ENSP00000349547	9606.ENSP00000419060	RASSF1	BRAF	9606	0.583	0	0	0	0	0.187	0	0.508
9606.ENSP00000349547	9606.ENSP00000437550	RASSF1	LATS1	9606	0.835	0	0	0	0	0.292	0	0.777
9606.ENSP00000349547	9606.ENSP00000407586	RASSF1	HRAS	9606	0.992	0	0	0	0.056	0.759	0.9	0.719
9606.ENSP00000349748	9606.ENSP00000484789	SFPQ	H4C5	9606	0.408	0	0	0	0	0	0	0.408
9606.ENSP00000349748	9606.ENSP00000360266	SFPQ	JUN	9606	0.487	0	0	0	0.044	0.131	0	0.433
9606.ENSP00000349748	9606.ENSP00000357679	SFPQ	CHTOP	9606	0.506	0	0	0	0.424	0	0	0.179
9606.ENSP00000349748	9606.ENSP00000435210	SFPQ	BCLAF1	9606	0.63	0	0	0	0.368	0.292	0	0.24
9606.ENSP00000349748	9606.ENSP00000480421	SFPQ	SRRT	9606	0.681	0	0	0	0.645	0	0	0.138
9606.ENSP00000349748	9606.ENSP00000416959	SFPQ	TRA2B	9606	0.845	0	0	0	0.773	0.074	0	0.324
9606.ENSP00000349748	9606.ENSP00000362820	SFPQ	SRSF3	9606	0.881	0	0	0	0.737	0.205	0	0.479
9606.ENSP00000349748	9606.ENSP00000359216	SFPQ	PTBP2	9606	0.989	0	0	0	0.083	0	0	0.989
9606.ENSP00000350704	9606.ENSP00000478070	C1orf109	CWC25	9606	0.788	0	0	0	0.788	0	0	0
9606.ENSP00000351059	9606.ENSP00000358294	CX3CR1	CD160	9606	0.444	0	0	0	0.216	0	0	0.32
9606.ENSP00000352678	9606.ENSP00000355471	SUPV3L1	TFB2M	9606	0.4	0	0	0	0.11	0.071	0	0.332
9606.ENSP00000352678	9606.ENSP00000458954	SUPV3L1	NUP88	9606	0.441	0	0	0	0.441	0	0	0
9606.ENSP00000353770	9606.ENSP00000383178	RRM2	DIAPH3	9606	0.475	0	0	0	0.376	0	0	0.192
9606.ENSP00000353770	9606.ENSP00000438483	RRM2	KPNA2	9606	0.743	0	0	0	0.413	0.071	0	0.567
9606.ENSP00000353770	9606.ENSP00000355958	RRM2	DTL	9606	0.88	0	0	0	0.816	0.079	0	0.348
9606.ENSP00000353770	9606.ENSP00000363055	RRM2	ZWINT	9606	0.942	0	0	0	0.9	0	0	0.446
9606.ENSP00000353770	9606.ENSP00000499238	RRM2	NUSAP1	9606	0.951	0	0	0	0.815	0	0	0.747
9606.ENSP00000353770	9606.ENSP00000411532	RRM2	TOP2A	9606	0.956	0	0.035	0	0.807	0	0	0.785
9606.ENSP00000354645	9606.ENSP00000380054	GPATCH3	EAF1	9606	0.55	0	0	0	0.042	0	0	0.549
9606.ENSP00000354822	9606.ENSP00000359504	XAF1	GBP1	9606	0.702	0	0	0	0.488	0	0	0.442
9606.ENSP00000354822	9606.ENSP00000483430	XAF1	IFI27	9606	0.887	0	0	0	0.627	0.084	0	0.696
9606.ENSP00000354822	9606.ENSP00000496832	XAF1	ISG15	9606	0.891	0	0	0	0.774	0.092	0	0.515
9606.ENSP00000354822	9606.ENSP00000371471	XAF1	RSAD2	9606	0.9	0	0	0	0.78	0	0	0.567
9606.ENSP00000354822	9606.ENSP00000360869	XAF1	IFIT1	9606	0.92	0	0	0	0.767	0.1	0	0.649
9606.ENSP00000354822	9606.ENSP00000381601	XAF1	MX1	9606	0.925	0	0	0	0.779	0.041	0	0.675
9606.ENSP00000354822	9606.ENSP00000359783	XAF1	IFI44	9606	0.97	0	0	0	0.891	0.102	0	0.725
9606.ENSP00000354822	9606.ENSP00000359787	XAF1	IFI44L	9606	0.981	0	0	0	0.935	0	0	0.726
9606.ENSP00000355471	9606.ENSP00000398882	TFB2M	DOHH	9606	0.401	0.049	0	0	0.396	0	0	0
9606.ENSP00000355471	9606.ENSP00000479504	TFB2M	DDX52	9606	0.41	0	0	0	0.41	0	0	0
9606.ENSP00000355471	9606.ENSP00000364037	TFB2M	TEX10	9606	0.448	0	0	0	0.392	0	0	0.129
9606.ENSP00000355471	9606.ENSP00000362135	TFB2M	YRDC	9606	0.448	0.111	0	0	0.33	0	0	0.146
9606.ENSP00000355471	9606.ENSP00000446184	TFB2M	RRP12	9606	0.459	0	0	0	0.392	0.146	0	0
9606.ENSP00000355471	9606.ENSP00000417559	TFB2M	NMD3	9606	0.464	0	0	0	0.459	0	0	0.049
9606.ENSP00000355471	9606.ENSP00000371858	TFB2M	NOP2	9606	0.482	0.057	0	0	0.322	0	0	0.255
9606.ENSP00000355471	9606.ENSP00000483495	TFB2M	DDX27	9606	0.483	0.042	0	0	0.444	0.054	0	0.095
9606.ENSP00000355471	9606.ENSP00000368887	TFB2M	PAK1IP1	9606	0.55	0	0	0	0.55	0	0	0
9606.ENSP00000355471	9606.ENSP00000496044	TFB2M	POLR1C	9606	0.555	0	0	0	0.446	0.07	0	0.207
9606.ENSP00000355471	9606.ENSP00000377944	TFB2M	UTP14A	9606	0.571	0	0	0	0.412	0.301	0	0
9606.ENSP00000355471	9606.ENSP00000360412	TFB2M	NOC3L	9606	0.611	0	0	0	0.611	0	0	0
9606.ENSP00000355471	9606.ENSP00000363746	TFB2M	WDR46	9606	0.706	0	0	0	0.54	0.343	0	0.104
9606.ENSP00000355471	9606.ENSP00000402338	TFB2M	RPF2	9606	0.734	0	0	0	0.734	0	0	0
9606.ENSP00000355471	9606.ENSP00000384302	TFB2M	WDR43	9606	0.746	0	0	0	0.49	0.492	0	0.101
9606.ENSP00000355471	9606.ENSP00000356548	TFB2M	LTV1	9606	0.948	0	0	0	0.647	0.84	0	0.16
9606.ENSP00000355574	9606.ENSP00000448665	COA6	DDIT3	9606	0.444	0	0	0	0.089	0.254	0.198	0.1
9606.ENSP00000355574	9606.ENSP00000356256	COA6	TIMM17A	9606	0.491	0	0	0	0.274	0	0	0.327
9606.ENSP00000355656	9606.ENSP00000379841	H2AW	GPS2	9606	0.407	0	0	0	0.042	0.052	0.4	0
9606.ENSP00000355656	9606.ENSP00000367203	H2AW	KDM6A	9606	0.408	0	0	0	0.042	0.395	0	0.061
9606.ENSP00000355656	9606.ENSP00000484789	H2AW	H4C5	9606	0.474	0	0.019	0	0.242	0.185	0	0.217
9606.ENSP00000355656	9606.ENSP00000367022	H2AW	H2AC6	9606	0.474	0	0	0.048	0.149	0	0.4	0.046
9606.ENSP00000355656	9606.ENSP00000476136	H2AW	H2BC11	9606	0.73	0	0.018	0	0.31	0.238	0.4	0.246
9606.ENSP00000355656	9606.ENSP00000358151	H2AW	H2BC21	9606	0.83	0	0.018	0	0.326	0.178	0.4	0.55
9606.ENSP00000355866	9606.ENSP00000380530	DUSP10	DUSP8	9606	0.555	0	0	0	0.053	0	0	0.549
9606.ENSP00000355866	9606.ENSP00000360266	DUSP10	JUN	9606	0.587	0	0	0	0.142	0.111	0	0.502
9606.ENSP00000355958	9606.ENSP00000363055	DTL	ZWINT	9606	0.819	0	0	0	0.785	0	0	0.19
9606.ENSP00000355958	9606.ENSP00000411532	DTL	TOP2A	9606	0.822	0	0	0	0.781	0	0	0.222
9606.ENSP00000355958	9606.ENSP00000499238	DTL	NUSAP1	9606	0.834	0	0	0	0.779	0	0	0.281
9606.ENSP00000356202	9606.ENSP00000367346	MTRF1L	NDUFAF5	9606	0.666	0	0	0	0.083	0	0	0.65
9606.ENSP00000356381	9606.ENSP00000379847	KATNA1	ZNF143	9606	0.47	0	0	0	0.459	0.057	0	0.044
9606.ENSP00000356548	9606.ENSP00000368565	LTV1	DNAJC2	9606	0.464	0	0	0	0.301	0.265	0	0
9606.ENSP00000356548	9606.ENSP00000398882	LTV1	DOHH	9606	0.473	0	0	0	0.202	0	0	0.366
9606.ENSP00000356548	9606.ENSP00000364037	LTV1	TEX10	9606	0.534	0	0	0	0.32	0	0	0.342
9606.ENSP00000356548	9606.ENSP00000419005	LTV1	UTP25	9606	0.612	0	0	0	0.367	0	0	0.412
9606.ENSP00000356548	9606.ENSP00000368887	LTV1	PAK1IP1	9606	0.638	0	0	0	0.592	0	0	0.148
9606.ENSP00000356548	9606.ENSP00000483495	LTV1	DDX27	9606	0.699	0	0	0	0.672	0.065	0	0.098
9606.ENSP00000356548	9606.ENSP00000479504	LTV1	DDX52	9606	0.737	0	0	0	0.629	0	0	0.321
9606.ENSP00000356548	9606.ENSP00000371858	LTV1	NOP2	9606	0.799	0	0	0	0.771	0.054	0	0.145
9606.ENSP00000356548	9606.ENSP00000377944	LTV1	UTP14A	9606	0.827	0	0	0	0.724	0	0	0.399
9606.ENSP00000356548	9606.ENSP00000360412	LTV1	NOC3L	9606	0.834	0	0	0	0.834	0	0	0
9606.ENSP00000356548	9606.ENSP00000363746	LTV1	WDR46	9606	0.844	0	0	0	0.832	0	0	0.11
9606.ENSP00000356548	9606.ENSP00000362092	LTV1	RRAGC	9606	0.894	0	0	0	0.049	0	0	0.893
9606.ENSP00000356548	9606.ENSP00000402338	LTV1	RPF2	9606	0.924	0	0	0	0.899	0	0	0.274
9606.ENSP00000356548	9606.ENSP00000384302	LTV1	WDR43	9606	0.93	0	0	0	0.918	0	0	0.182
9606.ENSP00000356548	9606.ENSP00000417559	LTV1	NMD3	9606	0.95	0	0	0	0.826	0	0	0.724
9606.ENSP00000356548	9606.ENSP00000446184	LTV1	RRP12	9606	0.983	0	0	0	0.609	0.811	0	0.795
9606.ENSP00000356548	9606.ENSP00000369162	LTV1	RIOK1	9606	0.999	0	0	0	0.999	0	0.54	0.775
9606.ENSP00000356832	9606.ENSP00000362092	SGK1	RRAGC	9606	0.405	0	0	0	0.064	0	0	0.39
9606.ENSP00000356832	9606.ENSP00000418447	SGK1	PPP2CA	9606	0.437	0	0	0	0.102	0.331	0	0.137
9606.ENSP00000356832	9606.ENSP00000356920	SGK1	DUSP12	9606	0.456	0	0	0	0.064	0.085	0	0.416
9606.ENSP00000356832	9606.ENSP00000360266	SGK1	JUN	9606	0.484	0	0	0	0.138	0	0	0.426
9606.ENSP00000356832	9606.ENSP00000375711	SGK1	AKT1S1	9606	0.772	0	0	0	0.083	0.314	0	0.666
9606.ENSP00000356920	9606.ENSP00000402338	DUSP12	RPF2	9606	0.402	0	0	0	0.171	0.069	0	0.287
9606.ENSP00000356920	9606.ENSP00000417559	DUSP12	NMD3	9606	0.655	0	0	0	0.136	0.277	0	0.493
9606.ENSP00000356920	9606.ENSP00000360266	DUSP12	JUN	9606	0.763	0	0	0	0.055	0.093	0	0.745
9606.ENSP00000357305	9606.ENSP00000410818	RIT1	MAD2L1BP	9606	0.45	0	0	0	0.13	0.327	0	0.136
9606.ENSP00000357305	9606.ENSP00000419060	RIT1	BRAF	9606	0.72	0	0	0	0.088	0.284	0.5	0.243
9606.ENSP00000357552	9606.ENSP00000438483	KPNA5	KPNA2	9606	0.488	0	0	0.071	0	0.061	0.4	0.137
9606.ENSP00000357679	9606.ENSP00000458954	CHTOP	NUP88	9606	0.477	0	0	0	0.083	0	0.4	0.127
9606.ENSP00000357679	9606.ENSP00000358799	CHTOP	RBM15	9606	0.517	0	0	0	0.062	0	0	0.506
9606.ENSP00000357679	9606.ENSP00000480421	CHTOP	SRRT	9606	0.579	0	0	0	0.437	0	0	0.283
9606.ENSP00000357679	9606.ENSP00000364037	CHTOP	TEX10	9606	0.583	0	0	0	0.097	0	0	0.557
9606.ENSP00000357679	9606.ENSP00000435210	CHTOP	BCLAF1	9606	0.619	0	0	0	0.257	0.462	0	0.124
9606.ENSP00000357679	9606.ENSP00000362820	CHTOP	SRSF3	9606	0.619	0	0	0	0.536	0	0	0.212
9606.ENSP00000357679	9606.ENSP00000416959	CHTOP	TRA2B	9606	0.729	0	0	0	0.692	0	0	0.155
9606.ENSP00000357679	9606.ENSP00000436679	CHTOP	NXF1	9606	0.823	0	0	0	0.102	0.322	0	0.732
9606.ENSP00000358151	9606.ENSP00000486891	H2BC21	TCF7L2	9606	0.543	0	0	0	0	0	0.5	0.125
9606.ENSP00000358151	9606.ENSP00000438483	H2BC21	KPNA2	9606	0.548	0	0	0	0.068	0	0.5	0.108
9606.ENSP00000358151	9606.ENSP00000466090	H2BC21	ELANE	9606	0.57	0	0	0	0	0	0	0.57
9606.ENSP00000358151	9606.ENSP00000496044	H2BC21	POLR1C	9606	0.605	0	0	0	0	0.271	0.4	0.17
9606.ENSP00000358151	9606.ENSP00000411532	H2BC21	TOP2A	9606	0.621	0	0	0	0	0.22	0	0.534
9606.ENSP00000358151	9606.ENSP00000372689	H2BC21	STAG1	9606	0.636	0	0	0	0	0.098	0.5	0.259
9606.ENSP00000358151	9606.ENSP00000379841	H2BC21	GPS2	9606	0.637	0	0	0	0.054	0.074	0.4	0.392
9606.ENSP00000358151	9606.ENSP00000360266	H2BC21	JUN	9606	0.681	0	0	0	0.072	0.071	0.5	0.348
9606.ENSP00000358151	9606.ENSP00000378702	H2BC21	BRD2	9606	0.693	0	0	0	0.063	0.471	0	0.431
9606.ENSP00000358151	9606.ENSP00000367203	H2BC21	KDM6A	9606	0.783	0	0	0	0.072	0.316	0.5	0.399
9606.ENSP00000358151	9606.ENSP00000476136	H2BC21	H2BC11	9606	0.938	0	0	0.048	0.306	0.817	0.4	0.274
9606.ENSP00000358151	9606.ENSP00000484789	H2BC21	H4C5	9606	0.976	0	0.066	0	0.404	0.915	0	0.559
9606.ENSP00000358151	9606.ENSP00000367022	H2BC21	H2AC6	9606	0.994	0	0.018	0	0.823	0.926	0.4	0.372
9606.ENSP00000358272	9606.ENSP00000367346	NDUFAF4	NDUFAF5	9606	0.953	0	0	0	0.169	0.141	0.5	0.885
9606.ENSP00000358799	9606.ENSP00000362820	RBM15	SRSF3	9606	0.484	0	0	0	0.074	0.077	0	0.445
9606.ENSP00000358799	9606.ENSP00000435210	RBM15	BCLAF1	9606	0.72	0	0	0	0.08	0	0	0.709
9606.ENSP00000358799	9606.ENSP00000463982	RBM15	YTHDC1	9606	0.897	0	0	0	0.097	0	0	0.891
9606.ENSP00000358799	9606.ENSP00000436679	RBM15	NXF1	9606	0.963	0	0	0	0.067	0.51	0	0.926
9606.ENSP00000359042	9606.ENSP00000359160	PRPF38B	TRMT13	9606	0.422	0	0	0	0.391	0	0	0.091
9606.ENSP00000359160	9606.ENSP00000360412	TRMT13	NOC3L	9606	0.436	0	0	0	0.436	0	0	0
9606.ENSP00000359216	9606.ENSP00000416959	PTBP2	TRA2B	9606	0.522	0	0	0	0.115	0.05	0	0.477
9606.ENSP00000359216	9606.ENSP00000362820	PTBP2	SRSF3	9606	0.713	0	0	0	0.104	0	0	0.693
9606.ENSP00000359504	9606.ENSP00000378786	GBP1	HLA-DRA	9606	0.611	0	0	0	0.172	0	0	0.549
9606.ENSP00000359504	9606.ENSP00000483430	GBP1	IFI27	9606	0.645	0	0	0	0.202	0	0	0.574
9606.ENSP00000359504	9606.ENSP00000496832	GBP1	ISG15	9606	0.754	0	0	0	0.341	0	0	0.643
9606.ENSP00000359504	9606.ENSP00000359787	GBP1	IFI44L	9606	0.771	0	0	0	0.476	0	0	0.581
9606.ENSP00000359504	9606.ENSP00000371471	GBP1	RSAD2	9606	0.791	0	0	0	0.51	0	0	0.591
9606.ENSP00000359504	9606.ENSP00000360869	GBP1	IFIT1	9606	0.826	0	0	0	0.37	0	0	0.735
9606.ENSP00000359504	9606.ENSP00000359783	GBP1	IFI44	9606	0.865	0	0	0	0.525	0	0	0.729
9606.ENSP00000359504	9606.ENSP00000381601	GBP1	MX1	9606	0.865	0	0	0	0.382	0	0	0.791
9606.ENSP00000359783	9606.ENSP00000378786	IFI44	HLA-DRA	9606	0.661	0	0	0	0.095	0.267	0	0.531
9606.ENSP00000359783	9606.ENSP00000483430	IFI44	IFI27	9606	0.945	0	0	0	0.772	0	0	0.769
9606.ENSP00000359783	9606.ENSP00000496832	IFI44	ISG15	9606	0.964	0	0	0	0.803	0	0	0.828
9606.ENSP00000359783	9606.ENSP00000381601	IFI44	MX1	9606	0.967	0	0	0	0.793	0	0	0.849
9606.ENSP00000359783	9606.ENSP00000360869	IFI44	IFIT1	9606	0.974	0	0	0	0.816	0	0	0.864
9606.ENSP00000359783	9606.ENSP00000371471	IFI44	RSAD2	9606	0.983	0	0	0	0.91	0	0	0.823
9606.ENSP00000359783	9606.ENSP00000359787	IFI44	IFI44L	9606	0.999	0	0	0.086	0.999	0	0	0.702
9606.ENSP00000359787	9606.ENSP00000496832	IFI44L	ISG15	9606	0.963	0	0	0	0.781	0	0	0.84
9606.ENSP00000359787	9606.ENSP00000381601	IFI44L	MX1	9606	0.965	0	0	0	0.789	0	0	0.841
9606.ENSP00000359787	9606.ENSP00000360869	IFI44L	IFIT1	9606	0.967	0	0	0	0.788	0	0	0.852
9606.ENSP00000359787	9606.ENSP00000483430	IFI44L	IFI27	9606	0.977	0	0	0	0.777	0.128	0	0.894
9606.ENSP00000359787	9606.ENSP00000371471	IFI44L	RSAD2	9606	0.999	0	0	0	0.999	0	0	0.909
9606.ENSP00000360266	9606.ENSP00000418447	JUN	PPP2CA	9606	0.41	0	0	0	0.055	0.131	0	0.339
9606.ENSP00000360266	9606.ENSP00000415243	JUN	SKIL	9606	0.471	0	0	0	0.049	0	0	0.467
9606.ENSP00000360266	9606.ENSP00000380530	JUN	DUSP8	9606	0.521	0	0	0	0.118	0.111	0	0.437
9606.ENSP00000360266	9606.ENSP00000367022	JUN	H2AC6	9606	0.521	0	0	0	0.056	0	0.5	0.068
9606.ENSP00000360266	9606.ENSP00000411532	JUN	TOP2A	9606	0.525	0	0	0	0	0.329	0	0.322
9606.ENSP00000360266	9606.ENSP00000381601	JUN	MX1	9606	0.56	0	0	0	0.042	0	0	0.56
9606.ENSP00000360266	9606.ENSP00000419060	JUN	BRAF	9606	0.576	0	0	0	0	0.085	0	0.556
9606.ENSP00000360266	9606.ENSP00000396954	JUN	ATF5	9606	0.594	0	0	0	0.043	0.054	0	0.588
9606.ENSP00000360266	9606.ENSP00000476136	JUN	H2BC11	9606	0.596	0	0	0	0.042	0.071	0.5	0.2
9606.ENSP00000360266	9606.ENSP00000367203	JUN	KDM6A	9606	0.611	0	0	0	0.044	0.062	0.5	0.235
9606.ENSP00000360266	9606.ENSP00000486891	JUN	TCF7L2	9606	0.693	0	0	0	0.044	0	0	0.692
9606.ENSP00000360266	9606.ENSP00000442060	JUN	MAFF	9606	0.75	0	0	0	0.235	0.159	0	0.642
9606.ENSP00000360266	9606.ENSP00000407586	JUN	HRAS	9606	0.778	0	0	0	0.067	0.181	0	0.733
9606.ENSP00000360266	9606.ENSP00000448665	JUN	DDIT3	9606	0.889	0	0	0	0.095	0.441	0	0.799
9606.ENSP00000360412	9606.ENSP00000384198	NOC3L	INO80D	9606	0.485	0	0	0	0	0	0	0.485
9606.ENSP00000360412	9606.ENSP00000368887	NOC3L	PAK1IP1	9606	0.6	0	0	0	0.565	0.095	0	0.066
9606.ENSP00000360412	9606.ENSP00000364037	NOC3L	TEX10	9606	0.607	0	0	0	0.307	0	0	0.457
9606.ENSP00000360412	9606.ENSP00000419005	NOC3L	UTP25	9606	0.61	0	0	0	0.61	0	0	0
9606.ENSP00000360412	9606.ENSP00000417559	NOC3L	NMD3	9606	0.651	0	0	0	0.561	0	0	0.237
9606.ENSP00000360412	9606.ENSP00000479504	NOC3L	DDX52	9606	0.75	0	0	0	0.694	0	0	0.217
9606.ENSP00000360412	9606.ENSP00000377944	NOC3L	UTP14A	9606	0.854	0	0	0	0.854	0	0	0
9606.ENSP00000360412	9606.ENSP00000363746	NOC3L	WDR46	9606	0.86	0	0	0	0.834	0.192	0	0
9606.ENSP00000360412	9606.ENSP00000483495	NOC3L	DDX27	9606	0.876	0	0	0	0.818	0.294	0	0.116
9606.ENSP00000360412	9606.ENSP00000384302	NOC3L	WDR43	9606	0.882	0	0	0	0.875	0.099	0	0
9606.ENSP00000360412	9606.ENSP00000446184	NOC3L	RRP12	9606	0.935	0	0	0	0.833	0.466	0	0.334
9606.ENSP00000360412	9606.ENSP00000402338	NOC3L	RPF2	9606	0.975	0	0	0	0.927	0.528	0	0.338
9606.ENSP00000360412	9606.ENSP00000371858	NOC3L	NOP2	9606	0.978	0	0	0	0.682	0.902	0	0.368
9606.ENSP00000360869	9606.ENSP00000378786	IFIT1	HLA-DRA	9606	0.526	0	0	0	0.073	0	0	0.51
9606.ENSP00000360869	9606.ENSP00000483430	IFIT1	IFI27	9606	0.934	0	0	0	0.64	0.054	0	0.824
9606.ENSP00000360869	9606.ENSP00000371471	IFIT1	RSAD2	9606	0.97	0	0	0	0.817	0.091	0	0.837
9606.ENSP00000360869	9606.ENSP00000381601	IFIT1	MX1	9606	0.989	0	0	0	0.8	0	0.4	0.918
9606.ENSP00000360869	9606.ENSP00000496832	IFIT1	ISG15	9606	0.993	0	0	0	0.802	0.109	0.5	0.934
9606.ENSP00000361522	9606.ENSP00000362179	TJAP1	ZC3H12A	9606	0.475	0	0	0	0	0	0	0.475
9606.ENSP00000361522	9606.ENSP00000417175	TJAP1	VAPB	9606	0.48	0	0	0	0	0	0	0.48
9606.ENSP00000361522	9606.ENSP00000364498	TJAP1	DXO	9606	0.905	0	0	0	0.082	0	0	0.901
9606.ENSP00000361845	9606.ENSP00000418447	ZMPSTE24	PPP2CA	9606	0.477	0	0	0	0.159	0.109	0	0.359
9606.ENSP00000361845	9606.ENSP00000369127	ZMPSTE24	DNAJA1	9606	0.736	0.043	0	0	0.168	0.134	0	0.662
9606.ENSP00000362092	9606.ENSP00000434729	RRAGC	ATP6V0B	9606	0.526	0	0	0	0.083	0	0.5	0.051
9606.ENSP00000362092	9606.ENSP00000375711	RRAGC	AKT1S1	9606	0.991	0	0	0	0.049	0.8	0.9	0.614
9606.ENSP00000362092	9606.ENSP00000424183	RRAGC	LAMTOR3	9606	0.999	0	0	0	0.075	0.999	0.65	0.787
9606.ENSP00000362135	9606.ENSP00000364260	YRDC	TRMO	9606	0.44	0	0	0	0.049	0	0	0.435
9606.ENSP00000362803	9606.ENSP00000363746	PPIL1	WDR46	9606	0.441	0	0	0	0.166	0.188	0	0.241
9606.ENSP00000362803	9606.ENSP00000478070	PPIL1	CWC25	9606	0.825	0	0	0	0.068	0.8	0	0.14
9606.ENSP00000362803	9606.ENSP00000480421	PPIL1	SRRT	9606	0.826	0	0	0	0.067	0	0.8	0.147
9606.ENSP00000362803	9606.ENSP00000419270	PPIL1	PRKRIP1	9606	0.958	0	0	0	0	0.8	0.8	0
9606.ENSP00000362803	9606.ENSP00000387006	PPIL1	CWC22	9606	0.982	0	0	0	0.068	0.819	0.9	0.093
9606.ENSP00000362803	9606.ENSP00000386023	PPIL1	BUD31	9606	0.998	0	0	0	0.114	0.98	0.9	0.273
9606.ENSP00000362820	9606.ENSP00000386023	SRSF3	BUD31	9606	0.46	0	0	0	0.091	0.228	0	0.293
9606.ENSP00000362820	9606.ENSP00000458954	SRSF3	NUP88	9606	0.487	0	0	0	0.102	0	0.4	0.125
9606.ENSP00000362820	9606.ENSP00000435210	SRSF3	BCLAF1	9606	0.615	0	0	0	0.508	0	0	0.249
9606.ENSP00000362820	9606.ENSP00000480421	SRSF3	SRRT	9606	0.671	0	0	0	0.634	0	0	0.139
9606.ENSP00000362820	9606.ENSP00000394734	SRSF3	CLK1	9606	0.758	0	0	0	0.082	0.54	0	0.474
9606.ENSP00000362820	9606.ENSP00000463982	SRSF3	YTHDC1	9606	0.995	0	0	0	0.154	0.128	0	0.994
9606.ENSP00000362820	9606.ENSP00000436679	SRSF3	NXF1	9606	0.997	0	0	0	0.127	0.292	0.65	0.989
9606.ENSP00000362820	9606.ENSP00000416959	SRSF3	TRA2B	9606	0.998	0	0	0	0.822	0.848	0.4	0.921
9606.ENSP00000363055	9606.ENSP00000438483	ZWINT	KPNA2	9606	0.495	0	0	0	0.358	0	0	0.246
9606.ENSP00000363055	9606.ENSP00000411532	ZWINT	TOP2A	9606	0.875	0	0	0	0.653	0	0	0.655
9606.ENSP00000363055	9606.ENSP00000499238	ZWINT	NUSAP1	9606	0.902	0	0	0	0.778	0	0	0.58
9606.ENSP00000363250	9606.ENSP00000496044	GPN2	POLR1C	9606	0.453	0	0	0	0.099	0.078	0	0.394
9606.ENSP00000363250	9606.ENSP00000378736	GPN2	CRCP	9606	0.462	0	0	0	0.445	0.071	0	0
9606.ENSP00000363746	9606.ENSP00000483001	WDR46	NOP16	9606	0.475	0	0	0	0.261	0	0	0.318
9606.ENSP00000363746	9606.ENSP00000496044	WDR46	POLR1C	9606	0.497	0	0	0	0.497	0	0	0
9606.ENSP00000363746	9606.ENSP00000369162	WDR46	RIOK1	9606	0.555	0	0	0	0.529	0	0	0.094
9606.ENSP00000363746	9606.ENSP00000417559	WDR46	NMD3	9606	0.616	0	0	0	0.605	0	0	0.067
9606.ENSP00000363746	9606.ENSP00000368887	WDR46	PAK1IP1	9606	0.647	0	0	0	0.596	0.162	0	0
9606.ENSP00000363746	9606.ENSP00000364037	WDR46	TEX10	9606	0.653	0	0	0	0.334	0	0.5	0
9606.ENSP00000363746	9606.ENSP00000402338	WDR46	RPF2	9606	0.877	0	0	0	0.839	0	0	0.267
9606.ENSP00000363746	9606.ENSP00000446184	WDR46	RRP12	9606	0.898	0	0	0	0.844	0.229	0	0.224
9606.ENSP00000363746	9606.ENSP00000483495	WDR46	DDX27	9606	0.901	0	0	0	0.84	0.213	0	0.28
9606.ENSP00000363746	9606.ENSP00000371858	WDR46	NOP2	9606	0.906	0	0	0	0.834	0.243	0	0.315
9606.ENSP00000363746	9606.ENSP00000419005	WDR46	UTP25	9606	0.936	0	0	0	0.694	0	0.8	0
9606.ENSP00000363746	9606.ENSP00000479504	WDR46	DDX52	9606	0.971	0	0	0	0.82	0	0.8	0.278
9606.ENSP00000363746	9606.ENSP00000384302	WDR46	WDR43	9606	0.999	0	0	0	0.71	0.992	0.5	0.592
9606.ENSP00000363746	9606.ENSP00000377944	WDR46	UTP14A	9606	0.999	0	0	0	0.821	0.959	0.54	0.919
9606.ENSP00000364037	9606.ENSP00000446184	TEX10	RRP12	9606	0.468	0	0	0	0.157	0	0	0.395
9606.ENSP00000364037	9606.ENSP00000417559	TEX10	NMD3	9606	0.475	0	0	0	0.321	0	0	0.258
9606.ENSP00000364037	9606.ENSP00000402338	TEX10	RPF2	9606	0.562	0	0	0	0.419	0.095	0	0.234
9606.ENSP00000364037	9606.ENSP00000483495	TEX10	DDX27	9606	0.611	0	0	0	0.315	0.066	0	0.441
9606.ENSP00000364037	9606.ENSP00000419005	TEX10	UTP25	9606	0.629	0	0	0	0.153	0	0.5	0.196
9606.ENSP00000364037	9606.ENSP00000377944	TEX10	UTP14A	9606	0.648	0	0	0	0.228	0	0.5	0.163
9606.ENSP00000364037	9606.ENSP00000479504	TEX10	DDX52	9606	0.696	0	0	0	0.309	0	0.5	0.191
9606.ENSP00000364037	9606.ENSP00000384302	TEX10	WDR43	9606	0.819	0	0	0	0.543	0	0.5	0.272
9606.ENSP00000364498	9606.ENSP00000378167	DXO	CCDC66	9606	0.585	0	0	0	0.042	0.494	0	0.213
9606.ENSP00000367022	9606.ENSP00000379841	H2AC6	GPS2	9606	0.41	0	0	0	0.047	0.052	0.4	0
9606.ENSP00000367022	9606.ENSP00000438483	H2AC6	KPNA2	9606	0.515	0	0	0	0.055	0	0.5	0.056
9606.ENSP00000367022	9606.ENSP00000372689	H2AC6	STAG1	9606	0.53	0	0	0	0.057	0.077	0.5	0.048
9606.ENSP00000367022	9606.ENSP00000486891	H2AC6	TCF7L2	9606	0.53	0	0	0	0	0	0.5	0.1
9606.ENSP00000367022	9606.ENSP00000496044	H2AC6	POLR1C	9606	0.559	0	0	0	0.047	0.273	0.4	0.066
9606.ENSP00000367022	9606.ENSP00000367203	H2AC6	KDM6A	9606	0.7	0	0	0	0.06	0.395	0.5	0.072
9606.ENSP00000367022	9606.ENSP00000484789	H2AC6	H4C5	9606	0.977	0	0.019	0	0.368	0.938	0	0.471
9606.ENSP00000367022	9606.ENSP00000476136	H2AC6	H2BC11	9606	0.988	0	0.018	0	0.546	0.92	0.4	0.542
9606.ENSP00000367203	9606.ENSP00000407586	KDM6A	HRAS	9606	0.448	0	0	0	0	0.095	0	0.415
9606.ENSP00000367203	9606.ENSP00000419060	KDM6A	BRAF	9606	0.504	0	0	0	0.105	0.106	0	0.43
9606.ENSP00000367203	9606.ENSP00000496044	KDM6A	POLR1C	9606	0.607	0.042	0	0	0.405	0.181	0	0.258
9606.ENSP00000367203	9606.ENSP00000476136	KDM6A	H2BC11	9606	0.694	0	0	0	0.042	0.316	0.5	0.177
9606.ENSP00000367203	9606.ENSP00000434729	KDM6A	ATP6V0B	9606	0.701	0.061	0	0	0.369	0.314	0.219	0.204
9606.ENSP00000367406	9606.ENSP00000378702	TAF2	BRD2	9606	0.58	0	0	0	0.057	0.451	0	0.253
9606.ENSP00000367406	9606.ENSP00000413098	TAF2	SCAF8	9606	0.654	0	0	0	0.654	0	0	0
9606.ENSP00000367406	9606.ENSP00000484789	TAF2	H4C5	9606	0.8	0	0	0	0	0.8	0	0
9606.ENSP00000367406	9606.ENSP00000476136	TAF2	H2BC11	9606	0.813	0	0	0	0	0.813	0	0
9606.ENSP00000367623	9606.ENSP00000458954	HSPA14	NUP88	9606	0.515	0	0	0	0.099	0	0.4	0.176
9606.ENSP00000367623	9606.ENSP00000487365	HSPA14	HSPH1	9606	0.597	0	0	0.172	0.099	0.093	0.4	0.159
9606.ENSP00000367623	9606.ENSP00000489189	HSPA14	BAG1	9606	0.644	0	0	0	0.049	0.31	0.4	0.202
9606.ENSP00000367623	9606.ENSP00000369127	HSPA14	DNAJA1	9606	0.77	0.041	0	0.347	0.286	0.142	0.162	0.42
9606.ENSP00000367623	9606.ENSP00000368565	HSPA14	DNAJC2	9606	0.998	0	0	0	0.173	0.837	0.4	0.982
9606.ENSP00000368459	9606.ENSP00000436679	NUFIP1	NXF1	9606	0.438	0	0	0	0	0.071	0	0.42
9606.ENSP00000368459	9606.ENSP00000418447	NUFIP1	PPP2CA	9606	0.465	0	0	0	0.053	0.106	0	0.419
9606.ENSP00000368459	9606.ENSP00000411256	NUFIP1	GABARAPL1	9606	0.582	0	0	0	0.046	0.091	0	0.557
9606.ENSP00000368459	9606.ENSP00000380054	NUFIP1	EAF1	9606	0.723	0	0	0	0.05	0.044	0.72	0
9606.ENSP00000368565	9606.ENSP00000487365	DNAJC2	HSPH1	9606	0.5	0	0	0	0.178	0.274	0	0.229
9606.ENSP00000368565	9606.ENSP00000371858	DNAJC2	NOP2	9606	0.513	0	0	0	0.32	0.314	0	0
9606.ENSP00000368565	9606.ENSP00000402338	DNAJC2	RPF2	9606	0.602	0	0	0	0.542	0	0	0.167
9606.ENSP00000368565	9606.ENSP00000369127	DNAJC2	DNAJA1	9606	0.642	0	0	0	0.131	0.116	0	0.571
9606.ENSP00000368887	9606.ENSP00000483495	PAK1IP1	DDX27	9606	0.408	0	0	0	0.322	0.111	0	0.096
9606.ENSP00000368887	9606.ENSP00000479504	PAK1IP1	DDX52	9606	0.488	0	0	0	0.39	0.095	0	0.148
9606.ENSP00000368887	9606.ENSP00000446184	PAK1IP1	RRP12	9606	0.499	0	0	0	0.435	0	0	0.151
9606.ENSP00000368887	9606.ENSP00000377944	PAK1IP1	UTP14A	9606	0.535	0	0	0	0.434	0.1	0	0.16
9606.ENSP00000368887	9606.ENSP00000369162	PAK1IP1	RIOK1	9606	0.588	0	0	0	0.512	0	0	0.191
9606.ENSP00000368887	9606.ENSP00000496044	PAK1IP1	POLR1C	9606	0.595	0	0	0	0.54	0	0	0.156
9606.ENSP00000368887	9606.ENSP00000384302	PAK1IP1	WDR43	9606	0.704	0	0	0	0.659	0	0	0.167
9606.ENSP00000368887	9606.ENSP00000417559	PAK1IP1	NMD3	9606	0.718	0	0	0	0.583	0	0	0.351
9606.ENSP00000368887	9606.ENSP00000371858	PAK1IP1	NOP2	9606	0.833	0	0	0	0.456	0.235	0	0.63
9606.ENSP00000368887	9606.ENSP00000402338	PAK1IP1	RPF2	9606	0.973	0	0	0	0.887	0.154	0	0.74
9606.ENSP00000369127	9606.ENSP00000466379	DNAJA1	GET3	9606	0.414	0.046	0.198	0	0.043	0.092	0	0.254
9606.ENSP00000369127	9606.ENSP00000416959	DNAJA1	TRA2B	9606	0.545	0	0	0	0.404	0.26	0	0.051
9606.ENSP00000369127	9606.ENSP00000489189	DNAJA1	BAG1	9606	0.642	0	0	0	0.044	0	0	0.641
9606.ENSP00000369127	9606.ENSP00000487365	DNAJA1	HSPH1	9606	0.948	0.041	0	0.211	0.589	0.455	0.162	0.704
9606.ENSP00000369162	9606.ENSP00000419005	RIOK1	UTP25	9606	0.415	0	0	0	0.383	0	0	0.09
9606.ENSP00000369162	9606.ENSP00000483495	RIOK1	DDX27	9606	0.422	0.041	0	0	0.397	0.054	0	0.068
9606.ENSP00000369162	9606.ENSP00000371858	RIOK1	NOP2	9606	0.52	0	0	0	0.452	0	0	0.16
9606.ENSP00000369162	9606.ENSP00000377944	RIOK1	UTP14A	9606	0.554	0	0	0	0.519	0	0	0.111
9606.ENSP00000369162	9606.ENSP00000402338	RIOK1	RPF2	9606	0.596	0	0	0	0.545	0	0	0.149
9606.ENSP00000369162	9606.ENSP00000384302	RIOK1	WDR43	9606	0.61	0	0	0	0.489	0	0	0.268
9606.ENSP00000369162	9606.ENSP00000417559	RIOK1	NMD3	9606	0.636	0.12	0	0	0.234	0	0	0.503
9606.ENSP00000369162	9606.ENSP00000479504	RIOK1	DDX52	9606	0.658	0	0	0	0.617	0	0	0.145
9606.ENSP00000369162	9606.ENSP00000446184	RIOK1	RRP12	9606	0.707	0	0	0	0.254	0.144	0	0.578
9606.ENSP00000371434	9606.ENSP00000492024	RFX3	PAX6	9606	0.458	0	0	0	0.042	0	0	0.458
9606.ENSP00000371471	9606.ENSP00000483430	RSAD2	IFI27	9606	0.958	0	0	0	0.77	0	0	0.826
9606.ENSP00000371471	9606.ENSP00000496832	RSAD2	ISG15	9606	0.978	0	0	0	0.815	0	0	0.889
9606.ENSP00000371471	9606.ENSP00000381601	RSAD2	MX1	9606	0.983	0	0	0	0.86	0	0	0.888
9606.ENSP00000371858	9606.ENSP00000397673	NOP2	ALKBH8	9606	0.422	0	0	0	0.06	0	0	0.41
9606.ENSP00000371858	9606.ENSP00000483001	NOP2	NOP16	9606	0.422	0	0	0	0.261	0	0	0.249
9606.ENSP00000371858	9606.ENSP00000463982	NOP2	YTHDC1	9606	0.432	0	0	0	0.049	0	0	0.427
9606.ENSP00000371858	9606.ENSP00000419005	NOP2	UTP25	9606	0.608	0	0	0	0.587	0	0	0.091
9606.ENSP00000371858	9606.ENSP00000479504	NOP2	DDX52	9606	0.713	0	0	0	0.618	0.165	0	0.173
9606.ENSP00000371858	9606.ENSP00000496044	NOP2	POLR1C	9606	0.745	0	0	0	0.695	0	0	0.199
9606.ENSP00000371858	9606.ENSP00000384302	NOP2	WDR43	9606	0.757	0	0	0	0.708	0.087	0	0.159
9606.ENSP00000371858	9606.ENSP00000417559	NOP2	NMD3	9606	0.768	0	0	0	0.598	0	0	0.446
9606.ENSP00000371858	9606.ENSP00000446184	NOP2	RRP12	9606	0.844	0	0	0	0.839	0	0	0.071
9606.ENSP00000371858	9606.ENSP00000377944	NOP2	UTP14A	9606	0.866	0	0	0	0.712	0.502	0	0.138
9606.ENSP00000371858	9606.ENSP00000483495	NOP2	DDX27	9606	0.934	0	0	0	0.83	0.613	0	0.078
9606.ENSP00000371858	9606.ENSP00000402338	NOP2	RPF2	9606	0.989	0	0	0	0.835	0.791	0	0.708
9606.ENSP00000372689	9606.ENSP00000476136	STAG1	H2BC11	9606	0.57	0	0	0	0	0.098	0.5	0.125
9606.ENSP00000374484	9606.ENSP00000417175	TMEM87A	VAPB	9606	0.405	0	0	0	0.049	0	0.4	0
9606.ENSP00000374484	9606.ENSP00000438993	TMEM87A	ZCCHC8	9606	0.461	0	0	0	0.063	0	0	0.448
9606.ENSP00000375711	9606.ENSP00000424183	AKT1S1	LAMTOR3	9606	0.611	0	0	0	0	0	0.5	0.255
9606.ENSP00000376297	9606.ENSP00000452037	DYNLL1	DNAL1	9606	0.667	0	0	0	0.076	0.129	0	0.619
9606.ENSP00000376297	9606.ENSP00000497174	DYNLL1	DYNC2H1	9606	0.999	0	0	0	0	0.877	0.9	0.937
9606.ENSP00000377944	9606.ENSP00000417559	UTP14A	NMD3	9606	0.658	0	0	0	0.577	0	0	0.225
9606.ENSP00000377944	9606.ENSP00000479504	UTP14A	DDX52	9606	0.826	0	0	0	0.693	0.108	0	0.415
9606.ENSP00000377944	9606.ENSP00000402338	UTP14A	RPF2	9606	0.89	0	0	0	0.71	0.557	0	0.214
9606.ENSP00000377944	9606.ENSP00000419005	UTP14A	UTP25	9606	0.896	0	0	0	0.542	0.162	0.54	0.482
9606.ENSP00000377944	9606.ENSP00000483495	UTP14A	DDX27	9606	0.932	0	0	0	0.796	0.511	0	0.373
9606.ENSP00000377944	9606.ENSP00000446184	UTP14A	RRP12	9606	0.978	0	0	0	0.745	0.813	0	0.583
9606.ENSP00000377944	9606.ENSP00000384302	UTP14A	WDR43	9606	0.996	0	0	0	0.702	0.961	0.5	0.462
9606.ENSP00000378702	9606.ENSP00000411532	BRD2	TOP2A	9606	0.421	0	0	0	0.047	0.328	0	0.167
9606.ENSP00000378702	9606.ENSP00000401878	BRD2	KBTBD8	9606	0.469	0	0	0	0	0	0	0.469
9606.ENSP00000378702	9606.ENSP00000497609	BRD2	INO80	9606	0.484	0	0	0	0.054	0.472	0	0.051
9606.ENSP00000378702	9606.ENSP00000484789	BRD2	H4C5	9606	0.923	0	0	0	0.045	0.916	0	0.116
9606.ENSP00000378736	9606.ENSP00000402338	CRCP	RPF2	9606	0.404	0	0	0	0.404	0	0	0
9606.ENSP00000378736	9606.ENSP00000379847	CRCP	ZNF143	9606	0.512	0	0	0	0.049	0.057	0.5	0
9606.ENSP00000378736	9606.ENSP00000496044	CRCP	POLR1C	9606	0.999	0	0	0	0.12	0.999	0.54	0.626
9606.ENSP00000378786	9606.ENSP00000483430	HLA-DRA	IFI27	9606	0.437	0	0	0	0.11	0.184	0	0.288
9606.ENSP00000379282	9606.ENSP00000483276	ABHD16A	TMEM222	9606	0.422	0	0	0	0.044	0.421	0	0
9606.ENSP00000379841	9606.ENSP00000476136	GPS2	H2BC11	9606	0.422	0	0	0	0.044	0.074	0.4	0
9606.ENSP00000379847	9606.ENSP00000496044	ZNF143	POLR1C	9606	0.522	0	0	0	0.054	0.053	0.5	0.059
9606.ENSP00000380888	9606.ENSP00000413098	MED13	SCAF8	9606	0.477	0	0	0	0.451	0	0	0.087
9606.ENSP00000380888	9606.ENSP00000384198	MED13	INO80D	9606	0.533	0	0	0	0.19	0.307	0	0.235
9606.ENSP00000380888	9606.ENSP00000435210	MED13	BCLAF1	9606	0.588	0	0	0	0.141	0	0.54	0
9606.ENSP00000381601	9606.ENSP00000483430	MX1	IFI27	9606	0.959	0	0	0	0.773	0.072	0	0.822
9606.ENSP00000381601	9606.ENSP00000496832	MX1	ISG15	9606	0.994	0	0	0	0.841	0.104	0.5	0.931
9606.ENSP00000383178	9606.ENSP00000499238	DIAPH3	NUSAP1	9606	0.461	0	0	0	0.435	0	0	0.085
9606.ENSP00000383178	9606.ENSP00000411532	DIAPH3	TOP2A	9606	0.513	0	0	0	0.466	0	0	0.125
9606.ENSP00000384198	9606.ENSP00000386023	INO80D	BUD31	9606	0.411	0	0	0	0	0	0	0.411
9606.ENSP00000384198	9606.ENSP00000497609	INO80D	INO80	9606	0.972	0	0	0	0.069	0.834	0.8	0.205
9606.ENSP00000384302	9606.ENSP00000416959	WDR43	TRA2B	9606	0.456	0	0	0	0.438	0.064	0	0.048
9606.ENSP00000384302	9606.ENSP00000496044	WDR43	POLR1C	9606	0.5	0	0	0	0.425	0	0	0.167
9606.ENSP00000384302	9606.ENSP00000417559	WDR43	NMD3	9606	0.707	0	0	0	0.663	0	0	0.167
9606.ENSP00000384302	9606.ENSP00000483495	WDR43	DDX27	9606	0.764	0	0	0	0.693	0.122	0	0.196
9606.ENSP00000384302	9606.ENSP00000479504	WDR43	DDX52	9606	0.882	0	0	0	0.694	0	0.5	0.29
9606.ENSP00000384302	9606.ENSP00000419005	WDR43	UTP25	9606	0.893	0	0	0	0.627	0.096	0.5	0.444
9606.ENSP00000384302	9606.ENSP00000402338	WDR43	RPF2	9606	0.927	0	0	0	0.904	0.095	0	0.23
9606.ENSP00000384302	9606.ENSP00000446184	WDR43	RRP12	9606	0.973	0	0	0	0.836	0.84	0	0.058
9606.ENSP00000386023	9606.ENSP00000416959	BUD31	TRA2B	9606	0.483	0	0	0	0.091	0.279	0	0.275
9606.ENSP00000386023	9606.ENSP00000419270	BUD31	PRKRIP1	9606	0.831	0	0	0	0.146	0.8	0	0.09
9606.ENSP00000386023	9606.ENSP00000478070	BUD31	CWC25	9606	0.996	0	0	0	0.047	0.991	0	0.581
9606.ENSP00000386023	9606.ENSP00000387006	BUD31	CWC22	9606	0.999	0	0	0	0.131	0.991	0.9	0.743
9606.ENSP00000386229	9606.ENSP00000407586	RGS14	HRAS	9606	0.71	0	0	0	0	0.365	0	0.562
9606.ENSP00000387006	9606.ENSP00000480421	CWC22	SRRT	9606	0.855	0	0	0	0.279	0	0.8	0.076
9606.ENSP00000387006	9606.ENSP00000419270	CWC22	PRKRIP1	9606	0.873	0	0	0	0.074	0.8	0	0.37
9606.ENSP00000387006	9606.ENSP00000478070	CWC22	CWC25	9606	0.997	0	0	0	0.11	0.91	0.9	0.77
9606.ENSP00000387180	9606.ENSP00000483001	PTRH2	NOP16	9606	0.439	0	0	0	0.309	0	0	0.22
9606.ENSP00000389182	9606.ENSP00000419005	RPP30	UTP25	9606	0.43	0	0	0	0.162	0.099	0	0.306
9606.ENSP00000389182	9606.ENSP00000402338	RPP30	RPF2	9606	0.732	0	0	0	0.732	0	0	0
9606.ENSP00000394734	9606.ENSP00000436679	CLK1	NXF1	9606	0.412	0	0	0	0.212	0	0	0.284
9606.ENSP00000394734	9606.ENSP00000416959	CLK1	TRA2B	9606	0.516	0	0	0	0.147	0.213	0	0.336
9606.ENSP00000396954	9606.ENSP00000448665	ATF5	DDIT3	9606	0.771	0	0	0	0.106	0.144	0.5	0.471
9606.ENSP00000397673	9606.ENSP00000456908	ALKBH8	CTU2	9606	0.642	0	0	0	0.049	0	0	0.639
9606.ENSP00000398882	9606.ENSP00000402338	DOHH	RPF2	9606	0.622	0	0	0	0.561	0	0	0.174
9606.ENSP00000398882	9606.ENSP00000456908	DOHH	CTU2	9606	0.765	0	0	0	0.765	0	0	0
9606.ENSP00000401566	9606.ENSP00000458954	ECD	NUP88	9606	0.511	0	0	0	0.511	0	0	0
9606.ENSP00000402338	9606.ENSP00000419005	RPF2	UTP25	9606	0.693	0	0	0	0.623	0	0	0.22
9606.ENSP00000402338	9606.ENSP00000479504	RPF2	DDX52	9606	0.862	0	0	0	0.833	0	0	0.204
9606.ENSP00000402338	9606.ENSP00000496044	RPF2	POLR1C	9606	0.898	0	0	0	0.879	0.091	0	0.152
9606.ENSP00000402338	9606.ENSP00000446184	RPF2	RRP12	9606	0.904	0	0	0	0.835	0.095	0	0.409
9606.ENSP00000402338	9606.ENSP00000483495	RPF2	DDX27	9606	0.949	0	0	0	0.838	0.579	0	0.319
9606.ENSP00000402338	9606.ENSP00000417559	RPF2	NMD3	9606	0.954	0	0	0	0.84	0	0	0.724
9606.ENSP00000407586	9606.ENSP00000418447	HRAS	PPP2CA	9606	0.543	0	0	0	0.069	0.126	0.4	0.173
9606.ENSP00000407586	9606.ENSP00000419060	HRAS	BRAF	9606	0.999	0	0	0	0.074	0.921	0.9	0.952
9606.ENSP00000409667	9606.ENSP00000491067	SYNJ1	NECAP1	9606	0.721	0	0	0	0.097	0.095	0.54	0.345
9606.ENSP00000411256	9606.ENSP00000486574	GABARAPL1	UBAP1	9606	0.488	0	0	0	0.123	0	0	0.441
9606.ENSP00000411256	9606.ENSP00000496832	GABARAPL1	ISG15	9606	0.591	0	0	0	0.107	0.052	0	0.556
9606.ENSP00000411532	9606.ENSP00000458954	TOP2A	NUP88	9606	0.419	0	0	0	0.072	0	0.4	0
9606.ENSP00000411532	9606.ENSP00000476136	TOP2A	H2BC11	9606	0.522	0	0	0	0.08	0.09	0	0.475
9606.ENSP00000411532	9606.ENSP00000451812	TOP2A	LIN52	9606	0.527	0	0	0	0.044	0	0.5	0.091
9606.ENSP00000411532	9606.ENSP00000438483	TOP2A	KPNA2	9606	0.742	0	0	0	0.428	0	0	0.567
9606.ENSP00000411532	9606.ENSP00000499238	TOP2A	NUSAP1	9606	0.999	0	0	0	0.999	0	0	0.795
9606.ENSP00000413098	9606.ENSP00000480421	SCAF8	SRRT	9606	0.404	0	0	0	0.304	0	0	0.179
9606.ENSP00000413098	9606.ENSP00000497609	SCAF8	INO80	9606	0.536	0	0	0	0.512	0.089	0	0
9606.ENSP00000416959	9606.ENSP00000446184	TRA2B	RRP12	9606	0.417	0	0	0	0.104	0	0	0.376
9606.ENSP00000416959	9606.ENSP00000436679	TRA2B	NXF1	9606	0.531	0	0	0	0.133	0.186	0	0.389
9606.ENSP00000416959	9606.ENSP00000480421	TRA2B	SRRT	9606	0.558	0	0	0	0.532	0	0	0.094
9606.ENSP00000416959	9606.ENSP00000435210	TRA2B	BCLAF1	9606	0.632	0	0	0	0.503	0.046	0	0.286
9606.ENSP00000416959	9606.ENSP00000463982	TRA2B	YTHDC1	9606	0.769	0	0	0	0.167	0.46	0	0.527
9606.ENSP00000417175	9606.ENSP00000466379	VAPB	GET3	9606	0.549	0	0	0	0.055	0.449	0	0.203
9606.ENSP00000417559	9606.ENSP00000496044	NMD3	POLR1C	9606	0.536	0	0	0	0.411	0.187	0	0.11
9606.ENSP00000417559	9606.ENSP00000483495	NMD3	DDX27	9606	0.604	0	0	0	0.518	0.066	0	0.191
9606.ENSP00000417559	9606.ENSP00000479504	NMD3	DDX52	9606	0.76	0	0	0	0.689	0	0	0.26
9606.ENSP00000417559	9606.ENSP00000436679	NMD3	NXF1	9606	0.789	0	0	0	0.063	0.328	0	0.692
9606.ENSP00000417559	9606.ENSP00000446184	NMD3	RRP12	9606	0.892	0	0	0	0.599	0	0	0.743
9606.ENSP00000418447	9606.ENSP00000424183	PPP2CA	LAMTOR3	9606	0.568	0	0	0	0.199	0.106	0	0.445
9606.ENSP00000418447	9606.ENSP00000419060	PPP2CA	BRAF	9606	0.647	0	0	0	0.049	0.333	0.4	0.182
9606.ENSP00000418447	9606.ENSP00000483228	PPP2CA	PPP4R3B	9606	0.793	0	0	0	0.129	0.269	0.54	0.377
9606.ENSP00000419005	9606.ENSP00000496044	UTP25	POLR1C	9606	0.422	0	0	0	0.422	0	0	0
9606.ENSP00000419005	9606.ENSP00000446184	UTP25	RRP12	9606	0.456	0	0	0	0.421	0.099	0	0
9606.ENSP00000419005	9606.ENSP00000483495	UTP25	DDX27	9606	0.541	0	0	0	0.41	0	0	0.254
9606.ENSP00000419005	9606.ENSP00000479504	UTP25	DDX52	9606	0.917	0	0	0	0.568	0	0.8	0.118
9606.ENSP00000419060	9606.ENSP00000424183	BRAF	LAMTOR3	9606	0.589	0	0	0	0.048	0.071	0.5	0.181
9606.ENSP00000419060	9606.ENSP00000489189	BRAF	BAG1	9606	0.642	0	0	0	0.044	0.049	0	0.638
9606.ENSP00000419270	9606.ENSP00000478070	PRKRIP1	CWC25	9606	0.69	0	0	0	0.139	0	0.5	0.339
9606.ENSP00000419449	9606.ENSP00000478070	EIF1	CWC25	9606	0.475	0	0	0	0.074	0	0	0.456
9606.ENSP00000424183	9606.ENSP00000434729	LAMTOR3	ATP6V0B	9606	0.524	0	0	0	0.074	0.045	0.5	0.051
9606.ENSP00000434729	9606.ENSP00000496044	ATP6V0B	POLR1C	9606	0.487	0.069	0	0	0.378	0	0	0.185
9606.ENSP00000434729	9606.ENSP00000449500	ATP6V0B	RNASEK	9606	0.997	0	0	0	0.199	0.988	0.72	0
9606.ENSP00000435210	9606.ENSP00000480421	BCLAF1	SRRT	9606	0.429	0	0	0	0.308	0	0	0.209
9606.ENSP00000435210	9606.ENSP00000463982	BCLAF1	YTHDC1	9606	0.462	0	0	0	0.274	0	0	0.29
9606.ENSP00000436679	9606.ENSP00000438483	NXF1	KPNA2	9606	0.401	0	0	0	0.092	0.157	0	0.279
9606.ENSP00000436679	9606.ENSP00000480421	NXF1	SRRT	9606	0.455	0	0	0	0.291	0	0	0.263
9606.ENSP00000436679	9606.ENSP00000446184	NXF1	RRP12	9606	0.549	0	0	0	0.109	0.184	0	0.43
9606.ENSP00000436679	9606.ENSP00000458954	NXF1	NUP88	9606	0.919	0	0	0	0.075	0.426	0.5	0.731
9606.ENSP00000436679	9606.ENSP00000463982	NXF1	YTHDC1	9606	0.92	0	0	0	0.086	0	0	0.916
9606.ENSP00000438483	9606.ENSP00000458954	KPNA2	NUP88	9606	0.407	0	0	0	0.118	0	0	0.355
9606.ENSP00000438483	9606.ENSP00000476136	KPNA2	H2BC11	9606	0.511	0	0	0	0.063	0	0.5	0
9606.ENSP00000438483	9606.ENSP00000480421	KPNA2	SRRT	9606	0.526	0	0	0	0.099	0.19	0	0.403
9606.ENSP00000438483	9606.ENSP00000499238	KPNA2	NUSAP1	9606	0.662	0	0	0	0.569	0	0	0.247
9606.ENSP00000438993	9606.ENSP00000463982	ZCCHC8	YTHDC1	9606	0.491	0	0	0	0.11	0	0	0.451
9606.ENSP00000438993	9606.ENSP00000480421	ZCCHC8	SRRT	9606	0.64	0	0	0	0.06	0	0	0.633
9606.ENSP00000446184	9606.ENSP00000496044	RRP12	POLR1C	9606	0.637	0	0	0	0.637	0	0	0
9606.ENSP00000446184	9606.ENSP00000479504	RRP12	DDX52	9606	0.68	0	0	0	0.416	0	0	0.475
9606.ENSP00000446184	9606.ENSP00000483495	RRP12	DDX27	9606	0.742	0	0	0	0.593	0.296	0	0.171
9606.ENSP00000466379	9606.ENSP00000489189	GET3	BAG1	9606	0.526	0	0	0	0.072	0	0	0.511
9606.ENSP00000476136	9606.ENSP00000486891	H2BC11	TCF7L2	9606	0.499	0	0	0	0	0	0.5	0
9606.ENSP00000476136	9606.ENSP00000496044	H2BC11	POLR1C	9606	0.562	0	0	0	0	0.271	0.4	0.08
9606.ENSP00000476136	9606.ENSP00000497609	H2BC11	INO80	9606	0.824	0	0	0	0	0.821	0	0.057
9606.ENSP00000476136	9606.ENSP00000484789	H2BC11	H4C5	9606	0.981	0	0.065	0	0.444	0.915	0.54	0.204
9606.ENSP00000478783	9606.ENSP00000489189	LTN1	BAG1	9606	0.56	0	0	0	0	0.166	0	0.495
9606.ENSP00000479504	9606.ENSP00000483495	DDX52	DDX27	9606	0.855	0	0	0.158	0.821	0.053	0	0.105
9606.ENSP00000483001	9606.ENSP00000483495	NOP16	DDX27	9606	0.454	0	0	0	0.129	0	0	0.399
9606.ENSP00000483430	9606.ENSP00000496832	IFI27	ISG15	9606	0.97	0	0	0	0.783	0.109	0	0.857
9606.ENSP00000483495	9606.ENSP00000496044	DDX27	POLR1C	9606	0.436	0	0	0	0.371	0.093	0	0.091
9606.ENSP00000484789	9606.ENSP00000497609	H4C5	INO80	9606	0.831	0	0	0	0.042	0.826	0	0.064
9606.ENSP00000486891	9606.ENSP00000492024	TCF7L2	PAX6	9606	0.424	0	0	0	0	0.132	0	0.364
9606.ENSP00000487365	9606.ENSP00000489189	HSPH1	BAG1	9606	0.954	0	0	0	0	0.31	0.9	0.39
