"category","over_represented_pvalue","under_represented_pvalue","numDEInCat","numInCat","term","ontology","p_adj"
"GO:0000002",1,1,2,2,"mitochondrial genome maintenance","BP",1
"GO:0000003",1,1,55,55,"reproduction","BP",1
"GO:0000018",1,1,12,12,"regulation of DNA recombination","BP",1
"GO:0000022",1,1,1,1,"mitotic spindle elongation","BP",1
"GO:0000023",1,1,1,1,"maltose metabolic process","BP",1
"GO:0000027",1,1,3,3,"ribosomal large subunit assembly","BP",1
"GO:0000038",1,1,1,1,"very long-chain fatty acid metabolic process","BP",1
"GO:0000041",1,1,1,1,"transition metal ion transport","BP",1
"GO:0000045",1,1,6,6,"autophagosome assembly","BP",1
"GO:0000054",1,1,5,5,"ribosomal subunit export from nucleus","BP",1
"GO:0000055",1,1,2,2,"ribosomal large subunit export from nucleus","BP",1
"GO:0000056",1,1,2,2,"ribosomal small subunit export from nucleus","BP",1
"GO:0000070",1,1,18,18,"mitotic sister chromatid segregation","BP",1
"GO:0000075",1,1,14,14,"cell cycle checkpoint signaling","BP",1
"GO:0000076",1,1,1,1,"DNA replication checkpoint signaling","BP",1
"GO:0000077",1,1,8,8,"DNA damage checkpoint signaling","BP",1
"GO:0000079",1,1,7,7,"regulation of cyclin-dependent protein serine/threonine kinase activity","BP",1
"GO:0000082",1,1,16,16,"G1/S transition of mitotic cell cycle","BP",1
"GO:0000083",1,1,3,3,"regulation of transcription involved in G1/S transition of mitotic cell cycle","BP",1
"GO:0000086",1,1,10,10,"G2/M transition of mitotic cell cycle","BP",1
"GO:0000096",1,1,2,2,"sulfur amino acid metabolic process","BP",1
"GO:0000098",1,1,1,1,"sulfur amino acid catabolic process","BP",1
"GO:0000101",1,1,1,1,"sulfur amino acid transport","BP",1
"GO:0000122",1,1,50,50,"negative regulation of transcription by RNA polymerase II","BP",1
"GO:0000132",1,1,3,3,"establishment of mitotic spindle orientation","BP",1
"GO:0000154",1,1,4,4,"rRNA modification","BP",1
"GO:0000165",1,1,40,40,"MAPK cascade","BP",1
"GO:0000184",1,1,1,1,"nuclear-transcribed mRNA catabolic process, nonsense-mediated decay","BP",1
"GO:0000209",1,1,10,10,"protein polyubiquitination","BP",1
"GO:0000212",1,1,1,1,"meiotic spindle organization","BP",1
"GO:0000226",1,1,35,35,"microtubule cytoskeleton organization","BP",1
"GO:0000244",1,1,1,1,"spliceosomal tri-snRNP complex assembly","BP",1
"GO:0000245",1,1,5,5,"spliceosomal complex assembly","BP",1
"GO:0000255",1,1,1,1,"allantoin metabolic process","BP",1
"GO:0000266",1,1,4,4,"mitochondrial fission","BP",1
"GO:0000271",1,1,5,5,"polysaccharide biosynthetic process","BP",1
"GO:0000272",1,1,2,2,"polysaccharide catabolic process","BP",1
"GO:0000278",1,1,55,55,"mitotic cell cycle","BP",1
"GO:0000280",1,1,28,28,"nuclear division","BP",1
"GO:0000281",1,1,6,6,"mitotic cytokinesis","BP",1
"GO:0000288",1,1,1,1,"nuclear-transcribed mRNA catabolic process, deadenylation-dependent decay","BP",1
"GO:0000290",1,1,1,1,"deadenylation-dependent decapping of nuclear-transcribed mRNA","BP",1
"GO:0000302",1,1,10,10,"response to reactive oxygen species","BP",1
"GO:0000303",1,1,1,1,"response to superoxide","BP",1
"GO:0000305",1,1,1,1,"response to oxygen radical","BP",1
"GO:0000375",1,1,22,22,"RNA splicing, via transesterification reactions","BP",1
"GO:0000377",1,1,21,21,"RNA splicing, via transesterification reactions with bulged adenosine as nucleophile","BP",1
"GO:0000380",1,1,6,6,"alternative mRNA splicing, via spliceosome","BP",1
"GO:0000381",1,1,4,4,"regulation of alternative mRNA splicing, via spliceosome","BP",1
"GO:0000387",1,1,1,1,"spliceosomal snRNP assembly","BP",1
"GO:0000395",1,1,2,2,"mRNA 5'-splice site recognition","BP",1
"GO:0000398",1,1,21,21,"mRNA splicing, via spliceosome","BP",1
"GO:0000413",1,1,1,1,"protein peptidyl-prolyl isomerization","BP",1
"GO:0000422",1,1,4,4,"autophagy of mitochondrion","BP",1
"GO:0000423",1,1,1,1,"mitophagy","BP",1
"GO:0000447",1,1,1,1,"endonucleolytic cleavage in ITS1 to separate SSU-rRNA from 5.8S rRNA and LSU-rRNA from tricistronic rRNA transcript (SSU-rRNA, 5.8S rRNA, LSU-rRNA)","BP",1
"GO:0000454",1,1,1,1,"snoRNA guided rRNA pseudouridine synthesis","BP",1
"GO:0000460",1,1,1,1,"maturation of 5.8S rRNA","BP",1
"GO:0000462",1,1,5,5,"maturation of SSU-rRNA from tricistronic rRNA transcript (SSU-rRNA, 5.8S rRNA, LSU-rRNA)","BP",1
"GO:0000463",1,1,1,1,"maturation of LSU-rRNA from tricistronic rRNA transcript (SSU-rRNA, 5.8S rRNA, LSU-rRNA)","BP",1
"GO:0000466",1,1,1,1,"maturation of 5.8S rRNA from tricistronic rRNA transcript (SSU-rRNA, 5.8S rRNA, LSU-rRNA)","BP",1
"GO:0000470",1,1,2,2,"maturation of LSU-rRNA","BP",1
"GO:0000472",1,1,1,1,"endonucleolytic cleavage to generate mature 5'-end of SSU-rRNA from (SSU-rRNA, 5.8S rRNA, LSU-rRNA)","BP",1
"GO:0000479",1,1,1,1,"endonucleolytic cleavage of tricistronic rRNA transcript (SSU-rRNA, 5.8S rRNA, LSU-rRNA)","BP",1
"GO:0000480",1,1,1,1,"endonucleolytic cleavage in 5'-ETS of tricistronic rRNA transcript (SSU-rRNA, 5.8S rRNA, LSU-rRNA)","BP",1
"GO:0000491",1,1,1,1,"small nucleolar ribonucleoprotein complex assembly","BP",1
"GO:0000492",1,1,1,1,"box C/D snoRNP assembly","BP",1
"GO:0000512",1,1,1,1,"lncRNA-mediated post-transcriptional gene silencing","BP",1
"GO:0000578",1,1,1,1,"embryonic axis specification","BP",1
"GO:0000712",1,1,2,2,"resolution of meiotic recombination intermediates","BP",1
"GO:0000722",1,1,1,1,"telomere maintenance via recombination","BP",1
"GO:0000723",1,1,10,10,"telomere maintenance","BP",1
"GO:0000724",1,1,15,15,"double-strand break repair via homologous recombination","BP",1
"GO:0000725",1,1,15,15,"recombinational repair","BP",1
"GO:0000727",1,1,1,1,"double-strand break repair via break-induced replication","BP",1
"GO:0000729",1,1,2,2,"DNA double-strand break processing","BP",1
"GO:0000731",1,1,3,3,"DNA synthesis involved in DNA repair","BP",1
"GO:0000768",1,1,3,3,"syncytium formation by plasma membrane fusion","BP",1
"GO:0000819",1,1,21,21,"sister chromatid segregation","BP",1
"GO:0000820",1,1,1,1,"regulation of glutamine family amino acid metabolic process","BP",1
"GO:0000902",1,1,46,46,"cell morphogenesis","BP",1
"GO:0000910",1,1,8,8,"cytokinesis","BP",1
"GO:0000956",1,1,3,3,"nuclear-transcribed mRNA catabolic process","BP",1
"GO:0000957",1,1,1,1,"mitochondrial RNA catabolic process","BP",1
"GO:0000958",1,1,1,1,"mitochondrial mRNA catabolic process","BP",1
"GO:0000959",1,1,4,4,"mitochondrial RNA metabolic process","BP",1
"GO:0000960",1,1,1,1,"regulation of mitochondrial RNA catabolic process","BP",1
"GO:0000962",1,1,1,1,"positive regulation of mitochondrial RNA catabolic process","BP",1
"GO:0000963",1,1,2,2,"mitochondrial RNA processing","BP",1
"GO:0000965",1,1,1,1,"mitochondrial RNA 3'-end processing","BP",1
"GO:0000966",1,1,2,2,"RNA 5'-end processing","BP",1
"GO:0000967",1,1,1,1,"rRNA 5'-end processing","BP",1
"GO:0001100",1,1,1,1,"negative regulation of exit from mitosis","BP",1
"GO:0001101",1,1,5,5,"response to acid chemical","BP",1
"GO:0001172",1,1,1,1,"RNA-templated transcription","BP",1
"GO:0001325",1,1,1,1,"formation of extrachromosomal circular DNA","BP",1
"GO:0001501",1,1,17,17,"skeletal system development","BP",1
"GO:0001503",1,1,15,15,"ossification","BP",1
"GO:0001504",1,1,2,2,"neurotransmitter uptake","BP",1
"GO:0001505",1,1,8,8,"regulation of neurotransmitter levels","BP",1
"GO:0001508",1,1,1,1,"action potential","BP",1
"GO:0001510",1,1,10,10,"RNA methylation","BP",1
"GO:0001516",1,1,1,1,"prostaglandin biosynthetic process","BP",1
"GO:0001522",1,1,1,1,"pseudouridine synthesis","BP",1
"GO:0001523",1,1,3,3,"retinoid metabolic process","BP",1
"GO:0001525",1,1,23,23,"angiogenesis","BP",1
"GO:0001539",1,1,3,3,"cilium or flagellum-dependent cell motility","BP",1
"GO:0001541",1,1,1,1,"ovarian follicle development","BP",1
"GO:0001542",1,1,1,1,"ovulation from ovarian follicle","BP",1
"GO:0001543",1,1,1,1,"ovarian follicle rupture","BP",1
"GO:0001556",1,1,2,2,"oocyte maturation","BP",1
"GO:0001558",1,1,24,24,"regulation of cell growth","BP",1
"GO:0001562",1,1,2,2,"response to protozoan","BP",1
"GO:0001568",1,1,39,39,"blood vessel development","BP",1
"GO:0001569",1,1,2,2,"branching involved in blood vessel morphogenesis","BP",1
"GO:0001570",1,1,3,3,"vasculogenesis","BP",1
"GO:0001573",1,1,2,2,"ganglioside metabolic process","BP",1
"GO:0001578",1,1,5,5,"microtubule bundle formation","BP",1
"GO:0001580",1,1,1,1,"detection of chemical stimulus involved in sensory perception of bitter taste","BP",1
"GO:0001649",1,1,8,8,"osteoblast differentiation","BP",1
"GO:0001654",1,1,12,12,"eye development","BP",1
"GO:0001655",1,1,2,2,"urogenital system development","BP",1
"GO:0001657",1,1,3,3,"ureteric bud development","BP",1
"GO:0001659",1,1,14,14,"temperature homeostasis","BP",1
"GO:0001661",1,1,1,1,"conditioned taste aversion","BP",1
"GO:0001662",1,1,1,1,"behavioral fear response","BP",1
"GO:0001666",1,1,21,21,"response to hypoxia","BP",1
"GO:0001667",1,1,25,25,"ameboidal-type cell migration","BP",1
"GO:0001675",1,1,2,2,"acrosome assembly","BP",1
"GO:0001676",1,1,4,4,"long-chain fatty acid metabolic process","BP",1
"GO:0001678",1,1,9,9,"intracellular glucose homeostasis","BP",1
"GO:0001682",1,1,1,1,"tRNA 5'-leader removal","BP",1
"GO:0001696",1,1,1,1,"gastric acid secretion","BP",1
"GO:0001701",1,1,25,25,"in utero embryonic development","BP",1
"GO:0001702",1,1,1,1,"gastrulation with mouth forming second","BP",1
"GO:0001704",1,1,3,3,"formation of primary germ layer","BP",1
"GO:0001706",1,1,2,2,"endoderm formation","BP",1
"GO:0001707",1,1,1,1,"mesoderm formation","BP",1
"GO:0001708",1,1,2,2,"cell fate specification","BP",1
"GO:0001709",1,1,1,1,"cell fate determination","BP",1
"GO:0001731",1,1,3,3,"formation of translation preinitiation complex","BP",1
"GO:0001732",1,1,1,1,"formation of cytoplasmic translation initiation complex","BP",1
"GO:0001754",1,1,1,1,"eye photoreceptor cell differentiation","BP",1
"GO:0001755",1,1,3,3,"neural crest cell migration","BP",1
"GO:0001756",1,1,3,3,"somitogenesis","BP",1
"GO:0001763",1,1,4,4,"morphogenesis of a branching structure","BP",1
"GO:0001764",1,1,6,6,"neuron migration","BP",1
"GO:0001765",1,1,2,2,"membrane raft assembly","BP",1
"GO:0001766",1,1,1,1,"membrane raft polarization","BP",1
"GO:0001767",1,1,1,1,"establishment of lymphocyte polarity","BP",1
"GO:0001768",1,1,1,1,"establishment of T cell polarity","BP",1
"GO:0001773",1,1,1,1,"myeloid dendritic cell activation","BP",1
"GO:0001774",1,1,3,3,"microglial cell activation","BP",1
"GO:0001775",1,1,70,70,"cell activation","BP",1
"GO:0001776",1,1,8,8,"leukocyte homeostasis","BP",1
"GO:0001778",1,1,3,3,"plasma membrane repair","BP",1
"GO:0001779",1,1,2,2,"natural killer cell differentiation","BP",1
"GO:0001780",1,1,2,2,"neutrophil homeostasis","BP",1
"GO:0001781",1,1,2,2,"neutrophil apoptotic process","BP",1
"GO:0001782",1,1,2,2,"B cell homeostasis","BP",1
"GO:0001783",1,1,2,2,"B cell apoptotic process","BP",1
"GO:0001816",1,1,49,49,"cytokine production","BP",1
"GO:0001817",1,1,48,48,"regulation of cytokine production","BP",1
"GO:0001818",1,1,25,25,"negative regulation of cytokine production","BP",1
"GO:0001819",1,1,33,33,"positive regulation of cytokine production","BP",1
"GO:0001820",1,1,1,1,"serotonin secretion","BP",1
"GO:0001821",1,1,1,1,"histamine secretion","BP",1
"GO:0001822",1,1,15,15,"kidney development","BP",1
"GO:0001823",1,1,3,3,"mesonephros development","BP",1
"GO:0001824",1,1,10,10,"blastocyst development","BP",1
"GO:0001825",1,1,5,5,"blastocyst formation","BP",1
"GO:0001826",1,1,1,1,"inner cell mass cell differentiation","BP",1
"GO:0001827",1,1,1,1,"inner cell mass cell fate commitment","BP",1
"GO:0001828",1,1,1,1,"inner cell mass cellular morphogenesis","BP",1
"GO:0001829",1,1,2,2,"trophectodermal cell differentiation","BP",1
"GO:0001832",1,1,3,3,"blastocyst growth","BP",1
"GO:0001833",1,1,2,2,"inner cell mass cell proliferation","BP",1
"GO:0001835",1,1,1,1,"blastocyst hatching","BP",1
"GO:0001836",1,1,3,3,"release of cytochrome c from mitochondria","BP",1
"GO:0001837",1,1,8,8,"epithelial to mesenchymal transition","BP",1
"GO:0001838",1,1,3,3,"embryonic epithelial tube formation","BP",1
"GO:0001841",1,1,3,3,"neural tube formation","BP",1
"GO:0001843",1,1,3,3,"neural tube closure","BP",1
"GO:0001845",1,1,1,1,"phagolysosome assembly","BP",1
"GO:0001865",1,1,1,1,"NK T cell differentiation","BP",1
"GO:0001878",1,1,1,1,"response to yeast","BP",1
"GO:0001881",1,1,4,4,"receptor recycling","BP",1
"GO:0001885",1,1,2,2,"endothelial cell development","BP",1
"GO:0001889",1,1,10,10,"liver development","BP",1
"GO:0001890",1,1,9,9,"placenta development","BP",1
"GO:0001892",1,1,4,4,"embryonic placenta development","BP",1
"GO:0001893",1,1,3,3,"maternal placenta development","BP",1
"GO:0001894",1,1,12,12,"tissue homeostasis","BP",1
"GO:0001895",1,1,4,4,"retina homeostasis","BP",1
"GO:0001906",1,1,20,20,"cell killing","BP",1
"GO:0001909",1,1,14,14,"leukocyte mediated cytotoxicity","BP",1
"GO:0001910",1,1,10,10,"regulation of leukocyte mediated cytotoxicity","BP",1
"GO:0001911",1,1,2,2,"negative regulation of leukocyte mediated cytotoxicity","BP",1
"GO:0001912",1,1,8,8,"positive regulation of leukocyte mediated cytotoxicity","BP",1
"GO:0001913",1,1,7,7,"T cell mediated cytotoxicity","BP",1
"GO:0001914",1,1,7,7,"regulation of T cell mediated cytotoxicity","BP",1
"GO:0001916",1,1,7,7,"positive regulation of T cell mediated cytotoxicity","BP",1
"GO:0001919",1,1,3,3,"regulation of receptor recycling","BP",1
"GO:0001920",1,1,1,1,"negative regulation of receptor recycling","BP",1
"GO:0001921",1,1,1,1,"positive regulation of receptor recycling","BP",1
"GO:0001932",1,1,58,58,"regulation of protein phosphorylation","BP",1
"GO:0001933",1,1,25,25,"negative regulation of protein phosphorylation","BP",1
"GO:0001934",1,1,34,34,"positive regulation of protein phosphorylation","BP",1
"GO:0001935",1,1,7,7,"endothelial cell proliferation","BP",1
"GO:0001936",1,1,6,6,"regulation of endothelial cell proliferation","BP",1
"GO:0001937",1,1,2,2,"negative regulation of endothelial cell proliferation","BP",1
"GO:0001938",1,1,3,3,"positive regulation of endothelial cell proliferation","BP",1
"GO:0001941",1,1,3,3,"postsynaptic membrane organization","BP",1
"GO:0001942",1,1,2,2,"hair follicle development","BP",1
"GO:0001944",1,1,41,41,"vasculature development","BP",1
"GO:0001945",1,1,2,2,"lymph vessel development","BP",1
"GO:0001946",1,1,1,1,"lymphangiogenesis","BP",1
"GO:0001947",1,1,1,1,"heart looping","BP",1
"GO:0001952",1,1,3,3,"regulation of cell-matrix adhesion","BP",1
"GO:0001954",1,1,2,2,"positive regulation of cell-matrix adhesion","BP",1
"GO:0001955",1,1,2,2,"blood vessel maturation","BP",1
"GO:0001956",1,1,1,1,"positive regulation of neurotransmitter secretion","BP",1
"GO:0001958",1,1,1,1,"endochondral ossification","BP",1
"GO:0001959",1,1,6,6,"regulation of cytokine-mediated signaling pathway","BP",1
"GO:0001960",1,1,5,5,"negative regulation of cytokine-mediated signaling pathway","BP",1
"GO:0001961",1,1,1,1,"positive regulation of cytokine-mediated signaling pathway","BP",1
"GO:0001966",1,1,1,1,"thigmotaxis","BP",1
"GO:0001973",1,1,1,1,"G protein-coupled adenosine receptor signaling pathway","BP",1
"GO:0001974",1,1,1,1,"blood vessel remodeling","BP",1
"GO:0002009",1,1,15,15,"morphogenesis of an epithelium","BP",1
"GO:0002011",1,1,4,4,"morphogenesis of an epithelial sheet","BP",1
"GO:0002021",1,1,1,1,"response to dietary excess","BP",1
"GO:0002024",1,1,1,1,"diet induced thermogenesis","BP",1
"GO:0002026",1,1,1,1,"regulation of the force of heart contraction","BP",1
"GO:0002027",1,1,1,1,"regulation of heart rate","BP",1
"GO:0002028",1,1,1,1,"regulation of sodium ion transport","BP",1
"GO:0002029",1,1,1,1,"desensitization of G protein-coupled receptor signaling pathway","BP",1
"GO:0002031",1,1,1,1,"G protein-coupled receptor internalization","BP",1
"GO:0002036",1,1,1,1,"regulation of L-glutamate import across plasma membrane","BP",1
"GO:0002040",1,1,1,1,"sprouting angiogenesis","BP",1
"GO:0002052",1,1,3,3,"positive regulation of neuroblast proliferation","BP",1
"GO:0002053",1,1,1,1,"positive regulation of mesenchymal cell proliferation","BP",1
"GO:0002062",1,1,4,4,"chondrocyte differentiation","BP",1
"GO:0002063",1,1,1,1,"chondrocyte development","BP",1
"GO:0002064",1,1,11,11,"epithelial cell development","BP",1
"GO:0002065",1,1,7,7,"columnar/cuboidal epithelial cell differentiation","BP",1
"GO:0002066",1,1,4,4,"columnar/cuboidal epithelial cell development","BP",1
"GO:0002067",1,1,3,3,"glandular epithelial cell differentiation","BP",1
"GO:0002068",1,1,3,3,"glandular epithelial cell development","BP",1
"GO:0002069",1,1,2,2,"columnar/cuboidal epithelial cell maturation","BP",1
"GO:0002070",1,1,3,3,"epithelial cell maturation","BP",1
"GO:0002071",1,1,1,1,"glandular epithelial cell maturation","BP",1
"GO:0002072",1,1,1,1,"optic cup morphogenesis involved in camera-type eye development","BP",1
"GO:0002082",1,1,1,1,"regulation of oxidative phosphorylation","BP",1
"GO:0002086",1,1,1,1,"diaphragm contraction","BP",1
"GO:0002087",1,1,1,1,"regulation of respiratory gaseous exchange by nervous system process","BP",1
"GO:0002088",1,1,5,5,"lens development in camera-type eye","BP",1
"GO:0002089",1,1,1,1,"lens morphogenesis in camera-type eye","BP",1
"GO:0002090",1,1,4,4,"regulation of receptor internalization","BP",1
"GO:0002091",1,1,2,2,"negative regulation of receptor internalization","BP",1
"GO:0002092",1,1,2,2,"positive regulation of receptor internalization","BP",1
"GO:0002093",1,1,1,1,"auditory receptor cell morphogenesis","BP",1
"GO:0002097",1,1,4,4,"tRNA wobble base modification","BP",1
"GO:0002098",1,1,3,3,"tRNA wobble uridine modification","BP",1
"GO:0002101",1,1,1,1,"tRNA wobble cytosine modification","BP",1
"GO:0002115",1,1,2,2,"store-operated calcium entry","BP",1
"GO:0002138",1,1,1,1,"retinoic acid biosynthetic process","BP",1
"GO:0002143",1,1,1,1,"tRNA wobble position uridine thiolation","BP",1
"GO:0002158",1,1,1,1,"osteoclast proliferation","BP",1
"GO:0002175",1,1,1,1,"protein localization to paranode region of axon","BP",1
"GO:0002181",1,1,8,8,"cytoplasmic translation","BP",1
"GO:0002183",1,1,3,3,"cytoplasmic translational initiation","BP",1
"GO:0002200",1,1,6,6,"somatic diversification of immune receptors","BP",1
"GO:0002204",1,1,4,4,"somatic recombination of immunoglobulin genes involved in immune response","BP",1
"GO:0002208",1,1,4,4,"somatic diversification of immunoglobulins involved in immune response","BP",1
"GO:0002209",1,1,2,2,"behavioral defense response","BP",1
"GO:0002218",1,1,23,23,"activation of innate immune response","BP",1
"GO:0002220",1,1,7,7,"innate immune response activating cell surface receptor signaling pathway","BP",1
"GO:0002221",1,1,18,18,"pattern recognition receptor signaling pathway","BP",1
"GO:0002223",1,1,3,3,"stimulatory C-type lectin receptor signaling pathway","BP",1
"GO:0002224",1,1,2,2,"toll-like receptor signaling pathway","BP",1
"GO:0002227",1,1,3,3,"innate immune response in mucosa","BP",1
"GO:0002228",1,1,6,6,"natural killer cell mediated immunity","BP",1
"GO:0002230",1,1,1,1,"positive regulation of defense response to virus by host","BP",1
"GO:0002237",1,1,27,27,"response to molecule of bacterial origin","BP",1
"GO:0002238",1,1,1,1,"response to molecule of fungal origin","BP",1
"GO:0002244",1,1,10,10,"hematopoietic progenitor cell differentiation","BP",1
"GO:0002250",1,1,50,50,"adaptive immune response","BP",1
"GO:0002251",1,1,4,4,"organ or tissue specific immune response","BP",1
"GO:0002252",1,1,58,58,"immune effector process","BP",1
"GO:0002253",1,1,42,42,"activation of immune response","BP",1
"GO:0002260",1,1,6,6,"lymphocyte homeostasis","BP",1
"GO:0002262",1,1,8,8,"myeloid cell homeostasis","BP",1
"GO:0002263",1,1,27,27,"cell activation involved in immune response","BP",1
"GO:0002265",1,1,1,1,"astrocyte activation involved in immune response","BP",1
"GO:0002269",1,1,3,3,"leukocyte activation involved in inflammatory response","BP",1
"GO:0002274",1,1,16,16,"myeloid leukocyte activation","BP",1
"GO:0002275",1,1,10,10,"myeloid cell activation involved in immune response","BP",1
"GO:0002279",1,1,8,8,"mast cell activation involved in immune response","BP",1
"GO:0002281",1,1,2,2,"macrophage activation involved in immune response","BP",1
"GO:0002282",1,1,1,1,"microglial cell activation involved in immune response","BP",1
"GO:0002283",1,1,2,2,"neutrophil activation involved in immune response","BP",1
"GO:0002285",1,1,18,18,"lymphocyte activation involved in immune response","BP",1
"GO:0002286",1,1,9,9,"T cell activation involved in immune response","BP",1
"GO:0002287",1,1,8,8,"alpha-beta T cell activation involved in immune response","BP",1
"GO:0002291",1,1,1,1,"T cell activation via T cell receptor contact with antigen bound to MHC molecule on antigen presenting cell","BP",1
"GO:0002292",1,1,8,8,"T cell differentiation involved in immune response","BP",1
"GO:0002293",1,1,8,8,"alpha-beta T cell differentiation involved in immune response","BP",1
"GO:0002294",1,1,8,8,"CD4-positive, alpha-beta T cell differentiation involved in immune response","BP",1
"GO:0002298",1,1,1,1,"CD4-positive, CD25-positive, alpha-beta regulatory T cell differentiation involved in immune response","BP",1
"GO:0002312",1,1,7,7,"B cell activation involved in immune response","BP",1
"GO:0002313",1,1,3,3,"mature B cell differentiation involved in immune response","BP",1
"GO:0002314",1,1,1,1,"germinal center B cell differentiation","BP",1
"GO:0002315",1,1,1,1,"marginal zone B cell differentiation","BP",1
"GO:0002318",1,1,2,2,"myeloid progenitor cell differentiation","BP",1
"GO:0002320",1,1,3,3,"lymphoid progenitor cell differentiation","BP",1
"GO:0002323",1,1,2,2,"natural killer cell activation involved in immune response","BP",1
"GO:0002326",1,1,1,1,"B cell lineage commitment","BP",1
"GO:0002327",1,1,2,2,"immature B cell differentiation","BP",1
"GO:0002328",1,1,2,2,"pro-B cell differentiation","BP",1
"GO:0002329",1,1,1,1,"pre-B cell differentiation","BP",1
"GO:0002331",1,1,1,1,"pre-B cell allelic exclusion","BP",1
"GO:0002335",1,1,3,3,"mature B cell differentiation","BP",1
"GO:0002347",1,1,2,2,"response to tumor cell","BP",1
"GO:0002349",1,1,1,1,"histamine production involved in inflammatory response","BP",1
"GO:0002351",1,1,1,1,"serotonin production involved in inflammatory response","BP",1
"GO:0002358",1,1,1,1,"B cell homeostatic proliferation","BP",1
"GO:0002360",1,1,2,2,"T cell lineage commitment","BP",1
"GO:0002361",1,1,2,2,"CD4-positive, CD25-positive, alpha-beta regulatory T cell differentiation","BP",1
"GO:0002366",1,1,26,26,"leukocyte activation involved in immune response","BP",1
"GO:0002367",1,1,10,10,"cytokine production involved in immune response","BP",1
"GO:0002369",1,1,2,2,"T cell cytokine production","BP",1
"GO:0002370",1,1,1,1,"natural killer cell cytokine production","BP",1
"GO:0002371",1,1,3,3,"dendritic cell cytokine production","BP",1
"GO:0002372",1,1,1,1,"myeloid dendritic cell cytokine production","BP",1
"GO:0002373",1,1,1,1,"plasmacytoid dendritic cell cytokine production","BP",1
"GO:0002376",1,1,163,163,"immune system process","BP",1
"GO:0002377",1,1,7,7,"immunoglobulin production","BP",1
"GO:0002381",1,1,4,4,"immunoglobulin production involved in immunoglobulin-mediated immune response","BP",1
"GO:0002385",1,1,4,4,"mucosal immune response","BP",1
"GO:0002396",1,1,1,1,"MHC protein complex assembly","BP",1
"GO:0002399",1,1,1,1,"MHC class II protein complex assembly","BP",1
"GO:0002407",1,1,2,2,"dendritic cell chemotaxis","BP",1
"GO:0002418",1,1,2,2,"immune response to tumor cell","BP",1
"GO:0002420",1,1,1,1,"natural killer cell mediated cytotoxicity directed against tumor cell target","BP",1
"GO:0002423",1,1,2,2,"natural killer cell mediated immune response to tumor cell","BP",1
"GO:0002429",1,1,26,26,"immune response-activating cell surface receptor signaling pathway","BP",1
"GO:0002431",1,1,3,3,"Fc receptor mediated stimulatory signaling pathway","BP",1
"GO:0002432",1,1,1,1,"granuloma formation","BP",1
"GO:0002433",1,1,3,3,"immune response-regulating cell surface receptor signaling pathway involved in phagocytosis","BP",1
"GO:0002437",1,1,3,3,"inflammatory response to antigenic stimulus","BP",1
"GO:0002438",1,1,1,1,"acute inflammatory response to antigenic stimulus","BP",1
"GO:0002440",1,1,18,18,"production of molecular mediator of immune response","BP",1
"GO:0002441",1,1,1,1,"histamine secretion involved in inflammatory response","BP",1
"GO:0002442",1,1,1,1,"serotonin secretion involved in inflammatory response","BP",1
"GO:0002443",1,1,38,38,"leukocyte mediated immunity","BP",1
"GO:0002444",1,1,13,13,"myeloid leukocyte mediated immunity","BP",1
"GO:0002446",1,1,3,3,"neutrophil mediated immunity","BP",1
"GO:0002448",1,1,9,9,"mast cell mediated immunity","BP",1
"GO:0002449",1,1,26,26,"lymphocyte mediated immunity","BP",1
"GO:0002455",1,1,1,1,"humoral immune response mediated by circulating immunoglobulin","BP",1
"GO:0002456",1,1,13,13,"T cell mediated immunity","BP",1
"GO:0002457",1,1,1,1,"T cell antigen processing and presentation","BP",1
"GO:0002460",1,1,30,30,"adaptive immune response based on somatic recombination of immune receptors built from immunoglobulin superfamily domains","BP",1
"GO:0002467",1,1,2,2,"germinal center formation","BP",1
"GO:0002468",1,1,1,1,"dendritic cell antigen processing and presentation","BP",1
"GO:0002469",1,1,1,1,"myeloid dendritic cell antigen processing and presentation","BP",1
"GO:0002475",1,1,6,6,"antigen processing and presentation via MHC class Ib","BP",1
"GO:0002478",1,1,2,2,"antigen processing and presentation of exogenous peptide antigen","BP",1
"GO:0002483",1,1,1,1,"antigen processing and presentation of endogenous peptide antigen","BP",1
"GO:0002491",1,1,1,1,"antigen processing and presentation of endogenous peptide antigen via MHC class II","BP",1
"GO:0002495",1,1,2,2,"antigen processing and presentation of peptide antigen via MHC class II","BP",1
"GO:0002501",1,1,1,1,"peptide antigen assembly with MHC protein complex","BP",1
"GO:0002503",1,1,1,1,"peptide antigen assembly with MHC class II protein complex","BP",1
"GO:0002504",1,1,2,2,"antigen processing and presentation of peptide or polysaccharide antigen via MHC class II","BP",1
"GO:0002507",1,1,1,1,"tolerance induction","BP",1
"GO:0002519",1,1,1,1,"natural killer cell tolerance induction","BP",1
"GO:0002520",1,1,13,13,"immune system development","BP",1
"GO:0002521",1,1,37,37,"leukocyte differentiation","BP",1
"GO:0002523",1,1,2,2,"leukocyte migration involved in inflammatory response","BP",1
"GO:0002526",1,1,2,2,"acute inflammatory response","BP",1
"GO:0002532",1,1,8,8,"production of molecular mediator involved in inflammatory response","BP",1
"GO:0002534",1,1,4,4,"cytokine production involved in inflammatory response","BP",1
"GO:0002536",1,1,1,1,"respiratory burst involved in inflammatory response","BP",1
"GO:0002538",1,1,1,1,"arachidonic acid metabolite production involved in inflammatory response","BP",1
"GO:0002540",1,1,1,1,"leukotriene production involved in inflammatory response","BP",1
"GO:0002544",1,1,2,2,"chronic inflammatory response","BP",1
"GO:0002548",1,1,2,2,"monocyte chemotaxis","BP",1
"GO:0002551",1,1,2,2,"mast cell chemotaxis","BP",1
"GO:0002553",1,1,1,1,"histamine secretion by mast cell","BP",1
"GO:0002554",1,1,1,1,"serotonin secretion by platelet","BP",1
"GO:0002562",1,1,5,5,"somatic diversification of immune receptors via germline recombination within a single locus","BP",1
"GO:0002566",1,1,1,1,"somatic diversification of immune receptors via somatic mutation","BP",1
"GO:0002573",1,1,16,16,"myeloid leukocyte differentiation","BP",1
"GO:0002576",1,1,1,1,"platelet degranulation","BP",1
"GO:0002634",1,1,1,1,"regulation of germinal center formation","BP",1
"GO:0002636",1,1,1,1,"positive regulation of germinal center formation","BP",1
"GO:0002637",1,1,5,5,"regulation of immunoglobulin production","BP",1
"GO:0002639",1,1,3,3,"positive regulation of immunoglobulin production","BP",1
"GO:0002673",1,1,1,1,"regulation of acute inflammatory response","BP",1
"GO:0002675",1,1,1,1,"positive regulation of acute inflammatory response","BP",1
"GO:0002679",1,1,3,3,"respiratory burst involved in defense response","BP",1
"GO:0002682",1,1,104,104,"regulation of immune system process","BP",1
"GO:0002683",1,1,38,38,"negative regulation of immune system process","BP",1
"GO:0002684",1,1,83,83,"positive regulation of immune system process","BP",1
"GO:0002685",1,1,13,13,"regulation of leukocyte migration","BP",1
"GO:0002686",1,1,5,5,"negative regulation of leukocyte migration","BP",1
"GO:0002687",1,1,6,6,"positive regulation of leukocyte migration","BP",1
"GO:0002688",1,1,6,6,"regulation of leukocyte chemotaxis","BP",1
"GO:0002689",1,1,1,1,"negative regulation of leukocyte chemotaxis","BP",1
"GO:0002690",1,1,4,4,"positive regulation of leukocyte chemotaxis","BP",1
"GO:0002691",1,1,4,4,"regulation of cellular extravasation","BP",1
"GO:0002692",1,1,1,1,"negative regulation of cellular extravasation","BP",1
"GO:0002693",1,1,1,1,"positive regulation of cellular extravasation","BP",1
"GO:0002694",1,1,43,43,"regulation of leukocyte activation","BP",1
"GO:0002695",1,1,12,12,"negative regulation of leukocyte activation","BP",1
"GO:0002696",1,1,26,26,"positive regulation of leukocyte activation","BP",1
"GO:0002697",1,1,35,35,"regulation of immune effector process","BP",1
"GO:0002698",1,1,8,8,"negative regulation of immune effector process","BP",1
"GO:0002699",1,1,26,26,"positive regulation of immune effector process","BP",1
"GO:0002700",1,1,15,15,"regulation of production of molecular mediator of immune response","BP",1
"GO:0002701",1,1,3,3,"negative regulation of production of molecular mediator of immune response","BP",1
"GO:0002702",1,1,10,10,"positive regulation of production of molecular mediator of immune response","BP",1
"GO:0002703",1,1,22,22,"regulation of leukocyte mediated immunity","BP",1
"GO:0002704",1,1,5,5,"negative regulation of leukocyte mediated immunity","BP",1
"GO:0002705",1,1,13,13,"positive regulation of leukocyte mediated immunity","BP",1
"GO:0002706",1,1,13,13,"regulation of lymphocyte mediated immunity","BP",1
"GO:0002707",1,1,2,2,"negative regulation of lymphocyte mediated immunity","BP",1
"GO:0002708",1,1,10,10,"positive regulation of lymphocyte mediated immunity","BP",1
"GO:0002709",1,1,9,9,"regulation of T cell mediated immunity","BP",1
"GO:0002710",1,1,1,1,"negative regulation of T cell mediated immunity","BP",1
"GO:0002711",1,1,8,8,"positive regulation of T cell mediated immunity","BP",1
"GO:0002712",1,1,3,3,"regulation of B cell mediated immunity","BP",1
"GO:0002714",1,1,2,2,"positive regulation of B cell mediated immunity","BP",1
"GO:0002715",1,1,3,3,"regulation of natural killer cell mediated immunity","BP",1
"GO:0002716",1,1,1,1,"negative regulation of natural killer cell mediated immunity","BP",1
"GO:0002717",1,1,2,2,"positive regulation of natural killer cell mediated immunity","BP",1
"GO:0002718",1,1,10,10,"regulation of cytokine production involved in immune response","BP",1
"GO:0002719",1,1,3,3,"negative regulation of cytokine production involved in immune response","BP",1
"GO:0002720",1,1,7,7,"positive regulation of cytokine production involved in immune response","BP",1
"GO:0002724",1,1,2,2,"regulation of T cell cytokine production","BP",1
"GO:0002725",1,1,1,1,"negative regulation of T cell cytokine production","BP",1
"GO:0002726",1,1,1,1,"positive regulation of T cell cytokine production","BP",1
"GO:0002727",1,1,1,1,"regulation of natural killer cell cytokine production","BP",1
"GO:0002729",1,1,1,1,"positive regulation of natural killer cell cytokine production","BP",1
"GO:0002730",1,1,3,3,"regulation of dendritic cell cytokine production","BP",1
"GO:0002731",1,1,1,1,"negative regulation of dendritic cell cytokine production","BP",1
"GO:0002732",1,1,2,2,"positive regulation of dendritic cell cytokine production","BP",1
"GO:0002733",1,1,1,1,"regulation of myeloid dendritic cell cytokine production","BP",1
"GO:0002735",1,1,1,1,"positive regulation of myeloid dendritic cell cytokine production","BP",1
"GO:0002736",1,1,1,1,"regulation of plasmacytoid dendritic cell cytokine production","BP",1
"GO:0002737",1,1,1,1,"negative regulation of plasmacytoid dendritic cell cytokine production","BP",1
"GO:0002752",1,1,4,4,"cell surface pattern recognition receptor signaling pathway","BP",1
"GO:0002753",1,1,13,13,"cytosolic pattern recognition receptor signaling pathway","BP",1
"GO:0002757",1,1,38,38,"immune response-activating signaling pathway","BP",1
"GO:0002758",1,1,21,21,"innate immune response-activating signaling pathway","BP",1
"GO:0002759",1,1,1,1,"regulation of antimicrobial humoral response","BP",1
"GO:0002761",1,1,7,7,"regulation of myeloid leukocyte differentiation","BP",1
"GO:0002762",1,1,3,3,"negative regulation of myeloid leukocyte differentiation","BP",1
"GO:0002763",1,1,3,3,"positive regulation of myeloid leukocyte differentiation","BP",1
"GO:0002764",1,1,39,39,"immune response-regulating signaling pathway","BP",1
"GO:0002768",1,1,27,27,"immune response-regulating cell surface receptor signaling pathway","BP",1
"GO:0002775",1,1,1,1,"antimicrobial peptide production","BP",1
"GO:0002777",1,1,1,1,"antimicrobial peptide biosynthetic process","BP",1
"GO:0002778",1,1,1,1,"antibacterial peptide production","BP",1
"GO:0002780",1,1,1,1,"antibacterial peptide biosynthetic process","BP",1
"GO:0002790",1,1,14,14,"peptide secretion","BP",1
"GO:0002791",1,1,14,14,"regulation of peptide secretion","BP",1
"GO:0002792",1,1,2,2,"negative regulation of peptide secretion","BP",1
"GO:0002793",1,1,6,6,"positive regulation of peptide secretion","BP",1
"GO:0002812",1,1,1,1,"biosynthetic process of antibacterial peptides active against Gram-negative bacteria","BP",1
"GO:0002819",1,1,20,20,"regulation of adaptive immune response","BP",1
"GO:0002820",1,1,5,5,"negative regulation of adaptive immune response","BP",1
"GO:0002821",1,1,13,13,"positive regulation of adaptive immune response","BP",1
"GO:0002822",1,1,16,16,"regulation of adaptive immune response based on somatic recombination of immune receptors built from immunoglobulin superfamily domains","BP",1
"GO:0002823",1,1,3,3,"negative regulation of adaptive immune response based on somatic recombination of immune receptors built from immunoglobulin superfamily domains","BP",1
"GO:0002824",1,1,12,12,"positive regulation of adaptive immune response based on somatic recombination of immune receptors built from immunoglobulin superfamily domains","BP",1
"GO:0002825",1,1,1,1,"regulation of T-helper 1 type immune response","BP",1
"GO:0002827",1,1,1,1,"positive regulation of T-helper 1 type immune response","BP",1
"GO:0002828",1,1,3,3,"regulation of type 2 immune response","BP",1
"GO:0002829",1,1,1,1,"negative regulation of type 2 immune response","BP",1
"GO:0002830",1,1,2,2,"positive regulation of type 2 immune response","BP",1
"GO:0002831",1,1,37,37,"regulation of response to biotic stimulus","BP",1
"GO:0002832",1,1,11,11,"negative regulation of response to biotic stimulus","BP",1
"GO:0002833",1,1,29,29,"positive regulation of response to biotic stimulus","BP",1
"GO:0002834",1,1,2,2,"regulation of response to tumor cell","BP",1
"GO:0002836",1,1,2,2,"positive regulation of response to tumor cell","BP",1
"GO:0002837",1,1,2,2,"regulation of immune response to tumor cell","BP",1
"GO:0002839",1,1,2,2,"positive regulation of immune response to tumor cell","BP",1
"GO:0002855",1,1,2,2,"regulation of natural killer cell mediated immune response to tumor cell","BP",1
"GO:0002857",1,1,2,2,"positive regulation of natural killer cell mediated immune response to tumor cell","BP",1
"GO:0002858",1,1,1,1,"regulation of natural killer cell mediated cytotoxicity directed against tumor cell target","BP",1
"GO:0002860",1,1,1,1,"positive regulation of natural killer cell mediated cytotoxicity directed against tumor cell target","BP",1
"GO:0002861",1,1,1,1,"regulation of inflammatory response to antigenic stimulus","BP",1
"GO:0002862",1,1,1,1,"negative regulation of inflammatory response to antigenic stimulus","BP",1
"GO:0002886",1,1,8,8,"regulation of myeloid leukocyte mediated immunity","BP",1
"GO:0002887",1,1,3,3,"negative regulation of myeloid leukocyte mediated immunity","BP",1
"GO:0002888",1,1,2,2,"positive regulation of myeloid leukocyte mediated immunity","BP",1
"GO:0002889",1,1,3,3,"regulation of immunoglobulin mediated immune response","BP",1
"GO:0002891",1,1,2,2,"positive regulation of immunoglobulin mediated immune response","BP",1
"GO:0002901",1,1,1,1,"mature B cell apoptotic process","BP",1
"GO:0002902",1,1,2,2,"regulation of B cell apoptotic process","BP",1
"GO:0002903",1,1,2,2,"negative regulation of B cell apoptotic process","BP",1
"GO:0002905",1,1,1,1,"regulation of mature B cell apoptotic process","BP",1
"GO:0002906",1,1,1,1,"negative regulation of mature B cell apoptotic process","BP",1
"GO:0002920",1,1,1,1,"regulation of humoral immune response","BP",1
"GO:0002926",1,1,1,1,"tRNA wobble base 5-methoxycarbonylmethyl-2-thiouridinylation","BP",1
"GO:0002931",1,1,5,5,"response to ischemia","BP",1
"GO:0002934",1,1,1,1,"desmosome organization","BP",1
"GO:0002943",1,1,1,1,"tRNA dihydrouridine synthesis","BP",1
"GO:0002949",1,1,1,1,"tRNA threonylcarbamoyladenosine modification","BP",1
"GO:0003002",1,1,16,16,"regionalization","BP",1
"GO:0003006",1,1,32,32,"developmental process involved in reproduction","BP",1
"GO:0003007",1,1,9,9,"heart morphogenesis","BP",1
"GO:0003008",1,1,65,65,"system process","BP",1
"GO:0003009",1,1,2,2,"skeletal muscle contraction","BP",1
"GO:0003011",1,1,1,1,"involuntary skeletal muscle contraction","BP",1
"GO:0003012",1,1,14,14,"muscle system process","BP",1
"GO:0003013",1,1,19,19,"circulatory system process","BP",1
"GO:0003014",1,1,2,2,"renal system process","BP",1
"GO:0003015",1,1,8,8,"heart process","BP",1
"GO:0003016",1,1,3,3,"respiratory system process","BP",1
"GO:0003018",1,1,7,7,"vascular process in circulatory system","BP",1
"GO:0003096",1,1,1,1,"renal sodium ion transport","BP",1
"GO:0003143",1,1,1,1,"embryonic heart tube morphogenesis","BP",1
"GO:0003148",1,1,1,1,"outflow tract septum morphogenesis","BP",1
"GO:0003151",1,1,2,2,"outflow tract morphogenesis","BP",1
"GO:0003158",1,1,2,2,"endothelium development","BP",1
"GO:0003161",1,1,1,1,"cardiac conduction system development","BP",1
"GO:0003164",1,1,1,1,"His-Purkinje system development","BP",1
"GO:0003166",1,1,1,1,"bundle of His development","BP",1
"GO:0003170",1,1,2,2,"heart valve development","BP",1
"GO:0003171",1,1,2,2,"atrioventricular valve development","BP",1
"GO:0003174",1,1,2,2,"mitral valve development","BP",1
"GO:0003176",1,1,1,1,"aortic valve development","BP",1
"GO:0003177",1,1,1,1,"pulmonary valve development","BP",1
"GO:0003179",1,1,2,2,"heart valve morphogenesis","BP",1
"GO:0003180",1,1,1,1,"aortic valve morphogenesis","BP",1
"GO:0003181",1,1,2,2,"atrioventricular valve morphogenesis","BP",1
"GO:0003183",1,1,2,2,"mitral valve morphogenesis","BP",1
"GO:0003184",1,1,1,1,"pulmonary valve morphogenesis","BP",1
"GO:0003205",1,1,6,6,"cardiac chamber development","BP",1
"GO:0003206",1,1,5,5,"cardiac chamber morphogenesis","BP",1
"GO:0003208",1,1,2,2,"cardiac ventricle morphogenesis","BP",1
"GO:0003209",1,1,1,1,"cardiac atrium morphogenesis","BP",1
"GO:0003215",1,1,1,1,"cardiac right ventricle morphogenesis","BP",1
"GO:0003229",1,1,3,3,"ventricular cardiac muscle tissue development","BP",1
"GO:0003230",1,1,1,1,"cardiac atrium development","BP",1
"GO:0003231",1,1,6,6,"cardiac ventricle development","BP",1
"GO:0003254",1,1,3,3,"regulation of membrane depolarization","BP",1
"GO:0003279",1,1,5,5,"cardiac septum development","BP",1
"GO:0003281",1,1,5,5,"ventricular septum development","BP",1
"GO:0003283",1,1,1,1,"atrial septum development","BP",1
"GO:0003284",1,1,1,1,"septum primum development","BP",1
"GO:0003289",1,1,1,1,"atrial septum primum morphogenesis","BP",1
"GO:0003299",1,1,1,1,"muscle hypertrophy in response to stress","BP",1
"GO:0003300",1,1,1,1,"cardiac muscle hypertrophy","BP",1
"GO:0003309",1,1,2,2,"type B pancreatic cell differentiation","BP",1
"GO:0003310",1,1,1,1,"pancreatic A cell differentiation","BP",1
"GO:0003322",1,1,1,1,"pancreatic A cell development","BP",1
"GO:0003323",1,1,1,1,"type B pancreatic cell development","BP",1
"GO:0003330",1,1,1,1,"regulation of extracellular matrix constituent secretion","BP",1
"GO:0003331",1,1,1,1,"positive regulation of extracellular matrix constituent secretion","BP",1
"GO:0003333",1,1,5,5,"amino acid transmembrane transport","BP",1
"GO:0003341",1,1,3,3,"cilium movement","BP",1
"GO:0003351",1,1,1,1,"epithelial cilium movement involved in extracellular fluid movement","BP",1
"GO:0003357",1,1,2,2,"noradrenergic neuron differentiation","BP",1
"GO:0003365",1,1,1,1,"establishment of cell polarity involved in ameboidal cell migration","BP",1
"GO:0003382",1,1,1,1,"epithelial cell morphogenesis","BP",1
"GO:0003401",1,1,1,1,"axis elongation","BP",1
"GO:0003407",1,1,1,1,"neural retina development","BP",1
"GO:0003413",1,1,1,1,"chondrocyte differentiation involved in endochondral bone morphogenesis","BP",1
"GO:0003415",1,1,1,1,"chondrocyte hypertrophy","BP",1
"GO:0003416",1,1,4,4,"endochondral bone growth","BP",1
"GO:0003417",1,1,3,3,"growth plate cartilage development","BP",1
"GO:0003418",1,1,1,1,"growth plate cartilage chondrocyte differentiation","BP",1
"GO:0005975",1,1,48,48,"carbohydrate metabolic process","BP",1
"GO:0005976",1,1,7,7,"polysaccharide metabolic process","BP",1
"GO:0005977",1,1,7,7,"glycogen metabolic process","BP",1
"GO:0005978",1,1,5,5,"glycogen biosynthetic process","BP",1
"GO:0005979",1,1,2,2,"regulation of glycogen biosynthetic process","BP",1
"GO:0005980",1,1,2,2,"glycogen catabolic process","BP",1
"GO:0005984",1,1,2,2,"disaccharide metabolic process","BP",1
"GO:0005985",1,1,1,1,"sucrose metabolic process","BP",1
"GO:0005991",1,1,1,1,"trehalose metabolic process","BP",1
"GO:0005996",1,1,30,30,"monosaccharide metabolic process","BP",1
"GO:0006000",1,1,3,3,"fructose metabolic process","BP",1
"GO:0006001",1,1,1,1,"fructose catabolic process","BP",1
"GO:0006002",1,1,3,3,"fructose 6-phosphate metabolic process","BP",1
"GO:0006003",1,1,1,1,"fructose 2,6-bisphosphate metabolic process","BP",1
"GO:0006006",1,1,24,24,"glucose metabolic process","BP",1
"GO:0006007",1,1,6,6,"glucose catabolic process","BP",1
"GO:0006011",1,1,1,1,"UDP-glucose metabolic process","BP",1
"GO:0006012",1,1,1,1,"galactose metabolic process","BP",1
"GO:0006013",1,1,1,1,"mannose metabolic process","BP",1
"GO:0006020",1,1,2,2,"inositol metabolic process","BP",1
"GO:0006021",1,1,1,1,"inositol biosynthetic process","BP",1
"GO:0006022",1,1,5,5,"aminoglycan metabolic process","BP",1
"GO:0006023",1,1,3,3,"aminoglycan biosynthetic process","BP",1
"GO:0006024",1,1,3,3,"glycosaminoglycan biosynthetic process","BP",1
"GO:0006026",1,1,2,2,"aminoglycan catabolic process","BP",1
"GO:0006029",1,1,4,4,"proteoglycan metabolic process","BP",1
"GO:0006030",1,1,2,2,"chitin metabolic process","BP",1
"GO:0006032",1,1,2,2,"chitin catabolic process","BP",1
"GO:0006040",1,1,3,3,"amino sugar metabolic process","BP",1
"GO:0006054",1,1,1,1,"N-acetylneuraminate metabolic process","BP",1
"GO:0006059",1,1,1,1,"hexitol metabolic process","BP",1
"GO:0006066",1,1,27,27,"alcohol metabolic process","BP",1
"GO:0006067",1,1,1,1,"ethanol metabolic process","BP",1
"GO:0006069",1,1,1,1,"ethanol oxidation","BP",1
"GO:0006071",1,1,1,1,"glycerol metabolic process","BP",1
"GO:0006081",1,1,5,5,"cellular aldehyde metabolic process","BP",1
"GO:0006082",1,1,60,60,"organic acid metabolic process","BP",1
"GO:0006083",1,1,1,1,"acetate metabolic process","BP",1
"GO:0006084",1,1,6,6,"acetyl-CoA metabolic process","BP",1
"GO:0006085",1,1,3,3,"acetyl-CoA biosynthetic process","BP",1
"GO:0006086",1,1,1,1,"acetyl-CoA biosynthetic process from pyruvate","BP",1
"GO:0006089",1,1,1,1,"lactate metabolic process","BP",1
"GO:0006090",1,1,17,17,"pyruvate metabolic process","BP",1
"GO:0006091",1,1,44,44,"generation of precursor metabolites and energy","BP",1
"GO:0006094",1,1,13,13,"gluconeogenesis","BP",1
"GO:0006096",1,1,15,15,"glycolytic process","BP",1
"GO:0006097",1,1,1,1,"glyoxylate cycle","BP",1
"GO:0006098",1,1,1,1,"pentose-phosphate shunt","BP",1
"GO:0006099",1,1,3,3,"tricarboxylic acid cycle","BP",1
"GO:0006101",1,1,1,1,"citrate metabolic process","BP",1
"GO:0006102",1,1,1,1,"isocitrate metabolic process","BP",1
"GO:0006103",1,1,3,3,"2-oxoglutarate metabolic process","BP",1
"GO:0006104",1,1,1,1,"succinyl-CoA metabolic process","BP",1
"GO:0006107",1,1,1,1,"oxaloacetate metabolic process","BP",1
"GO:0006108",1,1,1,1,"malate metabolic process","BP",1
"GO:0006109",1,1,14,14,"regulation of carbohydrate metabolic process","BP",1
"GO:0006110",1,1,4,4,"regulation of glycolytic process","BP",1
"GO:0006111",1,1,4,4,"regulation of gluconeogenesis","BP",1
"GO:0006112",1,1,7,7,"energy reserve metabolic process","BP",1
"GO:0006119",1,1,14,14,"oxidative phosphorylation","BP",1
"GO:0006120",1,1,5,5,"mitochondrial electron transport, NADH to ubiquinone","BP",1
"GO:0006122",1,1,2,2,"mitochondrial electron transport, ubiquinol to cytochrome c","BP",1
"GO:0006123",1,1,4,4,"mitochondrial electron transport, cytochrome c to oxygen","BP",1
"GO:0006139",1,1,327,327,"nucleobase-containing compound metabolic process","BP",1
"GO:0006140",1,1,3,3,"regulation of nucleotide metabolic process","BP",1
"GO:0006144",1,1,1,1,"purine nucleobase metabolic process","BP",1
"GO:0006152",1,1,1,1,"purine nucleoside catabolic process","BP",1
"GO:0006154",1,1,1,1,"adenosine catabolic process","BP",1
"GO:0006157",1,1,1,1,"deoxyadenosine catabolic process","BP",1
"GO:0006163",1,1,29,29,"purine nucleotide metabolic process","BP",1
"GO:0006164",1,1,18,18,"purine nucleotide biosynthetic process","BP",1
"GO:0006167",1,1,1,1,"AMP biosynthetic process","BP",1
"GO:0006172",1,1,1,1,"ADP biosynthetic process","BP",1
"GO:0006177",1,1,2,2,"GMP biosynthetic process","BP",1
"GO:0006183",1,1,1,1,"GTP biosynthetic process","BP",1
"GO:0006188",1,1,1,1,"IMP biosynthetic process","BP",1
"GO:0006195",1,1,5,5,"purine nucleotide catabolic process","BP",1
"GO:0006196",1,1,2,2,"AMP catabolic process","BP",1
"GO:0006206",1,1,1,1,"pyrimidine nucleobase metabolic process","BP",1
"GO:0006213",1,1,2,2,"pyrimidine nucleoside metabolic process","BP",1
"GO:0006220",1,1,4,4,"pyrimidine nucleotide metabolic process","BP",1
"GO:0006221",1,1,2,2,"pyrimidine nucleotide biosynthetic process","BP",1
"GO:0006227",1,1,1,1,"dUDP biosynthetic process","BP",1
"GO:0006231",1,1,1,1,"dTMP biosynthetic process","BP",1
"GO:0006233",1,1,1,1,"dTDP biosynthetic process","BP",1
"GO:0006235",1,1,2,2,"dTTP biosynthetic process","BP",1
"GO:0006244",1,1,2,2,"pyrimidine nucleotide catabolic process","BP",1
"GO:0006256",1,1,1,1,"UDP catabolic process","BP",1
"GO:0006259",1,1,72,72,"DNA metabolic process","BP",1
"GO:0006260",1,1,21,21,"DNA replication","BP",1
"GO:0006261",1,1,9,9,"DNA-templated DNA replication","BP",1
"GO:0006264",1,1,1,1,"mitochondrial DNA replication","BP",1
"GO:0006265",1,1,1,1,"DNA topological change","BP",1
"GO:0006266",1,1,2,2,"DNA ligation","BP",1
"GO:0006268",1,1,2,2,"DNA unwinding involved in DNA replication","BP",1
"GO:0006270",1,1,2,2,"DNA replication initiation","BP",1
"GO:0006275",1,1,8,8,"regulation of DNA replication","BP",1
"GO:0006278",1,1,4,4,"RNA-templated DNA biosynthetic process","BP",1
"GO:0006281",1,1,34,34,"DNA repair","BP",1
"GO:0006282",1,1,15,15,"regulation of DNA repair","BP",1
"GO:0006284",1,1,3,3,"base-excision repair","BP",1
"GO:0006285",1,1,1,1,"base-excision repair, AP site formation","BP",1
"GO:0006287",1,1,2,2,"base-excision repair, gap-filling","BP",1
"GO:0006289",1,1,4,4,"nucleotide-excision repair","BP",1
"GO:0006298",1,1,2,2,"mismatch repair","BP",1
"GO:0006301",1,1,3,3,"postreplication repair","BP",1
"GO:0006302",1,1,20,20,"double-strand break repair","BP",1
"GO:0006303",1,1,6,6,"double-strand break repair via nonhomologous end joining","BP",1
"GO:0006304",1,1,11,11,"DNA modification","BP",1
"GO:0006305",1,1,8,8,"DNA alkylation","BP",1
"GO:0006306",1,1,8,8,"DNA methylation","BP",1
"GO:0006307",1,1,2,2,"DNA dealkylation involved in DNA repair","BP",1
"GO:0006308",1,1,1,1,"DNA catabolic process","BP",1
"GO:0006310",1,1,26,26,"DNA recombination","BP",1
"GO:0006311",1,1,1,1,"meiotic gene conversion","BP",1
"GO:0006312",1,1,1,1,"mitotic recombination","BP",1
"GO:0006325",1,1,42,42,"chromatin organization","BP",1
"GO:0006334",1,1,7,7,"nucleosome assembly","BP",1
"GO:0006337",1,1,2,2,"nucleosome disassembly","BP",1
"GO:0006338",1,1,38,38,"chromatin remodeling","BP",1
"GO:0006349",1,1,1,1,"regulation of gene expression by genomic imprinting","BP",1
"GO:0006351",1,1,190,190,"DNA-templated transcription","BP",1
"GO:0006352",1,1,8,8,"DNA-templated transcription initiation","BP",1
"GO:0006353",1,1,4,4,"DNA-templated transcription termination","BP",1
"GO:0006354",1,1,9,9,"DNA-templated transcription elongation","BP",1
"GO:0006355",1,1,182,182,"regulation of DNA-templated transcription","BP",1
"GO:0006356",1,1,6,6,"regulation of transcription by RNA polymerase I","BP",1
"GO:0006357",1,1,129,129,"regulation of transcription by RNA polymerase II","BP",1
"GO:0006359",1,1,3,3,"regulation of transcription by RNA polymerase III","BP",1
"GO:0006360",1,1,9,9,"transcription by RNA polymerase I","BP",1
"GO:0006363",1,1,1,1,"termination of RNA polymerase I transcription","BP",1
"GO:0006364",1,1,25,25,"rRNA processing","BP",1
"GO:0006366",1,1,139,139,"transcription by RNA polymerase II","BP",1
"GO:0006367",1,1,4,4,"transcription initiation at RNA polymerase II promoter","BP",1
"GO:0006368",1,1,7,7,"transcription elongation by RNA polymerase II","BP",1
"GO:0006369",1,1,2,2,"termination of RNA polymerase II transcription","BP",1
"GO:0006376",1,1,5,5,"mRNA splice site recognition","BP",1
"GO:0006378",1,1,2,2,"mRNA polyadenylation","BP",1
"GO:0006383",1,1,5,5,"transcription by RNA polymerase III","BP",1
"GO:0006384",1,1,1,1,"transcription initiation at RNA polymerase III promoter","BP",1
"GO:0006390",1,1,1,1,"mitochondrial transcription","BP",1
"GO:0006391",1,1,1,1,"transcription initiation at mitochondrial promoter","BP",1
"GO:0006396",1,1,80,80,"RNA processing","BP",1
"GO:0006397",1,1,31,31,"mRNA processing","BP",1
"GO:0006398",1,1,1,1,"mRNA 3'-end processing by stem-loop binding and cleavage","BP",1
"GO:0006399",1,1,15,15,"tRNA metabolic process","BP",1
"GO:0006400",1,1,12,12,"tRNA modification","BP",1
"GO:0006401",1,1,10,10,"RNA catabolic process","BP",1
"GO:0006402",1,1,7,7,"mRNA catabolic process","BP",1
"GO:0006403",1,1,9,9,"RNA localization","BP",1
"GO:0006405",1,1,6,6,"RNA export from nucleus","BP",1
"GO:0006406",1,1,6,6,"mRNA export from nucleus","BP",1
"GO:0006412",1,1,36,36,"translation","BP",1
"GO:0006413",1,1,7,7,"translational initiation","BP",1
"GO:0006414",1,1,7,7,"translational elongation","BP",1
"GO:0006415",1,1,3,3,"translational termination","BP",1
"GO:0006417",1,1,22,22,"regulation of translation","BP",1
"GO:0006418",1,1,2,2,"tRNA aminoacylation for protein translation","BP",1
"GO:0006425",1,1,1,1,"glutaminyl-tRNA aminoacylation","BP",1
"GO:0006437",1,1,1,1,"tyrosyl-tRNA aminoacylation","BP",1
"GO:0006446",1,1,6,6,"regulation of translational initiation","BP",1
"GO:0006448",1,1,1,1,"regulation of translational elongation","BP",1
"GO:0006450",1,1,2,2,"regulation of translational fidelity","BP",1
"GO:0006457",1,1,17,17,"protein folding","BP",1
"GO:0006458",1,1,6,6,"'de novo' protein folding","BP",1
"GO:0006465",1,1,1,1,"signal peptide processing","BP",1
"GO:0006468",1,1,75,75,"protein phosphorylation","BP",1
"GO:0006469",1,1,16,16,"negative regulation of protein kinase activity","BP",1
"GO:0006470",1,1,15,15,"protein dephosphorylation","BP",1
"GO:0006473",1,1,7,7,"protein acetylation","BP",1
"GO:0006474",1,1,4,4,"N-terminal protein amino acid acetylation","BP",1
"GO:0006475",1,1,5,5,"internal protein amino acid acetylation","BP",1
"GO:0006476",1,1,1,1,"protein deacetylation","BP",1
"GO:0006479",1,1,1,1,"protein methylation","BP",1
"GO:0006482",1,1,1,1,"protein demethylation","BP",1
"GO:0006486",1,1,10,10,"protein glycosylation","BP",1
"GO:0006487",1,1,3,3,"protein N-linked glycosylation","BP",1
"GO:0006488",1,1,1,1,"dolichol-linked oligosaccharide biosynthetic process","BP",1
"GO:0006490",1,1,1,1,"oligosaccharide-lipid intermediate biosynthetic process","BP",1
"GO:0006493",1,1,7,7,"protein O-linked glycosylation","BP",1
"GO:0006497",1,1,4,4,"protein lipidation","BP",1
"GO:0006505",1,1,2,2,"GPI anchor metabolic process","BP",1
"GO:0006506",1,1,2,2,"GPI anchor biosynthetic process","BP",1
"GO:0006508",1,1,74,74,"proteolysis","BP",1
"GO:0006509",1,1,2,2,"membrane protein ectodomain proteolysis","BP",1
"GO:0006511",1,1,29,29,"ubiquitin-dependent protein catabolic process","BP",1
"GO:0006513",1,1,3,3,"protein monoubiquitination","BP",1
"GO:0006515",1,1,2,2,"protein quality control for misfolded or incompletely synthesized proteins","BP",1
"GO:0006516",1,1,2,2,"glycoprotein catabolic process","BP",1
"GO:0006518",1,1,46,46,"peptide metabolic process","BP",1
"GO:0006520",1,1,10,10,"amino acid metabolic process","BP",1
"GO:0006521",1,1,2,2,"regulation of cellular amino acid metabolic process","BP",1
"GO:0006525",1,1,1,1,"arginine metabolic process","BP",1
"GO:0006527",1,1,1,1,"arginine catabolic process","BP",1
"GO:0006534",1,1,1,1,"cysteine metabolic process","BP",1
"GO:0006536",1,1,1,1,"glutamate metabolic process","BP",1
"GO:0006541",1,1,1,1,"glutamine metabolic process","BP",1
"GO:0006555",1,1,1,1,"methionine metabolic process","BP",1
"GO:0006556",1,1,2,2,"S-adenosylmethionine biosynthetic process","BP",1
"GO:0006558",1,1,2,2,"L-phenylalanine metabolic process","BP",1
"GO:0006559",1,1,2,2,"L-phenylalanine catabolic process","BP",1
"GO:0006570",1,1,2,2,"tyrosine metabolic process","BP",1
"GO:0006572",1,1,2,2,"tyrosine catabolic process","BP",1
"GO:0006575",1,1,8,8,"cellular modified amino acid metabolic process","BP",1
"GO:0006576",1,1,3,3,"biogenic amine metabolic process","BP",1
"GO:0006577",1,1,1,1,"amino-acid betaine metabolic process","BP",1
"GO:0006582",1,1,2,2,"melanin metabolic process","BP",1
"GO:0006584",1,1,2,2,"catecholamine metabolic process","BP",1
"GO:0006590",1,1,1,1,"thyroid hormone generation","BP",1
"GO:0006595",1,1,1,1,"polyamine metabolic process","BP",1
"GO:0006605",1,1,16,16,"protein targeting","BP",1
"GO:0006606",1,1,9,9,"protein import into nucleus","BP",1
"GO:0006607",1,1,2,2,"NLS-bearing protein import into nucleus","BP",1
"GO:0006611",1,1,3,3,"protein export from nucleus","BP",1
"GO:0006612",1,1,5,5,"protein targeting to membrane","BP",1
"GO:0006613",1,1,1,1,"cotranslational protein targeting to membrane","BP",1
"GO:0006614",1,1,1,1,"SRP-dependent cotranslational protein targeting to membrane","BP",1
"GO:0006616",1,1,1,1,"SRP-dependent cotranslational protein targeting to membrane, translocation","BP",1
"GO:0006620",1,1,2,2,"post-translational protein targeting to endoplasmic reticulum membrane","BP",1
"GO:0006622",1,1,4,4,"protein targeting to lysosome","BP",1
"GO:0006623",1,1,4,4,"protein targeting to vacuole","BP",1
"GO:0006626",1,1,5,5,"protein targeting to mitochondrion","BP",1
"GO:0006627",1,1,1,1,"protein processing involved in protein targeting to mitochondrion","BP",1
"GO:0006629",1,1,70,70,"lipid metabolic process","BP",1
"GO:0006631",1,1,22,22,"fatty acid metabolic process","BP",1
"GO:0006633",1,1,10,10,"fatty acid biosynthetic process","BP",1
"GO:0006635",1,1,4,4,"fatty acid beta-oxidation","BP",1
"GO:0006636",1,1,4,4,"unsaturated fatty acid biosynthetic process","BP",1
"GO:0006637",1,1,9,9,"acyl-CoA metabolic process","BP",1
"GO:0006638",1,1,5,5,"neutral lipid metabolic process","BP",1
"GO:0006639",1,1,5,5,"acylglycerol metabolic process","BP",1
"GO:0006641",1,1,3,3,"triglyceride metabolic process","BP",1
"GO:0006643",1,1,8,8,"membrane lipid metabolic process","BP",1
"GO:0006644",1,1,23,23,"phospholipid metabolic process","BP",1
"GO:0006646",1,1,2,2,"phosphatidylethanolamine biosynthetic process","BP",1
"GO:0006650",1,1,17,17,"glycerophospholipid metabolic process","BP",1
"GO:0006654",1,1,2,2,"phosphatidic acid biosynthetic process","BP",1
"GO:0006656",1,1,2,2,"phosphatidylcholine biosynthetic process","BP",1
"GO:0006657",1,1,1,1,"CDP-choline pathway","BP",1
"GO:0006658",1,1,3,3,"phosphatidylserine metabolic process","BP",1
"GO:0006659",1,1,1,1,"phosphatidylserine biosynthetic process","BP",1
"GO:0006660",1,1,1,1,"phosphatidylserine catabolic process","BP",1
"GO:0006661",1,1,8,8,"phosphatidylinositol biosynthetic process","BP",1
"GO:0006664",1,1,6,6,"glycolipid metabolic process","BP",1
"GO:0006665",1,1,6,6,"sphingolipid metabolic process","BP",1
"GO:0006670",1,1,1,1,"sphingosine metabolic process","BP",1
"GO:0006672",1,1,4,4,"ceramide metabolic process","BP",1
"GO:0006677",1,1,1,1,"glycosylceramide metabolic process","BP",1
"GO:0006678",1,1,1,1,"glucosylceramide metabolic process","BP",1
"GO:0006679",1,1,1,1,"glucosylceramide biosynthetic process","BP",1
"GO:0006684",1,1,1,1,"sphingomyelin metabolic process","BP",1
"GO:0006687",1,1,4,4,"glycosphingolipid metabolic process","BP",1
"GO:0006688",1,1,1,1,"glycosphingolipid biosynthetic process","BP",1
"GO:0006689",1,1,1,1,"ganglioside catabolic process","BP",1
"GO:0006690",1,1,5,5,"icosanoid metabolic process","BP",1
"GO:0006691",1,1,3,3,"leukotriene metabolic process","BP",1
"GO:0006692",1,1,1,1,"prostanoid metabolic process","BP",1
"GO:0006693",1,1,1,1,"prostaglandin metabolic process","BP",1
"GO:0006694",1,1,15,15,"steroid biosynthetic process","BP",1
"GO:0006695",1,1,11,11,"cholesterol biosynthetic process","BP",1
"GO:0006699",1,1,1,1,"bile acid biosynthetic process","BP",1
"GO:0006700",1,1,2,2,"C21-steroid hormone biosynthetic process","BP",1
"GO:0006701",1,1,1,1,"progesterone biosynthetic process","BP",1
"GO:0006703",1,1,1,1,"estrogen biosynthetic process","BP",1
"GO:0006704",1,1,2,2,"glucocorticoid biosynthetic process","BP",1
"GO:0006705",1,1,1,1,"mineralocorticoid biosynthetic process","BP",1
"GO:0006720",1,1,9,9,"isoprenoid metabolic process","BP",1
"GO:0006721",1,1,7,7,"terpenoid metabolic process","BP",1
"GO:0006722",1,1,1,1,"triterpenoid metabolic process","BP",1
"GO:0006725",1,1,337,337,"cellular aromatic compound metabolic process","BP",1
"GO:0006730",1,1,2,2,"one-carbon metabolic process","BP",1
"GO:0006735",1,1,6,6,"NADH regeneration","BP",1
"GO:0006739",1,1,2,2,"NADP metabolic process","BP",1
"GO:0006740",1,1,1,1,"NADPH regeneration","BP",1
"GO:0006749",1,1,4,4,"glutathione metabolic process","BP",1
"GO:0006750",1,1,1,1,"glutathione biosynthetic process","BP",1
"GO:0006753",1,1,36,36,"nucleoside phosphate metabolic process","BP",1
"GO:0006754",1,1,9,9,"ATP biosynthetic process","BP",1
"GO:0006760",1,1,1,1,"folic acid-containing compound metabolic process","BP",1
"GO:0006766",1,1,2,2,"vitamin metabolic process","BP",1
"GO:0006767",1,1,1,1,"water-soluble vitamin metabolic process","BP",1
"GO:0006775",1,1,1,1,"fat-soluble vitamin metabolic process","BP",1
"GO:0006776",1,1,1,1,"vitamin A metabolic process","BP",1
"GO:0006777",1,1,1,1,"Mo-molybdopterin cofactor biosynthetic process","BP",1
"GO:0006778",1,1,1,1,"porphyrin-containing compound metabolic process","BP",1
"GO:0006787",1,1,1,1,"porphyrin-containing compound catabolic process","BP",1
"GO:0006790",1,1,22,22,"sulfur compound metabolic process","BP",1
"GO:0006793",1,1,159,159,"phosphorus metabolic process","BP",1
"GO:0006796",1,1,159,159,"phosphate-containing compound metabolic process","BP",1
"GO:0006801",1,1,2,2,"superoxide metabolic process","BP",1
"GO:0006805",1,1,4,4,"xenobiotic metabolic process","BP",1
"GO:0006807",1,1,505,505,"nitrogen compound metabolic process","BP",1
"GO:0006809",1,1,3,3,"nitric oxide biosynthetic process","BP",1
"GO:0006810",1,1,202,202,"transport","BP",1
"GO:0006811",1,1,44,44,"monoatomic ion transport","BP",1
"GO:0006812",1,1,37,37,"monoatomic cation transport","BP",1
"GO:0006813",1,1,3,3,"potassium ion transport","BP",1
"GO:0006814",1,1,8,8,"sodium ion transport","BP",1
"GO:0006816",1,1,18,18,"calcium ion transport","BP",1
"GO:0006817",1,1,1,1,"phosphate ion transport","BP",1
"GO:0006820",1,1,6,6,"monoatomic anion transport","BP",1
"GO:0006821",1,1,3,3,"chloride transport","BP",1
"GO:0006826",1,1,1,1,"iron ion transport","BP",1
"GO:0006835",1,1,4,4,"dicarboxylic acid transport","BP",1
"GO:0006836",1,1,8,8,"neurotransmitter transport","BP",1
"GO:0006837",1,1,1,1,"serotonin transport","BP",1
"GO:0006839",1,1,9,9,"mitochondrial transport","BP",1
"GO:0006842",1,1,1,1,"tricarboxylic acid transport","BP",1
"GO:0006843",1,1,1,1,"mitochondrial citrate transmembrane transport","BP",1
"GO:0006848",1,1,1,1,"pyruvate transport","BP",1
"GO:0006851",1,1,1,1,"mitochondrial calcium ion transmembrane transport","BP",1
"GO:0006855",1,1,2,2,"xenobiotic transmembrane transport","BP",1
"GO:0006857",1,1,1,1,"oligopeptide transport","BP",1
"GO:0006858",1,1,1,1,"extracellular transport","BP",1
"GO:0006862",1,1,1,1,"nucleotide transport","BP",1
"GO:0006863",1,1,1,1,"purine nucleobase transport","BP",1
"GO:0006865",1,1,5,5,"amino acid transport","BP",1
"GO:0006869",1,1,20,20,"lipid transport","BP",1
"GO:0006873",1,1,23,23,"intracellular monoatomic ion homeostasis","BP",1
"GO:0006874",1,1,15,15,"intracellular calcium ion homeostasis","BP",1
"GO:0006879",1,1,1,1,"intracellular iron ion homeostasis","BP",1
"GO:0006882",1,1,3,3,"intracellular zinc ion homeostasis","BP",1
"GO:0006883",1,1,1,1,"intracellular sodium ion homeostasis","BP",1
"GO:0006884",1,1,1,1,"cell volume homeostasis","BP",1
"GO:0006885",1,1,4,4,"regulation of pH","BP",1
"GO:0006886",1,1,38,38,"intracellular protein transport","BP",1
"GO:0006887",1,1,26,26,"exocytosis","BP",1
"GO:0006888",1,1,7,7,"endoplasmic reticulum to Golgi vesicle-mediated transport","BP",1
"GO:0006890",1,1,2,2,"retrograde vesicle-mediated transport, Golgi to endoplasmic reticulum","BP",1
"GO:0006891",1,1,1,1,"intra-Golgi vesicle-mediated transport","BP",1
"GO:0006892",1,1,4,4,"post-Golgi vesicle-mediated transport","BP",1
"GO:0006893",1,1,3,3,"Golgi to plasma membrane transport","BP",1
"GO:0006897",1,1,36,36,"endocytosis","BP",1
"GO:0006898",1,1,13,13,"receptor-mediated endocytosis","BP",1
"GO:0006900",1,1,5,5,"vesicle budding from membrane","BP",1
"GO:0006901",1,1,1,1,"vesicle coating","BP",1
"GO:0006903",1,1,1,1,"vesicle targeting","BP",1
"GO:0006904",1,1,2,2,"vesicle docking involved in exocytosis","BP",1
"GO:0006906",1,1,5,5,"vesicle fusion","BP",1
"GO:0006909",1,1,16,16,"phagocytosis","BP",1
"GO:0006910",1,1,3,3,"phagocytosis, recognition","BP",1
"GO:0006911",1,1,1,1,"phagocytosis, engulfment","BP",1
"GO:0006913",1,1,22,22,"nucleocytoplasmic transport","BP",1
"GO:0006914",1,1,32,32,"autophagy","BP",1
"GO:0006915",1,1,113,113,"apoptotic process","BP",1
"GO:0006919",1,1,4,4,"activation of cysteine-type endopeptidase activity involved in apoptotic process","BP",1
"GO:0006921",1,1,1,1,"cellular component disassembly involved in execution phase of apoptosis","BP",1
"GO:0006925",1,1,6,6,"inflammatory cell apoptotic process","BP",1
"GO:0006935",1,1,28,28,"chemotaxis","BP",1
"GO:0006936",1,1,13,13,"muscle contraction","BP",1
"GO:0006937",1,1,6,6,"regulation of muscle contraction","BP",1
"GO:0006939",1,1,5,5,"smooth muscle contraction","BP",1
"GO:0006940",1,1,2,2,"regulation of smooth muscle contraction","BP",1
"GO:0006941",1,1,5,5,"striated muscle contraction","BP",1
"GO:0006942",1,1,2,2,"regulation of striated muscle contraction","BP",1
"GO:0006949",1,1,3,3,"syncytium formation","BP",1
"GO:0006950",1,1,232,232,"response to stress","BP",1
"GO:0006952",1,1,104,104,"defense response","BP",1
"GO:0006954",1,1,36,36,"inflammatory response","BP",1
"GO:0006955",1,1,124,124,"immune response","BP",1
"GO:0006956",1,1,2,2,"complement activation","BP",1
"GO:0006957",1,1,1,1,"complement activation, alternative pathway","BP",1
"GO:0006958",1,1,1,1,"complement activation, classical pathway","BP",1
"GO:0006959",1,1,11,11,"humoral immune response","BP",1
"GO:0006968",1,1,6,6,"cellular defense response","BP",1
"GO:0006970",1,1,6,6,"response to osmotic stress","BP",1
"GO:0006971",1,1,2,2,"hypotonic response","BP",1
"GO:0006972",1,1,1,1,"hyperosmotic response","BP",1
"GO:0006974",1,1,59,59,"DNA damage response","BP",1
"GO:0006977",1,1,1,1,"DNA damage response, signal transduction by p53 class mediator resulting in cell cycle arrest","BP",1
"GO:0006979",1,1,20,20,"response to oxidative stress","BP",1
"GO:0006983",1,1,1,1,"ER overload response","BP",1
"GO:0006984",1,1,3,3,"ER-nucleus signaling pathway","BP",1
"GO:0006986",1,1,14,14,"response to unfolded protein","BP",1
"GO:0006991",1,1,1,1,"response to sterol depletion","BP",1
"GO:0006995",1,1,1,1,"cellular response to nitrogen starvation","BP",1
"GO:0006996",1,1,189,189,"organelle organization","BP",1
"GO:0006997",1,1,5,5,"nucleus organization","BP",1
"GO:0006998",1,1,3,3,"nuclear envelope organization","BP",1
"GO:0007004",1,1,4,4,"telomere maintenance via telomerase","BP",1
"GO:0007005",1,1,33,33,"mitochondrion organization","BP",1
"GO:0007006",1,1,4,4,"mitochondrial membrane organization","BP",1
"GO:0007009",1,1,7,7,"plasma membrane organization","BP",1
"GO:0007010",1,1,89,89,"cytoskeleton organization","BP",1
"GO:0007015",1,1,30,30,"actin filament organization","BP",1
"GO:0007017",1,1,44,44,"microtubule-based process","BP",1
"GO:0007018",1,1,12,12,"microtubule-based movement","BP",1
"GO:0007019",1,1,2,2,"microtubule depolymerization","BP",1
"GO:0007020",1,1,2,2,"microtubule nucleation","BP",1
"GO:0007026",1,1,1,1,"negative regulation of microtubule depolymerization","BP",1
"GO:0007029",1,1,5,5,"endoplasmic reticulum organization","BP",1
"GO:0007030",1,1,6,6,"Golgi organization","BP",1
"GO:0007032",1,1,7,7,"endosome organization","BP",1
"GO:0007033",1,1,17,17,"vacuole organization","BP",1
"GO:0007034",1,1,11,11,"vacuolar transport","BP",1
"GO:0007035",1,1,3,3,"vacuolar acidification","BP",1
"GO:0007039",1,1,1,1,"protein catabolic process in the vacuole","BP",1
"GO:0007040",1,1,9,9,"lysosome organization","BP",1
"GO:0007041",1,1,10,10,"lysosomal transport","BP",1
"GO:0007042",1,1,3,3,"lysosomal lumen acidification","BP",1
"GO:0007043",1,1,7,7,"cell-cell junction assembly","BP",1
"GO:0007044",1,1,5,5,"cell-substrate junction assembly","BP",1
"GO:0007049",1,1,108,108,"cell cycle","BP",1
"GO:0007051",1,1,15,15,"spindle organization","BP",1
"GO:0007052",1,1,11,11,"mitotic spindle organization","BP",1
"GO:0007056",1,1,1,1,"spindle assembly involved in female meiosis","BP",1
"GO:0007057",1,1,1,1,"spindle assembly involved in female meiosis I","BP",1
"GO:0007059",1,1,30,30,"chromosome segregation","BP",1
"GO:0007062",1,1,2,2,"sister chromatid cohesion","BP",1
"GO:0007064",1,1,1,1,"mitotic sister chromatid cohesion","BP",1
"GO:0007076",1,1,2,2,"mitotic chromosome condensation","BP",1
"GO:0007077",1,1,1,1,"mitotic nuclear membrane disassembly","BP",1
"GO:0007079",1,1,1,1,"mitotic chromosome movement towards spindle pole","BP",1
"GO:0007080",1,1,5,5,"mitotic metaphase chromosome alignment","BP",1
"GO:0007088",1,1,13,13,"regulation of mitotic nuclear division","BP",1
"GO:0007091",1,1,8,8,"metaphase/anaphase transition of mitotic cell cycle","BP",1
"GO:0007093",1,1,13,13,"mitotic cell cycle checkpoint signaling","BP",1
"GO:0007094",1,1,7,7,"mitotic spindle assembly checkpoint signaling","BP",1
"GO:0007095",1,1,4,4,"mitotic G2 DNA damage checkpoint signaling","BP",1
"GO:0007096",1,1,2,2,"regulation of exit from mitosis","BP",1
"GO:0007097",1,1,2,2,"nuclear migration","BP",1
"GO:0007098",1,1,12,12,"centrosome cycle","BP",1
"GO:0007099",1,1,2,2,"centriole replication","BP",1
"GO:0007100",1,1,2,2,"mitotic centrosome separation","BP",1
"GO:0007127",1,1,6,6,"meiosis I","BP",1
"GO:0007129",1,1,2,2,"homologous chromosome pairing at meiosis","BP",1
"GO:0007131",1,1,4,4,"reciprocal meiotic recombination","BP",1
"GO:0007140",1,1,2,2,"male meiotic nuclear division","BP",1
"GO:0007143",1,1,3,3,"female meiotic nuclear division","BP",1
"GO:0007144",1,1,1,1,"female meiosis I","BP",1
"GO:0007154",1,1,280,280,"cell communication","BP",1
"GO:0007155",1,1,77,77,"cell adhesion","BP",1
"GO:0007156",1,1,7,7,"homophilic cell adhesion via plasma membrane adhesion molecules","BP",1
"GO:0007157",1,1,1,1,"heterophilic cell-cell adhesion via plasma membrane cell adhesion molecules","BP",1
"GO:0007158",1,1,1,1,"neuron cell-cell adhesion","BP",1
"GO:0007159",1,1,29,29,"leukocyte cell-cell adhesion","BP",1
"GO:0007160",1,1,8,8,"cell-matrix adhesion","BP",1
"GO:0007162",1,1,15,15,"negative regulation of cell adhesion","BP",1
"GO:0007163",1,1,10,10,"establishment or maintenance of cell polarity","BP",1
"GO:0007165",1,1,262,262,"signal transduction","BP",1
"GO:0007166",1,1,127,127,"cell surface receptor signaling pathway","BP",1
"GO:0007167",1,1,50,50,"enzyme-linked receptor protein signaling pathway","BP",1
"GO:0007169",1,1,34,34,"transmembrane receptor protein tyrosine kinase signaling pathway","BP",1
"GO:0007172",1,1,1,1,"signal complex assembly","BP",1
"GO:0007173",1,1,8,8,"epidermal growth factor receptor signaling pathway","BP",1
"GO:0007178",1,1,18,18,"transmembrane receptor protein serine/threonine kinase signaling pathway","BP",1
"GO:0007179",1,1,13,13,"transforming growth factor beta receptor signaling pathway","BP",1
"GO:0007186",1,1,23,23,"G protein-coupled receptor signaling pathway","BP",1
"GO:0007187",1,1,1,1,"G protein-coupled receptor signaling pathway, coupled to cyclic nucleotide second messenger","BP",1
"GO:0007188",1,1,5,5,"adenylate cyclase-modulating G protein-coupled receptor signaling pathway","BP",1
"GO:0007189",1,1,4,4,"adenylate cyclase-activating G protein-coupled receptor signaling pathway","BP",1
"GO:0007190",1,1,2,2,"activation of adenylate cyclase activity","BP",1
"GO:0007193",1,1,1,1,"adenylate cyclase-inhibiting G protein-coupled receptor signaling pathway","BP",1
"GO:0007194",1,1,1,1,"negative regulation of adenylate cyclase activity","BP",1
"GO:0007200",1,1,4,4,"phospholipase C-activating G protein-coupled receptor signaling pathway","BP",1
"GO:0007202",1,1,1,1,"activation of phospholipase C activity","BP",1
"GO:0007204",1,1,10,10,"positive regulation of cytosolic calcium ion concentration","BP",1
"GO:0007205",1,1,1,1,"protein kinase C-activating G protein-coupled receptor signaling pathway","BP",1
"GO:0007212",1,1,1,1,"dopamine receptor signaling pathway","BP",1
"GO:0007213",1,1,1,1,"G protein-coupled acetylcholine receptor signaling pathway","BP",1
"GO:0007215",1,1,1,1,"glutamate receptor signaling pathway","BP",1
"GO:0007218",1,1,3,3,"neuropeptide signaling pathway","BP",1
"GO:0007219",1,1,7,7,"Notch signaling pathway","BP",1
"GO:0007221",1,1,1,1,"positive regulation of transcription of Notch receptor target","BP",1
"GO:0007224",1,1,6,6,"smoothened signaling pathway","BP",1
"GO:0007229",1,1,5,5,"integrin-mediated signaling pathway","BP",1
"GO:0007249",1,1,19,19,"canonical NF-kappaB signal transduction","BP",1
"GO:0007252",1,1,2,2,"I-kappaB phosphorylation","BP",1
"GO:0007253",1,1,2,2,"cytoplasmic sequestering of NF-kappaB","BP",1
"GO:0007254",1,1,9,9,"JNK cascade","BP",1
"GO:0007259",1,1,8,8,"receptor signaling pathway via JAK-STAT","BP",1
"GO:0007260",1,1,4,4,"tyrosine phosphorylation of STAT protein","BP",1
"GO:0007264",1,1,35,35,"small GTPase mediated signal transduction","BP",1
"GO:0007265",1,1,21,21,"Ras protein signal transduction","BP",1
"GO:0007266",1,1,7,7,"Rho protein signal transduction","BP",1
"GO:0007267",1,1,67,67,"cell-cell signaling","BP",1
"GO:0007268",1,1,28,28,"chemical synaptic transmission","BP",1
"GO:0007269",1,1,6,6,"neurotransmitter secretion","BP",1
"GO:0007272",1,1,6,6,"ensheathment of neurons","BP",1
"GO:0007275",1,1,207,207,"multicellular organism development","BP",1
"GO:0007276",1,1,28,28,"gamete generation","BP",1
"GO:0007281",1,1,13,13,"germ cell development","BP",1
"GO:0007283",1,1,19,19,"spermatogenesis","BP",1
"GO:0007286",1,1,6,6,"spermatid development","BP",1
"GO:0007289",1,1,2,2,"spermatid nucleus differentiation","BP",1
"GO:0007292",1,1,9,9,"female gamete generation","BP",1
"GO:0007338",1,1,6,6,"single fertilization","BP",1
"GO:0007339",1,1,3,3,"binding of sperm to zona pellucida","BP",1
"GO:0007340",1,1,2,2,"acrosome reaction","BP",1
"GO:0007346",1,1,34,34,"regulation of mitotic cell cycle","BP",1
"GO:0007352",1,1,1,1,"zygotic specification of dorsal/ventral axis","BP",1
"GO:0007368",1,1,4,4,"determination of left/right symmetry","BP",1
"GO:0007369",1,1,4,4,"gastrulation","BP",1
"GO:0007389",1,1,16,16,"pattern specification process","BP",1
"GO:0007399",1,1,114,114,"nervous system development","BP",1
"GO:0007405",1,1,4,4,"neuroblast proliferation","BP",1
"GO:0007406",1,1,1,1,"negative regulation of neuroblast proliferation","BP",1
"GO:0007409",1,1,18,18,"axonogenesis","BP",1
"GO:0007411",1,1,10,10,"axon guidance","BP",1
"GO:0007413",1,1,1,1,"axonal fasciculation","BP",1
"GO:0007416",1,1,12,12,"synapse assembly","BP",1
"GO:0007417",1,1,43,43,"central nervous system development","BP",1
"GO:0007420",1,1,30,30,"brain development","BP",1
"GO:0007422",1,1,2,2,"peripheral nervous system development","BP",1
"GO:0007423",1,1,16,16,"sensory organ development","BP",1
"GO:0007431",1,1,1,1,"salivary gland development","BP",1
"GO:0007435",1,1,1,1,"salivary gland morphogenesis","BP",1
"GO:0007492",1,1,2,2,"endoderm development","BP",1
"GO:0007494",1,1,1,1,"midgut development","BP",1
"GO:0007498",1,1,3,3,"mesoderm development","BP",1
"GO:0007507",1,1,17,17,"heart development","BP",1
"GO:0007517",1,1,15,15,"muscle organ development","BP",1
"GO:0007519",1,1,6,6,"skeletal muscle tissue development","BP",1
"GO:0007520",1,1,2,2,"myoblast fusion","BP",1
"GO:0007528",1,1,1,1,"neuromuscular junction development","BP",1
"GO:0007548",1,1,8,8,"sex differentiation","BP",1
"GO:0007549",1,1,4,4,"dosage compensation","BP",1
"GO:0007565",1,1,11,11,"female pregnancy","BP",1
"GO:0007567",1,1,1,1,"parturition","BP",1
"GO:0007584",1,1,5,5,"response to nutrient","BP",1
"GO:0007585",1,1,4,4,"respiratory gaseous exchange by respiratory system","BP",1
"GO:0007586",1,1,2,2,"digestion","BP",1
"GO:0007589",1,1,4,4,"body fluid secretion","BP",1
"GO:0007595",1,1,3,3,"lactation","BP",1
"GO:0007596",1,1,9,9,"blood coagulation","BP",1
"GO:0007599",1,1,11,11,"hemostasis","BP",1
"GO:0007600",1,1,19,19,"sensory perception","BP",1
"GO:0007601",1,1,6,6,"visual perception","BP",1
"GO:0007602",1,1,2,2,"phototransduction","BP",1
"GO:0007605",1,1,9,9,"sensory perception of sound","BP",1
"GO:0007606",1,1,2,2,"sensory perception of chemical stimulus","BP",1
"GO:0007610",1,1,25,25,"behavior","BP",1
"GO:0007611",1,1,14,14,"learning or memory","BP",1
"GO:0007612",1,1,8,8,"learning","BP",1
"GO:0007613",1,1,4,4,"memory","BP",1
"GO:0007616",1,1,3,3,"long-term memory","BP",1
"GO:0007617",1,1,1,1,"mating behavior","BP",1
"GO:0007620",1,1,1,1,"copulation","BP",1
"GO:0007622",1,1,3,3,"rhythmic behavior","BP",1
"GO:0007623",1,1,16,16,"circadian rhythm","BP",1
"GO:0007626",1,1,6,6,"locomotory behavior","BP",1
"GO:0007628",1,1,1,1,"adult walking behavior","BP",1
"GO:0007631",1,1,1,1,"feeding behavior","BP",1
"GO:0007632",1,1,4,4,"visual behavior","BP",1
"GO:0008015",1,1,14,14,"blood circulation","BP",1
"GO:0008016",1,1,7,7,"regulation of heart contraction","BP",1
"GO:0008033",1,1,13,13,"tRNA processing","BP",1
"GO:0008037",1,1,11,11,"cell recognition","BP",1
"GO:0008038",1,1,3,3,"neuron recognition","BP",1
"GO:0008045",1,1,2,2,"motor neuron axon guidance","BP",1
"GO:0008053",1,1,1,1,"mitochondrial fusion","BP",1
"GO:0008064",1,1,11,11,"regulation of actin polymerization or depolymerization","BP",1
"GO:0008088",1,1,2,2,"axo-dendritic transport","BP",1
"GO:0008089",1,1,1,1,"anterograde axonal transport","BP",1
"GO:0008104",1,1,133,133,"protein localization","BP",1
"GO:0008150",1,1,828,828,"biological_process","BP",1
"GO:0008152",1,1,603,603,"metabolic process","BP",1
"GO:0008154",1,1,14,14,"actin polymerization or depolymerization","BP",1
"GO:0008156",1,1,1,1,"negative regulation of DNA replication","BP",1
"GO:0008202",1,1,20,20,"steroid metabolic process","BP",1
"GO:0008203",1,1,14,14,"cholesterol metabolic process","BP",1
"GO:0008206",1,1,2,2,"bile acid metabolic process","BP",1
"GO:0008207",1,1,2,2,"C21-steroid hormone metabolic process","BP",1
"GO:0008209",1,1,2,2,"androgen metabolic process","BP",1
"GO:0008210",1,1,2,2,"estrogen metabolic process","BP",1
"GO:0008211",1,1,2,2,"glucocorticoid metabolic process","BP",1
"GO:0008212",1,1,1,1,"mineralocorticoid metabolic process","BP",1
"GO:0008213",1,1,1,1,"protein alkylation","BP",1
"GO:0008214",1,1,1,1,"protein dealkylation","BP",1
"GO:0008215",1,1,1,1,"spermine metabolic process","BP",1
"GO:0008216",1,1,1,1,"spermidine metabolic process","BP",1
"GO:0008217",1,1,3,3,"regulation of blood pressure","BP",1
"GO:0008219",1,1,120,120,"cell death","BP",1
"GO:0008228",1,1,2,2,"opsonization","BP",1
"GO:0008272",1,1,1,1,"sulfate transport","BP",1
"GO:0008277",1,1,6,6,"regulation of G protein-coupled receptor signaling pathway","BP",1
"GO:0008283",1,1,166,166,"cell population proliferation","BP",1
"GO:0008284",1,1,69,69,"positive regulation of cell population proliferation","BP",1
"GO:0008285",1,1,46,46,"negative regulation of cell population proliferation","BP",1
"GO:0008286",1,1,5,5,"insulin receptor signaling pathway","BP",1
"GO:0008299",1,1,5,5,"isoprenoid biosynthetic process","BP",1
"GO:0008306",1,1,5,5,"associative learning","BP",1
"GO:0008333",1,1,6,6,"endosome to lysosome transport","BP",1
"GO:0008334",1,1,2,2,"histone mRNA metabolic process","BP",1
"GO:0008340",1,1,1,1,"determination of adult lifespan","BP",1
"GO:0008344",1,1,2,2,"adult locomotory behavior","BP",1
"GO:0008347",1,1,5,5,"glial cell migration","BP",1
"GO:0008354",1,1,1,1,"germ cell migration","BP",1
"GO:0008356",1,1,3,3,"asymmetric cell division","BP",1
"GO:0008360",1,1,10,10,"regulation of cell shape","BP",1
"GO:0008361",1,1,9,9,"regulation of cell size","BP",1
"GO:0008366",1,1,6,6,"axon ensheathment","BP",1
"GO:0008380",1,1,32,32,"RNA splicing","BP",1
"GO:0008406",1,1,8,8,"gonad development","BP",1
"GO:0008535",1,1,2,2,"respiratory chain complex IV assembly","BP",1
"GO:0008542",1,1,4,4,"visual learning","BP",1
"GO:0008543",1,1,2,2,"fibroblast growth factor receptor signaling pathway","BP",1
"GO:0008544",1,1,13,13,"epidermis development","BP",1
"GO:0008582",1,1,1,1,"regulation of synaptic assembly at neuromuscular junction","BP",1
"GO:0008584",1,1,6,6,"male gonad development","BP",1
"GO:0008585",1,1,3,3,"female gonad development","BP",1
"GO:0008589",1,1,2,2,"regulation of smoothened signaling pathway","BP",1
"GO:0008593",1,1,6,6,"regulation of Notch signaling pathway","BP",1
"GO:0008594",1,1,1,1,"photoreceptor cell morphogenesis","BP",1
"GO:0008608",1,1,3,3,"attachment of spindle microtubules to kinetochore","BP",1
"GO:0008610",1,1,39,39,"lipid biosynthetic process","BP",1
"GO:0008612",1,1,1,1,"peptidyl-lysine modification to peptidyl-hypusine","BP",1
"GO:0008625",1,1,7,7,"extrinsic apoptotic signaling pathway via death domain receptors","BP",1
"GO:0008627",1,1,1,1,"intrinsic apoptotic signaling pathway in response to osmotic stress","BP",1
"GO:0008630",1,1,6,6,"intrinsic apoptotic signaling pathway in response to DNA damage","BP",1
"GO:0008631",1,1,2,2,"intrinsic apoptotic signaling pathway in response to oxidative stress","BP",1
"GO:0008635",1,1,1,1,"activation of cysteine-type endopeptidase activity involved in apoptotic process by cytochrome c","BP",1
"GO:0008637",1,1,5,5,"apoptotic mitochondrial changes","BP",1
"GO:0008643",1,1,8,8,"carbohydrate transport","BP",1
"GO:0008645",1,1,8,8,"hexose transmembrane transport","BP",1
"GO:0008654",1,1,19,19,"phospholipid biosynthetic process","BP",1
"GO:0008655",1,1,1,1,"pyrimidine-containing compound salvage","BP",1
"GO:0009048",1,1,4,4,"dosage compensation by inactivation of X chromosome","BP",1
"GO:0009052",1,1,1,1,"pentose-phosphate shunt, non-oxidative branch","BP",1
"GO:0009056",1,1,129,129,"catabolic process","BP",1
"GO:0009057",1,1,68,68,"macromolecule catabolic process","BP",1
"GO:0009058",1,1,431,431,"biosynthetic process","BP",1
"GO:0009059",1,1,377,377,"macromolecule biosynthetic process","BP",1
"GO:0009060",1,1,18,18,"aerobic respiration","BP",1
"GO:0009062",1,1,6,6,"fatty acid catabolic process","BP",1
"GO:0009063",1,1,5,5,"amino acid catabolic process","BP",1
"GO:0009064",1,1,3,3,"glutamine family amino acid metabolic process","BP",1
"GO:0009065",1,1,1,1,"glutamine family amino acid catabolic process","BP",1
"GO:0009066",1,1,2,2,"aspartate family amino acid metabolic process","BP",1
"GO:0009068",1,1,1,1,"aspartate family amino acid catabolic process","BP",1
"GO:0009069",1,1,1,1,"serine family amino acid metabolic process","BP",1
"GO:0009072",1,1,2,2,"aromatic amino acid metabolic process","BP",1
"GO:0009074",1,1,2,2,"aromatic amino acid family catabolic process","BP",1
"GO:0009081",1,1,1,1,"branched-chain amino acid metabolic process","BP",1
"GO:0009083",1,1,1,1,"branched-chain amino acid catabolic process","BP",1
"GO:0009087",1,1,1,1,"methionine catabolic process","BP",1
"GO:0009100",1,1,18,18,"glycoprotein metabolic process","BP",1
"GO:0009101",1,1,16,16,"glycoprotein biosynthetic process","BP",1
"GO:0009112",1,1,2,2,"nucleobase metabolic process","BP",1
"GO:0009113",1,1,1,1,"purine nucleobase biosynthetic process","BP",1
"GO:0009116",1,1,5,5,"nucleoside metabolic process","BP",1
"GO:0009117",1,1,35,35,"nucleotide metabolic process","BP",1
"GO:0009119",1,1,1,1,"ribonucleoside metabolic process","BP",1
"GO:0009120",1,1,3,3,"deoxyribonucleoside metabolic process","BP",1
"GO:0009123",1,1,10,10,"nucleoside monophosphate metabolic process","BP",1
"GO:0009124",1,1,6,6,"nucleoside monophosphate biosynthetic process","BP",1
"GO:0009125",1,1,4,4,"nucleoside monophosphate catabolic process","BP",1
"GO:0009126",1,1,4,4,"purine nucleoside monophosphate metabolic process","BP",1
"GO:0009127",1,1,3,3,"purine nucleoside monophosphate biosynthetic process","BP",1
"GO:0009128",1,1,2,2,"purine nucleoside monophosphate catabolic process","BP",1
"GO:0009129",1,1,2,2,"pyrimidine nucleoside monophosphate metabolic process","BP",1
"GO:0009130",1,1,1,1,"pyrimidine nucleoside monophosphate biosynthetic process","BP",1
"GO:0009131",1,1,1,1,"pyrimidine nucleoside monophosphate catabolic process","BP",1
"GO:0009132",1,1,5,5,"nucleoside diphosphate metabolic process","BP",1
"GO:0009133",1,1,2,2,"nucleoside diphosphate biosynthetic process","BP",1
"GO:0009134",1,1,2,2,"nucleoside diphosphate catabolic process","BP",1
"GO:0009135",1,1,2,2,"purine nucleoside diphosphate metabolic process","BP",1
"GO:0009136",1,1,1,1,"purine nucleoside diphosphate biosynthetic process","BP",1
"GO:0009137",1,1,1,1,"purine nucleoside diphosphate catabolic process","BP",1
"GO:0009138",1,1,2,2,"pyrimidine nucleoside diphosphate metabolic process","BP",1
"GO:0009139",1,1,1,1,"pyrimidine nucleoside diphosphate biosynthetic process","BP",1
"GO:0009140",1,1,1,1,"pyrimidine nucleoside diphosphate catabolic process","BP",1
"GO:0009141",1,1,15,15,"nucleoside triphosphate metabolic process","BP",1
"GO:0009142",1,1,13,13,"nucleoside triphosphate biosynthetic process","BP",1
"GO:0009143",1,1,1,1,"nucleoside triphosphate catabolic process","BP",1
"GO:0009144",1,1,13,13,"purine nucleoside triphosphate metabolic process","BP",1
"GO:0009145",1,1,10,10,"purine nucleoside triphosphate biosynthetic process","BP",1
"GO:0009146",1,1,1,1,"purine nucleoside triphosphate catabolic process","BP",1
"GO:0009147",1,1,2,2,"pyrimidine nucleoside triphosphate metabolic process","BP",1
"GO:0009148",1,1,2,2,"pyrimidine nucleoside triphosphate biosynthetic process","BP",1
"GO:0009150",1,1,25,25,"purine ribonucleotide metabolic process","BP",1
"GO:0009151",1,1,1,1,"purine deoxyribonucleotide metabolic process","BP",1
"GO:0009152",1,1,18,18,"purine ribonucleotide biosynthetic process","BP",1
"GO:0009154",1,1,4,4,"purine ribonucleotide catabolic process","BP",1
"GO:0009155",1,1,1,1,"purine deoxyribonucleotide catabolic process","BP",1
"GO:0009156",1,1,3,3,"ribonucleoside monophosphate biosynthetic process","BP",1
"GO:0009157",1,1,3,3,"deoxyribonucleoside monophosphate biosynthetic process","BP",1
"GO:0009158",1,1,2,2,"ribonucleoside monophosphate catabolic process","BP",1
"GO:0009159",1,1,3,3,"deoxyribonucleoside monophosphate catabolic process","BP",1
"GO:0009161",1,1,4,4,"ribonucleoside monophosphate metabolic process","BP",1
"GO:0009162",1,1,6,6,"deoxyribonucleoside monophosphate metabolic process","BP",1
"GO:0009163",1,1,3,3,"nucleoside biosynthetic process","BP",1
"GO:0009164",1,1,1,1,"nucleoside catabolic process","BP",1
"GO:0009165",1,1,22,22,"nucleotide biosynthetic process","BP",1
"GO:0009166",1,1,7,7,"nucleotide catabolic process","BP",1
"GO:0009167",1,1,4,4,"purine ribonucleoside monophosphate metabolic process","BP",1
"GO:0009168",1,1,3,3,"purine ribonucleoside monophosphate biosynthetic process","BP",1
"GO:0009169",1,1,2,2,"purine ribonucleoside monophosphate catabolic process","BP",1
"GO:0009170",1,1,1,1,"purine deoxyribonucleoside monophosphate metabolic process","BP",1
"GO:0009172",1,1,1,1,"purine deoxyribonucleoside monophosphate catabolic process","BP",1
"GO:0009176",1,1,2,2,"pyrimidine deoxyribonucleoside monophosphate metabolic process","BP",1
"GO:0009177",1,1,1,1,"pyrimidine deoxyribonucleoside monophosphate biosynthetic process","BP",1
"GO:0009178",1,1,1,1,"pyrimidine deoxyribonucleoside monophosphate catabolic process","BP",1
"GO:0009179",1,1,2,2,"purine ribonucleoside diphosphate metabolic process","BP",1
"GO:0009180",1,1,1,1,"purine ribonucleoside diphosphate biosynthetic process","BP",1
"GO:0009181",1,1,1,1,"purine ribonucleoside diphosphate catabolic process","BP",1
"GO:0009185",1,1,4,4,"ribonucleoside diphosphate metabolic process","BP",1
"GO:0009186",1,1,1,1,"deoxyribonucleoside diphosphate metabolic process","BP",1
"GO:0009188",1,1,1,1,"ribonucleoside diphosphate biosynthetic process","BP",1
"GO:0009189",1,1,1,1,"deoxyribonucleoside diphosphate biosynthetic process","BP",1
"GO:0009191",1,1,2,2,"ribonucleoside diphosphate catabolic process","BP",1
"GO:0009193",1,1,1,1,"pyrimidine ribonucleoside diphosphate metabolic process","BP",1
"GO:0009195",1,1,1,1,"pyrimidine ribonucleoside diphosphate catabolic process","BP",1
"GO:0009196",1,1,1,1,"pyrimidine deoxyribonucleoside diphosphate metabolic process","BP",1
"GO:0009197",1,1,1,1,"pyrimidine deoxyribonucleoside diphosphate biosynthetic process","BP",1
"GO:0009199",1,1,12,12,"ribonucleoside triphosphate metabolic process","BP",1
"GO:0009200",1,1,1,1,"deoxyribonucleoside triphosphate metabolic process","BP",1
"GO:0009201",1,1,10,10,"ribonucleoside triphosphate biosynthetic process","BP",1
"GO:0009204",1,1,1,1,"deoxyribonucleoside triphosphate catabolic process","BP",1
"GO:0009205",1,1,12,12,"purine ribonucleoside triphosphate metabolic process","BP",1
"GO:0009206",1,1,10,10,"purine ribonucleoside triphosphate biosynthetic process","BP",1
"GO:0009211",1,1,2,2,"pyrimidine deoxyribonucleoside triphosphate metabolic process","BP",1
"GO:0009212",1,1,2,2,"pyrimidine deoxyribonucleoside triphosphate biosynthetic process","BP",1
"GO:0009215",1,1,1,1,"purine deoxyribonucleoside triphosphate metabolic process","BP",1
"GO:0009217",1,1,1,1,"purine deoxyribonucleoside triphosphate catabolic process","BP",1
"GO:0009218",1,1,1,1,"pyrimidine ribonucleotide metabolic process","BP",1
"GO:0009219",1,1,3,3,"pyrimidine deoxyribonucleotide metabolic process","BP",1
"GO:0009221",1,1,2,2,"pyrimidine deoxyribonucleotide biosynthetic process","BP",1
"GO:0009222",1,1,1,1,"pyrimidine ribonucleotide catabolic process","BP",1
"GO:0009223",1,1,1,1,"pyrimidine deoxyribonucleotide catabolic process","BP",1
"GO:0009225",1,1,2,2,"nucleotide-sugar metabolic process","BP",1
"GO:0009226",1,1,1,1,"nucleotide-sugar biosynthetic process","BP",1
"GO:0009235",1,1,1,1,"cobalamin metabolic process","BP",1
"GO:0009240",1,1,1,1,"isopentenyl diphosphate biosynthetic process","BP",1
"GO:0009247",1,1,3,3,"glycolipid biosynthetic process","BP",1
"GO:0009249",1,1,1,1,"protein lipoylation","BP",1
"GO:0009250",1,1,5,5,"glucan biosynthetic process","BP",1
"GO:0009251",1,1,2,2,"glucan catabolic process","BP",1
"GO:0009259",1,1,26,26,"ribonucleotide metabolic process","BP",1
"GO:0009260",1,1,18,18,"ribonucleotide biosynthetic process","BP",1
"GO:0009261",1,1,5,5,"ribonucleotide catabolic process","BP",1
"GO:0009262",1,1,5,5,"deoxyribonucleotide metabolic process","BP",1
"GO:0009263",1,1,3,3,"deoxyribonucleotide biosynthetic process","BP",1
"GO:0009264",1,1,2,2,"deoxyribonucleotide catabolic process","BP",1
"GO:0009265",1,1,3,3,"2'-deoxyribonucleotide biosynthetic process","BP",1
"GO:0009266",1,1,11,11,"response to temperature stimulus","BP",1
"GO:0009267",1,1,10,10,"cellular response to starvation","BP",1
"GO:0009268",1,1,1,1,"response to pH","BP",1
"GO:0009298",1,1,1,1,"GDP-mannose biosynthetic process","BP",1
"GO:0009299",1,1,4,4,"mRNA transcription","BP",1
"GO:0009301",1,1,1,1,"snRNA transcription","BP",1
"GO:0009303",1,1,1,1,"rRNA transcription","BP",1
"GO:0009306",1,1,21,21,"protein secretion","BP",1
"GO:0009308",1,1,6,6,"amine metabolic process","BP",1
"GO:0009311",1,1,3,3,"oligosaccharide metabolic process","BP",1
"GO:0009313",1,1,1,1,"oligosaccharide catabolic process","BP",1
"GO:0009314",1,1,30,30,"response to radiation","BP",1
"GO:0009386",1,1,1,1,"translational attenuation","BP",1
"GO:0009394",1,1,5,5,"2'-deoxyribonucleotide metabolic process","BP",1
"GO:0009395",1,1,1,1,"phospholipid catabolic process","BP",1
"GO:0009408",1,1,7,7,"response to heat","BP",1
"GO:0009409",1,1,3,3,"response to cold","BP",1
"GO:0009410",1,1,16,16,"response to xenobiotic stimulus","BP",1
"GO:0009411",1,1,14,14,"response to UV","BP",1
"GO:0009414",1,1,1,1,"response to water deprivation","BP",1
"GO:0009415",1,1,1,1,"response to water","BP",1
"GO:0009416",1,1,25,25,"response to light stimulus","BP",1
"GO:0009437",1,1,1,1,"carnitine metabolic process","BP",1
"GO:0009445",1,1,1,1,"putrescine metabolic process","BP",1
"GO:0009451",1,1,18,18,"RNA modification","BP",1
"GO:0009566",1,1,7,7,"fertilization","BP",1
"GO:0009581",1,1,5,5,"detection of external stimulus","BP",1
"GO:0009582",1,1,5,5,"detection of abiotic stimulus","BP",1
"GO:0009583",1,1,3,3,"detection of light stimulus","BP",1
"GO:0009584",1,1,2,2,"detection of visible light","BP",1
"GO:0009593",1,1,1,1,"detection of chemical stimulus","BP",1
"GO:0009595",1,1,1,1,"detection of biotic stimulus","BP",1
"GO:0009605",1,1,139,139,"response to external stimulus","BP",1
"GO:0009607",1,1,94,94,"response to biotic stimulus","BP",1
"GO:0009611",1,1,25,25,"response to wounding","BP",1
"GO:0009612",1,1,8,8,"response to mechanical stimulus","BP",1
"GO:0009615",1,1,33,33,"response to virus","BP",1
"GO:0009617",1,1,47,47,"response to bacterium","BP",1
"GO:0009620",1,1,8,8,"response to fungus","BP",1
"GO:0009628",1,1,69,69,"response to abiotic stimulus","BP",1
"GO:0009629",1,1,1,1,"response to gravity","BP",1
"GO:0009636",1,1,12,12,"response to toxic substance","BP",1
"GO:0009637",1,1,1,1,"response to blue light","BP",1
"GO:0009642",1,1,1,1,"response to light intensity","BP",1
"GO:0009648",1,1,3,3,"photoperiodism","BP",1
"GO:0009649",1,1,3,3,"entrainment of circadian clock","BP",1
"GO:0009650",1,1,1,1,"UV protection","BP",1
"GO:0009651",1,1,2,2,"response to salt stress","BP",1
"GO:0009653",1,1,118,118,"anatomical structure morphogenesis","BP",1
"GO:0009712",1,1,2,2,"catechol-containing compound metabolic process","BP",1
"GO:0009719",1,1,76,76,"response to endogenous stimulus","BP",1
"GO:0009725",1,1,38,38,"response to hormone","BP",1
"GO:0009743",1,1,12,12,"response to carbohydrate","BP",1
"GO:0009746",1,1,11,11,"response to hexose","BP",1
"GO:0009749",1,1,11,11,"response to glucose","BP",1
"GO:0009755",1,1,9,9,"hormone-mediated signaling pathway","BP",1
"GO:0009786",1,1,1,1,"regulation of asymmetric cell division","BP",1
"GO:0009790",1,1,58,58,"embryo development","BP",1
"GO:0009791",1,1,3,3,"post-embryonic development","BP",1
"GO:0009792",1,1,38,38,"embryo development ending in birth or egg hatching","BP",1
"GO:0009798",1,1,5,5,"axis specification","BP",1
"GO:0009799",1,1,6,6,"specification of symmetry","BP",1
"GO:0009810",1,1,1,1,"stilbene metabolic process","BP",1
"GO:0009855",1,1,6,6,"determination of bilateral symmetry","BP",1
"GO:0009880",1,1,1,1,"embryonic pattern specification","BP",1
"GO:0009886",1,1,1,1,"post-embryonic animal morphogenesis","BP",1
"GO:0009887",1,1,38,38,"animal organ morphogenesis","BP",1
"GO:0009888",1,1,79,79,"tissue development","BP",1
"GO:0009889",1,1,276,276,"regulation of biosynthetic process","BP",1
"GO:0009890",1,1,121,121,"negative regulation of biosynthetic process","BP",1
"GO:0009891",1,1,155,155,"positive regulation of biosynthetic process","BP",1
"GO:0009892",1,1,170,170,"negative regulation of metabolic process","BP",1
"GO:0009893",1,1,209,209,"positive regulation of metabolic process","BP",1
"GO:0009894",1,1,54,54,"regulation of catabolic process","BP",1
"GO:0009895",1,1,18,18,"negative regulation of catabolic process","BP",1
"GO:0009896",1,1,28,28,"positive regulation of catabolic process","BP",1
"GO:0009913",1,1,11,11,"epidermal cell differentiation","BP",1
"GO:0009914",1,1,16,16,"hormone transport","BP",1
"GO:0009948",1,1,2,2,"anterior/posterior axis specification","BP",1
"GO:0009950",1,1,3,3,"dorsal/ventral axis specification","BP",1
"GO:0009952",1,1,7,7,"anterior/posterior pattern specification","BP",1
"GO:0009953",1,1,5,5,"dorsal/ventral pattern formation","BP",1
"GO:0009954",1,1,2,2,"proximal/distal pattern formation","BP",1
"GO:0009966",1,1,149,149,"regulation of signal transduction","BP",1
"GO:0009967",1,1,74,74,"positive regulation of signal transduction","BP",1
"GO:0009968",1,1,66,66,"negative regulation of signal transduction","BP",1
"GO:0009987",1,1,786,786,"cellular process","BP",1
"GO:0009988",1,1,3,3,"cell-cell recognition","BP",1
"GO:0009991",1,1,21,21,"response to extracellular stimulus","BP",1
"GO:0009994",1,1,3,3,"oocyte differentiation","BP",1
"GO:0010001",1,1,17,17,"glial cell differentiation","BP",1
"GO:0010033",1,1,158,158,"response to organic substance","BP",1
"GO:0010035",1,1,29,29,"response to inorganic substance","BP",1
"GO:0010038",1,1,21,21,"response to metal ion","BP",1
"GO:0010042",1,1,1,1,"response to manganese ion","BP",1
"GO:0010043",1,1,2,2,"response to zinc ion","BP",1
"GO:0010070",1,1,1,1,"zygote asymmetric cell division","BP",1
"GO:0010142",1,1,1,1,"farnesyl diphosphate biosynthetic process, mevalonate pathway","BP",1
"GO:0010171",1,1,3,3,"body morphogenesis","BP",1
"GO:0010212",1,1,6,6,"response to ionizing radiation","BP",1
"GO:0010224",1,1,1,1,"response to UV-B","BP",1
"GO:0010226",1,1,2,2,"response to lithium ion","BP",1
"GO:0010232",1,1,5,5,"vascular transport","BP",1
"GO:0010243",1,1,45,45,"response to organonitrogen compound","BP",1
"GO:0010256",1,1,29,29,"endomembrane system organization","BP",1
"GO:0010257",1,1,7,7,"NADH dehydrogenase complex assembly","BP",1
"GO:0010288",1,1,2,2,"response to lead ion","BP",1
"GO:0010324",1,1,1,1,"membrane invagination","BP",1
"GO:0010332",1,1,2,2,"response to gamma radiation","BP",1
"GO:0010359",1,1,1,1,"regulation of anion channel activity","BP",1
"GO:0010389",1,1,7,7,"regulation of G2/M transition of mitotic cell cycle","BP",1
"GO:0010447",1,1,1,1,"response to acidic pH","BP",1
"GO:0010453",1,1,1,1,"regulation of cell fate commitment","BP",1
"GO:0010455",1,1,1,1,"positive regulation of cell fate commitment","BP",1
"GO:0010458",1,1,3,3,"exit from mitosis","BP",1
"GO:0010460",1,1,1,1,"positive regulation of heart rate","BP",1
"GO:0010463",1,1,1,1,"mesenchymal cell proliferation","BP",1
"GO:0010464",1,1,1,1,"regulation of mesenchymal cell proliferation","BP",1
"GO:0010466",1,1,7,7,"negative regulation of peptidase activity","BP",1
"GO:0010467",1,1,347,347,"gene expression","BP",1
"GO:0010468",1,1,258,258,"regulation of gene expression","BP",1
"GO:0010469",1,1,4,4,"regulation of signaling receptor activity","BP",1
"GO:0010496",1,1,1,1,"intercellular transport","BP",1
"GO:0010498",1,1,25,25,"proteasomal protein catabolic process","BP",1
"GO:0010506",1,1,21,21,"regulation of autophagy","BP",1
"GO:0010507",1,1,5,5,"negative regulation of autophagy","BP",1
"GO:0010508",1,1,6,6,"positive regulation of autophagy","BP",1
"GO:0010510",1,1,1,1,"regulation of acetyl-CoA biosynthetic process from pyruvate","BP",1
"GO:0010517",1,1,5,5,"regulation of phospholipase activity","BP",1
"GO:0010518",1,1,4,4,"positive regulation of phospholipase activity","BP",1
"GO:0010526",1,1,1,1,"retrotransposon silencing","BP",1
"GO:0010543",1,1,2,2,"regulation of platelet activation","BP",1
"GO:0010544",1,1,1,1,"negative regulation of platelet activation","BP",1
"GO:0010556",1,1,269,269,"regulation of macromolecule biosynthetic process","BP",1
"GO:0010557",1,1,151,151,"positive regulation of macromolecule biosynthetic process","BP",1
"GO:0010558",1,1,118,118,"negative regulation of macromolecule biosynthetic process","BP",1
"GO:0010559",1,1,5,5,"regulation of glycoprotein biosynthetic process","BP",1
"GO:0010560",1,1,2,2,"positive regulation of glycoprotein biosynthetic process","BP",1
"GO:0010561",1,1,2,2,"negative regulation of glycoprotein biosynthetic process","BP",1
"GO:0010562",1,1,38,38,"positive regulation of phosphorus metabolic process","BP",1
"GO:0010563",1,1,31,31,"negative regulation of phosphorus metabolic process","BP",1
"GO:0010564",1,1,42,42,"regulation of cell cycle process","BP",1
"GO:0010565",1,1,8,8,"regulation of cellular ketone metabolic process","BP",1
"GO:0010566",1,1,1,1,"regulation of ketone biosynthetic process","BP",1
"GO:0010569",1,1,8,8,"regulation of double-strand break repair via homologous recombination","BP",1
"GO:0010571",1,1,1,1,"positive regulation of nuclear cell cycle DNA replication","BP",1
"GO:0010573",1,1,1,1,"vascular endothelial growth factor production","BP",1
"GO:0010586",1,1,8,8,"miRNA metabolic process","BP",1
"GO:0010587",1,1,1,1,"miRNA catabolic process","BP",1
"GO:0010591",1,1,1,1,"regulation of lamellipodium assembly","BP",1
"GO:0010592",1,1,1,1,"positive regulation of lamellipodium assembly","BP",1
"GO:0010594",1,1,9,9,"regulation of endothelial cell migration","BP",1
"GO:0010595",1,1,5,5,"positive regulation of endothelial cell migration","BP",1
"GO:0010596",1,1,3,3,"negative regulation of endothelial cell migration","BP",1
"GO:0010604",1,1,197,197,"positive regulation of macromolecule metabolic process","BP",1
"GO:0010605",1,1,155,155,"negative regulation of macromolecule metabolic process","BP",1
"GO:0010608",1,1,28,28,"post-transcriptional regulation of gene expression","BP",1
"GO:0010623",1,1,1,1,"programmed cell death involved in cell development","BP",1
"GO:0010628",1,1,65,65,"positive regulation of gene expression","BP",1
"GO:0010629",1,1,59,59,"negative regulation of gene expression","BP",1
"GO:0010631",1,1,20,20,"epithelial cell migration","BP",1
"GO:0010632",1,1,14,14,"regulation of epithelial cell migration","BP",1
"GO:0010633",1,1,5,5,"negative regulation of epithelial cell migration","BP",1
"GO:0010634",1,1,8,8,"positive regulation of epithelial cell migration","BP",1
"GO:0010635",1,1,1,1,"regulation of mitochondrial fusion","BP",1
"GO:0010637",1,1,1,1,"negative regulation of mitochondrial fusion","BP",1
"GO:0010638",1,1,22,22,"positive regulation of organelle organization","BP",1
"GO:0010639",1,1,23,23,"negative regulation of organelle organization","BP",1
"GO:0010640",1,1,1,1,"regulation of platelet-derived growth factor receptor signaling pathway","BP",1
"GO:0010642",1,1,1,1,"negative regulation of platelet-derived growth factor receptor signaling pathway","BP",1
"GO:0010646",1,1,167,167,"regulation of cell communication","BP",1
"GO:0010647",1,1,79,79,"positive regulation of cell communication","BP",1
"GO:0010648",1,1,70,70,"negative regulation of cell communication","BP",1
"GO:0010656",1,1,3,3,"negative regulation of muscle cell apoptotic process","BP",1
"GO:0010657",1,1,4,4,"muscle cell apoptotic process","BP",1
"GO:0010658",1,1,1,1,"striated muscle cell apoptotic process","BP",1
"GO:0010659",1,1,1,1,"cardiac muscle cell apoptotic process","BP",1
"GO:0010660",1,1,4,4,"regulation of muscle cell apoptotic process","BP",1
"GO:0010661",1,1,1,1,"positive regulation of muscle cell apoptotic process","BP",1
"GO:0010662",1,1,1,1,"regulation of striated muscle cell apoptotic process","BP",1
"GO:0010663",1,1,1,1,"positive regulation of striated muscle cell apoptotic process","BP",1
"GO:0010665",1,1,1,1,"regulation of cardiac muscle cell apoptotic process","BP",1
"GO:0010666",1,1,1,1,"positive regulation of cardiac muscle cell apoptotic process","BP",1
"GO:0010701",1,1,1,1,"positive regulation of norepinephrine secretion","BP",1
"GO:0010710",1,1,1,1,"regulation of collagen catabolic process","BP",1
"GO:0010711",1,1,1,1,"negative regulation of collagen catabolic process","BP",1
"GO:0010712",1,1,3,3,"regulation of collagen metabolic process","BP",1
"GO:0010713",1,1,1,1,"negative regulation of collagen metabolic process","BP",1
"GO:0010714",1,1,2,2,"positive regulation of collagen metabolic process","BP",1
"GO:0010715",1,1,3,3,"regulation of extracellular matrix disassembly","BP",1
"GO:0010716",1,1,1,1,"negative regulation of extracellular matrix disassembly","BP",1
"GO:0010717",1,1,6,6,"regulation of epithelial to mesenchymal transition","BP",1
"GO:0010718",1,1,3,3,"positive regulation of epithelial to mesenchymal transition","BP",1
"GO:0010719",1,1,3,3,"negative regulation of epithelial to mesenchymal transition","BP",1
"GO:0010720",1,1,31,31,"positive regulation of cell development","BP",1
"GO:0010721",1,1,20,20,"negative regulation of cell development","BP",1
"GO:0010742",1,1,3,3,"macrophage derived foam cell differentiation","BP",1
"GO:0010743",1,1,2,2,"regulation of macrophage derived foam cell differentiation","BP",1
"GO:0010745",1,1,2,2,"negative regulation of macrophage derived foam cell differentiation","BP",1
"GO:0010746",1,1,1,1,"regulation of long-chain fatty acid import across plasma membrane","BP",1
"GO:0010748",1,1,1,1,"negative regulation of long-chain fatty acid import across plasma membrane","BP",1
"GO:0010755",1,1,3,3,"regulation of plasminogen activation","BP",1
"GO:0010756",1,1,3,3,"positive regulation of plasminogen activation","BP",1
"GO:0010758",1,1,1,1,"regulation of macrophage chemotaxis","BP",1
"GO:0010761",1,1,3,3,"fibroblast migration","BP",1
"GO:0010762",1,1,2,2,"regulation of fibroblast migration","BP",1
"GO:0010764",1,1,2,2,"negative regulation of fibroblast migration","BP",1
"GO:0010770",1,1,2,2,"positive regulation of cell morphogenesis","BP",1
"GO:0010792",1,1,1,1,"DNA double-strand break processing involved in repair via single-strand annealing","BP",1
"GO:0010799",1,1,3,3,"regulation of peptidyl-threonine phosphorylation","BP",1
"GO:0010800",1,1,1,1,"positive regulation of peptidyl-threonine phosphorylation","BP",1
"GO:0010801",1,1,2,2,"negative regulation of peptidyl-threonine phosphorylation","BP",1
"GO:0010803",1,1,3,3,"regulation of tumor necrosis factor-mediated signaling pathway","BP",1
"GO:0010804",1,1,2,2,"negative regulation of tumor necrosis factor-mediated signaling pathway","BP",1
"GO:0010807",1,1,1,1,"regulation of synaptic vesicle priming","BP",1
"GO:0010810",1,1,11,11,"regulation of cell-substrate adhesion","BP",1
"GO:0010811",1,1,7,7,"positive regulation of cell-substrate adhesion","BP",1
"GO:0010812",1,1,2,2,"negative regulation of cell-substrate adhesion","BP",1
"GO:0010817",1,1,26,26,"regulation of hormone levels","BP",1
"GO:0010818",1,1,1,1,"T cell chemotaxis","BP",1
"GO:0010821",1,1,7,7,"regulation of mitochondrion organization","BP",1
"GO:0010822",1,1,3,3,"positive regulation of mitochondrion organization","BP",1
"GO:0010823",1,1,4,4,"negative regulation of mitochondrion organization","BP",1
"GO:0010824",1,1,3,3,"regulation of centrosome duplication","BP",1
"GO:0010827",1,1,6,6,"regulation of glucose transmembrane transport","BP",1
"GO:0010828",1,1,4,4,"positive regulation of glucose transmembrane transport","BP",1
"GO:0010830",1,1,1,1,"regulation of myotube differentiation","BP",1
"GO:0010833",1,1,5,5,"telomere maintenance via telomere lengthening","BP",1
"GO:0010837",1,1,4,4,"regulation of keratinocyte proliferation","BP",1
"GO:0010838",1,1,2,2,"positive regulation of keratinocyte proliferation","BP",1
"GO:0010839",1,1,1,1,"negative regulation of keratinocyte proliferation","BP",1
"GO:0010863",1,1,3,3,"positive regulation of phospholipase C activity","BP",1
"GO:0010874",1,1,5,5,"regulation of cholesterol efflux","BP",1
"GO:0010875",1,1,4,4,"positive regulation of cholesterol efflux","BP",1
"GO:0010876",1,1,22,22,"lipid localization","BP",1
"GO:0010878",1,1,1,1,"cholesterol storage","BP",1
"GO:0010883",1,1,3,3,"regulation of lipid storage","BP",1
"GO:0010884",1,1,1,1,"positive regulation of lipid storage","BP",1
"GO:0010885",1,1,1,1,"regulation of cholesterol storage","BP",1
"GO:0010887",1,1,1,1,"negative regulation of cholesterol storage","BP",1
"GO:0010888",1,1,2,2,"negative regulation of lipid storage","BP",1
"GO:0010893",1,1,2,2,"positive regulation of steroid biosynthetic process","BP",1
"GO:0010894",1,1,1,1,"negative regulation of steroid biosynthetic process","BP",1
"GO:0010896",1,1,1,1,"regulation of triglyceride catabolic process","BP",1
"GO:0010897",1,1,1,1,"negative regulation of triglyceride catabolic process","BP",1
"GO:0010906",1,1,10,10,"regulation of glucose metabolic process","BP",1
"GO:0010907",1,1,3,3,"positive regulation of glucose metabolic process","BP",1
"GO:0010908",1,1,1,1,"regulation of heparan sulfate proteoglycan biosynthetic process","BP",1
"GO:0010909",1,1,1,1,"positive regulation of heparan sulfate proteoglycan biosynthetic process","BP",1
"GO:0010911",1,1,1,1,"regulation of isomerase activity","BP",1
"GO:0010912",1,1,1,1,"positive regulation of isomerase activity","BP",1
"GO:0010917",1,1,1,1,"negative regulation of mitochondrial membrane potential","BP",1
"GO:0010919",1,1,1,1,"regulation of inositol phosphate biosynthetic process","BP",1
"GO:0010921",1,1,1,1,"regulation of phosphatase activity","BP",1
"GO:0010922",1,1,1,1,"positive regulation of phosphatase activity","BP",1
"GO:0010923",1,1,1,1,"negative regulation of phosphatase activity","BP",1
"GO:0010927",1,1,4,4,"cellular component assembly involved in morphogenesis","BP",1
"GO:0010934",1,1,2,2,"macrophage cytokine production","BP",1
"GO:0010935",1,1,2,2,"regulation of macrophage cytokine production","BP",1
"GO:0010936",1,1,1,1,"negative regulation of macrophage cytokine production","BP",1
"GO:0010944",1,1,1,1,"negative regulation of transcription by competitive promoter binding","BP",1
"GO:0010948",1,1,20,20,"negative regulation of cell cycle process","BP",1
"GO:0010950",1,1,6,6,"positive regulation of endopeptidase activity","BP",1
"GO:0010951",1,1,6,6,"negative regulation of endopeptidase activity","BP",1
"GO:0010952",1,1,7,7,"positive regulation of peptidase activity","BP",1
"GO:0010954",1,1,3,3,"positive regulation of protein processing","BP",1
"GO:0010955",1,1,1,1,"negative regulation of protein processing","BP",1
"GO:0010958",1,1,1,1,"regulation of amino acid import across plasma membrane","BP",1
"GO:0010959",1,1,9,9,"regulation of metal ion transport","BP",1
"GO:0010962",1,1,2,2,"regulation of glucan biosynthetic process","BP",1
"GO:0010965",1,1,8,8,"regulation of mitotic sister chromatid separation","BP",1
"GO:0010968",1,1,2,2,"regulation of microtubule nucleation","BP",1
"GO:0010970",1,1,7,7,"transport along microtubule","BP",1
"GO:0010971",1,1,1,1,"positive regulation of G2/M transition of mitotic cell cycle","BP",1
"GO:0010972",1,1,6,6,"negative regulation of G2/M transition of mitotic cell cycle","BP",1
"GO:0010975",1,1,25,25,"regulation of neuron projection development","BP",1
"GO:0010976",1,1,13,13,"positive regulation of neuron projection development","BP",1
"GO:0010977",1,1,7,7,"negative regulation of neuron projection development","BP",1
"GO:0010984",1,1,1,1,"regulation of lipoprotein particle clearance","BP",1
"GO:0010986",1,1,1,1,"positive regulation of lipoprotein particle clearance","BP",1
"GO:0010988",1,1,1,1,"regulation of low-density lipoprotein particle clearance","BP",1
"GO:0010992",1,1,1,1,"ubiquitin recycling","BP",1
"GO:0010994",1,1,1,1,"free ubiquitin chain polymerization","BP",1
"GO:0012501",1,1,120,120,"programmed cell death","BP",1
"GO:0014002",1,1,4,4,"astrocyte development","BP",1
"GO:0014003",1,1,3,3,"oligodendrocyte development","BP",1
"GO:0014009",1,1,5,5,"glial cell proliferation","BP",1
"GO:0014013",1,1,8,8,"regulation of gliogenesis","BP",1
"GO:0014014",1,1,5,5,"negative regulation of gliogenesis","BP",1
"GO:0014015",1,1,2,2,"positive regulation of gliogenesis","BP",1
"GO:0014016",1,1,1,1,"neuroblast differentiation","BP",1
"GO:0014020",1,1,3,3,"primary neural tube formation","BP",1
"GO:0014029",1,1,2,2,"neural crest formation","BP",1
"GO:0014032",1,1,5,5,"neural crest cell development","BP",1
"GO:0014033",1,1,6,6,"neural crest cell differentiation","BP",1
"GO:0014037",1,1,1,1,"Schwann cell differentiation","BP",1
"GO:0014044",1,1,1,1,"Schwann cell development","BP",1
"GO:0014061",1,1,1,1,"regulation of norepinephrine secretion","BP",1
"GO:0014070",1,1,47,47,"response to organic cyclic compound","BP",1
"GO:0014072",1,1,1,1,"response to isoquinoline alkaloid","BP",1
"GO:0014074",1,1,9,9,"response to purine-containing compound","BP",1
"GO:0014706",1,1,6,6,"striated muscle tissue development","BP",1
"GO:0014808",1,1,1,1,"release of sequestered calcium ion into cytosol by sarcoplasmic reticulum","BP",1
"GO:0014812",1,1,5,5,"muscle cell migration","BP",1
"GO:0014820",1,1,2,2,"tonic smooth muscle contraction","BP",1
"GO:0014821",1,1,1,1,"phasic smooth muscle contraction","BP",1
"GO:0014823",1,1,1,1,"response to activity","BP",1
"GO:0014824",1,1,1,1,"artery smooth muscle contraction","BP",1
"GO:0014827",1,1,1,1,"intestine smooth muscle contraction","BP",1
"GO:0014828",1,1,1,1,"distal stomach smooth muscle contraction","BP",1
"GO:0014829",1,1,1,1,"vascular associated smooth muscle contraction","BP",1
"GO:0014831",1,1,1,1,"gastro-intestinal system smooth muscle contraction","BP",1
"GO:0014834",1,1,1,1,"skeletal muscle satellite cell maintenance involved in skeletal muscle regeneration","BP",1
"GO:0014841",1,1,1,1,"skeletal muscle satellite cell proliferation","BP",1
"GO:0014842",1,1,1,1,"regulation of skeletal muscle satellite cell proliferation","BP",1
"GO:0014855",1,1,3,3,"striated muscle cell proliferation","BP",1
"GO:0014856",1,1,2,2,"skeletal muscle cell proliferation","BP",1
"GO:0014857",1,1,1,1,"regulation of skeletal muscle cell proliferation","BP",1
"GO:0014887",1,1,1,1,"cardiac muscle adaptation","BP",1
"GO:0014888",1,1,1,1,"striated muscle adaptation","BP",1
"GO:0014896",1,1,1,1,"muscle hypertrophy","BP",1
"GO:0014897",1,1,1,1,"striated muscle hypertrophy","BP",1
"GO:0014898",1,1,1,1,"cardiac muscle hypertrophy in response to stress","BP",1
"GO:0014902",1,1,3,3,"myotube differentiation","BP",1
"GO:0014904",1,1,1,1,"myotube cell development","BP",1
"GO:0014909",1,1,5,5,"smooth muscle cell migration","BP",1
"GO:0014910",1,1,4,4,"regulation of smooth muscle cell migration","BP",1
"GO:0014911",1,1,1,1,"positive regulation of smooth muscle cell migration","BP",1
"GO:0014912",1,1,2,2,"negative regulation of smooth muscle cell migration","BP",1
"GO:0015012",1,1,1,1,"heparan sulfate proteoglycan biosynthetic process","BP",1
"GO:0015031",1,1,75,75,"protein transport","BP",1
"GO:0015695",1,1,2,2,"organic cation transport","BP",1
"GO:0015697",1,1,1,1,"quaternary ammonium group transport","BP",1
"GO:0015698",1,1,4,4,"inorganic anion transport","BP",1
"GO:0015700",1,1,1,1,"arsenite transport","BP",1
"GO:0015711",1,1,16,16,"organic anion transport","BP",1
"GO:0015712",1,1,1,1,"hexose phosphate transport","BP",1
"GO:0015718",1,1,6,6,"monocarboxylic acid transport","BP",1
"GO:0015721",1,1,1,1,"bile acid and bile salt transport","BP",1
"GO:0015723",1,1,1,1,"bilirubin transport","BP",1
"GO:0015727",1,1,2,2,"lactate transport","BP",1
"GO:0015729",1,1,1,1,"oxaloacetate transport","BP",1
"GO:0015732",1,1,1,1,"prostaglandin transport","BP",1
"GO:0015740",1,1,1,1,"C4-dicarboxylate transport","BP",1
"GO:0015743",1,1,1,1,"malate transport","BP",1
"GO:0015746",1,1,1,1,"citrate transport","BP",1
"GO:0015748",1,1,7,7,"organophosphate ester transport","BP",1
"GO:0015749",1,1,8,8,"monosaccharide transmembrane transport","BP",1
"GO:0015750",1,1,1,1,"pentose transmembrane transport","BP",1
"GO:0015755",1,1,1,1,"fructose transmembrane transport","BP",1
"GO:0015756",1,1,1,1,"fucose transmembrane transport","BP",1
"GO:0015760",1,1,1,1,"glucose-6-phosphate transport","BP",1
"GO:0015780",1,1,1,1,"nucleotide-sugar transmembrane transport","BP",1
"GO:0015786",1,1,1,1,"UDP-glucose transmembrane transport","BP",1
"GO:0015791",1,1,1,1,"polyol transmembrane transport","BP",1
"GO:0015798",1,1,1,1,"myo-inositol transport","BP",1
"GO:0015800",1,1,2,2,"acidic amino acid transport","BP",1
"GO:0015801",1,1,1,1,"aromatic amino acid transport","BP",1
"GO:0015802",1,1,1,1,"basic amino acid transport","BP",1
"GO:0015804",1,1,1,1,"neutral amino acid transport","BP",1
"GO:0015807",1,1,5,5,"L-amino acid transport","BP",1
"GO:0015810",1,1,1,1,"aspartate transmembrane transport","BP",1
"GO:0015811",1,1,1,1,"L-cystine transport","BP",1
"GO:0015813",1,1,2,2,"L-glutamate transmembrane transport","BP",1
"GO:0015822",1,1,1,1,"ornithine transport","BP",1
"GO:0015833",1,1,15,15,"peptide transport","BP",1
"GO:0015837",1,1,3,3,"amine transport","BP",1
"GO:0015844",1,1,2,2,"monoamine transport","BP",1
"GO:0015849",1,1,13,13,"organic acid transport","BP",1
"GO:0015850",1,1,17,17,"organic hydroxy compound transport","BP",1
"GO:0015851",1,1,1,1,"nucleobase transport","BP",1
"GO:0015853",1,1,1,1,"adenine transport","BP",1
"GO:0015854",1,1,1,1,"guanine transport","BP",1
"GO:0015855",1,1,1,1,"pyrimidine nucleobase transport","BP",1
"GO:0015857",1,1,1,1,"uracil transport","BP",1
"GO:0015858",1,1,1,1,"nucleoside transport","BP",1
"GO:0015860",1,1,1,1,"purine nucleoside transmembrane transport","BP",1
"GO:0015861",1,1,1,1,"cytidine transport","BP",1
"GO:0015862",1,1,1,1,"uridine transport","BP",1
"GO:0015864",1,1,1,1,"pyrimidine nucleoside transport","BP",1
"GO:0015865",1,1,1,1,"purine nucleotide transport","BP",1
"GO:0015866",1,1,1,1,"ADP transport","BP",1
"GO:0015867",1,1,1,1,"ATP transport","BP",1
"GO:0015868",1,1,1,1,"purine ribonucleotide transport","BP",1
"GO:0015871",1,1,1,1,"choline transport","BP",1
"GO:0015874",1,1,1,1,"norepinephrine transport","BP",1
"GO:0015908",1,1,3,3,"fatty acid transport","BP",1
"GO:0015909",1,1,2,2,"long-chain fatty acid transport","BP",1
"GO:0015911",1,1,1,1,"long-chain fatty acid import across plasma membrane","BP",1
"GO:0015914",1,1,5,5,"phospholipid transport","BP",1
"GO:0015918",1,1,10,10,"sterol transport","BP",1
"GO:0015931",1,1,11,11,"nucleobase-containing compound transport","BP",1
"GO:0015936",1,1,2,2,"coenzyme A metabolic process","BP",1
"GO:0015938",1,1,1,1,"coenzyme A catabolic process","BP",1
"GO:0015949",1,1,1,1,"nucleobase-containing small molecule interconversion","BP",1
"GO:0015980",1,1,28,28,"energy derivation by oxidation of organic compounds","BP",1
"GO:0015986",1,1,7,7,"proton motive force-driven ATP synthesis","BP",1
"GO:0015988",1,1,3,3,"energy coupled proton transmembrane transport, against electrochemical gradient","BP",1
"GO:0015990",1,1,3,3,"electron transport coupled proton transport","BP",1
"GO:0016032",1,1,27,27,"viral process","BP",1
"GO:0016042",1,1,11,11,"lipid catabolic process","BP",1
"GO:0016043",1,1,318,318,"cellular component organization","BP",1
"GO:0016045",1,1,1,1,"detection of bacterium","BP",1
"GO:0016048",1,1,1,1,"detection of temperature stimulus","BP",1
"GO:0016049",1,1,28,28,"cell growth","BP",1
"GO:0016050",1,1,18,18,"vesicle organization","BP",1
"GO:0016051",1,1,20,20,"carbohydrate biosynthetic process","BP",1
"GO:0016052",1,1,19,19,"carbohydrate catabolic process","BP",1
"GO:0016053",1,1,17,17,"organic acid biosynthetic process","BP",1
"GO:0016054",1,1,13,13,"organic acid catabolic process","BP",1
"GO:0016055",1,1,18,18,"Wnt signaling pathway","BP",1
"GO:0016064",1,1,8,8,"immunoglobulin mediated immune response","BP",1
"GO:0016070",1,1,255,255,"RNA metabolic process","BP",1
"GO:0016071",1,1,41,41,"mRNA metabolic process","BP",1
"GO:0016072",1,1,26,26,"rRNA metabolic process","BP",1
"GO:0016073",1,1,4,4,"snRNA metabolic process","BP",1
"GO:0016076",1,1,1,1,"snRNA catabolic process","BP",1
"GO:0016079",1,1,5,5,"synaptic vesicle exocytosis","BP",1
"GO:0016082",1,1,2,2,"synaptic vesicle priming","BP",1
"GO:0016093",1,1,1,1,"polyprenol metabolic process","BP",1
"GO:0016101",1,1,3,3,"diterpenoid metabolic process","BP",1
"GO:0016102",1,1,1,1,"diterpenoid biosynthetic process","BP",1
"GO:0016104",1,1,1,1,"triterpenoid biosynthetic process","BP",1
"GO:0016114",1,1,4,4,"terpenoid biosynthetic process","BP",1
"GO:0016125",1,1,14,14,"sterol metabolic process","BP",1
"GO:0016126",1,1,11,11,"sterol biosynthetic process","BP",1
"GO:0016128",1,1,1,1,"phytosteroid metabolic process","BP",1
"GO:0016129",1,1,1,1,"phytosteroid biosynthetic process","BP",1
"GO:0016131",1,1,1,1,"brassinosteroid metabolic process","BP",1
"GO:0016132",1,1,1,1,"brassinosteroid biosynthetic process","BP",1
"GO:0016180",1,1,1,1,"snRNA processing","BP",1
"GO:0016188",1,1,1,1,"synaptic vesicle maturation","BP",1
"GO:0016191",1,1,1,1,"synaptic vesicle uncoating","BP",1
"GO:0016192",1,1,76,76,"vesicle-mediated transport","BP",1
"GO:0016197",1,1,10,10,"endosomal transport","BP",1
"GO:0016198",1,1,1,1,"axon choice point recognition","BP",1
"GO:0016199",1,1,1,1,"axon midline choice point recognition","BP",1
"GO:0016233",1,1,3,3,"telomere capping","BP",1
"GO:0016236",1,1,15,15,"macroautophagy","BP",1
"GO:0016239",1,1,3,3,"positive regulation of macroautophagy","BP",1
"GO:0016240",1,1,1,1,"autophagosome membrane docking","BP",1
"GO:0016241",1,1,8,8,"regulation of macroautophagy","BP",1
"GO:0016242",1,1,2,2,"negative regulation of macroautophagy","BP",1
"GO:0016254",1,1,1,1,"preassembly of GPI anchor in ER membrane","BP",1
"GO:0016266",1,1,5,5,"O-glycan processing","BP",1
"GO:0016268",1,1,1,1,"O-glycan processing, core 2","BP",1
"GO:0016310",1,1,98,98,"phosphorylation","BP",1
"GO:0016311",1,1,21,21,"dephosphorylation","BP",1
"GO:0016321",1,1,1,1,"female meiosis chromosome segregation","BP",1
"GO:0016322",1,1,1,1,"neuron remodeling","BP",1
"GO:0016331",1,1,5,5,"morphogenesis of embryonic epithelium","BP",1
"GO:0016339",1,1,1,1,"calcium-dependent cell-cell adhesion via plasma membrane cell adhesion molecules","BP",1
"GO:0016358",1,1,10,10,"dendrite development","BP",1
"GO:0016441",1,1,2,2,"post-transcriptional gene silencing","BP",1
"GO:0016444",1,1,5,5,"somatic cell DNA recombination","BP",1
"GO:0016445",1,1,5,5,"somatic diversification of immunoglobulins","BP",1
"GO:0016446",1,1,1,1,"somatic hypermutation of immunoglobulin genes","BP",1
"GO:0016447",1,1,4,4,"somatic recombination of immunoglobulin gene segments","BP",1
"GO:0016477",1,1,80,80,"cell migration","BP",1
"GO:0016479",1,1,3,3,"negative regulation of transcription by RNA polymerase I","BP",1
"GO:0016482",1,1,11,11,"cytosolic transport","BP",1
"GO:0016485",1,1,11,11,"protein processing","BP",1
"GO:0016486",1,1,2,2,"peptide hormone processing","BP",1
"GO:0016525",1,1,8,8,"negative regulation of angiogenesis","BP",1
"GO:0016556",1,1,2,2,"mRNA modification","BP",1
"GO:0016567",1,1,34,34,"protein ubiquitination","BP",1
"GO:0016570",1,1,6,6,"histone modification","BP",1
"GO:0016571",1,1,1,1,"histone methylation","BP",1
"GO:0016573",1,1,5,5,"histone acetylation","BP",1
"GO:0016577",1,1,1,1,"histone demethylation","BP",1
"GO:0016579",1,1,3,3,"protein deubiquitination","BP",1
"GO:0016601",1,1,2,2,"Rac protein signal transduction","BP",1
"GO:0016925",1,1,2,2,"protein sumoylation","BP",1
"GO:0016973",1,1,1,1,"poly(A)+ mRNA export from nucleus","BP",1
"GO:0017003",1,1,1,1,"protein-heme linkage","BP",1
"GO:0017004",1,1,3,3,"cytochrome complex assembly","BP",1
"GO:0017006",1,1,1,1,"protein-tetrapyrrole linkage","BP",1
"GO:0017014",1,1,1,1,"protein nitrosylation","BP",1
"GO:0017015",1,1,11,11,"regulation of transforming growth factor beta receptor signaling pathway","BP",1
"GO:0017145",1,1,1,1,"stem cell division","BP",1
"GO:0017148",1,1,6,6,"negative regulation of translation","BP",1
"GO:0017156",1,1,2,2,"calcium-ion regulated exocytosis","BP",1
"GO:0017157",1,1,17,17,"regulation of exocytosis","BP",1
"GO:0017158",1,1,1,1,"regulation of calcium ion-dependent exocytosis","BP",1
"GO:0017183",1,1,1,1,"protein histidyl modification to diphthamide","BP",1
"GO:0017196",1,1,1,1,"N-terminal peptidyl-methionine acetylation","BP",1
"GO:0018022",1,1,1,1,"peptidyl-lysine methylation","BP",1
"GO:0018063",1,1,1,1,"cytochrome c-heme linkage","BP",1
"GO:0018076",1,1,3,3,"N-terminal peptidyl-lysine acetylation","BP",1
"GO:0018105",1,1,10,10,"peptidyl-serine phosphorylation","BP",1
"GO:0018107",1,1,3,3,"peptidyl-threonine phosphorylation","BP",1
"GO:0018108",1,1,20,20,"peptidyl-tyrosine phosphorylation","BP",1
"GO:0018119",1,1,1,1,"peptidyl-cysteine S-nitrosylation","BP",1
"GO:0018126",1,1,1,1,"protein hydroxylation","BP",1
"GO:0018130",1,1,224,224,"heterocycle biosynthetic process","BP",1
"GO:0018146",1,1,1,1,"keratan sulfate biosynthetic process","BP",1
"GO:0018149",1,1,1,1,"peptide cross-linking","BP",1
"GO:0018158",1,1,1,1,"protein oxidation","BP",1
"GO:0018171",1,1,1,1,"peptidyl-cysteine oxidation","BP",1
"GO:0018193",1,1,47,47,"peptidyl-amino acid modification","BP",1
"GO:0018195",1,1,1,1,"peptidyl-arginine modification","BP",1
"GO:0018198",1,1,2,2,"peptidyl-cysteine modification","BP",1
"GO:0018202",1,1,1,1,"peptidyl-histidine modification","BP",1
"GO:0018205",1,1,10,10,"peptidyl-lysine modification","BP",1
"GO:0018206",1,1,1,1,"peptidyl-methionine modification","BP",1
"GO:0018208",1,1,2,2,"peptidyl-proline modification","BP",1
"GO:0018209",1,1,10,10,"peptidyl-serine modification","BP",1
"GO:0018210",1,1,4,4,"peptidyl-threonine modification","BP",1
"GO:0018212",1,1,20,20,"peptidyl-tyrosine modification","BP",1
"GO:0018243",1,1,1,1,"protein O-linked glycosylation via threonine","BP",1
"GO:0018279",1,1,1,1,"protein N-linked glycosylation via asparagine","BP",1
"GO:0018342",1,1,1,1,"protein prenylation","BP",1
"GO:0018344",1,1,1,1,"protein geranylgeranylation","BP",1
"GO:0018393",1,1,5,5,"internal peptidyl-lysine acetylation","BP",1
"GO:0018394",1,1,6,6,"peptidyl-lysine acetylation","BP",1
"GO:0018400",1,1,1,1,"peptidyl-proline hydroxylation to 3-hydroxy-L-proline","BP",1
"GO:0018904",1,1,1,1,"ether metabolic process","BP",1
"GO:0018958",1,1,6,6,"phenol-containing compound metabolic process","BP",1
"GO:0019042",1,1,1,1,"viral latency","BP",1
"GO:0019045",1,1,1,1,"latent virus replication","BP",1
"GO:0019046",1,1,1,1,"release from viral latency","BP",1
"GO:0019058",1,1,23,23,"viral life cycle","BP",1
"GO:0019060",1,1,1,1,"intracellular transport of viral protein in host cell","BP",1
"GO:0019062",1,1,1,1,"virion attachment to host cell","BP",1
"GO:0019064",1,1,1,1,"fusion of virus membrane with host plasma membrane","BP",1
"GO:0019065",1,1,2,2,"receptor-mediated endocytosis of virus by host cell","BP",1
"GO:0019068",1,1,1,1,"virion assembly","BP",1
"GO:0019076",1,1,1,1,"viral release from host cell","BP",1
"GO:0019079",1,1,13,13,"viral genome replication","BP",1
"GO:0019080",1,1,3,3,"viral gene expression","BP",1
"GO:0019082",1,1,1,1,"viral protein processing","BP",1
"GO:0019083",1,1,2,2,"viral transcription","BP",1
"GO:0019098",1,1,1,1,"reproductive behavior","BP",1
"GO:0019184",1,1,1,1,"nonribosomal peptide biosynthetic process","BP",1
"GO:0019216",1,1,16,16,"regulation of lipid metabolic process","BP",1
"GO:0019217",1,1,4,4,"regulation of fatty acid metabolic process","BP",1
"GO:0019218",1,1,7,7,"regulation of steroid metabolic process","BP",1
"GO:0019219",1,1,220,220,"regulation of nucleobase-containing compound metabolic process","BP",1
"GO:0019220",1,1,70,70,"regulation of phosphate metabolic process","BP",1
"GO:0019221",1,1,25,25,"cytokine-mediated signaling pathway","BP",1
"GO:0019222",1,1,355,355,"regulation of metabolic process","BP",1
"GO:0019229",1,1,2,2,"regulation of vasoconstriction","BP",1
"GO:0019233",1,1,1,1,"sensory perception of pain","BP",1
"GO:0019249",1,1,1,1,"lactate biosynthetic process","BP",1
"GO:0019254",1,1,1,1,"carnitine metabolic process, CoA-linked","BP",1
"GO:0019287",1,1,1,1,"isopentenyl diphosphate biosynthetic process, mevalonate pathway","BP",1
"GO:0019318",1,1,28,28,"hexose metabolic process","BP",1
"GO:0019319",1,1,13,13,"hexose biosynthetic process","BP",1
"GO:0019320",1,1,8,8,"hexose catabolic process","BP",1
"GO:0019336",1,1,1,1,"phenol-containing compound catabolic process","BP",1
"GO:0019348",1,1,1,1,"dolichol metabolic process","BP",1
"GO:0019362",1,1,3,3,"pyridine nucleotide metabolic process","BP",1
"GO:0019370",1,1,2,2,"leukotriene biosynthetic process","BP",1
"GO:0019372",1,1,1,1,"lipoxygenase pathway","BP",1
"GO:0019377",1,1,1,1,"glycolipid catabolic process","BP",1
"GO:0019388",1,1,1,1,"galactose catabolic process","BP",1
"GO:0019395",1,1,4,4,"fatty acid oxidation","BP",1
"GO:0019400",1,1,2,2,"alditol metabolic process","BP",1
"GO:0019402",1,1,1,1,"galactitol metabolic process","BP",1
"GO:0019405",1,1,1,1,"alditol catabolic process","BP",1
"GO:0019413",1,1,1,1,"acetate biosynthetic process","BP",1
"GO:0019417",1,1,1,1,"sulfur oxidation","BP",1
"GO:0019418",1,1,1,1,"sulfide oxidation","BP",1
"GO:0019427",1,1,1,1,"acetyl-CoA biosynthetic process from acetate","BP",1
"GO:0019433",1,1,1,1,"triglyceride catabolic process","BP",1
"GO:0019438",1,1,225,225,"aromatic compound biosynthetic process","BP",1
"GO:0019439",1,1,21,21,"aromatic compound catabolic process","BP",1
"GO:0019511",1,1,1,1,"peptidyl-proline hydroxylation","BP",1
"GO:0019530",1,1,1,1,"taurine metabolic process","BP",1
"GO:0019538",1,1,246,246,"protein metabolic process","BP",1
"GO:0019541",1,1,1,1,"propionate metabolic process","BP",1
"GO:0019542",1,1,1,1,"propionate biosynthetic process","BP",1
"GO:0019563",1,1,1,1,"glycerol catabolic process","BP",1
"GO:0019637",1,1,67,67,"organophosphate metabolic process","BP",1
"GO:0019646",1,1,10,10,"aerobic electron transport chain","BP",1
"GO:0019673",1,1,1,1,"GDP-mannose metabolic process","BP",1
"GO:0019674",1,1,1,1,"NAD metabolic process","BP",1
"GO:0019682",1,1,2,2,"glyceraldehyde-3-phosphate metabolic process","BP",1
"GO:0019692",1,1,5,5,"deoxyribose phosphate metabolic process","BP",1
"GO:0019693",1,1,26,26,"ribose phosphate metabolic process","BP",1
"GO:0019694",1,1,1,1,"alkanesulfonate metabolic process","BP",1
"GO:0019720",1,1,1,1,"Mo-molybdopterin cofactor metabolic process","BP",1
"GO:0019722",1,1,15,15,"calcium-mediated signaling","BP",1
"GO:0019724",1,1,9,9,"B cell mediated immunity","BP",1
"GO:0019725",1,1,39,39,"cellular homeostasis","BP",1
"GO:0019730",1,1,7,7,"antimicrobial humoral response","BP",1
"GO:0019731",1,1,5,5,"antibacterial humoral response","BP",1
"GO:0019732",1,1,1,1,"antifungal humoral response","BP",1
"GO:0019748",1,1,2,2,"secondary metabolic process","BP",1
"GO:0019751",1,1,8,8,"polyol metabolic process","BP",1
"GO:0019752",1,1,58,58,"carboxylic acid metabolic process","BP",1
"GO:0019827",1,1,8,8,"stem cell population maintenance","BP",1
"GO:0019835",1,1,2,2,"cytolysis","BP",1
"GO:0019860",1,1,1,1,"uracil metabolic process","BP",1
"GO:0019882",1,1,11,11,"antigen processing and presentation","BP",1
"GO:0019883",1,1,6,6,"antigen processing and presentation of endogenous antigen","BP",1
"GO:0019884",1,1,8,8,"antigen processing and presentation of exogenous antigen","BP",1
"GO:0019886",1,1,2,2,"antigen processing and presentation of exogenous peptide antigen via MHC class II","BP",1
"GO:0019896",1,1,1,1,"axonal transport of mitochondrion","BP",1
"GO:0019915",1,1,4,4,"lipid storage","BP",1
"GO:0019932",1,1,19,19,"second-messenger-mediated signaling","BP",1
"GO:0019933",1,1,3,3,"cAMP-mediated signaling","BP",1
"GO:0019935",1,1,3,3,"cyclic-nucleotide-mediated signaling","BP",1
"GO:0019941",1,1,32,32,"modification-dependent protein catabolic process","BP",1
"GO:0019953",1,1,39,39,"sexual reproduction","BP",1
"GO:0019985",1,1,3,3,"translesion synthesis","BP",1
"GO:0021510",1,1,9,9,"spinal cord development","BP",1
"GO:0021515",1,1,3,3,"cell differentiation in spinal cord","BP",1
"GO:0021516",1,1,2,2,"dorsal spinal cord development","BP",1
"GO:0021517",1,1,4,4,"ventral spinal cord development","BP",1
"GO:0021522",1,1,2,2,"spinal cord motor neuron differentiation","BP",1
"GO:0021528",1,1,1,1,"commissural neuron differentiation in spinal cord","BP",1
"GO:0021532",1,1,1,1,"neural tube patterning","BP",1
"GO:0021534",1,1,1,1,"cell proliferation in hindbrain","BP",1
"GO:0021535",1,1,1,1,"cell migration in hindbrain","BP",1
"GO:0021536",1,1,2,2,"diencephalon development","BP",1
"GO:0021537",1,1,16,16,"telencephalon development","BP",1
"GO:0021538",1,1,1,1,"epithalamus development","BP",1
"GO:0021541",1,1,1,1,"ammon gyrus development","BP",1
"GO:0021543",1,1,11,11,"pallium development","BP",1
"GO:0021544",1,1,2,2,"subpallium development","BP",1
"GO:0021545",1,1,2,2,"cranial nerve development","BP",1
"GO:0021546",1,1,1,1,"rhombomere development","BP",1
"GO:0021549",1,1,5,5,"cerebellum development","BP",1
"GO:0021554",1,1,2,2,"optic nerve development","BP",1
"GO:0021575",1,1,1,1,"hindbrain morphogenesis","BP",1
"GO:0021587",1,1,1,1,"cerebellum morphogenesis","BP",1
"GO:0021591",1,1,1,1,"ventricular system development","BP",1
"GO:0021593",1,1,1,1,"rhombomere morphogenesis","BP",1
"GO:0021602",1,1,1,1,"cranial nerve morphogenesis","BP",1
"GO:0021626",1,1,1,1,"central nervous system maturation","BP",1
"GO:0021631",1,1,1,1,"optic nerve morphogenesis","BP",1
"GO:0021675",1,1,3,3,"nerve development","BP",1
"GO:0021680",1,1,1,1,"cerebellar Purkinje cell layer development","BP",1
"GO:0021692",1,1,1,1,"cerebellar Purkinje cell layer morphogenesis","BP",1
"GO:0021695",1,1,2,2,"cerebellar cortex development","BP",1
"GO:0021696",1,1,1,1,"cerebellar cortex morphogenesis","BP",1
"GO:0021700",1,1,17,17,"developmental maturation","BP",1
"GO:0021756",1,1,1,1,"striatum development","BP",1
"GO:0021761",1,1,4,4,"limbic system development","BP",1
"GO:0021762",1,1,2,2,"substantia nigra development","BP",1
"GO:0021766",1,1,4,4,"hippocampus development","BP",1
"GO:0021772",1,1,4,4,"olfactory bulb development","BP",1
"GO:0021778",1,1,1,1,"oligodendrocyte cell fate specification","BP",1
"GO:0021779",1,1,1,1,"oligodendrocyte cell fate commitment","BP",1
"GO:0021780",1,1,1,1,"glial cell fate specification","BP",1
"GO:0021781",1,1,1,1,"glial cell fate commitment","BP",1
"GO:0021782",1,1,9,9,"glial cell development","BP",1
"GO:0021795",1,1,4,4,"cerebral cortex cell migration","BP",1
"GO:0021796",1,1,3,3,"cerebral cortex regionalization","BP",1
"GO:0021798",1,1,1,1,"forebrain dorsal/ventral pattern formation","BP",1
"GO:0021799",1,1,4,4,"cerebral cortex radially oriented cell migration","BP",1
"GO:0021801",1,1,4,4,"cerebral cortex radial glia-guided migration","BP",1
"GO:0021814",1,1,1,1,"cell motility involved in cerebral cortex radial glia guided migration","BP",1
"GO:0021819",1,1,3,3,"layer formation in cerebral cortex","BP",1
"GO:0021846",1,1,1,1,"cell proliferation in forebrain","BP",1
"GO:0021871",1,1,3,3,"forebrain regionalization","BP",1
"GO:0021872",1,1,2,2,"forebrain generation of neurons","BP",1
"GO:0021877",1,1,1,1,"forebrain neuron fate commitment","BP",1
"GO:0021879",1,1,2,2,"forebrain neuron differentiation","BP",1
"GO:0021885",1,1,4,4,"forebrain cell migration","BP",1
"GO:0021889",1,1,1,1,"olfactory bulb interneuron differentiation","BP",1
"GO:0021891",1,1,1,1,"olfactory bulb interneuron development","BP",1
"GO:0021892",1,1,1,1,"cerebral cortex GABAergic interneuron differentiation","BP",1
"GO:0021893",1,1,1,1,"cerebral cortex GABAergic interneuron fate commitment","BP",1
"GO:0021895",1,1,2,2,"cerebral cortex neuron differentiation","BP",1
"GO:0021902",1,1,1,1,"commitment of neuronal cell to specific neuron type in forebrain","BP",1
"GO:0021903",1,1,1,1,"rostrocaudal neural tube patterning","BP",1
"GO:0021905",1,1,1,1,"forebrain-midbrain boundary formation","BP",1
"GO:0021915",1,1,5,5,"neural tube development","BP",1
"GO:0021924",1,1,1,1,"cell proliferation in external granule layer","BP",1
"GO:0021930",1,1,1,1,"cerebellar granule cell precursor proliferation","BP",1
"GO:0021934",1,1,1,1,"hindbrain tangential cell migration","BP",1
"GO:0021952",1,1,3,3,"central nervous system projection neuron axonogenesis","BP",1
"GO:0021953",1,1,8,8,"central nervous system neuron differentiation","BP",1
"GO:0021954",1,1,3,3,"central nervous system neuron development","BP",1
"GO:0021955",1,1,3,3,"central nervous system neuron axonogenesis","BP",1
"GO:0021960",1,1,2,2,"anterior commissure morphogenesis","BP",1
"GO:0021978",1,1,3,3,"telencephalon regionalization","BP",1
"GO:0021983",1,1,2,2,"pituitary gland development","BP",1
"GO:0021986",1,1,1,1,"habenula development","BP",1
"GO:0021987",1,1,8,8,"cerebral cortex development","BP",1
"GO:0021988",1,1,4,4,"olfactory lobe development","BP",1
"GO:0022008",1,1,89,89,"neurogenesis","BP",1
"GO:0022010",1,1,2,2,"central nervous system myelination","BP",1
"GO:0022011",1,1,1,1,"myelination in peripheral nervous system","BP",1
"GO:0022027",1,1,1,1,"interkinetic nuclear migration","BP",1
"GO:0022029",1,1,4,4,"telencephalon cell migration","BP",1
"GO:0022030",1,1,4,4,"telencephalon glial cell migration","BP",1
"GO:0022037",1,1,5,5,"metencephalon development","BP",1
"GO:0022038",1,1,2,2,"corpus callosum development","BP",1
"GO:0022401",1,1,1,1,"negative adaptation of signaling pathway","BP",1
"GO:0022402",1,1,68,68,"cell cycle process","BP",1
"GO:0022404",1,1,2,2,"molting cycle process","BP",1
"GO:0022405",1,1,2,2,"hair cycle process","BP",1
"GO:0022406",1,1,5,5,"membrane docking","BP",1
"GO:0022407",1,1,27,27,"regulation of cell-cell adhesion","BP",1
"GO:0022408",1,1,9,9,"negative regulation of cell-cell adhesion","BP",1
"GO:0022409",1,1,22,22,"positive regulation of cell-cell adhesion","BP",1
"GO:0022411",1,1,28,28,"cellular component disassembly","BP",1
"GO:0022412",1,1,17,17,"cellular process involved in reproduction in multicellular organism","BP",1
"GO:0022414",1,1,55,55,"reproductive process","BP",1
"GO:0022600",1,1,2,2,"digestive system process","BP",1
"GO:0022602",1,1,2,2,"ovulation cycle process","BP",1
"GO:0022603",1,1,39,39,"regulation of anatomical structure morphogenesis","BP",1
"GO:0022604",1,1,14,14,"regulation of cell morphogenesis","BP",1
"GO:0022605",1,1,1,1,"mammalian oogenesis stage","BP",1
"GO:0022607",1,1,159,159,"cellular component assembly","BP",1
"GO:0022612",1,1,2,2,"gland morphogenesis","BP",1
"GO:0022613",1,1,49,49,"ribonucleoprotein complex biogenesis","BP",1
"GO:0022616",1,1,4,4,"DNA strand elongation","BP",1
"GO:0022617",1,1,4,4,"extracellular matrix disassembly","BP",1
"GO:0022618",1,1,13,13,"protein-RNA complex assembly","BP",1
"GO:0022898",1,1,5,5,"regulation of transmembrane transporter activity","BP",1
"GO:0022900",1,1,12,12,"electron transport chain","BP",1
"GO:0022904",1,1,11,11,"respiratory electron transport chain","BP",1
"GO:0023019",1,1,2,2,"signal transduction involved in regulation of gene expression","BP",1
"GO:0023035",1,1,1,1,"CD40 signaling pathway","BP",1
"GO:0023051",1,1,169,169,"regulation of signaling","BP",1
"GO:0023052",1,1,282,282,"signaling","BP",1
"GO:0023056",1,1,80,80,"positive regulation of signaling","BP",1
"GO:0023057",1,1,71,71,"negative regulation of signaling","BP",1
"GO:0023058",1,1,1,1,"adaptation of signaling pathway","BP",1
"GO:0023061",1,1,23,23,"signal release","BP",1
"GO:0030001",1,1,25,25,"metal ion transport","BP",1
"GO:0030003",1,1,23,23,"intracellular monoatomic cation homeostasis","BP",1
"GO:0030010",1,1,8,8,"establishment of cell polarity","BP",1
"GO:0030011",1,1,2,2,"maintenance of cell polarity","BP",1
"GO:0030029",1,1,41,41,"actin filament-based process","BP",1
"GO:0030030",1,1,79,79,"cell projection organization","BP",1
"GO:0030031",1,1,31,31,"cell projection assembly","BP",1
"GO:0030032",1,1,5,5,"lamellipodium assembly","BP",1
"GO:0030033",1,1,2,2,"microvillus assembly","BP",1
"GO:0030036",1,1,41,41,"actin cytoskeleton organization","BP",1
"GO:0030038",1,1,10,10,"contractile actin filament bundle assembly","BP",1
"GO:0030041",1,1,13,13,"actin filament polymerization","BP",1
"GO:0030042",1,1,4,4,"actin filament depolymerization","BP",1
"GO:0030047",1,1,1,1,"actin modification","BP",1
"GO:0030048",1,1,2,2,"actin filament-based movement","BP",1
"GO:0030050",1,1,2,2,"vesicle transport along actin filament","BP",1
"GO:0030071",1,1,8,8,"regulation of mitotic metaphase/anaphase transition","BP",1
"GO:0030072",1,1,13,13,"peptide hormone secretion","BP",1
"GO:0030073",1,1,13,13,"insulin secretion","BP",1
"GO:0030097",1,1,53,53,"hemopoiesis","BP",1
"GO:0030098",1,1,29,29,"lymphocyte differentiation","BP",1
"GO:0030099",1,1,27,27,"myeloid cell differentiation","BP",1
"GO:0030100",1,1,9,9,"regulation of endocytosis","BP",1
"GO:0030101",1,1,5,5,"natural killer cell activation","BP",1
"GO:0030111",1,1,14,14,"regulation of Wnt signaling pathway","BP",1
"GO:0030148",1,1,3,3,"sphingolipid biosynthetic process","BP",1
"GO:0030149",1,1,1,1,"sphingolipid catabolic process","BP",1
"GO:0030150",1,1,2,2,"protein import into mitochondrial matrix","BP",1
"GO:0030154",1,1,200,200,"cell differentiation","BP",1
"GO:0030155",1,1,45,45,"regulation of cell adhesion","BP",1
"GO:0030162",1,1,33,33,"regulation of proteolysis","BP",1
"GO:0030163",1,1,54,54,"protein catabolic process","BP",1
"GO:0030166",1,1,3,3,"proteoglycan biosynthetic process","BP",1
"GO:0030167",1,1,1,1,"proteoglycan catabolic process","BP",1
"GO:0030168",1,1,6,6,"platelet activation","BP",1
"GO:0030174",1,1,1,1,"regulation of DNA-templated DNA replication initiation","BP",1
"GO:0030177",1,1,4,4,"positive regulation of Wnt signaling pathway","BP",1
"GO:0030178",1,1,9,9,"negative regulation of Wnt signaling pathway","BP",1
"GO:0030182",1,1,67,67,"neuron differentiation","BP",1
"GO:0030183",1,1,13,13,"B cell differentiation","BP",1
"GO:0030193",1,1,3,3,"regulation of blood coagulation","BP",1
"GO:0030195",1,1,2,2,"negative regulation of blood coagulation","BP",1
"GO:0030198",1,1,9,9,"extracellular matrix organization","BP",1
"GO:0030199",1,1,3,3,"collagen fibril organization","BP",1
"GO:0030200",1,1,1,1,"heparan sulfate proteoglycan catabolic process","BP",1
"GO:0030203",1,1,3,3,"glycosaminoglycan metabolic process","BP",1
"GO:0030204",1,1,1,1,"chondroitin sulfate metabolic process","BP",1
"GO:0030205",1,1,2,2,"dermatan sulfate metabolic process","BP",1
"GO:0030206",1,1,1,1,"chondroitin sulfate biosynthetic process","BP",1
"GO:0030208",1,1,2,2,"dermatan sulfate biosynthetic process","BP",1
"GO:0030216",1,1,9,9,"keratinocyte differentiation","BP",1
"GO:0030217",1,1,22,22,"T cell differentiation","BP",1
"GO:0030218",1,1,4,4,"erythrocyte differentiation","BP",1
"GO:0030219",1,1,5,5,"megakaryocyte differentiation","BP",1
"GO:0030220",1,1,3,3,"platelet formation","BP",1
"GO:0030222",1,1,1,1,"eosinophil differentiation","BP",1
"GO:0030224",1,1,1,1,"monocyte differentiation","BP",1
"GO:0030225",1,1,4,4,"macrophage differentiation","BP",1
"GO:0030239",1,1,1,1,"myofibril assembly","BP",1
"GO:0030252",1,1,1,1,"growth hormone secretion","BP",1
"GO:0030258",1,1,7,7,"lipid modification","BP",1
"GO:0030261",1,1,5,5,"chromosome condensation","BP",1
"GO:0030262",1,1,1,1,"apoptotic nuclear changes","BP",1
"GO:0030263",1,1,1,1,"apoptotic chromosome condensation","BP",1
"GO:0030278",1,1,7,7,"regulation of ossification","BP",1
"GO:0030279",1,1,3,3,"negative regulation of ossification","BP",1
"GO:0030282",1,1,5,5,"bone mineralization","BP",1
"GO:0030301",1,1,10,10,"cholesterol transport","BP",1
"GO:0030307",1,1,12,12,"positive regulation of cell growth","BP",1
"GO:0030308",1,1,11,11,"negative regulation of cell growth","BP",1
"GO:0030309",1,1,1,1,"poly-N-acetyllactosamine metabolic process","BP",1
"GO:0030311",1,1,1,1,"poly-N-acetyllactosamine biosynthetic process","BP",1
"GO:0030316",1,1,6,6,"osteoclast differentiation","BP",1
"GO:0030317",1,1,1,1,"flagellated sperm motility","BP",1
"GO:0030318",1,1,1,1,"melanocyte differentiation","BP",1
"GO:0030323",1,1,8,8,"respiratory tube development","BP",1
"GO:0030324",1,1,8,8,"lung development","BP",1
"GO:0030326",1,1,4,4,"embryonic limb morphogenesis","BP",1
"GO:0030327",1,1,2,2,"prenylated protein catabolic process","BP",1
"GO:0030328",1,1,1,1,"prenylcysteine catabolic process","BP",1
"GO:0030329",1,1,1,1,"prenylcysteine metabolic process","BP",1
"GO:0030330",1,1,6,6,"DNA damage response, signal transduction by p53 class mediator","BP",1
"GO:0030334",1,1,55,55,"regulation of cell migration","BP",1
"GO:0030335",1,1,28,28,"positive regulation of cell migration","BP",1
"GO:0030336",1,1,23,23,"negative regulation of cell migration","BP",1
"GO:0030382",1,1,1,1,"sperm mitochondrion organization","BP",1
"GO:0030388",1,1,3,3,"fructose 1,6-bisphosphate metabolic process","BP",1
"GO:0030397",1,1,1,1,"membrane disassembly","BP",1
"GO:0030422",1,1,2,2,"siRNA processing","BP",1
"GO:0030433",1,1,2,2,"ubiquitin-dependent ERAD pathway","BP",1
"GO:0030488",1,1,5,5,"tRNA methylation","BP",1
"GO:0030490",1,1,8,8,"maturation of SSU-rRNA","BP",1
"GO:0030497",1,1,1,1,"fatty acid elongation","BP",1
"GO:0030500",1,1,3,3,"regulation of bone mineralization","BP",1
"GO:0030501",1,1,1,1,"positive regulation of bone mineralization","BP",1
"GO:0030502",1,1,1,1,"negative regulation of bone mineralization","BP",1
"GO:0030509",1,1,7,7,"BMP signaling pathway","BP",1
"GO:0030510",1,1,6,6,"regulation of BMP signaling pathway","BP",1
"GO:0030511",1,1,3,3,"positive regulation of transforming growth factor beta receptor signaling pathway","BP",1
"GO:0030512",1,1,5,5,"negative regulation of transforming growth factor beta receptor signaling pathway","BP",1
"GO:0030513",1,1,2,2,"positive regulation of BMP signaling pathway","BP",1
"GO:0030514",1,1,4,4,"negative regulation of BMP signaling pathway","BP",1
"GO:0030516",1,1,6,6,"regulation of axon extension","BP",1
"GO:0030517",1,1,4,4,"negative regulation of axon extension","BP",1
"GO:0030518",1,1,4,4,"intracellular steroid hormone receptor signaling pathway","BP",1
"GO:0030520",1,1,2,2,"intracellular estrogen receptor signaling pathway","BP",1
"GO:0030521",1,1,2,2,"androgen receptor signaling pathway","BP",1
"GO:0030522",1,1,22,22,"intracellular receptor signaling pathway","BP",1
"GO:0030534",1,1,5,5,"adult behavior","BP",1
"GO:0030574",1,1,1,1,"collagen catabolic process","BP",1
"GO:0030581",1,1,1,1,"symbiont intracellular protein transport in host","BP",1
"GO:0030593",1,1,6,6,"neutrophil chemotaxis","BP",1
"GO:0030595",1,1,17,17,"leukocyte chemotaxis","BP",1
"GO:0030641",1,1,4,4,"regulation of cellular pH","BP",1
"GO:0030705",1,1,9,9,"cytoskeleton-dependent intracellular transport","BP",1
"GO:0030728",1,1,1,1,"ovulation","BP",1
"GO:0030808",1,1,3,3,"regulation of nucleotide biosynthetic process","BP",1
"GO:0030809",1,1,1,1,"negative regulation of nucleotide biosynthetic process","BP",1
"GO:0030810",1,1,1,1,"positive regulation of nucleotide biosynthetic process","BP",1
"GO:0030832",1,1,11,11,"regulation of actin filament length","BP",1
"GO:0030833",1,1,11,11,"regulation of actin filament polymerization","BP",1
"GO:0030834",1,1,3,3,"regulation of actin filament depolymerization","BP",1
"GO:0030835",1,1,3,3,"negative regulation of actin filament depolymerization","BP",1
"GO:0030837",1,1,3,3,"negative regulation of actin filament polymerization","BP",1
"GO:0030838",1,1,2,2,"positive regulation of actin filament polymerization","BP",1
"GO:0030846",1,1,1,1,"termination of RNA polymerase II transcription, poly(A)-coupled","BP",1
"GO:0030850",1,1,1,1,"prostate gland development","BP",1
"GO:0030851",1,1,4,4,"granulocyte differentiation","BP",1
"GO:0030852",1,1,1,1,"regulation of granulocyte differentiation","BP",1
"GO:0030853",1,1,1,1,"negative regulation of granulocyte differentiation","BP",1
"GO:0030855",1,1,29,29,"epithelial cell differentiation","BP",1
"GO:0030856",1,1,7,7,"regulation of epithelial cell differentiation","BP",1
"GO:0030857",1,1,2,2,"negative regulation of epithelial cell differentiation","BP",1
"GO:0030858",1,1,2,2,"positive regulation of epithelial cell differentiation","BP",1
"GO:0030865",1,1,2,2,"cortical cytoskeleton organization","BP",1
"GO:0030866",1,1,1,1,"cortical actin cytoskeleton organization","BP",1
"GO:0030878",1,1,2,2,"thyroid gland development","BP",1
"GO:0030879",1,1,7,7,"mammary gland development","BP",1
"GO:0030888",1,1,4,4,"regulation of B cell proliferation","BP",1
"GO:0030890",1,1,4,4,"positive regulation of B cell proliferation","BP",1
"GO:0030900",1,1,20,20,"forebrain development","BP",1
"GO:0030901",1,1,3,3,"midbrain development","BP",1
"GO:0030902",1,1,8,8,"hindbrain development","BP",1
"GO:0030947",1,1,2,2,"regulation of vascular endothelial growth factor receptor signaling pathway","BP",1
"GO:0030948",1,1,2,2,"negative regulation of vascular endothelial growth factor receptor signaling pathway","BP",1
"GO:0030950",1,1,1,1,"establishment or maintenance of actin cytoskeleton polarity","BP",1
"GO:0030952",1,1,1,1,"establishment or maintenance of cytoskeleton polarity","BP",1
"GO:0030961",1,1,1,1,"peptidyl-arginine hydroxylation","BP",1
"GO:0030968",1,1,6,6,"endoplasmic reticulum unfolded protein response","BP",1
"GO:0030970",1,1,1,1,"retrograde protein transport, ER to cytosol","BP",1
"GO:0031016",1,1,5,5,"pancreas development","BP",1
"GO:0031018",1,1,3,3,"endocrine pancreas development","BP",1
"GO:0031023",1,1,12,12,"microtubule organizing center organization","BP",1
"GO:0031032",1,1,13,13,"actomyosin structure organization","BP",1
"GO:0031047",1,1,6,6,"regulatory ncRNA-mediated gene silencing","BP",1
"GO:0031053",1,1,2,2,"primary miRNA processing","BP",1
"GO:0031056",1,1,3,3,"regulation of histone modification","BP",1
"GO:0031060",1,1,1,1,"regulation of histone methylation","BP",1
"GO:0031062",1,1,1,1,"positive regulation of histone methylation","BP",1
"GO:0031069",1,1,1,1,"hair follicle morphogenesis","BP",1
"GO:0031076",1,1,4,4,"embryonic camera-type eye development","BP",1
"GO:0031098",1,1,16,16,"stress-activated protein kinase signaling cascade","BP",1
"GO:0031099",1,1,9,9,"regeneration","BP",1
"GO:0031100",1,1,6,6,"animal organ regeneration","BP",1
"GO:0031102",1,1,2,2,"neuron projection regeneration","BP",1
"GO:0031103",1,1,2,2,"axon regeneration","BP",1
"GO:0031109",1,1,6,6,"microtubule polymerization or depolymerization","BP",1
"GO:0031110",1,1,4,4,"regulation of microtubule polymerization or depolymerization","BP",1
"GO:0031111",1,1,1,1,"negative regulation of microtubule polymerization or depolymerization","BP",1
"GO:0031112",1,1,1,1,"positive regulation of microtubule polymerization or depolymerization","BP",1
"GO:0031113",1,1,3,3,"regulation of microtubule polymerization","BP",1
"GO:0031114",1,1,1,1,"regulation of microtubule depolymerization","BP",1
"GO:0031116",1,1,1,1,"positive regulation of microtubule polymerization","BP",1
"GO:0031118",1,1,1,1,"rRNA pseudouridine synthesis","BP",1
"GO:0031122",1,1,1,1,"cytoplasmic microtubule organization","BP",1
"GO:0031123",1,1,6,6,"RNA 3'-end processing","BP",1
"GO:0031124",1,1,4,4,"mRNA 3'-end processing","BP",1
"GO:0031144",1,1,1,1,"proteasome localization","BP",1
"GO:0031145",1,1,2,2,"anaphase-promoting complex-dependent catabolic process","BP",1
"GO:0031146",1,1,1,1,"SCF-dependent proteasomal ubiquitin-dependent protein catabolic process","BP",1
"GO:0031167",1,1,3,3,"rRNA methylation","BP",1
"GO:0031175",1,1,49,49,"neuron projection development","BP",1
"GO:0031204",1,1,1,1,"post-translational protein targeting to membrane, translocation","BP",1
"GO:0031214",1,1,6,6,"biomineral tissue development","BP",1
"GO:0031268",1,1,1,1,"pseudopodium organization","BP",1
"GO:0031269",1,1,1,1,"pseudopodium assembly","BP",1
"GO:0031272",1,1,1,1,"regulation of pseudopodium assembly","BP",1
"GO:0031274",1,1,1,1,"positive regulation of pseudopodium assembly","BP",1
"GO:0031279",1,1,3,3,"regulation of cyclase activity","BP",1
"GO:0031280",1,1,1,1,"negative regulation of cyclase activity","BP",1
"GO:0031281",1,1,2,2,"positive regulation of cyclase activity","BP",1
"GO:0031290",1,1,2,2,"retinal ganglion cell axon guidance","BP",1
"GO:0031294",1,1,4,4,"lymphocyte costimulation","BP",1
"GO:0031295",1,1,4,4,"T cell costimulation","BP",1
"GO:0031297",1,1,1,1,"replication fork processing","BP",1
"GO:0031323",1,1,327,327,"regulation of cellular metabolic process","BP",1
"GO:0031324",1,1,158,158,"negative regulation of cellular metabolic process","BP",1
"GO:0031325",1,1,185,185,"positive regulation of cellular metabolic process","BP",1
"GO:0031326",1,1,274,274,"regulation of cellular biosynthetic process","BP",1
"GO:0031327",1,1,121,121,"negative regulation of cellular biosynthetic process","BP",1
"GO:0031328",1,1,153,153,"positive regulation of cellular biosynthetic process","BP",1
"GO:0031329",1,1,32,32,"regulation of cellular catabolic process","BP",1
"GO:0031330",1,1,10,10,"negative regulation of cellular catabolic process","BP",1
"GO:0031331",1,1,12,12,"positive regulation of cellular catabolic process","BP",1
"GO:0031333",1,1,8,8,"negative regulation of protein-containing complex assembly","BP",1
"GO:0031334",1,1,8,8,"positive regulation of protein-containing complex assembly","BP",1
"GO:0031335",1,1,1,1,"regulation of sulfur amino acid metabolic process","BP",1
"GO:0031338",1,1,2,2,"regulation of vesicle fusion","BP",1
"GO:0031339",1,1,1,1,"negative regulation of vesicle fusion","BP",1
"GO:0031340",1,1,1,1,"positive regulation of vesicle fusion","BP",1
"GO:0031341",1,1,11,11,"regulation of cell killing","BP",1
"GO:0031342",1,1,2,2,"negative regulation of cell killing","BP",1
"GO:0031343",1,1,9,9,"positive regulation of cell killing","BP",1
"GO:0031344",1,1,38,38,"regulation of cell projection organization","BP",1
"GO:0031345",1,1,10,10,"negative regulation of cell projection organization","BP",1
"GO:0031346",1,1,21,21,"positive regulation of cell projection organization","BP",1
"GO:0031347",1,1,44,44,"regulation of defense response","BP",1
"GO:0031348",1,1,17,17,"negative regulation of defense response","BP",1
"GO:0031349",1,1,33,33,"positive regulation of defense response","BP",1
"GO:0031365",1,1,4,4,"N-terminal protein amino acid modification","BP",1
"GO:0031392",1,1,1,1,"regulation of prostaglandin biosynthetic process","BP",1
"GO:0031393",1,1,1,1,"negative regulation of prostaglandin biosynthetic process","BP",1
"GO:0031396",1,1,14,14,"regulation of protein ubiquitination","BP",1
"GO:0031397",1,1,9,9,"negative regulation of protein ubiquitination","BP",1
"GO:0031398",1,1,4,4,"positive regulation of protein ubiquitination","BP",1
"GO:0031399",1,1,76,76,"regulation of protein modification process","BP",1
"GO:0031400",1,1,35,35,"negative regulation of protein modification process","BP",1
"GO:0031401",1,1,43,43,"positive regulation of protein modification process","BP",1
"GO:0031424",1,1,1,1,"keratinization","BP",1
"GO:0031468",1,1,1,1,"nuclear membrane reassembly","BP",1
"GO:0031503",1,1,15,15,"protein-containing complex localization","BP",1
"GO:0031507",1,1,3,3,"heterochromatin formation","BP",1
"GO:0031509",1,1,1,1,"subtelomeric heterochromatin formation","BP",1
"GO:0031529",1,1,5,5,"ruffle organization","BP",1
"GO:0031547",1,1,1,1,"brain-derived neurotrophic factor receptor signaling pathway","BP",1
"GO:0031554",1,1,2,2,"regulation of termination of DNA-templated transcription","BP",1
"GO:0031570",1,1,8,8,"DNA integrity checkpoint signaling","BP",1
"GO:0031571",1,1,2,2,"mitotic G1 DNA damage checkpoint signaling","BP",1
"GO:0031573",1,1,1,1,"mitotic intra-S DNA damage checkpoint signaling","BP",1
"GO:0031577",1,1,7,7,"spindle checkpoint signaling","BP",1
"GO:0031579",1,1,3,3,"membrane raft organization","BP",1
"GO:0031580",1,1,1,1,"membrane raft distribution","BP",1
"GO:0031589",1,1,20,20,"cell-substrate adhesion","BP",1
"GO:0031590",1,1,1,1,"wybutosine metabolic process","BP",1
"GO:0031591",1,1,1,1,"wybutosine biosynthetic process","BP",1
"GO:0031623",1,1,7,7,"receptor internalization","BP",1
"GO:0031629",1,1,1,1,"synaptic vesicle fusion to presynaptic active zone membrane","BP",1
"GO:0031638",1,1,4,4,"zymogen activation","BP",1
"GO:0031639",1,1,4,4,"plasminogen activation","BP",1
"GO:0031640",1,1,7,7,"killing of cells of another organism","BP",1
"GO:0031641",1,1,2,2,"regulation of myelination","BP",1
"GO:0031644",1,1,3,3,"regulation of nervous system process","BP",1
"GO:0031647",1,1,18,18,"regulation of protein stability","BP",1
"GO:0031648",1,1,5,5,"protein destabilization","BP",1
"GO:0031663",1,1,1,1,"lipopolysaccharide-mediated signaling pathway","BP",1
"GO:0031667",1,1,20,20,"response to nutrient levels","BP",1
"GO:0031668",1,1,13,13,"cellular response to extracellular stimulus","BP",1
"GO:0031669",1,1,12,12,"cellular response to nutrient levels","BP",1
"GO:0031848",1,1,2,2,"protection from non-homologous end joining at telomere","BP",1
"GO:0031860",1,1,1,1,"telomeric 3' overhang formation","BP",1
"GO:0031914",1,1,1,1,"negative regulation of synaptic plasticity","BP",1
"GO:0031915",1,1,1,1,"positive regulation of synaptic plasticity","BP",1
"GO:0031929",1,1,11,11,"TOR signaling","BP",1
"GO:0031943",1,1,1,1,"regulation of glucocorticoid metabolic process","BP",1
"GO:0031946",1,1,1,1,"regulation of glucocorticoid biosynthetic process","BP",1
"GO:0031952",1,1,1,1,"regulation of protein autophosphorylation","BP",1
"GO:0031954",1,1,1,1,"positive regulation of protein autophosphorylation","BP",1
"GO:0031960",1,1,7,7,"response to corticosteroid","BP",1
"GO:0031998",1,1,1,1,"regulation of fatty acid beta-oxidation","BP",1
"GO:0032000",1,1,1,1,"positive regulation of fatty acid beta-oxidation","BP",1
"GO:0032006",1,1,11,11,"regulation of TOR signaling","BP",1
"GO:0032007",1,1,2,2,"negative regulation of TOR signaling","BP",1
"GO:0032008",1,1,8,8,"positive regulation of TOR signaling","BP",1
"GO:0032011",1,1,1,1,"ARF protein signal transduction","BP",1
"GO:0032012",1,1,1,1,"regulation of ARF protein signal transduction","BP",1
"GO:0032020",1,1,2,2,"ISG15-protein conjugation","BP",1
"GO:0032024",1,1,4,4,"positive regulation of insulin secretion","BP",1
"GO:0032025",1,1,3,3,"response to cobalt ion","BP",1
"GO:0032042",1,1,2,2,"mitochondrial DNA metabolic process","BP",1
"GO:0032058",1,1,1,1,"positive regulation of translational initiation in response to stress","BP",1
"GO:0032060",1,1,1,1,"bleb assembly","BP",1
"GO:0032069",1,1,2,2,"regulation of nuclease activity","BP",1
"GO:0032074",1,1,1,1,"negative regulation of nuclease activity","BP",1
"GO:0032088",1,1,8,8,"negative regulation of NF-kappaB transcription factor activity","BP",1
"GO:0032091",1,1,5,5,"negative regulation of protein binding","BP",1
"GO:0032092",1,1,6,6,"positive regulation of protein binding","BP",1
"GO:0032101",1,1,57,57,"regulation of response to external stimulus","BP",1
"GO:0032102",1,1,24,24,"negative regulation of response to external stimulus","BP",1
"GO:0032103",1,1,38,38,"positive regulation of response to external stimulus","BP",1
"GO:0032119",1,1,1,1,"sequestering of zinc ion","BP",1
"GO:0032147",1,1,2,2,"activation of protein kinase activity","BP",1
"GO:0032196",1,1,1,1,"transposition","BP",1
"GO:0032197",1,1,1,1,"retrotransposition","BP",1
"GO:0032200",1,1,12,12,"telomere organization","BP",1
"GO:0032204",1,1,6,6,"regulation of telomere maintenance","BP",1
"GO:0032205",1,1,4,4,"negative regulation of telomere maintenance","BP",1
"GO:0032206",1,1,4,4,"positive regulation of telomere maintenance","BP",1
"GO:0032210",1,1,1,1,"regulation of telomere maintenance via telomerase","BP",1
"GO:0032211",1,1,1,1,"negative regulation of telomere maintenance via telomerase","BP",1
"GO:0032231",1,1,7,7,"regulation of actin filament bundle assembly","BP",1
"GO:0032232",1,1,1,1,"negative regulation of actin filament bundle assembly","BP",1
"GO:0032233",1,1,6,6,"positive regulation of actin filament bundle assembly","BP",1
"GO:0032238",1,1,1,1,"adenosine transport","BP",1
"GO:0032259",1,1,21,21,"methylation","BP",1
"GO:0032261",1,1,2,2,"purine nucleotide salvage","BP",1
"GO:0032263",1,1,1,1,"GMP salvage","BP",1
"GO:0032264",1,1,1,1,"IMP salvage","BP",1
"GO:0032271",1,1,14,14,"regulation of protein polymerization","BP",1
"GO:0032272",1,1,3,3,"negative regulation of protein polymerization","BP",1
"GO:0032273",1,1,3,3,"positive regulation of protein polymerization","BP",1
"GO:0032274",1,1,1,1,"gonadotropin secretion","BP",1
"GO:0032287",1,1,1,1,"peripheral nervous system myelin maintenance","BP",1
"GO:0032288",1,1,1,1,"myelin assembly","BP",1
"GO:0032289",1,1,1,1,"central nervous system myelin formation","BP",1
"GO:0032291",1,1,2,2,"axon ensheathment in central nervous system","BP",1
"GO:0032292",1,1,1,1,"peripheral nervous system axon ensheathment","BP",1
"GO:0032303",1,1,2,2,"regulation of icosanoid secretion","BP",1
"GO:0032305",1,1,1,1,"positive regulation of icosanoid secretion","BP",1
"GO:0032306",1,1,1,1,"regulation of prostaglandin secretion","BP",1
"GO:0032308",1,1,1,1,"positive regulation of prostaglandin secretion","BP",1
"GO:0032309",1,1,2,2,"icosanoid secretion","BP",1
"GO:0032310",1,1,1,1,"prostaglandin secretion","BP",1
"GO:0032324",1,1,1,1,"molybdopterin cofactor biosynthetic process","BP",1
"GO:0032330",1,1,2,2,"regulation of chondrocyte differentiation","BP",1
"GO:0032331",1,1,1,1,"negative regulation of chondrocyte differentiation","BP",1
"GO:0032332",1,1,1,1,"positive regulation of chondrocyte differentiation","BP",1
"GO:0032341",1,1,1,1,"aldosterone metabolic process","BP",1
"GO:0032342",1,1,1,1,"aldosterone biosynthetic process","BP",1
"GO:0032350",1,1,3,3,"regulation of hormone metabolic process","BP",1
"GO:0032355",1,1,10,10,"response to estradiol","BP",1
"GO:0032365",1,1,5,5,"intracellular lipid transport","BP",1
"GO:0032366",1,1,5,5,"intracellular sterol transport","BP",1
"GO:0032367",1,1,5,5,"intracellular cholesterol transport","BP",1
"GO:0032368",1,1,10,10,"regulation of lipid transport","BP",1
"GO:0032369",1,1,2,2,"negative regulation of lipid transport","BP",1
"GO:0032370",1,1,7,7,"positive regulation of lipid transport","BP",1
"GO:0032371",1,1,6,6,"regulation of sterol transport","BP",1
"GO:0032372",1,1,1,1,"negative regulation of sterol transport","BP",1
"GO:0032373",1,1,5,5,"positive regulation of sterol transport","BP",1
"GO:0032374",1,1,6,6,"regulation of cholesterol transport","BP",1
"GO:0032375",1,1,1,1,"negative regulation of cholesterol transport","BP",1
"GO:0032376",1,1,5,5,"positive regulation of cholesterol transport","BP",1
"GO:0032377",1,1,2,2,"regulation of intracellular lipid transport","BP",1
"GO:0032378",1,1,1,1,"negative regulation of intracellular lipid transport","BP",1
"GO:0032379",1,1,1,1,"positive regulation of intracellular lipid transport","BP",1
"GO:0032380",1,1,2,2,"regulation of intracellular sterol transport","BP",1
"GO:0032381",1,1,1,1,"negative regulation of intracellular sterol transport","BP",1
"GO:0032382",1,1,1,1,"positive regulation of intracellular sterol transport","BP",1
"GO:0032383",1,1,2,2,"regulation of intracellular cholesterol transport","BP",1
"GO:0032384",1,1,1,1,"negative regulation of intracellular cholesterol transport","BP",1
"GO:0032385",1,1,1,1,"positive regulation of intracellular cholesterol transport","BP",1
"GO:0032386",1,1,15,15,"regulation of intracellular transport","BP",1
"GO:0032387",1,1,2,2,"negative regulation of intracellular transport","BP",1
"GO:0032388",1,1,9,9,"positive regulation of intracellular transport","BP",1
"GO:0032392",1,1,6,6,"DNA geometric change","BP",1
"GO:0032409",1,1,6,6,"regulation of transporter activity","BP",1
"GO:0032410",1,1,1,1,"negative regulation of transporter activity","BP",1
"GO:0032411",1,1,4,4,"positive regulation of transporter activity","BP",1
"GO:0032412",1,1,5,5,"regulation of monoatomic ion transmembrane transporter activity","BP",1
"GO:0032413",1,1,1,1,"negative regulation of ion transmembrane transporter activity","BP",1
"GO:0032414",1,1,3,3,"positive regulation of ion transmembrane transporter activity","BP",1
"GO:0032418",1,1,9,9,"lysosome localization","BP",1
"GO:0032429",1,1,1,1,"regulation of phospholipase A2 activity","BP",1
"GO:0032434",1,1,10,10,"regulation of proteasomal ubiquitin-dependent protein catabolic process","BP",1
"GO:0032435",1,1,1,1,"negative regulation of proteasomal ubiquitin-dependent protein catabolic process","BP",1
"GO:0032436",1,1,9,9,"positive regulation of proteasomal ubiquitin-dependent protein catabolic process","BP",1
"GO:0032438",1,1,2,2,"melanosome organization","BP",1
"GO:0032446",1,1,37,37,"protein modification by small protein conjugation","BP",1
"GO:0032447",1,1,1,1,"protein urmylation","BP",1
"GO:0032456",1,1,5,5,"endocytic recycling","BP",1
"GO:0032459",1,1,1,1,"regulation of protein oligomerization","BP",1
"GO:0032461",1,1,1,1,"positive regulation of protein oligomerization","BP",1
"GO:0032465",1,1,4,4,"regulation of cytokinesis","BP",1
"GO:0032467",1,1,1,1,"positive regulation of cytokinesis","BP",1
"GO:0032469",1,1,1,1,"endoplasmic reticulum calcium ion homeostasis","BP",1
"GO:0032470",1,1,1,1,"positive regulation of endoplasmic reticulum calcium ion concentration","BP",1
"GO:0032479",1,1,11,11,"regulation of type I interferon production","BP",1
"GO:0032480",1,1,7,7,"negative regulation of type I interferon production","BP",1
"GO:0032481",1,1,5,5,"positive regulation of type I interferon production","BP",1
"GO:0032482",1,1,3,3,"Rab protein signal transduction","BP",1
"GO:0032483",1,1,1,1,"regulation of Rab protein signal transduction","BP",1
"GO:0032495",1,1,2,2,"response to muramyl dipeptide","BP",1
"GO:0032496",1,1,27,27,"response to lipopolysaccharide","BP",1
"GO:0032501",1,1,308,308,"multicellular organismal process","BP",1
"GO:0032502",1,1,277,277,"developmental process","BP",1
"GO:0032504",1,1,33,33,"multicellular organism reproduction","BP",1
"GO:0032506",1,1,2,2,"cytokinetic process","BP",1
"GO:0032507",1,1,4,4,"maintenance of protein location in cell","BP",1
"GO:0032508",1,1,6,6,"DNA duplex unwinding","BP",1
"GO:0032509",1,1,2,2,"endosome transport via multivesicular body sorting pathway","BP",1
"GO:0032510",1,1,1,1,"endosome to lysosome transport via multivesicular body sorting pathway","BP",1
"GO:0032511",1,1,1,1,"late endosome to vacuole transport via multivesicular body sorting pathway","BP",1
"GO:0032515",1,1,1,1,"negative regulation of phosphoprotein phosphatase activity","BP",1
"GO:0032516",1,1,1,1,"positive regulation of phosphoprotein phosphatase activity","BP",1
"GO:0032526",1,1,5,5,"response to retinoic acid","BP",1
"GO:0032527",1,1,3,3,"protein exit from endoplasmic reticulum","BP",1
"GO:0032528",1,1,2,2,"microvillus organization","BP",1
"GO:0032530",1,1,2,2,"regulation of microvillus organization","BP",1
"GO:0032534",1,1,2,2,"regulation of microvillus assembly","BP",1
"GO:0032535",1,1,21,21,"regulation of cellular component size","BP",1
"GO:0032543",1,1,4,4,"mitochondrial translation","BP",1
"GO:0032570",1,1,4,4,"response to progesterone","BP",1
"GO:0032594",1,1,1,1,"protein transport within lipid bilayer","BP",1
"GO:0032596",1,1,1,1,"protein transport into membrane raft","BP",1
"GO:0032602",1,1,6,6,"chemokine production","BP",1
"GO:0032604",1,1,2,2,"granulocyte macrophage colony-stimulating factor production","BP",1
"GO:0032606",1,1,11,11,"type I interferon production","BP",1
"GO:0032607",1,1,1,1,"interferon-alpha production","BP",1
"GO:0032608",1,1,6,6,"interferon-beta production","BP",1
"GO:0032609",1,1,10,10,"type II interferon production","BP",1
"GO:0032610",1,1,1,1,"interleukin-1 alpha production","BP",1
"GO:0032611",1,1,3,3,"interleukin-1 beta production","BP",1
"GO:0032612",1,1,4,4,"interleukin-1 production","BP",1
"GO:0032613",1,1,5,5,"interleukin-10 production","BP",1
"GO:0032615",1,1,6,6,"interleukin-12 production","BP",1
"GO:0032616",1,1,2,2,"interleukin-13 production","BP",1
"GO:0032620",1,1,3,3,"interleukin-17 production","BP",1
"GO:0032621",1,1,1,1,"interleukin-18 production","BP",1
"GO:0032623",1,1,2,2,"interleukin-2 production","BP",1
"GO:0032632",1,1,1,1,"interleukin-3 production","BP",1
"GO:0032633",1,1,5,5,"interleukin-4 production","BP",1
"GO:0032634",1,1,1,1,"interleukin-5 production","BP",1
"GO:0032635",1,1,11,11,"interleukin-6 production","BP",1
"GO:0032637",1,1,5,5,"interleukin-8 production","BP",1
"GO:0032640",1,1,12,12,"tumor necrosis factor production","BP",1
"GO:0032642",1,1,6,6,"regulation of chemokine production","BP",1
"GO:0032645",1,1,2,2,"regulation of granulocyte macrophage colony-stimulating factor production","BP",1
"GO:0032647",1,1,1,1,"regulation of interferon-alpha production","BP",1
"GO:0032648",1,1,6,6,"regulation of interferon-beta production","BP",1
"GO:0032649",1,1,10,10,"regulation of type II interferon production","BP",1
"GO:0032650",1,1,1,1,"regulation of interleukin-1 alpha production","BP",1
"GO:0032651",1,1,3,3,"regulation of interleukin-1 beta production","BP",1
"GO:0032652",1,1,4,4,"regulation of interleukin-1 production","BP",1
"GO:0032653",1,1,5,5,"regulation of interleukin-10 production","BP",1
"GO:0032655",1,1,6,6,"regulation of interleukin-12 production","BP",1
"GO:0032656",1,1,2,2,"regulation of interleukin-13 production","BP",1
"GO:0032660",1,1,3,3,"regulation of interleukin-17 production","BP",1
"GO:0032661",1,1,1,1,"regulation of interleukin-18 production","BP",1
"GO:0032663",1,1,2,2,"regulation of interleukin-2 production","BP",1
"GO:0032672",1,1,1,1,"regulation of interleukin-3 production","BP",1
"GO:0032673",1,1,5,5,"regulation of interleukin-4 production","BP",1
"GO:0032674",1,1,1,1,"regulation of interleukin-5 production","BP",1
"GO:0032675",1,1,11,11,"regulation of interleukin-6 production","BP",1
"GO:0032677",1,1,5,5,"regulation of interleukin-8 production","BP",1
"GO:0032680",1,1,12,12,"regulation of tumor necrosis factor production","BP",1
"GO:0032682",1,1,3,3,"negative regulation of chemokine production","BP",1
"GO:0032685",1,1,1,1,"negative regulation of granulocyte macrophage colony-stimulating factor production","BP",1
"GO:0032687",1,1,1,1,"negative regulation of interferon-alpha production","BP",1
"GO:0032688",1,1,3,3,"negative regulation of interferon-beta production","BP",1
"GO:0032689",1,1,4,4,"negative regulation of type II interferon production","BP",1
"GO:0032691",1,1,2,2,"negative regulation of interleukin-1 beta production","BP",1
"GO:0032692",1,1,2,2,"negative regulation of interleukin-1 production","BP",1
"GO:0032695",1,1,1,1,"negative regulation of interleukin-12 production","BP",1
"GO:0032700",1,1,2,2,"negative regulation of interleukin-17 production","BP",1
"GO:0032701",1,1,1,1,"negative regulation of interleukin-18 production","BP",1
"GO:0032703",1,1,1,1,"negative regulation of interleukin-2 production","BP",1
"GO:0032713",1,1,1,1,"negative regulation of interleukin-4 production","BP",1
"GO:0032715",1,1,6,6,"negative regulation of interleukin-6 production","BP",1
"GO:0032717",1,1,2,2,"negative regulation of interleukin-8 production","BP",1
"GO:0032720",1,1,5,5,"negative regulation of tumor necrosis factor production","BP",1
"GO:0032722",1,1,5,5,"positive regulation of chemokine production","BP",1
"GO:0032725",1,1,1,1,"positive regulation of granulocyte macrophage colony-stimulating factor production","BP",1
"GO:0032728",1,1,3,3,"positive regulation of interferon-beta production","BP",1
"GO:0032729",1,1,7,7,"positive regulation of type II interferon production","BP",1
"GO:0032730",1,1,1,1,"positive regulation of interleukin-1 alpha production","BP",1
"GO:0032731",1,1,1,1,"positive regulation of interleukin-1 beta production","BP",1
"GO:0032732",1,1,2,2,"positive regulation of interleukin-1 production","BP",1
"GO:0032733",1,1,5,5,"positive regulation of interleukin-10 production","BP",1
"GO:0032735",1,1,5,5,"positive regulation of interleukin-12 production","BP",1
"GO:0032736",1,1,2,2,"positive regulation of interleukin-13 production","BP",1
"GO:0032740",1,1,1,1,"positive regulation of interleukin-17 production","BP",1
"GO:0032743",1,1,1,1,"positive regulation of interleukin-2 production","BP",1
"GO:0032752",1,1,1,1,"positive regulation of interleukin-3 production","BP",1
"GO:0032753",1,1,4,4,"positive regulation of interleukin-4 production","BP",1
"GO:0032754",1,1,1,1,"positive regulation of interleukin-5 production","BP",1
"GO:0032755",1,1,5,5,"positive regulation of interleukin-6 production","BP",1
"GO:0032757",1,1,4,4,"positive regulation of interleukin-8 production","BP",1
"GO:0032760",1,1,7,7,"positive regulation of tumor necrosis factor production","BP",1
"GO:0032762",1,1,2,2,"mast cell cytokine production","BP",1
"GO:0032763",1,1,2,2,"regulation of mast cell cytokine production","BP",1
"GO:0032765",1,1,2,2,"positive regulation of mast cell cytokine production","BP",1
"GO:0032768",1,1,1,1,"regulation of monooxygenase activity","BP",1
"GO:0032770",1,1,1,1,"positive regulation of monooxygenase activity","BP",1
"GO:0032774",1,1,192,192,"RNA biosynthetic process","BP",1
"GO:0032780",1,1,1,1,"negative regulation of ATP-dependent activity","BP",1
"GO:0032781",1,1,2,2,"positive regulation of ATP-dependent activity","BP",1
"GO:0032784",1,1,8,8,"regulation of DNA-templated transcription elongation","BP",1
"GO:0032785",1,1,3,3,"negative regulation of DNA-templated transcription, elongation","BP",1
"GO:0032786",1,1,1,1,"positive regulation of DNA-templated transcription, elongation","BP",1
"GO:0032787",1,1,45,45,"monocarboxylic acid metabolic process","BP",1
"GO:0032790",1,1,1,1,"ribosome disassembly","BP",1
"GO:0032792",1,1,1,1,"negative regulation of CREB transcription factor activity","BP",1
"GO:0032793",1,1,2,2,"positive regulation of CREB transcription factor activity","BP",1
"GO:0032796",1,1,1,1,"uropod organization","BP",1
"GO:0032799",1,1,2,2,"low-density lipoprotein receptor particle metabolic process","BP",1
"GO:0032801",1,1,2,2,"receptor catabolic process","BP",1
"GO:0032802",1,1,2,2,"low-density lipoprotein particle receptor catabolic process","BP",1
"GO:0032803",1,1,2,2,"regulation of low-density lipoprotein particle receptor catabolic process","BP",1
"GO:0032804",1,1,1,1,"negative regulation of low-density lipoprotein particle receptor catabolic process","BP",1
"GO:0032805",1,1,1,1,"positive regulation of low-density lipoprotein particle receptor catabolic process","BP",1
"GO:0032808",1,1,1,1,"lacrimal gland development","BP",1
"GO:0032814",1,1,1,1,"regulation of natural killer cell activation","BP",1
"GO:0032815",1,1,1,1,"negative regulation of natural killer cell activation","BP",1
"GO:0032829",1,1,2,2,"regulation of CD4-positive, CD25-positive, alpha-beta regulatory T cell differentiation","BP",1
"GO:0032831",1,1,2,2,"positive regulation of CD4-positive, CD25-positive, alpha-beta regulatory T cell differentiation","BP",1
"GO:0032832",1,1,1,1,"regulation of CD4-positive, CD25-positive, alpha-beta regulatory T cell differentiation involved in immune response","BP",1
"GO:0032834",1,1,1,1,"positive regulation of CD4-positive, CD25-positive, alpha-beta regulatory T cell differentiation involved in immune response","BP",1
"GO:0032835",1,1,2,2,"glomerulus development","BP",1
"GO:0032868",1,1,12,12,"response to insulin","BP",1
"GO:0032869",1,1,9,9,"cellular response to insulin stimulus","BP",1
"GO:0032870",1,1,27,27,"cellular response to hormone stimulus","BP",1
"GO:0032872",1,1,11,11,"regulation of stress-activated MAPK cascade","BP",1
"GO:0032873",1,1,6,6,"negative regulation of stress-activated MAPK cascade","BP",1
"GO:0032874",1,1,5,5,"positive regulation of stress-activated MAPK cascade","BP",1
"GO:0032878",1,1,2,2,"regulation of establishment or maintenance of cell polarity","BP",1
"GO:0032879",1,1,100,100,"regulation of localization","BP",1
"GO:0032880",1,1,49,49,"regulation of protein localization","BP",1
"GO:0032881",1,1,2,2,"regulation of polysaccharide metabolic process","BP",1
"GO:0032885",1,1,2,2,"regulation of polysaccharide biosynthetic process","BP",1
"GO:0032886",1,1,12,12,"regulation of microtubule-based process","BP",1
"GO:0032890",1,1,4,4,"regulation of organic acid transport","BP",1
"GO:0032891",1,1,1,1,"negative regulation of organic acid transport","BP",1
"GO:0032892",1,1,1,1,"positive regulation of organic acid transport","BP",1
"GO:0032917",1,1,1,1,"polyamine acetylation","BP",1
"GO:0032918",1,1,1,1,"spermidine acetylation","BP",1
"GO:0032919",1,1,1,1,"spermine acetylation","BP",1
"GO:0032920",1,1,1,1,"putrescine acetylation","BP",1
"GO:0032922",1,1,6,6,"circadian regulation of gene expression","BP",1
"GO:0032924",1,1,2,2,"activin receptor signaling pathway","BP",1
"GO:0032925",1,1,2,2,"regulation of activin receptor signaling pathway","BP",1
"GO:0032926",1,1,2,2,"negative regulation of activin receptor signaling pathway","BP",1
"GO:0032928",1,1,2,2,"regulation of superoxide anion generation","BP",1
"GO:0032930",1,1,2,2,"positive regulation of superoxide anion generation","BP",1
"GO:0032933",1,1,1,1,"SREBP signaling pathway","BP",1
"GO:0032940",1,1,49,49,"secretion by cell","BP",1
"GO:0032941",1,1,1,1,"secretion by tissue","BP",1
"GO:0032943",1,1,17,17,"mononuclear cell proliferation","BP",1
"GO:0032944",1,1,14,14,"regulation of mononuclear cell proliferation","BP",1
"GO:0032945",1,1,3,3,"negative regulation of mononuclear cell proliferation","BP",1
"GO:0032946",1,1,12,12,"positive regulation of mononuclear cell proliferation","BP",1
"GO:0032956",1,1,22,22,"regulation of actin cytoskeleton organization","BP",1
"GO:0032957",1,1,1,1,"inositol trisphosphate metabolic process","BP",1
"GO:0032958",1,1,2,2,"inositol phosphate biosynthetic process","BP",1
"GO:0032959",1,1,1,1,"inositol trisphosphate biosynthetic process","BP",1
"GO:0032960",1,1,1,1,"regulation of inositol trisphosphate biosynthetic process","BP",1
"GO:0032963",1,1,3,3,"collagen metabolic process","BP",1
"GO:0032964",1,1,2,2,"collagen biosynthetic process","BP",1
"GO:0032965",1,1,2,2,"regulation of collagen biosynthetic process","BP",1
"GO:0032967",1,1,2,2,"positive regulation of collagen biosynthetic process","BP",1
"GO:0032970",1,1,22,22,"regulation of actin filament-based process","BP",1
"GO:0032981",1,1,7,7,"mitochondrial respiratory chain complex I assembly","BP",1
"GO:0032984",1,1,17,17,"protein-containing complex disassembly","BP",1
"GO:0032986",1,1,2,2,"protein-DNA complex disassembly","BP",1
"GO:0032989",1,1,35,35,"cellular component morphogenesis","BP",1
"GO:0032990",1,1,32,32,"cell part morphogenesis","BP",1
"GO:0033002",1,1,12,12,"muscle cell proliferation","BP",1
"GO:0033003",1,1,6,6,"regulation of mast cell activation","BP",1
"GO:0033004",1,1,2,2,"negative regulation of mast cell activation","BP",1
"GO:0033005",1,1,2,2,"positive regulation of mast cell activation","BP",1
"GO:0033006",1,1,5,5,"regulation of mast cell activation involved in immune response","BP",1
"GO:0033007",1,1,2,2,"negative regulation of mast cell activation involved in immune response","BP",1
"GO:0033008",1,1,1,1,"positive regulation of mast cell activation involved in immune response","BP",1
"GO:0033013",1,1,2,2,"tetrapyrrole metabolic process","BP",1
"GO:0033015",1,1,1,1,"tetrapyrrole catabolic process","BP",1
"GO:0033028",1,1,5,5,"myeloid cell apoptotic process","BP",1
"GO:0033029",1,1,2,2,"regulation of neutrophil apoptotic process","BP",1
"GO:0033031",1,1,1,1,"positive regulation of neutrophil apoptotic process","BP",1
"GO:0033032",1,1,5,5,"regulation of myeloid cell apoptotic process","BP",1
"GO:0033033",1,1,2,2,"negative regulation of myeloid cell apoptotic process","BP",1
"GO:0033034",1,1,2,2,"positive regulation of myeloid cell apoptotic process","BP",1
"GO:0033036",1,1,153,153,"macromolecule localization","BP",1
"GO:0033043",1,1,63,63,"regulation of organelle organization","BP",1
"GO:0033044",1,1,16,16,"regulation of chromosome organization","BP",1
"GO:0033045",1,1,9,9,"regulation of sister chromatid segregation","BP",1
"GO:0033046",1,1,7,7,"negative regulation of sister chromatid segregation","BP",1
"GO:0033047",1,1,7,7,"regulation of mitotic sister chromatid segregation","BP",1
"GO:0033048",1,1,7,7,"negative regulation of mitotic sister chromatid segregation","BP",1
"GO:0033059",1,1,2,2,"cellular pigmentation","BP",1
"GO:0033077",1,1,4,4,"T cell differentiation in thymus","BP",1
"GO:0033081",1,1,2,2,"regulation of T cell differentiation in thymus","BP",1
"GO:0033085",1,1,1,1,"negative regulation of T cell differentiation in thymus","BP",1
"GO:0033089",1,1,1,1,"positive regulation of T cell differentiation in thymus","BP",1
"GO:0033108",1,1,7,7,"mitochondrial respiratory chain complex assembly","BP",1
"GO:0033119",1,1,2,2,"negative regulation of RNA splicing","BP",1
"GO:0033120",1,1,3,3,"positive regulation of RNA splicing","BP",1
"GO:0033131",1,1,1,1,"regulation of glucokinase activity","BP",1
"GO:0033133",1,1,1,1,"positive regulation of glucokinase activity","BP",1
"GO:0033135",1,1,4,4,"regulation of peptidyl-serine phosphorylation","BP",1
"GO:0033137",1,1,1,1,"negative regulation of peptidyl-serine phosphorylation","BP",1
"GO:0033138",1,1,3,3,"positive regulation of peptidyl-serine phosphorylation","BP",1
"GO:0033143",1,1,3,3,"regulation of intracellular steroid hormone receptor signaling pathway","BP",1
"GO:0033144",1,1,1,1,"negative regulation of intracellular steroid hormone receptor signaling pathway","BP",1
"GO:0033146",1,1,2,2,"regulation of intracellular estrogen receptor signaling pathway","BP",1
"GO:0033147",1,1,1,1,"negative regulation of intracellular estrogen receptor signaling pathway","BP",1
"GO:0033151",1,1,1,1,"V(D)J recombination","BP",1
"GO:0033157",1,1,12,12,"regulation of intracellular protein transport","BP",1
"GO:0033173",1,1,2,2,"calcineurin-NFAT signaling cascade","BP",1
"GO:0033189",1,1,3,3,"response to vitamin A","BP",1
"GO:0033194",1,1,2,2,"response to hydroperoxide","BP",1
"GO:0033198",1,1,3,3,"response to ATP","BP",1
"GO:0033209",1,1,8,8,"tumor necrosis factor-mediated signaling pathway","BP",1
"GO:0033210",1,1,1,1,"leptin-mediated signaling pathway","BP",1
"GO:0033227",1,1,1,1,"dsRNA transport","BP",1
"GO:0033238",1,1,3,3,"regulation of amine metabolic process","BP",1
"GO:0033239",1,1,2,2,"negative regulation of amine metabolic process","BP",1
"GO:0033260",1,1,4,4,"nuclear DNA replication","BP",1
"GO:0033262",1,1,2,2,"regulation of nuclear cell cycle DNA replication","BP",1
"GO:0033273",1,1,4,4,"response to vitamin","BP",1
"GO:0033280",1,1,1,1,"response to vitamin D","BP",1
"GO:0033313",1,1,1,1,"meiotic cell cycle checkpoint signaling","BP",1
"GO:0033314",1,1,1,1,"mitotic DNA replication checkpoint signaling","BP",1
"GO:0033344",1,1,5,5,"cholesterol efflux","BP",1
"GO:0033363",1,1,3,3,"secretory granule organization","BP",1
"GO:0033365",1,1,60,60,"protein localization to organelle","BP",1
"GO:0033383",1,1,1,1,"geranyl diphosphate metabolic process","BP",1
"GO:0033384",1,1,1,1,"geranyl diphosphate biosynthetic process","BP",1
"GO:0033489",1,1,1,1,"cholesterol biosynthetic process via desmosterol","BP",1
"GO:0033490",1,1,1,1,"cholesterol biosynthetic process via lathosterol","BP",1
"GO:0033499",1,1,1,1,"galactose catabolic process via UDP-galactose","BP",1
"GO:0033500",1,1,13,13,"carbohydrate homeostasis","BP",1
"GO:0033540",1,1,1,1,"fatty acid beta-oxidation using acyl-CoA oxidase","BP",1
"GO:0033554",1,1,120,120,"cellular response to stress","BP",1
"GO:0033555",1,1,2,2,"multicellular organismal response to stress","BP",1
"GO:0033559",1,1,4,4,"unsaturated fatty acid metabolic process","BP",1
"GO:0033563",1,1,1,1,"dorsal/ventral axon guidance","BP",1
"GO:0033574",1,1,1,1,"response to testosterone","BP",1
"GO:0033598",1,1,2,2,"mammary gland epithelial cell proliferation","BP",1
"GO:0033605",1,1,1,1,"positive regulation of catecholamine secretion","BP",1
"GO:0033615",1,1,1,1,"mitochondrial proton-transporting ATP synthase complex assembly","BP",1
"GO:0033619",1,1,2,2,"membrane protein proteolysis","BP",1
"GO:0033627",1,1,4,4,"cell adhesion mediated by integrin","BP",1
"GO:0033628",1,1,3,3,"regulation of cell adhesion mediated by integrin","BP",1
"GO:0033630",1,1,2,2,"positive regulation of cell adhesion mediated by integrin","BP",1
"GO:0033631",1,1,2,2,"cell-cell adhesion mediated by integrin","BP",1
"GO:0033632",1,1,2,2,"regulation of cell-cell adhesion mediated by integrin","BP",1
"GO:0033634",1,1,1,1,"positive regulation of cell-cell adhesion mediated by integrin","BP",1
"GO:0033673",1,1,18,18,"negative regulation of kinase activity","BP",1
"GO:0033674",1,1,18,18,"positive regulation of kinase activity","BP",1
"GO:0033687",1,1,1,1,"osteoblast proliferation","BP",1
"GO:0033700",1,1,1,1,"phospholipid efflux","BP",1
"GO:0033750",1,1,5,5,"ribosome localization","BP",1
"GO:0033865",1,1,10,10,"nucleoside bisphosphate metabolic process","BP",1
"GO:0033866",1,1,5,5,"nucleoside bisphosphate biosynthetic process","BP",1
"GO:0033869",1,1,1,1,"nucleoside bisphosphate catabolic process","BP",1
"GO:0033875",1,1,10,10,"ribonucleoside bisphosphate metabolic process","BP",1
"GO:0033993",1,1,56,56,"response to lipid","BP",1
"GO:0034030",1,1,5,5,"ribonucleoside bisphosphate biosynthetic process","BP",1
"GO:0034031",1,1,1,1,"ribonucleoside bisphosphate catabolic process","BP",1
"GO:0034032",1,1,10,10,"purine nucleoside bisphosphate metabolic process","BP",1
"GO:0034033",1,1,5,5,"purine nucleoside bisphosphate biosynthetic process","BP",1
"GO:0034034",1,1,1,1,"purine nucleoside bisphosphate catabolic process","BP",1
"GO:0034035",1,1,1,1,"purine ribonucleoside bisphosphate metabolic process","BP",1
"GO:0034058",1,1,1,1,"endosomal vesicle fusion","BP",1
"GO:0034067",1,1,1,1,"protein localization to Golgi apparatus","BP",1
"GO:0034085",1,1,1,1,"establishment of sister chromatid cohesion","BP",1
"GO:0034087",1,1,1,1,"establishment of mitotic sister chromatid cohesion","BP",1
"GO:0034097",1,1,61,61,"response to cytokine","BP",1
"GO:0034101",1,1,6,6,"erythrocyte homeostasis","BP",1
"GO:0034103",1,1,4,4,"regulation of tissue remodeling","BP",1
"GO:0034104",1,1,3,3,"negative regulation of tissue remodeling","BP",1
"GO:0034109",1,1,4,4,"homotypic cell-cell adhesion","BP",1
"GO:0034110",1,1,2,2,"regulation of homotypic cell-cell adhesion","BP",1
"GO:0034111",1,1,1,1,"negative regulation of homotypic cell-cell adhesion","BP",1
"GO:0034113",1,1,2,2,"heterotypic cell-cell adhesion","BP",1
"GO:0034121",1,1,1,1,"regulation of toll-like receptor signaling pathway","BP",1
"GO:0034122",1,1,1,1,"negative regulation of toll-like receptor signaling pathway","BP",1
"GO:0034138",1,1,1,1,"toll-like receptor 3 signaling pathway","BP",1
"GO:0034142",1,1,4,4,"toll-like receptor 4 signaling pathway","BP",1
"GO:0034143",1,1,2,2,"regulation of toll-like receptor 4 signaling pathway","BP",1
"GO:0034144",1,1,2,2,"negative regulation of toll-like receptor 4 signaling pathway","BP",1
"GO:0034154",1,1,1,1,"toll-like receptor 7 signaling pathway","BP",1
"GO:0034155",1,1,1,1,"regulation of toll-like receptor 7 signaling pathway","BP",1
"GO:0034157",1,1,1,1,"positive regulation of toll-like receptor 7 signaling pathway","BP",1
"GO:0034162",1,1,1,1,"toll-like receptor 9 signaling pathway","BP",1
"GO:0034163",1,1,1,1,"regulation of toll-like receptor 9 signaling pathway","BP",1
"GO:0034165",1,1,1,1,"positive regulation of toll-like receptor 9 signaling pathway","BP",1
"GO:0034198",1,1,4,4,"cellular response to amino acid starvation","BP",1
"GO:0034204",1,1,5,5,"lipid translocation","BP",1
"GO:0034205",1,1,3,3,"amyloid-beta formation","BP",1
"GO:0034219",1,1,8,8,"carbohydrate transmembrane transport","BP",1
"GO:0034220",1,1,36,36,"monoatomic ion transmembrane transport","BP",1
"GO:0034224",1,1,1,1,"cellular response to zinc ion starvation","BP",1
"GO:0034227",1,1,1,1,"tRNA thio-modification","BP",1
"GO:0034229",1,1,1,1,"ethanolamine transport","BP",1
"GO:0034243",1,1,5,5,"regulation of transcription elongation by RNA polymerase II","BP",1
"GO:0034244",1,1,2,2,"negative regulation of transcription elongation by RNA polymerase II","BP",1
"GO:0034248",1,1,27,27,"regulation of amide metabolic process","BP",1
"GO:0034249",1,1,7,7,"negative regulation of amide metabolic process","BP",1
"GO:0034250",1,1,8,8,"positive regulation of amide metabolic process","BP",1
"GO:0034260",1,1,3,3,"negative regulation of GTPase activity","BP",1
"GO:0034284",1,1,11,11,"response to monosaccharide","BP",1
"GO:0034308",1,1,4,4,"primary alcohol metabolic process","BP",1
"GO:0034309",1,1,2,2,"primary alcohol biosynthetic process","BP",1
"GO:0034311",1,1,1,1,"diol metabolic process","BP",1
"GO:0034312",1,1,1,1,"diol biosynthetic process","BP",1
"GO:0034314",1,1,3,3,"Arp2/3 complex-mediated actin nucleation","BP",1
"GO:0034315",1,1,2,2,"regulation of Arp2/3 complex-mediated actin nucleation","BP",1
"GO:0034316",1,1,1,1,"negative regulation of Arp2/3 complex-mediated actin nucleation","BP",1
"GO:0034329",1,1,21,21,"cell junction assembly","BP",1
"GO:0034330",1,1,35,35,"cell junction organization","BP",1
"GO:0034332",1,1,2,2,"adherens junction organization","BP",1
"GO:0034333",1,1,2,2,"adherens junction assembly","BP",1
"GO:0034340",1,1,6,6,"response to type I interferon","BP",1
"GO:0034341",1,1,8,8,"response to type II interferon","BP",1
"GO:0034367",1,1,1,1,"protein-containing complex remodeling","BP",1
"GO:0034368",1,1,1,1,"protein-lipid complex remodeling","BP",1
"GO:0034369",1,1,1,1,"plasma lipoprotein particle remodeling","BP",1
"GO:0034374",1,1,1,1,"low-density lipoprotein particle remodeling","BP",1
"GO:0034375",1,1,1,1,"high-density lipoprotein particle remodeling","BP",1
"GO:0034381",1,1,1,1,"plasma lipoprotein particle clearance","BP",1
"GO:0034383",1,1,1,1,"low-density lipoprotein particle clearance","BP",1
"GO:0034390",1,1,1,1,"smooth muscle cell apoptotic process","BP",1
"GO:0034391",1,1,1,1,"regulation of smooth muscle cell apoptotic process","BP",1
"GO:0034392",1,1,1,1,"negative regulation of smooth muscle cell apoptotic process","BP",1
"GO:0034394",1,1,4,4,"protein localization to cell surface","BP",1
"GO:0034404",1,1,3,3,"nucleobase-containing small molecule biosynthetic process","BP",1
"GO:0034405",1,1,3,3,"response to fluid shear stress","BP",1
"GO:0034436",1,1,1,1,"glycoprotein transport","BP",1
"GO:0034440",1,1,4,4,"lipid oxidation","BP",1
"GO:0034446",1,1,8,8,"substrate adhesion-dependent cell spreading","BP",1
"GO:0034470",1,1,44,44,"ncRNA processing","BP",1
"GO:0034471",1,1,2,2,"ncRNA 5'-end processing","BP",1
"GO:0034472",1,1,1,1,"snRNA 3'-end processing","BP",1
"GO:0034502",1,1,7,7,"protein localization to chromosome","BP",1
"GO:0034504",1,1,20,20,"protein localization to nucleus","BP",1
"GO:0034508",1,1,1,1,"centromere complex assembly","BP",1
"GO:0034587",1,1,1,1,"piRNA processing","BP",1
"GO:0034599",1,1,9,9,"cellular response to oxidative stress","BP",1
"GO:0034605",1,1,5,5,"cellular response to heat","BP",1
"GO:0034612",1,1,15,15,"response to tumor necrosis factor","BP",1
"GO:0034614",1,1,5,5,"cellular response to reactive oxygen species","BP",1
"GO:0034616",1,1,2,2,"response to laminar fluid shear stress","BP",1
"GO:0034620",1,1,6,6,"cellular response to unfolded protein","BP",1
"GO:0034635",1,1,1,1,"glutathione transport","BP",1
"GO:0034641",1,1,350,350,"cellular nitrogen compound metabolic process","BP",1
"GO:0034643",1,1,1,1,"establishment of mitochondrion localization, microtubule-mediated","BP",1
"GO:0034644",1,1,10,10,"cellular response to UV","BP",1
"GO:0034650",1,1,2,2,"cortisol metabolic process","BP",1
"GO:0034651",1,1,2,2,"cortisol biosynthetic process","BP",1
"GO:0034654",1,1,223,223,"nucleobase-containing compound biosynthetic process","BP",1
"GO:0034655",1,1,17,17,"nucleobase-containing compound catabolic process","BP",1
"GO:0034656",1,1,1,1,"nucleobase-containing small molecule catabolic process","BP",1
"GO:0034660",1,1,56,56,"ncRNA metabolic process","BP",1
"GO:0034661",1,1,3,3,"ncRNA catabolic process","BP",1
"GO:0034694",1,1,1,1,"response to prostaglandin","BP",1
"GO:0034695",1,1,1,1,"response to prostaglandin E","BP",1
"GO:0034728",1,1,9,9,"nucleosome organization","BP",1
"GO:0034755",1,1,1,1,"iron ion transmembrane transport","BP",1
"GO:0034762",1,1,17,17,"regulation of transmembrane transport","BP",1
"GO:0034763",1,1,2,2,"negative regulation of transmembrane transport","BP",1
"GO:0034764",1,1,7,7,"positive regulation of transmembrane transport","BP",1
"GO:0034765",1,1,10,10,"regulation of monoatomic ion transmembrane transport","BP",1
"GO:0034766",1,1,1,1,"negative regulation of monoatomic ion transmembrane transport","BP",1
"GO:0034767",1,1,3,3,"positive regulation of monoatomic ion transmembrane transport","BP",1
"GO:0034775",1,1,1,1,"glutathione transmembrane transport","BP",1
"GO:0034776",1,1,1,1,"response to histamine","BP",1
"GO:0034968",1,1,1,1,"histone lysine methylation","BP",1
"GO:0034976",1,1,9,9,"response to endoplasmic reticulum stress","BP",1
"GO:0034982",1,1,1,1,"mitochondrial protein processing","BP",1
"GO:0035019",1,1,3,3,"somatic stem cell population maintenance","BP",1
"GO:0035023",1,1,5,5,"regulation of Rho protein signal transduction","BP",1
"GO:0035024",1,1,2,2,"negative regulation of Rho protein signal transduction","BP",1
"GO:0035025",1,1,3,3,"positive regulation of Rho protein signal transduction","BP",1
"GO:0035036",1,1,3,3,"sperm-egg recognition","BP",1
"GO:0035050",1,1,1,1,"embryonic heart tube development","BP",1
"GO:0035051",1,1,2,2,"cardiocyte differentiation","BP",1
"GO:0035065",1,1,2,2,"regulation of histone acetylation","BP",1
"GO:0035066",1,1,1,1,"positive regulation of histone acetylation","BP",1
"GO:0035082",1,1,2,2,"axoneme assembly","BP",1
"GO:0035088",1,1,1,1,"establishment or maintenance of apical/basal cell polarity","BP",1
"GO:0035090",1,1,1,1,"maintenance of apical/basal cell polarity","BP",1
"GO:0035092",1,1,1,1,"sperm DNA condensation","BP",1
"GO:0035094",1,1,3,3,"response to nicotine","BP",1
"GO:0035107",1,1,5,5,"appendage morphogenesis","BP",1
"GO:0035108",1,1,5,5,"limb morphogenesis","BP",1
"GO:0035113",1,1,4,4,"embryonic appendage morphogenesis","BP",1
"GO:0035115",1,1,1,1,"embryonic forelimb morphogenesis","BP",1
"GO:0035136",1,1,2,2,"forelimb morphogenesis","BP",1
"GO:0035148",1,1,6,6,"tube formation","BP",1
"GO:0035150",1,1,2,2,"regulation of tube size","BP",1
"GO:0035162",1,1,2,2,"embryonic hemopoiesis","BP",1
"GO:0035176",1,1,2,2,"social behavior","BP",1
"GO:0035188",1,1,1,1,"hatching","BP",1
"GO:0035194",1,1,2,2,"regulatory ncRNA-mediated post-transcriptional gene silencing","BP",1
"GO:0035195",1,1,1,1,"miRNA-mediated post-transcriptional gene silencing","BP",1
"GO:0035196",1,1,3,3,"miRNA processing","BP",1
"GO:0035234",1,1,1,1,"ectopic germ cell programmed cell death","BP",1
"GO:0035235",1,1,1,1,"ionotropic glutamate receptor signaling pathway","BP",1
"GO:0035239",1,1,37,37,"tube morphogenesis","BP",1
"GO:0035249",1,1,2,2,"synaptic transmission, glutamatergic","BP",1
"GO:0035264",1,1,8,8,"multicellular organism growth","BP",1
"GO:0035265",1,1,7,7,"organ growth","BP",1
"GO:0035268",1,1,1,1,"protein mannosylation","BP",1
"GO:0035269",1,1,1,1,"protein O-linked mannosylation","BP",1
"GO:0035270",1,1,6,6,"endocrine system development","BP",1
"GO:0035272",1,1,2,2,"exocrine system development","BP",1
"GO:0035282",1,1,3,3,"segmentation","BP",1
"GO:0035295",1,1,49,49,"tube development","BP",1
"GO:0035296",1,1,2,2,"regulation of tube diameter","BP",1
"GO:0035303",1,1,3,3,"regulation of dephosphorylation","BP",1
"GO:0035304",1,1,2,2,"regulation of protein dephosphorylation","BP",1
"GO:0035305",1,1,1,1,"negative regulation of dephosphorylation","BP",1
"GO:0035306",1,1,2,2,"positive regulation of dephosphorylation","BP",1
"GO:0035307",1,1,2,2,"positive regulation of protein dephosphorylation","BP",1
"GO:0035308",1,1,1,1,"negative regulation of protein dephosphorylation","BP",1
"GO:0035313",1,1,1,1,"wound healing, spreading of epidermal cells","BP",1
"GO:0035315",1,1,1,1,"hair cell differentiation","BP",1
"GO:0035329",1,1,3,3,"hippo signaling","BP",1
"GO:0035330",1,1,1,1,"regulation of hippo signaling","BP",1
"GO:0035332",1,1,1,1,"positive regulation of hippo signaling","BP",1
"GO:0035335",1,1,4,4,"peptidyl-tyrosine dephosphorylation","BP",1
"GO:0035336",1,1,1,1,"long-chain fatty-acyl-CoA metabolic process","BP",1
"GO:0035337",1,1,3,3,"fatty-acyl-CoA metabolic process","BP",1
"GO:0035338",1,1,1,1,"long-chain fatty-acyl-CoA biosynthetic process","BP",1
"GO:0035340",1,1,1,1,"inosine transport","BP",1
"GO:0035344",1,1,1,1,"hypoxanthine transport","BP",1
"GO:0035357",1,1,1,1,"peroxisome proliferator activated receptor signaling pathway","BP",1
"GO:0035358",1,1,1,1,"regulation of peroxisome proliferator activated receptor signaling pathway","BP",1
"GO:0035360",1,1,1,1,"positive regulation of peroxisome proliferator activated receptor signaling pathway","BP",1
"GO:0035364",1,1,1,1,"thymine transport","BP",1
"GO:0035383",1,1,9,9,"thioester metabolic process","BP",1
"GO:0035384",1,1,5,5,"thioester biosynthetic process","BP",1
"GO:0035393",1,1,1,1,"chemokine (C-X-C motif) ligand 9 production","BP",1
"GO:0035394",1,1,1,1,"regulation of chemokine (C-X-C motif) ligand 9 production","BP",1
"GO:0035395",1,1,1,1,"negative regulation of chemokine (C-X-C motif) ligand 9 production","BP",1
"GO:0035397",1,1,1,1,"helper T cell enhancement of adaptive immune response","BP",1
"GO:0035418",1,1,2,2,"protein localization to synapse","BP",1
"GO:0035425",1,1,2,2,"autocrine signaling","BP",1
"GO:0035435",1,1,1,1,"phosphate ion transmembrane transport","BP",1
"GO:0035437",1,1,1,1,"maintenance of protein localization in endoplasmic reticulum","BP",1
"GO:0035442",1,1,1,1,"dipeptide transmembrane transport","BP",1
"GO:0035455",1,1,2,2,"response to interferon-alpha","BP",1
"GO:0035456",1,1,2,2,"response to interferon-beta","BP",1
"GO:0035459",1,1,2,2,"vesicle cargo loading","BP",1
"GO:0035493",1,1,1,1,"SNARE complex assembly","BP",1
"GO:0035510",1,1,3,3,"DNA dealkylation","BP",1
"GO:0035513",1,1,1,1,"oxidative RNA demethylation","BP",1
"GO:0035519",1,1,1,1,"protein K29-linked ubiquitination","BP",1
"GO:0035520",1,1,1,1,"monoubiquitinated protein deubiquitination","BP",1
"GO:0035542",1,1,1,1,"regulation of SNARE complex assembly","BP",1
"GO:0035552",1,1,1,1,"oxidative single-stranded DNA demethylation","BP",1
"GO:0035556",1,1,155,155,"intracellular signal transduction","BP",1
"GO:0035561",1,1,1,1,"regulation of chromatin binding","BP",1
"GO:0035563",1,1,1,1,"positive regulation of chromatin binding","BP",1
"GO:0035567",1,1,1,1,"non-canonical Wnt signaling pathway","BP",1
"GO:0035588",1,1,1,1,"G protein-coupled purinergic receptor signaling pathway","BP",1
"GO:0035589",1,1,1,1,"G protein-coupled purinergic nucleotide receptor signaling pathway","BP",1
"GO:0035590",1,1,2,2,"purinergic nucleotide receptor signaling pathway","BP",1
"GO:0035592",1,1,21,21,"establishment of protein localization to extracellular region","BP",1
"GO:0035601",1,1,1,1,"protein deacylation","BP",1
"GO:0035627",1,1,1,1,"ceramide transport","BP",1
"GO:0035633",1,1,2,2,"maintenance of blood-brain barrier","BP",1
"GO:0035652",1,1,1,1,"clathrin-coated vesicle cargo loading","BP",1
"GO:0035654",1,1,1,1,"clathrin-coated vesicle cargo loading, AP-3-mediated","BP",1
"GO:0035672",1,1,1,1,"oligopeptide transmembrane transport","BP",1
"GO:0035674",1,1,1,1,"tricarboxylic acid transmembrane transport","BP",1
"GO:0035694",1,1,1,1,"mitochondrial protein catabolic process","BP",1
"GO:0035696",1,1,1,1,"monocyte extravasation","BP",1
"GO:0035701",1,1,1,1,"hematopoietic stem cell migration","BP",1
"GO:0035710",1,1,11,11,"CD4-positive, alpha-beta T cell activation","BP",1
"GO:0035720",1,1,1,1,"intraciliary anterograde transport","BP",1
"GO:0035721",1,1,2,2,"intraciliary retrograde transport","BP",1
"GO:0035723",1,1,2,2,"interleukin-15-mediated signaling pathway","BP",1
"GO:0035725",1,1,5,5,"sodium ion transmembrane transport","BP",1
"GO:0035739",1,1,1,1,"CD4-positive, alpha-beta T cell proliferation","BP",1
"GO:0035743",1,1,1,1,"CD4-positive, alpha-beta T cell cytokine production","BP",1
"GO:0035745",1,1,1,1,"T-helper 2 cell cytokine production","BP",1
"GO:0035747",1,1,1,1,"natural killer cell chemotaxis","BP",1
"GO:0035751",1,1,3,3,"regulation of lysosomal lumen pH","BP",1
"GO:0035754",1,1,2,2,"B cell chemotaxis","BP",1
"GO:0035767",1,1,1,1,"endothelial cell chemotaxis","BP",1
"GO:0035771",1,1,1,1,"interleukin-4-mediated signaling pathway","BP",1
"GO:0035773",1,1,3,3,"insulin secretion involved in cellular response to glucose stimulus","BP",1
"GO:0035783",1,1,1,1,"CD4-positive, alpha-beta T cell costimulation","BP",1
"GO:0035791",1,1,1,1,"platelet-derived growth factor receptor-beta signaling pathway","BP",1
"GO:0035794",1,1,2,2,"positive regulation of mitochondrial membrane permeability","BP",1
"GO:0035795",1,1,3,3,"negative regulation of mitochondrial membrane permeability","BP",1
"GO:0035799",1,1,1,1,"ureter maturation","BP",1
"GO:0035821",1,1,1,1,"modulation of process of another organism","BP",1
"GO:0035822",1,1,1,1,"gene conversion","BP",1
"GO:0035825",1,1,5,5,"homologous recombination","BP",1
"GO:0035845",1,1,1,1,"photoreceptor cell outer segment organization","BP",1
"GO:0035850",1,1,1,1,"epithelial cell differentiation involved in kidney development","BP",1
"GO:0035855",1,1,3,3,"megakaryocyte development","BP",1
"GO:0035860",1,1,1,1,"glial cell-derived neurotrophic factor receptor signaling pathway","BP",1
"GO:0035864",1,1,1,1,"response to potassium ion","BP",1
"GO:0035865",1,1,1,1,"cellular response to potassium ion","BP",1
"GO:0035872",1,1,2,2,"nucleotide-binding domain, leucine rich repeat containing receptor signaling pathway","BP",1
"GO:0035873",1,1,2,2,"lactate transmembrane transport","BP",1
"GO:0035879",1,1,1,1,"plasma membrane lactate transport","BP",1
"GO:0035881",1,1,1,1,"amacrine cell differentiation","BP",1
"GO:0035883",1,1,2,2,"enteroendocrine cell differentiation","BP",1
"GO:0035886",1,1,3,3,"vascular associated smooth muscle cell differentiation","BP",1
"GO:0035887",1,1,1,1,"aortic smooth muscle cell differentiation","BP",1
"GO:0035891",1,1,1,1,"exit from host cell","BP",1
"GO:0035902",1,1,3,3,"response to immobilization stress","BP",1
"GO:0035904",1,1,6,6,"aorta development","BP",1
"GO:0035905",1,1,1,1,"ascending aorta development","BP",1
"GO:0035909",1,1,4,4,"aorta morphogenesis","BP",1
"GO:0035910",1,1,1,1,"ascending aorta morphogenesis","BP",1
"GO:0035914",1,1,4,4,"skeletal muscle cell differentiation","BP",1
"GO:0035924",1,1,2,2,"cellular response to vascular endothelial growth factor stimulus","BP",1
"GO:0035945",1,1,1,1,"mitochondrial ncRNA surveillance","BP",1
"GO:0035946",1,1,1,1,"mitochondrial mRNA surveillance","BP",1
"GO:0035966",1,1,16,16,"response to topologically incorrect protein","BP",1
"GO:0035967",1,1,8,8,"cellular response to topologically incorrect protein","BP",1
"GO:0035970",1,1,5,5,"peptidyl-threonine dephosphorylation","BP",1
"GO:0035983",1,1,1,1,"response to trichostatin A","BP",1
"GO:0035984",1,1,1,1,"cellular response to trichostatin A","BP",1
"GO:0035987",1,1,1,1,"endodermal cell differentiation","BP",1
"GO:0035988",1,1,2,2,"chondrocyte proliferation","BP",1
"GO:0035994",1,1,3,3,"response to muscle stretch","BP",1
"GO:0035999",1,1,1,1,"tetrahydrofolate interconversion","BP",1
"GO:0036003",1,1,2,2,"positive regulation of transcription from RNA polymerase II promoter in response to stress","BP",1
"GO:0036010",1,1,2,2,"protein localization to endosome","BP",1
"GO:0036017",1,1,1,1,"response to erythropoietin","BP",1
"GO:0036018",1,1,1,1,"cellular response to erythropoietin","BP",1
"GO:0036035",1,1,1,1,"osteoclast development","BP",1
"GO:0036065",1,1,2,2,"fucosylation","BP",1
"GO:0036075",1,1,1,1,"replacement ossification","BP",1
"GO:0036092",1,1,3,3,"phosphatidylinositol-3-phosphate biosynthetic process","BP",1
"GO:0036109",1,1,2,2,"alpha-linolenic acid metabolic process","BP",1
"GO:0036112",1,1,1,1,"medium-chain fatty-acyl-CoA metabolic process","BP",1
"GO:0036114",1,1,1,1,"medium-chain fatty-acyl-CoA catabolic process","BP",1
"GO:0036115",1,1,1,1,"fatty-acyl-CoA catabolic process","BP",1
"GO:0036119",1,1,2,2,"response to platelet-derived growth factor","BP",1
"GO:0036120",1,1,1,1,"cellular response to platelet-derived growth factor stimulus","BP",1
"GO:0036150",1,1,1,1,"phosphatidylserine acyl-chain remodeling","BP",1
"GO:0036158",1,1,1,1,"outer dynein arm assembly","BP",1
"GO:0036166",1,1,1,1,"phenotypic switching","BP",1
"GO:0036211",1,1,151,151,"protein modification process","BP",1
"GO:0036215",1,1,1,1,"response to stem cell factor","BP",1
"GO:0036216",1,1,1,1,"cellular response to stem cell factor stimulus","BP",1
"GO:0036230",1,1,2,2,"granulocyte activation","BP",1
"GO:0036257",1,1,2,2,"multivesicular body organization","BP",1
"GO:0036258",1,1,2,2,"multivesicular body assembly","BP",1
"GO:0036260",1,1,2,2,"RNA capping","BP",1
"GO:0036268",1,1,1,1,"swimming","BP",1
"GO:0036293",1,1,21,21,"response to decreased oxygen levels","BP",1
"GO:0036294",1,1,10,10,"cellular response to decreased oxygen levels","BP",1
"GO:0036296",1,1,2,2,"response to increased oxygen levels","BP",1
"GO:0036297",1,1,2,2,"interstrand cross-link repair","BP",1
"GO:0036303",1,1,1,1,"lymph vessel morphogenesis","BP",1
"GO:0036309",1,1,1,1,"protein localization to M-band","BP",1
"GO:0036314",1,1,5,5,"response to sterol","BP",1
"GO:0036315",1,1,3,3,"cellular response to sterol","BP",1
"GO:0036316",1,1,1,1,"SREBP-SCAP complex retention in endoplasmic reticulum","BP",1
"GO:0036324",1,1,1,1,"vascular endothelial growth factor receptor-2 signaling pathway","BP",1
"GO:0036333",1,1,1,1,"hepatocyte homeostasis","BP",1
"GO:0036336",1,1,2,2,"dendritic cell migration","BP",1
"GO:0036344",1,1,3,3,"platelet morphogenesis","BP",1
"GO:0036446",1,1,1,1,"myofibroblast differentiation","BP",1
"GO:0036462",1,1,1,1,"TRAIL-activated apoptotic signaling pathway","BP",1
"GO:0036465",1,1,6,6,"synaptic vesicle recycling","BP",1
"GO:0036490",1,1,1,1,"regulation of translation in response to endoplasmic reticulum stress","BP",1
"GO:0036491",1,1,1,1,"regulation of translation initiation in response to endoplasmic reticulum stress","BP",1
"GO:0036496",1,1,1,1,"regulation of translational initiation by eIF2 alpha dephosphorylation","BP",1
"GO:0036497",1,1,1,1,"eIF2alpha dephosphorylation in response to endoplasmic reticulum stress","BP",1
"GO:0036498",1,1,2,2,"IRE1-mediated unfolded protein response","BP",1
"GO:0036499",1,1,2,2,"PERK-mediated unfolded protein response","BP",1
"GO:0036500",1,1,1,1,"ATF6-mediated unfolded protein response","BP",1
"GO:0036503",1,1,2,2,"ERAD pathway","BP",1
"GO:0038020",1,1,1,1,"insulin receptor recycling","BP",1
"GO:0038026",1,1,2,2,"reelin-mediated signaling pathway","BP",1
"GO:0038034",1,1,1,1,"signal transduction in absence of ligand","BP",1
"GO:0038043",1,1,1,1,"interleukin-5-mediated signaling pathway","BP",1
"GO:0038061",1,1,8,8,"non-canonical NF-kappaB signal transduction","BP",1
"GO:0038063",1,1,2,2,"collagen-activated tyrosine kinase receptor signaling pathway","BP",1
"GO:0038065",1,1,2,2,"collagen-activated signaling pathway","BP",1
"GO:0038066",1,1,8,8,"p38MAPK cascade","BP",1
"GO:0038083",1,1,1,1,"peptidyl-tyrosine autophosphorylation","BP",1
"GO:0038084",1,1,2,2,"vascular endothelial growth factor signaling pathway","BP",1
"GO:0038089",1,1,1,1,"positive regulation of cell migration by vascular endothelial growth factor signaling pathway","BP",1
"GO:0038093",1,1,4,4,"Fc receptor signaling pathway","BP",1
"GO:0038094",1,1,3,3,"Fc-gamma receptor signaling pathway","BP",1
"GO:0038095",1,1,1,1,"Fc-epsilon receptor signaling pathway","BP",1
"GO:0038096",1,1,3,3,"Fc-gamma receptor signaling pathway involved in phagocytosis","BP",1
"GO:0038109",1,1,1,1,"Kit signaling pathway","BP",1
"GO:0038110",1,1,1,1,"interleukin-2-mediated signaling pathway","BP",1
"GO:0038113",1,1,2,2,"interleukin-9-mediated signaling pathway","BP",1
"GO:0038127",1,1,9,9,"ERBB signaling pathway","BP",1
"GO:0038128",1,1,2,2,"ERBB2 signaling pathway","BP",1
"GO:0038130",1,1,1,1,"ERBB4 signaling pathway","BP",1
"GO:0038134",1,1,2,2,"ERBB2-EGFR signaling pathway","BP",1
"GO:0038135",1,1,1,1,"ERBB2-ERBB4 signaling pathway","BP",1
"GO:0038156",1,1,2,2,"interleukin-3-mediated signaling pathway","BP",1
"GO:0038162",1,1,1,1,"erythropoietin-mediated signaling pathway","BP",1
"GO:0038163",1,1,1,1,"thrombopoietin-mediated signaling pathway","BP",1
"GO:0038179",1,1,4,4,"neurotrophin signaling pathway","BP",1
"GO:0038180",1,1,1,1,"nerve growth factor signaling pathway","BP",1
"GO:0038194",1,1,1,1,"thyroid-stimulating hormone signaling pathway","BP",1
"GO:0038202",1,1,10,10,"TORC1 signaling","BP",1
"GO:0038203",1,1,1,1,"TORC2 signaling","BP",1
"GO:0039529",1,1,6,6,"RIG-I signaling pathway","BP",1
"GO:0039530",1,1,4,4,"MDA-5 signaling pathway","BP",1
"GO:0039531",1,1,9,9,"regulation of viral-induced cytoplasmic pattern recognition receptor signaling pathway","BP",1
"GO:0039532",1,1,5,5,"negative regulation of viral-induced cytoplasmic pattern recognition receptor signaling pathway","BP",1
"GO:0039533",1,1,3,3,"regulation of MDA-5 signaling pathway","BP",1
"GO:0039534",1,1,2,2,"negative regulation of MDA-5 signaling pathway","BP",1
"GO:0039535",1,1,5,5,"regulation of RIG-I signaling pathway","BP",1
"GO:0039536",1,1,3,3,"negative regulation of RIG-I signaling pathway","BP",1
"GO:0039663",1,1,1,1,"membrane fusion involved in viral entry into host cell","BP",1
"GO:0039689",1,1,1,1,"negative stranded viral RNA replication","BP",1
"GO:0039692",1,1,1,1,"single stranded viral RNA replication via double stranded DNA intermediate","BP",1
"GO:0039694",1,1,2,2,"viral RNA genome replication","BP",1
"GO:0039702",1,1,1,1,"viral budding via host ESCRT complex","BP",1
"GO:0040001",1,1,4,4,"establishment of mitotic spindle localization","BP",1
"GO:0040007",1,1,52,52,"growth","BP",1
"GO:0040008",1,1,35,35,"regulation of growth","BP",1
"GO:0040009",1,1,1,1,"regulation of growth rate","BP",1
"GO:0040010",1,1,1,1,"positive regulation of growth rate","BP",1
"GO:0040011",1,1,69,69,"locomotion","BP",1
"GO:0040012",1,1,59,59,"regulation of locomotion","BP",1
"GO:0040013",1,1,27,27,"negative regulation of locomotion","BP",1
"GO:0040014",1,1,3,3,"regulation of multicellular organism growth","BP",1
"GO:0040015",1,1,1,1,"negative regulation of multicellular organism growth","BP",1
"GO:0040016",1,1,1,1,"embryonic cleavage","BP",1
"GO:0040017",1,1,29,29,"positive regulation of locomotion","BP",1
"GO:0040019",1,1,3,3,"positive regulation of embryonic development","BP",1
"GO:0040029",1,1,13,13,"epigenetic regulation of gene expression","BP",1
"GO:0040031",1,1,1,1,"snRNA modification","BP",1
"GO:0040034",1,1,1,1,"regulation of development, heterochronic","BP",1
"GO:0040036",1,1,1,1,"regulation of fibroblast growth factor receptor signaling pathway","BP",1
"GO:0042026",1,1,4,4,"protein refolding","BP",1
"GO:0042053",1,1,1,1,"regulation of dopamine metabolic process","BP",1
"GO:0042058",1,1,3,3,"regulation of epidermal growth factor receptor signaling pathway","BP",1
"GO:0042059",1,1,2,2,"negative regulation of epidermal growth factor receptor signaling pathway","BP",1
"GO:0042060",1,1,17,17,"wound healing","BP",1
"GO:0042063",1,1,26,26,"gliogenesis","BP",1
"GO:0042069",1,1,1,1,"regulation of catecholamine metabolic process","BP",1
"GO:0042073",1,1,4,4,"intraciliary transport","BP",1
"GO:0042074",1,1,1,1,"cell migration involved in gastrulation","BP",1
"GO:0042078",1,1,1,1,"germ-line stem cell division","BP",1
"GO:0042088",1,1,4,4,"T-helper 1 type immune response","BP",1
"GO:0042092",1,1,3,3,"type 2 immune response","BP",1
"GO:0042093",1,1,7,7,"T-helper cell differentiation","BP",1
"GO:0042098",1,1,8,8,"T cell proliferation","BP",1
"GO:0042100",1,1,6,6,"B cell proliferation","BP",1
"GO:0042102",1,1,6,6,"positive regulation of T cell proliferation","BP",1
"GO:0042104",1,1,1,1,"positive regulation of activated T cell proliferation","BP",1
"GO:0042110",1,1,36,36,"T cell activation","BP",1
"GO:0042113",1,1,22,22,"B cell activation","BP",1
"GO:0042116",1,1,7,7,"macrophage activation","BP",1
"GO:0042119",1,1,2,2,"neutrophil activation","BP",1
"GO:0042127",1,1,119,119,"regulation of cell population proliferation","BP",1
"GO:0042129",1,1,7,7,"regulation of T cell proliferation","BP",1
"GO:0042130",1,1,2,2,"negative regulation of T cell proliferation","BP",1
"GO:0042147",1,1,4,4,"retrograde transport, endosome to Golgi","BP",1
"GO:0042149",1,1,2,2,"cellular response to glucose starvation","BP",1
"GO:0042157",1,1,4,4,"lipoprotein metabolic process","BP",1
"GO:0042158",1,1,4,4,"lipoprotein biosynthetic process","BP",1
"GO:0042167",1,1,1,1,"heme catabolic process","BP",1
"GO:0042168",1,1,1,1,"heme metabolic process","BP",1
"GO:0042176",1,1,24,24,"regulation of protein catabolic process","BP",1
"GO:0042177",1,1,8,8,"negative regulation of protein catabolic process","BP",1
"GO:0042180",1,1,9,9,"cellular ketone metabolic process","BP",1
"GO:0042181",1,1,2,2,"ketone biosynthetic process","BP",1
"GO:0042219",1,1,3,3,"cellular modified amino acid catabolic process","BP",1
"GO:0042220",1,1,2,2,"response to cocaine","BP",1
"GO:0042221",1,1,199,199,"response to chemical","BP",1
"GO:0042245",1,1,1,1,"RNA repair","BP",1
"GO:0042246",1,1,2,2,"tissue regeneration","BP",1
"GO:0042254",1,1,41,41,"ribosome biogenesis","BP",1
"GO:0042255",1,1,6,6,"ribosome assembly","BP",1
"GO:0042256",1,1,1,1,"cytosolic ribosome assembly","BP",1
"GO:0042267",1,1,6,6,"natural killer cell mediated cytotoxicity","BP",1
"GO:0042269",1,1,3,3,"regulation of natural killer cell mediated cytotoxicity","BP",1
"GO:0042271",1,1,1,1,"susceptibility to natural killer cell mediated cytotoxicity","BP",1
"GO:0042273",1,1,7,7,"ribosomal large subunit biogenesis","BP",1
"GO:0042274",1,1,15,15,"ribosomal small subunit biogenesis","BP",1
"GO:0042278",1,1,2,2,"purine nucleoside metabolic process","BP",1
"GO:0042303",1,1,4,4,"molting cycle","BP",1
"GO:0042304",1,1,2,2,"regulation of fatty acid biosynthetic process","BP",1
"GO:0042306",1,1,2,2,"regulation of protein import into nucleus","BP",1
"GO:0042307",1,1,2,2,"positive regulation of protein import into nucleus","BP",1
"GO:0042310",1,1,2,2,"vasoconstriction","BP",1
"GO:0042325",1,1,64,64,"regulation of phosphorylation","BP",1
"GO:0042326",1,1,28,28,"negative regulation of phosphorylation","BP",1
"GO:0042327",1,1,35,35,"positive regulation of phosphorylation","BP",1
"GO:0042330",1,1,28,28,"taxis","BP",1
"GO:0042335",1,1,1,1,"cuticle development","BP",1
"GO:0042339",1,1,1,1,"keratan sulfate metabolic process","BP",1
"GO:0042391",1,1,13,13,"regulation of membrane potential","BP",1
"GO:0042398",1,1,1,1,"cellular modified amino acid biosynthetic process","BP",1
"GO:0042403",1,1,1,1,"thyroid hormone metabolic process","BP",1
"GO:0042417",1,1,1,1,"dopamine metabolic process","BP",1
"GO:0042438",1,1,2,2,"melanin biosynthetic process","BP",1
"GO:0042440",1,1,3,3,"pigment metabolic process","BP",1
"GO:0042445",1,1,11,11,"hormone metabolic process","BP",1
"GO:0042446",1,1,4,4,"hormone biosynthetic process","BP",1
"GO:0042448",1,1,1,1,"progesterone metabolic process","BP",1
"GO:0042451",1,1,1,1,"purine nucleoside biosynthetic process","BP",1
"GO:0042454",1,1,1,1,"ribonucleoside catabolic process","BP",1
"GO:0042455",1,1,1,1,"ribonucleoside biosynthetic process","BP",1
"GO:0042461",1,1,2,2,"photoreceptor cell development","BP",1
"GO:0042462",1,1,1,1,"eye photoreceptor cell development","BP",1
"GO:0042471",1,1,3,3,"ear morphogenesis","BP",1
"GO:0042472",1,1,3,3,"inner ear morphogenesis","BP",1
"GO:0042474",1,1,1,1,"middle ear morphogenesis","BP",1
"GO:0042475",1,1,1,1,"odontogenesis of dentin-containing tooth","BP",1
"GO:0042476",1,1,1,1,"odontogenesis","BP",1
"GO:0042490",1,1,1,1,"mechanoreceptor differentiation","BP",1
"GO:0042491",1,1,1,1,"inner ear auditory receptor cell differentiation","BP",1
"GO:0042492",1,1,3,3,"gamma-delta T cell differentiation","BP",1
"GO:0042509",1,1,4,4,"regulation of tyrosine phosphorylation of STAT protein","BP",1
"GO:0042531",1,1,3,3,"positive regulation of tyrosine phosphorylation of STAT protein","BP",1
"GO:0042532",1,1,2,2,"negative regulation of tyrosine phosphorylation of STAT protein","BP",1
"GO:0042537",1,1,2,2,"benzene-containing compound metabolic process","BP",1
"GO:0042539",1,1,1,1,"hypotonic salinity response","BP",1
"GO:0042542",1,1,7,7,"response to hydrogen peroxide","BP",1
"GO:0042551",1,1,2,2,"neuron maturation","BP",1
"GO:0042552",1,1,6,6,"myelination","BP",1
"GO:0042554",1,1,2,2,"superoxide anion generation","BP",1
"GO:0042558",1,1,1,1,"pteridine-containing compound metabolic process","BP",1
"GO:0042572",1,1,1,1,"retinol metabolic process","BP",1
"GO:0042573",1,1,1,1,"retinoic acid metabolic process","BP",1
"GO:0042574",1,1,1,1,"retinal metabolic process","BP",1
"GO:0042592",1,1,84,84,"homeostatic process","BP",1
"GO:0042593",1,1,13,13,"glucose homeostasis","BP",1
"GO:0042594",1,1,11,11,"response to starvation","BP",1
"GO:0042596",1,1,1,1,"fear response","BP",1
"GO:0042631",1,1,1,1,"cellular response to water deprivation","BP",1
"GO:0042632",1,1,7,7,"cholesterol homeostasis","BP",1
"GO:0042633",1,1,4,4,"hair cycle","BP",1
"GO:0042634",1,1,1,1,"regulation of hair cycle","BP",1
"GO:0042635",1,1,1,1,"positive regulation of hair cycle","BP",1
"GO:0042659",1,1,1,1,"regulation of cell fate specification","BP",1
"GO:0042660",1,1,1,1,"positive regulation of cell fate specification","BP",1
"GO:0042692",1,1,17,17,"muscle cell differentiation","BP",1
"GO:0042695",1,1,1,1,"thelarche","BP",1
"GO:0042698",1,1,2,2,"ovulation cycle","BP",1
"GO:0042730",1,1,1,1,"fibrinolysis","BP",1
"GO:0042733",1,1,2,2,"embryonic digit morphogenesis","BP",1
"GO:0042742",1,1,20,20,"defense response to bacterium","BP",1
"GO:0042743",1,1,2,2,"hydrogen peroxide metabolic process","BP",1
"GO:0042744",1,1,2,2,"hydrogen peroxide catabolic process","BP",1
"GO:0042745",1,1,1,1,"circadian sleep/wake cycle","BP",1
"GO:0042749",1,1,1,1,"regulation of circadian sleep/wake cycle","BP",1
"GO:0042752",1,1,9,9,"regulation of circadian rhythm","BP",1
"GO:0042754",1,1,2,2,"negative regulation of circadian rhythm","BP",1
"GO:0042758",1,1,1,1,"long-chain fatty acid catabolic process","BP",1
"GO:0042759",1,1,1,1,"long-chain fatty acid biosynthetic process","BP",1
"GO:0042761",1,1,1,1,"very long-chain fatty acid biosynthetic process","BP",1
"GO:0042762",1,1,3,3,"regulation of sulfur metabolic process","BP",1
"GO:0042770",1,1,14,14,"signal transduction in response to DNA damage","BP",1
"GO:0042771",1,1,4,4,"intrinsic apoptotic signaling pathway in response to DNA damage by p53 class mediator","BP",1
"GO:0042773",1,1,11,11,"ATP synthesis coupled electron transport","BP",1
"GO:0042774",1,1,1,1,"plasma membrane ATP synthesis coupled electron transport","BP",1
"GO:0042775",1,1,11,11,"mitochondrial ATP synthesis coupled electron transport","BP",1
"GO:0042776",1,1,7,7,"proton motive force-driven mitochondrial ATP synthesis","BP",1
"GO:0042789",1,1,4,4,"mRNA transcription by RNA polymerase II","BP",1
"GO:0042790",1,1,1,1,"nucleolar large rRNA transcription by RNA polymerase I","BP",1
"GO:0042795",1,1,1,1,"snRNA transcription by RNA polymerase II","BP",1
"GO:0042832",1,1,2,2,"defense response to protozoan","BP",1
"GO:0042867",1,1,1,1,"pyruvate catabolic process","BP",1
"GO:0042886",1,1,16,16,"amide transport","BP",1
"GO:0042904",1,1,1,1,"9-cis-retinoic acid biosynthetic process","BP",1
"GO:0042905",1,1,1,1,"9-cis-retinoic acid metabolic process","BP",1
"GO:0042908",1,1,3,3,"xenobiotic transport","BP",1
"GO:0042938",1,1,1,1,"dipeptide transport","BP",1
"GO:0042953",1,1,1,1,"lipoprotein transport","BP",1
"GO:0042976",1,1,2,2,"activation of Janus kinase activity","BP",1
"GO:0042981",1,1,89,89,"regulation of apoptotic process","BP",1
"GO:0042982",1,1,5,5,"amyloid precursor protein metabolic process","BP",1
"GO:0042983",1,1,3,3,"amyloid precursor protein biosynthetic process","BP",1
"GO:0042984",1,1,3,3,"regulation of amyloid precursor protein biosynthetic process","BP",1
"GO:0042985",1,1,1,1,"negative regulation of amyloid precursor protein biosynthetic process","BP",1
"GO:0042986",1,1,1,1,"positive regulation of amyloid precursor protein biosynthetic process","BP",1
"GO:0042987",1,1,3,3,"amyloid precursor protein catabolic process","BP",1
"GO:0042994",1,1,3,3,"cytoplasmic sequestering of transcription factor","BP",1
"GO:0043001",1,1,1,1,"Golgi to plasma membrane protein transport","BP",1
"GO:0043007",1,1,2,2,"maintenance of rDNA","BP",1
"GO:0043009",1,1,36,36,"chordate embryonic development","BP",1
"GO:0043010",1,1,12,12,"camera-type eye development","BP",1
"GO:0043011",1,1,1,1,"myeloid dendritic cell differentiation","BP",1
"GO:0043029",1,1,4,4,"T cell homeostasis","BP",1
"GO:0043030",1,1,4,4,"regulation of macrophage activation","BP",1
"GO:0043031",1,1,2,2,"negative regulation of macrophage activation","BP",1
"GO:0043038",1,1,2,2,"amino acid activation","BP",1
"GO:0043039",1,1,2,2,"tRNA aminoacylation","BP",1
"GO:0043043",1,1,38,38,"peptide biosynthetic process","BP",1
"GO:0043062",1,1,9,9,"extracellular structure organization","BP",1
"GO:0043065",1,1,30,30,"positive regulation of apoptotic process","BP",1
"GO:0043066",1,1,50,50,"negative regulation of apoptotic process","BP",1
"GO:0043067",1,1,94,94,"regulation of programmed cell death","BP",1
"GO:0043068",1,1,33,33,"positive regulation of programmed cell death","BP",1
"GO:0043069",1,1,53,53,"negative regulation of programmed cell death","BP",1
"GO:0043084",1,1,1,1,"penile erection","BP",1
"GO:0043085",1,1,43,43,"positive regulation of catalytic activity","BP",1
"GO:0043086",1,1,34,34,"negative regulation of catalytic activity","BP",1
"GO:0043087",1,1,14,14,"regulation of GTPase activity","BP",1
"GO:0043094",1,1,3,3,"cellular metabolic compound salvage","BP",1
"GO:0043096",1,1,1,1,"purine nucleobase salvage","BP",1
"GO:0043097",1,1,1,1,"pyrimidine nucleoside salvage","BP",1
"GO:0043101",1,1,2,2,"purine-containing compound salvage","BP",1
"GO:0043103",1,1,1,1,"hypoxanthine salvage","BP",1
"GO:0043111",1,1,1,1,"replication fork arrest","BP",1
"GO:0043112",1,1,5,5,"receptor metabolic process","BP",1
"GO:0043113",1,1,3,3,"receptor clustering","BP",1
"GO:0043122",1,1,16,16,"regulation of canonical NF-kappaB signal transduction","BP",1
"GO:0043123",1,1,9,9,"positive regulation of canonical NF-kappaB signal transduction","BP",1
"GO:0043124",1,1,5,5,"negative regulation of canonical NF-kappaB signal transduction","BP",1
"GO:0043149",1,1,10,10,"stress fiber assembly","BP",1
"GO:0043152",1,1,1,1,"induction of bacterial agglutination","BP",1
"GO:0043153",1,1,3,3,"entrainment of circadian clock by photoperiod","BP",1
"GO:0043154",1,1,2,2,"negative regulation of cysteine-type endopeptidase activity involved in apoptotic process","BP",1
"GO:0043157",1,1,1,1,"response to cation stress","BP",1
"GO:0043161",1,1,22,22,"proteasome-mediated ubiquitin-dependent protein catabolic process","BP",1
"GO:0043162",1,1,2,2,"ubiquitin-dependent protein catabolic process via the multivesicular body sorting pathway","BP",1
"GO:0043170",1,1,489,489,"macromolecule metabolic process","BP",1
"GO:0043171",1,1,1,1,"peptide catabolic process","BP",1
"GO:0043173",1,1,2,2,"nucleotide salvage","BP",1
"GO:0043174",1,1,1,1,"nucleoside salvage","BP",1
"GO:0043181",1,1,1,1,"vacuolar sequestering","BP",1
"GO:0043200",1,1,4,4,"response to amino acid","BP",1
"GO:0043201",1,1,2,2,"response to leucine","BP",1
"GO:0043207",1,1,93,93,"response to external biotic stimulus","BP",1
"GO:0043217",1,1,1,1,"myelin maintenance","BP",1
"GO:0043242",1,1,5,5,"negative regulation of protein-containing complex disassembly","BP",1
"GO:0043243",1,1,1,1,"positive regulation of protein-containing complex disassembly","BP",1
"GO:0043244",1,1,7,7,"regulation of protein-containing complex disassembly","BP",1
"GO:0043247",1,1,5,5,"telomere maintenance in response to DNA damage","BP",1
"GO:0043254",1,1,26,26,"regulation of protein-containing complex assembly","BP",1
"GO:0043255",1,1,7,7,"regulation of carbohydrate biosynthetic process","BP",1
"GO:0043266",1,1,1,1,"regulation of potassium ion transport","BP",1
"GO:0043267",1,1,1,1,"negative regulation of potassium ion transport","BP",1
"GO:0043269",1,1,15,15,"regulation of monoatomic ion transport","BP",1
"GO:0043270",1,1,4,4,"positive regulation of monoatomic ion transport","BP",1
"GO:0043271",1,1,2,2,"negative regulation of monoatomic ion transport","BP",1
"GO:0043276",1,1,1,1,"anoikis","BP",1
"GO:0043277",1,1,3,3,"apoptotic cell clearance","BP",1
"GO:0043278",1,1,1,1,"response to morphine","BP",1
"GO:0043279",1,1,4,4,"response to alkaloid","BP",1
"GO:0043280",1,1,6,6,"positive regulation of cysteine-type endopeptidase activity involved in apoptotic process","BP",1
"GO:0043281",1,1,9,9,"regulation of cysteine-type endopeptidase activity involved in apoptotic process","BP",1
"GO:0043297",1,1,4,4,"apical junction assembly","BP",1
"GO:0043299",1,1,10,10,"leukocyte degranulation","BP",1
"GO:0043300",1,1,6,6,"regulation of leukocyte degranulation","BP",1
"GO:0043301",1,1,2,2,"negative regulation of leukocyte degranulation","BP",1
"GO:0043302",1,1,2,2,"positive regulation of leukocyte degranulation","BP",1
"GO:0043303",1,1,8,8,"mast cell degranulation","BP",1
"GO:0043304",1,1,5,5,"regulation of mast cell degranulation","BP",1
"GO:0043305",1,1,2,2,"negative regulation of mast cell degranulation","BP",1
"GO:0043306",1,1,1,1,"positive regulation of mast cell degranulation","BP",1
"GO:0043312",1,1,2,2,"neutrophil degranulation","BP",1
"GO:0043313",1,1,2,2,"regulation of neutrophil degranulation","BP",1
"GO:0043315",1,1,1,1,"positive regulation of neutrophil degranulation","BP",1
"GO:0043320",1,1,2,2,"natural killer cell degranulation","BP",1
"GO:0043328",1,1,1,1,"protein transport to vacuole involved in ubiquitin-dependent protein catabolic process via the multivesicular body sorting pathway","BP",1
"GO:0043330",1,1,4,4,"response to exogenous dsRNA","BP",1
"GO:0043331",1,1,4,4,"response to dsRNA","BP",1
"GO:0043353",1,1,1,1,"enucleate erythrocyte differentiation","BP",1
"GO:0043366",1,1,1,1,"beta selection","BP",1
"GO:0043367",1,1,10,10,"CD4-positive, alpha-beta T cell differentiation","BP",1
"GO:0043368",1,1,1,1,"positive T cell selection","BP",1
"GO:0043369",1,1,1,1,"CD4-positive or CD8-positive, alpha-beta T cell lineage commitment","BP",1
"GO:0043370",1,1,6,6,"regulation of CD4-positive, alpha-beta T cell differentiation","BP",1
"GO:0043371",1,1,2,2,"negative regulation of CD4-positive, alpha-beta T cell differentiation","BP",1
"GO:0043372",1,1,3,3,"positive regulation of CD4-positive, alpha-beta T cell differentiation","BP",1
"GO:0043379",1,1,1,1,"memory T cell differentiation","BP",1
"GO:0043380",1,1,1,1,"regulation of memory T cell differentiation","BP",1
"GO:0043382",1,1,1,1,"positive regulation of memory T cell differentiation","BP",1
"GO:0043388",1,1,5,5,"positive regulation of DNA binding","BP",1
"GO:0043392",1,1,7,7,"negative regulation of DNA binding","BP",1
"GO:0043393",1,1,12,12,"regulation of protein binding","BP",1
"GO:0043401",1,1,6,6,"steroid hormone mediated signaling pathway","BP",1
"GO:0043403",1,1,1,1,"skeletal muscle tissue regeneration","BP",1
"GO:0043405",1,1,12,12,"regulation of MAP kinase activity","BP",1
"GO:0043406",1,1,6,6,"positive regulation of MAP kinase activity","BP",1
"GO:0043407",1,1,7,7,"negative regulation of MAP kinase activity","BP",1
"GO:0043408",1,1,35,35,"regulation of MAPK cascade","BP",1
"GO:0043409",1,1,15,15,"negative regulation of MAPK cascade","BP",1
"GO:0043410",1,1,19,19,"positive regulation of MAPK cascade","BP",1
"GO:0043412",1,1,174,174,"macromolecule modification","BP",1
"GO:0043413",1,1,10,10,"macromolecule glycosylation","BP",1
"GO:0043414",1,1,19,19,"macromolecule methylation","BP",1
"GO:0043433",1,1,13,13,"negative regulation of DNA-binding transcription factor activity","BP",1
"GO:0043434",1,1,18,18,"response to peptide hormone","BP",1
"GO:0043436",1,1,59,59,"oxoacid metabolic process","BP",1
"GO:0043455",1,1,2,2,"regulation of secondary metabolic process","BP",1
"GO:0043457",1,1,4,4,"regulation of cellular respiration","BP",1
"GO:0043461",1,1,1,1,"proton-transporting ATP synthase complex assembly","BP",1
"GO:0043462",1,1,3,3,"regulation of ATP-dependent activity","BP",1
"GO:0043467",1,1,9,9,"regulation of generation of precursor metabolites and energy","BP",1
"GO:0043470",1,1,4,4,"regulation of carbohydrate catabolic process","BP",1
"GO:0043473",1,1,4,4,"pigmentation","BP",1
"GO:0043484",1,1,14,14,"regulation of RNA splicing","BP",1
"GO:0043487",1,1,6,6,"regulation of RNA stability","BP",1
"GO:0043488",1,1,5,5,"regulation of mRNA stability","BP",1
"GO:0043489",1,1,2,2,"RNA stabilization","BP",1
"GO:0043491",1,1,14,14,"phosphatidylinositol 3-kinase/protein kinase B signal transduction","BP",1
"GO:0043500",1,1,1,1,"muscle adaptation","BP",1
"GO:0043506",1,1,4,4,"regulation of JUN kinase activity","BP",1
"GO:0043507",1,1,1,1,"positive regulation of JUN kinase activity","BP",1
"GO:0043508",1,1,3,3,"negative regulation of JUN kinase activity","BP",1
"GO:0043516",1,1,2,2,"regulation of DNA damage response, signal transduction by p53 class mediator","BP",1
"GO:0043523",1,1,16,16,"regulation of neuron apoptotic process","BP",1
"GO:0043524",1,1,14,14,"negative regulation of neuron apoptotic process","BP",1
"GO:0043525",1,1,2,2,"positive regulation of neuron apoptotic process","BP",1
"GO:0043534",1,1,5,5,"blood vessel endothelial cell migration","BP",1
"GO:0043535",1,1,3,3,"regulation of blood vessel endothelial cell migration","BP",1
"GO:0043536",1,1,1,1,"positive regulation of blood vessel endothelial cell migration","BP",1
"GO:0043537",1,1,2,2,"negative regulation of blood vessel endothelial cell migration","BP",1
"GO:0043542",1,1,11,11,"endothelial cell migration","BP",1
"GO:0043543",1,1,7,7,"protein acylation","BP",1
"GO:0043545",1,1,1,1,"molybdopterin cofactor metabolic process","BP",1
"GO:0043547",1,1,10,10,"positive regulation of GTPase activity","BP",1
"GO:0043549",1,1,41,41,"regulation of kinase activity","BP",1
"GO:0043550",1,1,4,4,"regulation of lipid kinase activity","BP",1
"GO:0043552",1,1,3,3,"positive regulation of phosphatidylinositol 3-kinase activity","BP",1
"GO:0043555",1,1,1,1,"regulation of translation in response to stress","BP",1
"GO:0043558",1,1,1,1,"regulation of translational initiation in response to stress","BP",1
"GO:0043562",1,1,1,1,"cellular response to nitrogen levels","BP",1
"GO:0043567",1,1,1,1,"regulation of insulin-like growth factor receptor signaling pathway","BP",1
"GO:0043570",1,1,3,3,"maintenance of DNA repeat elements","BP",1
"GO:0043576",1,1,2,2,"regulation of respiratory gaseous exchange","BP",1
"GO:0043583",1,1,3,3,"ear development","BP",1
"GO:0043586",1,1,1,1,"tongue development","BP",1
"GO:0043588",1,1,11,11,"skin development","BP",1
"GO:0043603",1,1,60,60,"amide metabolic process","BP",1
"GO:0043604",1,1,44,44,"amide biosynthetic process","BP",1
"GO:0043605",1,1,1,1,"amide catabolic process","BP",1
"GO:0043616",1,1,4,4,"keratinocyte proliferation","BP",1
"GO:0043618",1,1,3,3,"regulation of transcription from RNA polymerase II promoter in response to stress","BP",1
"GO:0043620",1,1,5,5,"regulation of DNA-templated transcription in response to stress","BP",1
"GO:0043627",1,1,4,4,"response to estrogen","BP",1
"GO:0043632",1,1,32,32,"modification-dependent macromolecule catabolic process","BP",1
"GO:0043647",1,1,3,3,"inositol phosphate metabolic process","BP",1
"GO:0043648",1,1,6,6,"dicarboxylic acid metabolic process","BP",1
"GO:0043649",1,1,1,1,"dicarboxylic acid catabolic process","BP",1
"GO:0043651",1,1,2,2,"linoleic acid metabolic process","BP",1
"GO:0043653",1,1,1,1,"mitochondrial fragmentation involved in apoptotic process","BP",1
"GO:0043666",1,1,1,1,"regulation of phosphoprotein phosphatase activity","BP",1
"GO:0043687",1,1,48,48,"post-translational protein modification","BP",1
"GO:0043691",1,1,1,1,"reverse cholesterol transport","BP",1
"GO:0043696",1,1,1,1,"dedifferentiation","BP",1
"GO:0043697",1,1,1,1,"cell dedifferentiation","BP",1
"GO:0043903",1,1,3,3,"regulation of biological process involved in symbiotic interaction","BP",1
"GO:0043922",1,1,1,1,"negative regulation by host of viral transcription","BP",1
"GO:0043923",1,1,2,2,"positive regulation by host of viral transcription","BP",1
"GO:0043933",1,1,126,126,"protein-containing complex organization","BP",1
"GO:0043967",1,1,1,1,"histone H4 acetylation","BP",1
"GO:0043981",1,1,1,1,"histone H4-K5 acetylation","BP",1
"GO:0043982",1,1,1,1,"histone H4-K8 acetylation","BP",1
"GO:0043984",1,1,1,1,"histone H4-K16 acetylation","BP",1
"GO:0044000",1,1,8,8,"movement in host","BP",1
"GO:0044029",1,1,2,2,"positive regulation of gene expression via CpG island demethylation","BP",1
"GO:0044030",1,1,1,1,"regulation of DNA methylation","BP",1
"GO:0044042",1,1,7,7,"glucan metabolic process","BP",1
"GO:0044057",1,1,16,16,"regulation of system process","BP",1
"GO:0044058",1,1,1,1,"regulation of digestive system process","BP",1
"GO:0044065",1,1,1,1,"regulation of respiratory system process","BP",1
"GO:0044070",1,1,1,1,"regulation of monoatomic anion transport","BP",1
"GO:0044085",1,1,194,194,"cellular component biogenesis","BP",1
"GO:0044087",1,1,53,53,"regulation of cellular component biogenesis","BP",1
"GO:0044088",1,1,4,4,"regulation of vacuole organization","BP",1
"GO:0044089",1,1,21,21,"positive regulation of cellular component biogenesis","BP",1
"GO:0044090",1,1,1,1,"positive regulation of vacuole organization","BP",1
"GO:0044091",1,1,6,6,"membrane biogenesis","BP",1
"GO:0044092",1,1,54,54,"negative regulation of molecular function","BP",1
"GO:0044093",1,1,73,73,"positive regulation of molecular function","BP",1
"GO:0044209",1,1,1,1,"AMP salvage","BP",1
"GO:0044237",1,1,549,549,"cellular metabolic process","BP",1
"GO:0044238",1,1,546,546,"primary metabolic process","BP",1
"GO:0044242",1,1,9,9,"cellular lipid catabolic process","BP",1
"GO:0044248",1,1,73,73,"cellular catabolic process","BP",1
"GO:0044249",1,1,421,421,"cellular biosynthetic process","BP",1
"GO:0044255",1,1,56,56,"cellular lipid metabolic process","BP",1
"GO:0044270",1,1,18,18,"cellular nitrogen compound catabolic process","BP",1
"GO:0044271",1,1,252,252,"cellular nitrogen compound biosynthetic process","BP",1
"GO:0044272",1,1,11,11,"sulfur compound biosynthetic process","BP",1
"GO:0044273",1,1,3,3,"sulfur compound catabolic process","BP",1
"GO:0044281",1,1,117,117,"small molecule metabolic process","BP",1
"GO:0044282",1,1,22,22,"small molecule catabolic process","BP",1
"GO:0044283",1,1,46,46,"small molecule biosynthetic process","BP",1
"GO:0044314",1,1,1,1,"protein K27-linked ubiquitination","BP",1
"GO:0044319",1,1,2,2,"wound healing, spreading of cells","BP",1
"GO:0044320",1,1,1,1,"cellular response to leptin stimulus","BP",1
"GO:0044321",1,1,2,2,"response to leptin","BP",1
"GO:0044331",1,1,1,1,"cell-cell adhesion mediated by cadherin","BP",1
"GO:0044334",1,1,1,1,"canonical Wnt signaling pathway involved in positive regulation of epithelial to mesenchymal transition","BP",1
"GO:0044340",1,1,1,1,"canonical Wnt signaling pathway involved in regulation of cell proliferation","BP",1
"GO:0044342",1,1,2,2,"type B pancreatic cell proliferation","BP",1
"GO:0044344",1,1,3,3,"cellular response to fibroblast growth factor stimulus","BP",1
"GO:0044380",1,1,3,3,"protein localization to cytoskeleton","BP",1
"GO:0044403",1,1,17,17,"biological process involved in symbiotic interaction","BP",1
"GO:0044406",1,1,1,1,"adhesion of symbiont to host","BP",1
"GO:0044409",1,1,7,7,"entry into host","BP",1
"GO:0044419",1,1,99,99,"biological process involved in interspecies interaction between organisms","BP",1
"GO:0044458",1,1,2,2,"motile cilium assembly","BP",1
"GO:0044467",1,1,1,1,"glial cell-derived neurotrophic factor production","BP",1
"GO:0044539",1,1,1,1,"long-chain fatty acid import into cell","BP",1
"GO:0044546",1,1,2,2,"NLRP3 inflammasome complex assembly","BP",1
"GO:0044550",1,1,2,2,"secondary metabolite biosynthetic process","BP",1
"GO:0044580",1,1,1,1,"butyryl-CoA catabolic process","BP",1
"GO:0044650",1,1,1,1,"adhesion of symbiont to host cell","BP",1
"GO:0044703",1,1,12,12,"multi-organism reproductive process","BP",1
"GO:0044706",1,1,12,12,"multi-multicellular organism process","BP",1
"GO:0044743",1,1,2,2,"protein transmembrane import into intracellular organelle","BP",1
"GO:0044770",1,1,35,35,"cell cycle phase transition","BP",1
"GO:0044772",1,1,33,33,"mitotic cell cycle phase transition","BP",1
"GO:0044773",1,1,7,7,"mitotic DNA damage checkpoint signaling","BP",1
"GO:0044774",1,1,7,7,"mitotic DNA integrity checkpoint signaling","BP",1
"GO:0044778",1,1,1,1,"meiotic DNA integrity checkpoint signaling","BP",1
"GO:0044782",1,1,16,16,"cilium organization","BP",1
"GO:0044784",1,1,8,8,"metaphase/anaphase transition of cell cycle","BP",1
"GO:0044786",1,1,4,4,"cell cycle DNA replication","BP",1
"GO:0044788",1,1,4,4,"modulation by host of viral process","BP",1
"GO:0044793",1,1,1,1,"negative regulation by host of viral process","BP",1
"GO:0044794",1,1,1,1,"positive regulation by host of viral process","BP",1
"GO:0044818",1,1,5,5,"mitotic G2/M transition checkpoint","BP",1
"GO:0044819",1,1,2,2,"mitotic G1/S transition checkpoint signaling","BP",1
"GO:0044827",1,1,3,3,"modulation by host of viral genome replication","BP",1
"GO:0044828",1,1,1,1,"negative regulation by host of viral genome replication","BP",1
"GO:0044829",1,1,1,1,"positive regulation by host of viral genome replication","BP",1
"GO:0044839",1,1,11,11,"cell cycle G2/M phase transition","BP",1
"GO:0044843",1,1,17,17,"cell cycle G1/S phase transition","BP",1
"GO:0044872",1,1,1,1,"lipoprotein localization","BP",1
"GO:0045002",1,1,1,1,"double-strand break repair via single-strand annealing","BP",1
"GO:0045003",1,1,1,1,"double-strand break repair via synthesis-dependent strand annealing","BP",1
"GO:0045005",1,1,2,2,"DNA-templated DNA replication maintenance of fidelity","BP",1
"GO:0045007",1,1,1,1,"depurination","BP",1
"GO:0045010",1,1,4,4,"actin nucleation","BP",1
"GO:0045017",1,1,14,14,"glycerolipid biosynthetic process","BP",1
"GO:0045019",1,1,1,1,"negative regulation of nitric oxide biosynthetic process","BP",1
"GO:0045022",1,1,4,4,"early endosome to late endosome transport","BP",1
"GO:0045023",1,1,1,1,"G0 to G1 transition","BP",1
"GO:0045047",1,1,3,3,"protein targeting to ER","BP",1
"GO:0045048",1,1,4,4,"protein insertion into ER membrane","BP",1
"GO:0045050",1,1,2,2,"protein insertion into ER membrane by stop-transfer membrane-anchor sequence","BP",1
"GO:0045053",1,1,1,1,"protein retention in Golgi apparatus","BP",1
"GO:0045055",1,1,19,19,"regulated exocytosis","BP",1
"GO:0045056",1,1,2,2,"transcytosis","BP",1
"GO:0045058",1,1,4,4,"T cell selection","BP",1
"GO:0045063",1,1,2,2,"T-helper 1 cell differentiation","BP",1
"GO:0045064",1,1,1,1,"T-helper 2 cell differentiation","BP",1
"GO:0045066",1,1,3,3,"regulatory T cell differentiation","BP",1
"GO:0045069",1,1,9,9,"regulation of viral genome replication","BP",1
"GO:0045070",1,1,3,3,"positive regulation of viral genome replication","BP",1
"GO:0045071",1,1,7,7,"negative regulation of viral genome replication","BP",1
"GO:0045087",1,1,62,62,"innate immune response","BP",1
"GO:0045088",1,1,33,33,"regulation of innate immune response","BP",1
"GO:0045089",1,1,29,29,"positive regulation of innate immune response","BP",1
"GO:0045091",1,1,1,1,"regulation of single stranded viral RNA replication via double stranded DNA intermediate","BP",1
"GO:0045103",1,1,4,4,"intermediate filament-based process","BP",1
"GO:0045104",1,1,4,4,"intermediate filament cytoskeleton organization","BP",1
"GO:0045109",1,1,3,3,"intermediate filament organization","BP",1
"GO:0045117",1,1,1,1,"azole transmembrane transport","BP",1
"GO:0045123",1,1,8,8,"cellular extravasation","BP",1
"GO:0045124",1,1,3,3,"regulation of bone resorption","BP",1
"GO:0045132",1,1,4,4,"meiotic chromosome segregation","BP",1
"GO:0045136",1,1,1,1,"development of secondary sexual characteristics","BP",1
"GO:0045137",1,1,8,8,"development of primary sexual characteristics","BP",1
"GO:0045143",1,1,3,3,"homologous chromosome segregation","BP",1
"GO:0045161",1,1,1,1,"neuronal ion channel clustering","BP",1
"GO:0045162",1,1,1,1,"clustering of voltage-gated sodium channels","BP",1
"GO:0045165",1,1,9,9,"cell fate commitment","BP",1
"GO:0045176",1,1,1,1,"apical protein localization","BP",1
"GO:0045184",1,1,86,86,"establishment of protein localization","BP",1
"GO:0045185",1,1,8,8,"maintenance of protein location","BP",1
"GO:0045190",1,1,4,4,"isotype switching","BP",1
"GO:0045191",1,1,2,2,"regulation of isotype switching","BP",1
"GO:0045197",1,1,1,1,"establishment or maintenance of epithelial cell apical/basal polarity","BP",1
"GO:0045199",1,1,1,1,"maintenance of epithelial cell apical/basal polarity","BP",1
"GO:0045204",1,1,2,2,"MAPK export from nucleus","BP",1
"GO:0045214",1,1,1,1,"sarcomere organization","BP",1
"GO:0045216",1,1,8,8,"cell-cell junction organization","BP",1
"GO:0045229",1,1,9,9,"external encapsulating structure organization","BP",1
"GO:0045292",1,1,2,2,"mRNA cis splicing, via spliceosome","BP",1
"GO:0045321",1,1,64,64,"leukocyte activation","BP",1
"GO:0045324",1,1,2,2,"late endosome to vacuole transport","BP",1
"GO:0045332",1,1,3,3,"phospholipid translocation","BP",1
"GO:0045333",1,1,21,21,"cellular respiration","BP",1
"GO:0045337",1,1,2,2,"farnesyl diphosphate biosynthetic process","BP",1
"GO:0045338",1,1,3,3,"farnesyl diphosphate metabolic process","BP",1
"GO:0045341",1,1,2,2,"MHC class I biosynthetic process","BP",1
"GO:0045343",1,1,2,2,"regulation of MHC class I biosynthetic process","BP",1
"GO:0045345",1,1,2,2,"positive regulation of MHC class I biosynthetic process","BP",1
"GO:0045428",1,1,3,3,"regulation of nitric oxide biosynthetic process","BP",1
"GO:0045429",1,1,1,1,"positive regulation of nitric oxide biosynthetic process","BP",1
"GO:0045444",1,1,16,16,"fat cell differentiation","BP",1
"GO:0045445",1,1,6,6,"myoblast differentiation","BP",1
"GO:0045446",1,1,2,2,"endothelial cell differentiation","BP",1
"GO:0045453",1,1,5,5,"bone resorption","BP",1
"GO:0045454",1,1,2,2,"cell redox homeostasis","BP",1
"GO:0045471",1,1,9,9,"response to ethanol","BP",1
"GO:0045472",1,1,1,1,"response to ether","BP",1
"GO:0045475",1,1,1,1,"locomotor rhythm","BP",1
"GO:0045494",1,1,3,3,"photoreceptor cell maintenance","BP",1
"GO:0045540",1,1,1,1,"regulation of cholesterol biosynthetic process","BP",1
"GO:0045542",1,1,1,1,"positive regulation of cholesterol biosynthetic process","BP",1
"GO:0045576",1,1,10,10,"mast cell activation","BP",1
"GO:0045577",1,1,3,3,"regulation of B cell differentiation","BP",1
"GO:0045578",1,1,1,1,"negative regulation of B cell differentiation","BP",1
"GO:0045579",1,1,2,2,"positive regulation of B cell differentiation","BP",1
"GO:0045580",1,1,14,14,"regulation of T cell differentiation","BP",1
"GO:0045581",1,1,3,3,"negative regulation of T cell differentiation","BP",1
"GO:0045582",1,1,8,8,"positive regulation of T cell differentiation","BP",1
"GO:0045586",1,1,3,3,"regulation of gamma-delta T cell differentiation","BP",1
"GO:0045588",1,1,2,2,"positive regulation of gamma-delta T cell differentiation","BP",1
"GO:0045589",1,1,3,3,"regulation of regulatory T cell differentiation","BP",1
"GO:0045591",1,1,3,3,"positive regulation of regulatory T cell differentiation","BP",1
"GO:0045595",1,1,86,86,"regulation of cell differentiation","BP",1
"GO:0045596",1,1,42,42,"negative regulation of cell differentiation","BP",1
"GO:0045597",1,1,44,44,"positive regulation of cell differentiation","BP",1
"GO:0045598",1,1,8,8,"regulation of fat cell differentiation","BP",1
"GO:0045599",1,1,4,4,"negative regulation of fat cell differentiation","BP",1
"GO:0045600",1,1,2,2,"positive regulation of fat cell differentiation","BP",1
"GO:0045601",1,1,1,1,"regulation of endothelial cell differentiation","BP",1
"GO:0045604",1,1,4,4,"regulation of epidermal cell differentiation","BP",1
"GO:0045605",1,1,2,2,"negative regulation of epidermal cell differentiation","BP",1
"GO:0045616",1,1,3,3,"regulation of keratinocyte differentiation","BP",1
"GO:0045617",1,1,2,2,"negative regulation of keratinocyte differentiation","BP",1
"GO:0045619",1,1,16,16,"regulation of lymphocyte differentiation","BP",1
"GO:0045620",1,1,4,4,"negative regulation of lymphocyte differentiation","BP",1
"GO:0045621",1,1,9,9,"positive regulation of lymphocyte differentiation","BP",1
"GO:0045622",1,1,5,5,"regulation of T-helper cell differentiation","BP",1
"GO:0045623",1,1,2,2,"negative regulation of T-helper cell differentiation","BP",1
"GO:0045624",1,1,1,1,"positive regulation of T-helper cell differentiation","BP",1
"GO:0045628",1,1,1,1,"regulation of T-helper 2 cell differentiation","BP",1
"GO:0045630",1,1,1,1,"positive regulation of T-helper 2 cell differentiation","BP",1
"GO:0045637",1,1,12,12,"regulation of myeloid cell differentiation","BP",1
"GO:0045638",1,1,7,7,"negative regulation of myeloid cell differentiation","BP",1
"GO:0045639",1,1,4,4,"positive regulation of myeloid cell differentiation","BP",1
"GO:0045646",1,1,1,1,"regulation of erythrocyte differentiation","BP",1
"GO:0045648",1,1,1,1,"positive regulation of erythrocyte differentiation","BP",1
"GO:0045649",1,1,1,1,"regulation of macrophage differentiation","BP",1
"GO:0045651",1,1,1,1,"positive regulation of macrophage differentiation","BP",1
"GO:0045652",1,1,2,2,"regulation of megakaryocyte differentiation","BP",1
"GO:0045653",1,1,1,1,"negative regulation of megakaryocyte differentiation","BP",1
"GO:0045655",1,1,1,1,"regulation of monocyte differentiation","BP",1
"GO:0045657",1,1,1,1,"positive regulation of monocyte differentiation","BP",1
"GO:0045661",1,1,3,3,"regulation of myoblast differentiation","BP",1
"GO:0045662",1,1,2,2,"negative regulation of myoblast differentiation","BP",1
"GO:0045663",1,1,2,2,"positive regulation of myoblast differentiation","BP",1
"GO:0045664",1,1,9,9,"regulation of neuron differentiation","BP",1
"GO:0045665",1,1,4,4,"negative regulation of neuron differentiation","BP",1
"GO:0045666",1,1,5,5,"positive regulation of neuron differentiation","BP",1
"GO:0045667",1,1,3,3,"regulation of osteoblast differentiation","BP",1
"GO:0045668",1,1,2,2,"negative regulation of osteoblast differentiation","BP",1
"GO:0045669",1,1,1,1,"positive regulation of osteoblast differentiation","BP",1
"GO:0045670",1,1,4,4,"regulation of osteoclast differentiation","BP",1
"GO:0045671",1,1,2,2,"negative regulation of osteoclast differentiation","BP",1
"GO:0045672",1,1,1,1,"positive regulation of osteoclast differentiation","BP",1
"GO:0045682",1,1,6,6,"regulation of epidermis development","BP",1
"GO:0045683",1,1,2,2,"negative regulation of epidermis development","BP",1
"GO:0045684",1,1,2,2,"positive regulation of epidermis development","BP",1
"GO:0045685",1,1,5,5,"regulation of glial cell differentiation","BP",1
"GO:0045686",1,1,4,4,"negative regulation of glial cell differentiation","BP",1
"GO:0045687",1,1,1,1,"positive regulation of glial cell differentiation","BP",1
"GO:0045717",1,1,2,2,"negative regulation of fatty acid biosynthetic process","BP",1
"GO:0045721",1,1,2,2,"negative regulation of gluconeogenesis","BP",1
"GO:0045722",1,1,1,1,"positive regulation of gluconeogenesis","BP",1
"GO:0045725",1,1,2,2,"positive regulation of glycogen biosynthetic process","BP",1
"GO:0045727",1,1,6,6,"positive regulation of translation","BP",1
"GO:0045728",1,1,1,1,"respiratory burst after phagocytosis","BP",1
"GO:0045730",1,1,4,4,"respiratory burst","BP",1
"GO:0045732",1,1,16,16,"positive regulation of protein catabolic process","BP",1
"GO:0045736",1,1,2,2,"negative regulation of cyclin-dependent protein serine/threonine kinase activity","BP",1
"GO:0045737",1,1,1,1,"positive regulation of cyclin-dependent protein serine/threonine kinase activity","BP",1
"GO:0045738",1,1,5,5,"negative regulation of DNA repair","BP",1
"GO:0045739",1,1,8,8,"positive regulation of DNA repair","BP",1
"GO:0045740",1,1,2,2,"positive regulation of DNA replication","BP",1
"GO:0045743",1,1,1,1,"positive regulation of fibroblast growth factor receptor signaling pathway","BP",1
"GO:0045744",1,1,3,3,"negative regulation of G protein-coupled receptor signaling pathway","BP",1
"GO:0045746",1,1,4,4,"negative regulation of Notch signaling pathway","BP",1
"GO:0045747",1,1,2,2,"positive regulation of Notch signaling pathway","BP",1
"GO:0045761",1,1,3,3,"regulation of adenylate cyclase activity","BP",1
"GO:0045762",1,1,2,2,"positive regulation of adenylate cyclase activity","BP",1
"GO:0045763",1,1,1,1,"negative regulation of cellular amino acid metabolic process","BP",1
"GO:0045765",1,1,15,15,"regulation of angiogenesis","BP",1
"GO:0045766",1,1,7,7,"positive regulation of angiogenesis","BP",1
"GO:0045773",1,1,2,2,"positive regulation of axon extension","BP",1
"GO:0045777",1,1,1,1,"positive regulation of blood pressure","BP",1
"GO:0045778",1,1,3,3,"positive regulation of ossification","BP",1
"GO:0045779",1,1,2,2,"negative regulation of bone resorption","BP",1
"GO:0045780",1,1,1,1,"positive regulation of bone resorption","BP",1
"GO:0045785",1,1,31,31,"positive regulation of cell adhesion","BP",1
"GO:0045786",1,1,26,26,"negative regulation of cell cycle","BP",1
"GO:0045787",1,1,15,15,"positive regulation of cell cycle","BP",1
"GO:0045792",1,1,1,1,"negative regulation of cell size","BP",1
"GO:0045806",1,1,3,3,"negative regulation of endocytosis","BP",1
"GO:0045807",1,1,6,6,"positive regulation of endocytosis","BP",1
"GO:0045814",1,1,4,4,"negative regulation of gene expression, epigenetic","BP",1
"GO:0045815",1,1,3,3,"transcription initiation-coupled chromatin remodeling","BP",1
"GO:0045820",1,1,2,2,"negative regulation of glycolytic process","BP",1
"GO:0045822",1,1,1,1,"negative regulation of heart contraction","BP",1
"GO:0045823",1,1,1,1,"positive regulation of heart contraction","BP",1
"GO:0045824",1,1,9,9,"negative regulation of innate immune response","BP",1
"GO:0045830",1,1,1,1,"positive regulation of isotype switching","BP",1
"GO:0045833",1,1,4,4,"negative regulation of lipid metabolic process","BP",1
"GO:0045834",1,1,6,6,"positive regulation of lipid metabolic process","BP",1
"GO:0045837",1,1,1,1,"negative regulation of membrane potential","BP",1
"GO:0045839",1,1,7,7,"negative regulation of mitotic nuclear division","BP",1
"GO:0045840",1,1,5,5,"positive regulation of mitotic nuclear division","BP",1
"GO:0045841",1,1,7,7,"negative regulation of mitotic metaphase/anaphase transition","BP",1
"GO:0045842",1,1,2,2,"positive regulation of mitotic metaphase/anaphase transition","BP",1
"GO:0045859",1,1,33,33,"regulation of protein kinase activity","BP",1
"GO:0045860",1,1,14,14,"positive regulation of protein kinase activity","BP",1
"GO:0045861",1,1,9,9,"negative regulation of proteolysis","BP",1
"GO:0045862",1,1,22,22,"positive regulation of proteolysis","BP",1
"GO:0045870",1,1,1,1,"positive regulation of single stranded viral RNA replication via double stranded DNA intermediate","BP",1
"GO:0045880",1,1,1,1,"positive regulation of smoothened signaling pathway","BP",1
"GO:0045887",1,1,1,1,"positive regulation of synaptic assembly at neuromuscular junction","BP",1
"GO:0045892",1,1,67,67,"negative regulation of DNA-templated transcription","BP",1
"GO:0045893",1,1,101,101,"positive regulation of DNA-templated transcription","BP",1
"GO:0045907",1,1,1,1,"positive regulation of vasoconstriction","BP",1
"GO:0045910",1,1,7,7,"negative regulation of DNA recombination","BP",1
"GO:0045911",1,1,4,4,"positive regulation of DNA recombination","BP",1
"GO:0045912",1,1,4,4,"negative regulation of carbohydrate metabolic process","BP",1
"GO:0045913",1,1,3,3,"positive regulation of carbohydrate metabolic process","BP",1
"GO:0045914",1,1,1,1,"negative regulation of catecholamine metabolic process","BP",1
"GO:0045920",1,1,5,5,"negative regulation of exocytosis","BP",1
"GO:0045921",1,1,7,7,"positive regulation of exocytosis","BP",1
"GO:0045922",1,1,2,2,"negative regulation of fatty acid metabolic process","BP",1
"GO:0045923",1,1,1,1,"positive regulation of fatty acid metabolic process","BP",1
"GO:0045926",1,1,15,15,"negative regulation of growth","BP",1
"GO:0045927",1,1,15,15,"positive regulation of growth","BP",1
"GO:0045930",1,1,19,19,"negative regulation of mitotic cell cycle","BP",1
"GO:0045931",1,1,8,8,"positive regulation of mitotic cell cycle","BP",1
"GO:0045932",1,1,1,1,"negative regulation of muscle contraction","BP",1
"GO:0045933",1,1,3,3,"positive regulation of muscle contraction","BP",1
"GO:0045934",1,1,84,84,"negative regulation of nucleobase-containing compound metabolic process","BP",1
"GO:0045935",1,1,118,118,"positive regulation of nucleobase-containing compound metabolic process","BP",1
"GO:0045936",1,1,31,31,"negative regulation of phosphate metabolic process","BP",1
"GO:0045937",1,1,38,38,"positive regulation of phosphate metabolic process","BP",1
"GO:0045939",1,1,2,2,"negative regulation of steroid metabolic process","BP",1
"GO:0045940",1,1,2,2,"positive regulation of steroid metabolic process","BP",1
"GO:0045943",1,1,3,3,"positive regulation of transcription by RNA polymerase I","BP",1
"GO:0045944",1,1,77,77,"positive regulation of transcription by RNA polymerase II","BP",1
"GO:0045945",1,1,2,2,"positive regulation of transcription by RNA polymerase III","BP",1
"GO:0045947",1,1,1,1,"negative regulation of translational initiation","BP",1
"GO:0045948",1,1,2,2,"positive regulation of translational initiation","BP",1
"GO:0045953",1,1,1,1,"negative regulation of natural killer cell mediated cytotoxicity","BP",1
"GO:0045954",1,1,2,2,"positive regulation of natural killer cell mediated cytotoxicity","BP",1
"GO:0045956",1,1,1,1,"positive regulation of calcium ion-dependent exocytosis","BP",1
"GO:0045963",1,1,1,1,"negative regulation of dopamine metabolic process","BP",1
"GO:0045980",1,1,1,1,"negative regulation of nucleotide metabolic process","BP",1
"GO:0045981",1,1,1,1,"positive regulation of nucleotide metabolic process","BP",1
"GO:0045987",1,1,2,2,"positive regulation of smooth muscle contraction","BP",1
"GO:0045988",1,1,1,1,"negative regulation of striated muscle contraction","BP",1
"GO:0045995",1,1,5,5,"regulation of embryonic development","BP",1
"GO:0046006",1,1,2,2,"regulation of activated T cell proliferation","BP",1
"GO:0046007",1,1,1,1,"negative regulation of activated T cell proliferation","BP",1
"GO:0046031",1,1,2,2,"ADP metabolic process","BP",1
"GO:0046032",1,1,1,1,"ADP catabolic process","BP",1
"GO:0046033",1,1,3,3,"AMP metabolic process","BP",1
"GO:0046034",1,1,10,10,"ATP metabolic process","BP",1
"GO:0046037",1,1,2,2,"GMP metabolic process","BP",1
"GO:0046039",1,1,3,3,"GTP metabolic process","BP",1
"GO:0046040",1,1,1,1,"IMP metabolic process","BP",1
"GO:0046048",1,1,1,1,"UDP metabolic process","BP",1
"GO:0046053",1,1,1,1,"dAMP metabolic process","BP",1
"GO:0046059",1,1,1,1,"dAMP catabolic process","BP",1
"GO:0046060",1,1,1,1,"dATP metabolic process","BP",1
"GO:0046061",1,1,1,1,"dATP catabolic process","BP",1
"GO:0046072",1,1,1,1,"dTDP metabolic process","BP",1
"GO:0046073",1,1,1,1,"dTMP metabolic process","BP",1
"GO:0046075",1,1,2,2,"dTTP metabolic process","BP",1
"GO:0046077",1,1,1,1,"dUDP metabolic process","BP",1
"GO:0046078",1,1,1,1,"dUMP metabolic process","BP",1
"GO:0046079",1,1,1,1,"dUMP catabolic process","BP",1
"GO:0046085",1,1,1,1,"adenosine metabolic process","BP",1
"GO:0046090",1,1,1,1,"deoxyadenosine metabolic process","BP",1
"GO:0046092",1,1,1,1,"deoxycytidine metabolic process","BP",1
"GO:0046100",1,1,1,1,"hypoxanthine metabolic process","BP",1
"GO:0046101",1,1,1,1,"hypoxanthine biosynthetic process","BP",1
"GO:0046102",1,1,1,1,"inosine metabolic process","BP",1
"GO:0046103",1,1,1,1,"inosine biosynthetic process","BP",1
"GO:0046104",1,1,2,2,"thymidine metabolic process","BP",1
"GO:0046105",1,1,1,1,"thymidine biosynthetic process","BP",1
"GO:0046110",1,1,1,1,"xanthine metabolic process","BP",1
"GO:0046111",1,1,1,1,"xanthine biosynthetic process","BP",1
"GO:0046112",1,1,1,1,"nucleobase biosynthetic process","BP",1
"GO:0046120",1,1,1,1,"deoxyribonucleoside biosynthetic process","BP",1
"GO:0046121",1,1,1,1,"deoxyribonucleoside catabolic process","BP",1
"GO:0046122",1,1,1,1,"purine deoxyribonucleoside metabolic process","BP",1
"GO:0046124",1,1,1,1,"purine deoxyribonucleoside catabolic process","BP",1
"GO:0046125",1,1,2,2,"pyrimidine deoxyribonucleoside metabolic process","BP",1
"GO:0046126",1,1,1,1,"pyrimidine deoxyribonucleoside biosynthetic process","BP",1
"GO:0046128",1,1,1,1,"purine ribonucleoside metabolic process","BP",1
"GO:0046129",1,1,1,1,"purine ribonucleoside biosynthetic process","BP",1
"GO:0046130",1,1,1,1,"purine ribonucleoside catabolic process","BP",1
"GO:0046134",1,1,2,2,"pyrimidine nucleoside biosynthetic process","BP",1
"GO:0046148",1,1,2,2,"pigment biosynthetic process","BP",1
"GO:0046149",1,1,1,1,"pigment catabolic process","BP",1
"GO:0046164",1,1,1,1,"alcohol catabolic process","BP",1
"GO:0046165",1,1,17,17,"alcohol biosynthetic process","BP",1
"GO:0046166",1,1,1,1,"glyceraldehyde-3-phosphate biosynthetic process","BP",1
"GO:0046173",1,1,4,4,"polyol biosynthetic process","BP",1
"GO:0046174",1,1,1,1,"polyol catabolic process","BP",1
"GO:0046184",1,1,2,2,"aldehyde biosynthetic process","BP",1
"GO:0046189",1,1,2,2,"phenol-containing compound biosynthetic process","BP",1
"GO:0046204",1,1,1,1,"nor-spermidine metabolic process","BP",1
"GO:0046209",1,1,3,3,"nitric oxide metabolic process","BP",1
"GO:0046272",1,1,1,1,"stilbene catabolic process","BP",1
"GO:0046320",1,1,1,1,"regulation of fatty acid oxidation","BP",1
"GO:0046321",1,1,1,1,"positive regulation of fatty acid oxidation","BP",1
"GO:0046323",1,1,4,4,"glucose import","BP",1
"GO:0046324",1,1,4,4,"regulation of glucose import","BP",1
"GO:0046326",1,1,3,3,"positive regulation of glucose import","BP",1
"GO:0046328",1,1,8,8,"regulation of JNK cascade","BP",1
"GO:0046329",1,1,4,4,"negative regulation of JNK cascade","BP",1
"GO:0046330",1,1,4,4,"positive regulation of JNK cascade","BP",1
"GO:0046337",1,1,2,2,"phosphatidylethanolamine metabolic process","BP",1
"GO:0046339",1,1,1,1,"diacylglycerol metabolic process","BP",1
"GO:0046348",1,1,2,2,"amino sugar catabolic process","BP",1
"GO:0046356",1,1,1,1,"acetyl-CoA catabolic process","BP",1
"GO:0046364",1,1,15,15,"monosaccharide biosynthetic process","BP",1
"GO:0046365",1,1,8,8,"monosaccharide catabolic process","BP",1
"GO:0046385",1,1,3,3,"deoxyribose phosphate biosynthetic process","BP",1
"GO:0046386",1,1,2,2,"deoxyribose phosphate catabolic process","BP",1
"GO:0046390",1,1,18,18,"ribose phosphate biosynthetic process","BP",1
"GO:0046394",1,1,17,17,"carboxylic acid biosynthetic process","BP",1
"GO:0046395",1,1,13,13,"carboxylic acid catabolic process","BP",1
"GO:0046425",1,1,6,6,"regulation of receptor signaling pathway via JAK-STAT","BP",1
"GO:0046426",1,1,2,2,"negative regulation of receptor signaling pathway via JAK-STAT","BP",1
"GO:0046427",1,1,4,4,"positive regulation of receptor signaling pathway via JAK-STAT","BP",1
"GO:0046434",1,1,8,8,"organophosphate catabolic process","BP",1
"GO:0046456",1,1,4,4,"icosanoid biosynthetic process","BP",1
"GO:0046457",1,1,1,1,"prostanoid biosynthetic process","BP",1
"GO:0046459",1,1,2,2,"short-chain fatty acid metabolic process","BP",1
"GO:0046461",1,1,2,2,"neutral lipid catabolic process","BP",1
"GO:0046462",1,1,1,1,"monoacylglycerol metabolic process","BP",1
"GO:0046464",1,1,2,2,"acylglycerol catabolic process","BP",1
"GO:0046466",1,1,1,1,"membrane lipid catabolic process","BP",1
"GO:0046467",1,1,5,5,"membrane lipid biosynthetic process","BP",1
"GO:0046470",1,1,2,2,"phosphatidylcholine metabolic process","BP",1
"GO:0046473",1,1,2,2,"phosphatidic acid metabolic process","BP",1
"GO:0046474",1,1,14,14,"glycerophospholipid biosynthetic process","BP",1
"GO:0046475",1,1,1,1,"glycerophospholipid catabolic process","BP",1
"GO:0046476",1,1,1,1,"glycosylceramide biosynthetic process","BP",1
"GO:0046479",1,1,1,1,"glycosphingolipid catabolic process","BP",1
"GO:0046483",1,1,331,331,"heterocycle metabolic process","BP",1
"GO:0046486",1,1,19,19,"glycerolipid metabolic process","BP",1
"GO:0046487",1,1,1,1,"glyoxylate metabolic process","BP",1
"GO:0046488",1,1,9,9,"phosphatidylinositol metabolic process","BP",1
"GO:0046490",1,1,1,1,"isopentenyl diphosphate metabolic process","BP",1
"GO:0046496",1,1,3,3,"nicotinamide nucleotide metabolic process","BP",1
"GO:0046500",1,1,2,2,"S-adenosylmethionine metabolic process","BP",1
"GO:0046503",1,1,2,2,"glycerolipid catabolic process","BP",1
"GO:0046512",1,1,1,1,"sphingosine biosynthetic process","BP",1
"GO:0046513",1,1,1,1,"ceramide biosynthetic process","BP",1
"GO:0046514",1,1,1,1,"ceramide catabolic process","BP",1
"GO:0046519",1,1,1,1,"sphingoid metabolic process","BP",1
"GO:0046520",1,1,1,1,"sphingoid biosynthetic process","BP",1
"GO:0046530",1,1,3,3,"photoreceptor cell differentiation","BP",1
"GO:0046532",1,1,1,1,"regulation of photoreceptor cell differentiation","BP",1
"GO:0046533",1,1,1,1,"negative regulation of photoreceptor cell differentiation","BP",1
"GO:0046543",1,1,1,1,"development of secondary female sexual characteristics","BP",1
"GO:0046545",1,1,3,3,"development of primary female sexual characteristics","BP",1
"GO:0046546",1,1,6,6,"development of primary male sexual characteristics","BP",1
"GO:0046578",1,1,10,10,"regulation of Ras protein signal transduction","BP",1
"GO:0046579",1,1,3,3,"positive regulation of Ras protein signal transduction","BP",1
"GO:0046580",1,1,4,4,"negative regulation of Ras protein signal transduction","BP",1
"GO:0046596",1,1,3,3,"regulation of viral entry into host cell","BP",1
"GO:0046598",1,1,2,2,"positive regulation of viral entry into host cell","BP",1
"GO:0046599",1,1,1,1,"regulation of centriole replication","BP",1
"GO:0046602",1,1,1,1,"regulation of mitotic centrosome separation","BP",1
"GO:0046605",1,1,6,6,"regulation of centrosome cycle","BP",1
"GO:0046618",1,1,1,1,"xenobiotic export from cell","BP",1
"GO:0046620",1,1,3,3,"regulation of organ growth","BP",1
"GO:0046621",1,1,1,1,"negative regulation of organ growth","BP",1
"GO:0046622",1,1,1,1,"positive regulation of organ growth","BP",1
"GO:0046626",1,1,2,2,"regulation of insulin receptor signaling pathway","BP",1
"GO:0046628",1,1,2,2,"positive regulation of insulin receptor signaling pathway","BP",1
"GO:0046629",1,1,3,3,"gamma-delta T cell activation","BP",1
"GO:0046631",1,1,17,17,"alpha-beta T cell activation","BP",1
"GO:0046632",1,1,13,13,"alpha-beta T cell differentiation","BP",1
"GO:0046633",1,1,3,3,"alpha-beta T cell proliferation","BP",1
"GO:0046634",1,1,12,12,"regulation of alpha-beta T cell activation","BP",1
"GO:0046635",1,1,8,8,"positive regulation of alpha-beta T cell activation","BP",1
"GO:0046636",1,1,4,4,"negative regulation of alpha-beta T cell activation","BP",1
"GO:0046637",1,1,9,9,"regulation of alpha-beta T cell differentiation","BP",1
"GO:0046638",1,1,6,6,"positive regulation of alpha-beta T cell differentiation","BP",1
"GO:0046639",1,1,2,2,"negative regulation of alpha-beta T cell differentiation","BP",1
"GO:0046640",1,1,3,3,"regulation of alpha-beta T cell proliferation","BP",1
"GO:0046641",1,1,2,2,"positive regulation of alpha-beta T cell proliferation","BP",1
"GO:0046642",1,1,2,2,"negative regulation of alpha-beta T cell proliferation","BP",1
"GO:0046643",1,1,3,3,"regulation of gamma-delta T cell activation","BP",1
"GO:0046645",1,1,2,2,"positive regulation of gamma-delta T cell activation","BP",1
"GO:0046649",1,1,56,56,"lymphocyte activation","BP",1
"GO:0046651",1,1,16,16,"lymphocyte proliferation","BP",1
"GO:0046653",1,1,1,1,"tetrahydrofolate metabolic process","BP",1
"GO:0046660",1,1,3,3,"female sex differentiation","BP",1
"GO:0046661",1,1,6,6,"male sex differentiation","BP",1
"GO:0046676",1,1,2,2,"negative regulation of insulin secretion","BP",1
"GO:0046677",1,1,2,2,"response to antibiotic","BP",1
"GO:0046683",1,1,8,8,"response to organophosphorus","BP",1
"GO:0046685",1,1,3,3,"response to arsenic-containing substance","BP",1
"GO:0046686",1,1,5,5,"response to cadmium ion","BP",1
"GO:0046688",1,1,1,1,"response to copper ion","BP",1
"GO:0046697",1,1,2,2,"decidualization","BP",1
"GO:0046700",1,1,18,18,"heterocycle catabolic process","BP",1
"GO:0046707",1,1,1,1,"IDP metabolic process","BP",1
"GO:0046709",1,1,1,1,"IDP catabolic process","BP",1
"GO:0046716",1,1,1,1,"muscle cell cellular homeostasis","BP",1
"GO:0046717",1,1,1,1,"acid secretion","BP",1
"GO:0046718",1,1,7,7,"viral entry into host cell","BP",1
"GO:0046719",1,1,1,1,"regulation by virus of viral protein levels in host cell","BP",1
"GO:0046753",1,1,1,1,"non-lytic viral release","BP",1
"GO:0046755",1,1,1,1,"viral budding","BP",1
"GO:0046761",1,1,1,1,"viral budding from plasma membrane","BP",1
"GO:0046777",1,1,5,5,"protein autophosphorylation","BP",1
"GO:0046785",1,1,4,4,"microtubule polymerization","BP",1
"GO:0046794",1,1,4,4,"transport of virus","BP",1
"GO:0046814",1,1,1,1,"coreceptor-mediated virion attachment to host cell","BP",1
"GO:0046822",1,1,4,4,"regulation of nucleocytoplasmic transport","BP",1
"GO:0046824",1,1,2,2,"positive regulation of nucleocytoplasmic transport","BP",1
"GO:0046825",1,1,2,2,"regulation of protein export from nucleus","BP",1
"GO:0046834",1,1,1,1,"lipid phosphorylation","BP",1
"GO:0046835",1,1,4,4,"carbohydrate phosphorylation","BP",1
"GO:0046839",1,1,2,2,"phospholipid dephosphorylation","BP",1
"GO:0046847",1,1,8,8,"filopodium assembly","BP",1
"GO:0046849",1,1,5,5,"bone remodeling","BP",1
"GO:0046850",1,1,3,3,"regulation of bone remodeling","BP",1
"GO:0046851",1,1,2,2,"negative regulation of bone remodeling","BP",1
"GO:0046854",1,1,6,6,"phosphatidylinositol phosphate biosynthetic process","BP",1
"GO:0046856",1,1,1,1,"phosphatidylinositol dephosphorylation","BP",1
"GO:0046879",1,1,16,16,"hormone secretion","BP",1
"GO:0046883",1,1,14,14,"regulation of hormone secretion","BP",1
"GO:0046885",1,1,1,1,"regulation of hormone biosynthetic process","BP",1
"GO:0046887",1,1,6,6,"positive regulation of hormone secretion","BP",1
"GO:0046888",1,1,2,2,"negative regulation of hormone secretion","BP",1
"GO:0046889",1,1,2,2,"positive regulation of lipid biosynthetic process","BP",1
"GO:0046890",1,1,6,6,"regulation of lipid biosynthetic process","BP",1
"GO:0046902",1,1,3,3,"regulation of mitochondrial membrane permeability","BP",1
"GO:0046903",1,1,55,55,"secretion","BP",1
"GO:0046907",1,1,81,81,"intracellular transport","BP",1
"GO:0046928",1,1,4,4,"regulation of neurotransmitter secretion","BP",1
"GO:0046940",1,1,2,2,"nucleoside monophosphate phosphorylation","BP",1
"GO:0046942",1,1,13,13,"carboxylic acid transport","BP",1
"GO:0046949",1,1,2,2,"fatty-acyl-CoA biosynthetic process","BP",1
"GO:0047484",1,1,1,1,"regulation of response to osmotic stress","BP",1
"GO:0047496",1,1,1,1,"vesicle transport along microtubule","BP",1
"GO:0047497",1,1,1,1,"mitochondrion transport along microtubule","BP",1
"GO:0048002",1,1,2,2,"antigen processing and presentation of peptide antigen","BP",1
"GO:0048003",1,1,6,6,"antigen processing and presentation of lipid antigen via MHC class Ib","BP",1
"GO:0048006",1,1,5,5,"antigen processing and presentation, endogenous lipid antigen via MHC class Ib","BP",1
"GO:0048007",1,1,6,6,"antigen processing and presentation, exogenous lipid antigen via MHC class Ib","BP",1
"GO:0048008",1,1,3,3,"platelet-derived growth factor receptor signaling pathway","BP",1
"GO:0048009",1,1,1,1,"insulin-like growth factor receptor signaling pathway","BP",1
"GO:0048010",1,1,3,3,"vascular endothelial growth factor receptor signaling pathway","BP",1
"GO:0048011",1,1,2,2,"neurotrophin TRK receptor signaling pathway","BP",1
"GO:0048013",1,1,1,1,"ephrin receptor signaling pathway","BP",1
"GO:0048015",1,1,3,3,"phosphatidylinositol-mediated signaling","BP",1
"GO:0048021",1,1,2,2,"regulation of melanin biosynthetic process","BP",1
"GO:0048022",1,1,1,1,"negative regulation of melanin biosynthetic process","BP",1
"GO:0048023",1,1,1,1,"positive regulation of melanin biosynthetic process","BP",1
"GO:0048024",1,1,8,8,"regulation of mRNA splicing, via spliceosome","BP",1
"GO:0048025",1,1,1,1,"negative regulation of mRNA splicing, via spliceosome","BP",1
"GO:0048026",1,1,2,2,"positive regulation of mRNA splicing, via spliceosome","BP",1
"GO:0048041",1,1,5,5,"focal adhesion assembly","BP",1
"GO:0048048",1,1,3,3,"embryonic eye morphogenesis","BP",1
"GO:0048050",1,1,1,1,"post-embryonic eye morphogenesis","BP",1
"GO:0048066",1,1,2,2,"developmental pigmentation","BP",1
"GO:0048070",1,1,1,1,"regulation of developmental pigmentation","BP",1
"GO:0048086",1,1,1,1,"negative regulation of developmental pigmentation","BP",1
"GO:0048102",1,1,2,2,"autophagic cell death","BP",1
"GO:0048133",1,1,1,1,"male germ-line stem cell asymmetric division","BP",1
"GO:0048143",1,1,2,2,"astrocyte activation","BP",1
"GO:0048144",1,1,6,6,"fibroblast proliferation","BP",1
"GO:0048145",1,1,5,5,"regulation of fibroblast proliferation","BP",1
"GO:0048146",1,1,1,1,"positive regulation of fibroblast proliferation","BP",1
"GO:0048147",1,1,3,3,"negative regulation of fibroblast proliferation","BP",1
"GO:0048160",1,1,1,1,"primary follicle stage","BP",1
"GO:0048167",1,1,14,14,"regulation of synaptic plasticity","BP",1
"GO:0048168",1,1,5,5,"regulation of neuronal synaptic plasticity","BP",1
"GO:0048169",1,1,5,5,"regulation of long-term neuronal synaptic plasticity","BP",1
"GO:0048170",1,1,3,3,"positive regulation of long-term neuronal synaptic plasticity","BP",1
"GO:0048193",1,1,12,12,"Golgi vesicle transport","BP",1
"GO:0048194",1,1,1,1,"Golgi vesicle budding","BP",1
"GO:0048199",1,1,1,1,"vesicle targeting, to, from or within Golgi","BP",1
"GO:0048207",1,1,1,1,"vesicle targeting, rough ER to cis-Golgi","BP",1
"GO:0048208",1,1,1,1,"COPII vesicle coating","BP",1
"GO:0048232",1,1,20,20,"male gamete generation","BP",1
"GO:0048239",1,1,1,1,"negative regulation of DNA recombination at telomere","BP",1
"GO:0048240",1,1,1,1,"sperm capacitation","BP",1
"GO:0048243",1,1,1,1,"norepinephrine secretion","BP",1
"GO:0048246",1,1,2,2,"macrophage chemotaxis","BP",1
"GO:0048247",1,1,3,3,"lymphocyte chemotaxis","BP",1
"GO:0048251",1,1,1,1,"elastic fiber assembly","BP",1
"GO:0048254",1,1,1,1,"snoRNA localization","BP",1
"GO:0048255",1,1,2,2,"mRNA stabilization","BP",1
"GO:0048259",1,1,5,5,"regulation of receptor-mediated endocytosis","BP",1
"GO:0048260",1,1,3,3,"positive regulation of receptor-mediated endocytosis","BP",1
"GO:0048261",1,1,3,3,"negative regulation of receptor-mediated endocytosis","BP",1
"GO:0048262",1,1,1,1,"determination of dorsal/ventral asymmetry","BP",1
"GO:0048263",1,1,1,1,"determination of dorsal identity","BP",1
"GO:0048265",1,1,1,1,"response to pain","BP",1
"GO:0048266",1,1,1,1,"behavioral response to pain","BP",1
"GO:0048278",1,1,3,3,"vesicle docking","BP",1
"GO:0048284",1,1,6,6,"organelle fusion","BP",1
"GO:0048285",1,1,31,31,"organelle fission","BP",1
"GO:0048286",1,1,2,2,"lung alveolus development","BP",1
"GO:0048291",1,1,1,1,"isotype switching to IgG isotypes","BP",1
"GO:0048302",1,1,1,1,"regulation of isotype switching to IgG isotypes","BP",1
"GO:0048308",1,1,1,1,"organelle inheritance","BP",1
"GO:0048313",1,1,1,1,"Golgi inheritance","BP",1
"GO:0048332",1,1,1,1,"mesoderm morphogenesis","BP",1
"GO:0048384",1,1,3,3,"retinoic acid receptor signaling pathway","BP",1
"GO:0048385",1,1,1,1,"regulation of retinoic acid receptor signaling pathway","BP",1
"GO:0048387",1,1,1,1,"negative regulation of retinoic acid receptor signaling pathway","BP",1
"GO:0048388",1,1,3,3,"endosomal lumen acidification","BP",1
"GO:0048468",1,1,139,139,"cell development","BP",1
"GO:0048469",1,1,8,8,"cell maturation","BP",1
"GO:0048477",1,1,5,5,"oogenesis","BP",1
"GO:0048483",1,1,2,2,"autonomic nervous system development","BP",1
"GO:0048485",1,1,2,2,"sympathetic nervous system development","BP",1
"GO:0048488",1,1,4,4,"synaptic vesicle endocytosis","BP",1
"GO:0048489",1,1,2,2,"synaptic vesicle transport","BP",1
"GO:0048490",1,1,1,1,"anterograde synaptic vesicle transport","BP",1
"GO:0048499",1,1,1,1,"synaptic vesicle membrane organization","BP",1
"GO:0048505",1,1,1,1,"regulation of timing of cell differentiation","BP",1
"GO:0048511",1,1,19,19,"rhythmic process","BP",1
"GO:0048512",1,1,3,3,"circadian behavior","BP",1
"GO:0048513",1,1,130,130,"animal organ development","BP",1
"GO:0048514",1,1,30,30,"blood vessel morphogenesis","BP",1
"GO:0048515",1,1,6,6,"spermatid differentiation","BP",1
"GO:0048518",1,1,328,328,"positive regulation of biological process","BP",1
"GO:0048519",1,1,283,283,"negative regulation of biological process","BP",1
"GO:0048522",1,1,289,289,"positive regulation of cellular process","BP",1
"GO:0048523",1,1,264,264,"negative regulation of cellular process","BP",1
"GO:0048524",1,1,6,6,"positive regulation of viral process","BP",1
"GO:0048525",1,1,7,7,"negative regulation of viral process","BP",1
"GO:0048534",1,1,6,6,"hematopoietic or lymphoid organ development","BP",1
"GO:0048536",1,1,2,2,"spleen development","BP",1
"GO:0048537",1,1,1,1,"mucosa-associated lymphoid tissue development","BP",1
"GO:0048538",1,1,2,2,"thymus development","BP",1
"GO:0048539",1,1,1,1,"bone marrow development","BP",1
"GO:0048541",1,1,1,1,"Peyer's patch development","BP",1
"GO:0048545",1,1,16,16,"response to steroid hormone","BP",1
"GO:0048546",1,1,2,2,"digestive tract morphogenesis","BP",1
"GO:0048557",1,1,2,2,"embryonic digestive tract morphogenesis","BP",1
"GO:0048562",1,1,10,10,"embryonic organ morphogenesis","BP",1
"GO:0048563",1,1,1,1,"post-embryonic animal organ morphogenesis","BP",1
"GO:0048565",1,1,6,6,"digestive tract development","BP",1
"GO:0048566",1,1,4,4,"embryonic digestive tract development","BP",1
"GO:0048568",1,1,22,22,"embryonic organ development","BP",1
"GO:0048569",1,1,1,1,"post-embryonic animal organ development","BP",1
"GO:0048583",1,1,212,212,"regulation of response to stimulus","BP",1
"GO:0048584",1,1,121,121,"positive regulation of response to stimulus","BP",1
"GO:0048585",1,1,86,86,"negative regulation of response to stimulus","BP",1
"GO:0048588",1,1,11,11,"developmental cell growth","BP",1
"GO:0048589",1,1,33,33,"developmental growth","BP",1
"GO:0048592",1,1,4,4,"eye morphogenesis","BP",1
"GO:0048593",1,1,3,3,"camera-type eye morphogenesis","BP",1
"GO:0048596",1,1,2,2,"embryonic camera-type eye morphogenesis","BP",1
"GO:0048598",1,1,21,21,"embryonic morphogenesis","BP",1
"GO:0048599",1,1,3,3,"oocyte development","BP",1
"GO:0048608",1,1,8,8,"reproductive structure development","BP",1
"GO:0048609",1,1,33,33,"multicellular organismal reproductive process","BP",1
"GO:0048625",1,1,1,1,"myoblast fate commitment","BP",1
"GO:0048638",1,1,16,16,"regulation of developmental growth","BP",1
"GO:0048639",1,1,5,5,"positive regulation of developmental growth","BP",1
"GO:0048640",1,1,8,8,"negative regulation of developmental growth","BP",1
"GO:0048641",1,1,1,1,"regulation of skeletal muscle tissue development","BP",1
"GO:0048643",1,1,1,1,"positive regulation of skeletal muscle tissue development","BP",1
"GO:0048644",1,1,3,3,"muscle organ morphogenesis","BP",1
"GO:0048646",1,1,51,51,"anatomical structure formation involved in morphogenesis","BP",1
"GO:0048659",1,1,9,9,"smooth muscle cell proliferation","BP",1
"GO:0048660",1,1,8,8,"regulation of smooth muscle cell proliferation","BP",1
"GO:0048661",1,1,6,6,"positive regulation of smooth muscle cell proliferation","BP",1
"GO:0048662",1,1,1,1,"negative regulation of smooth muscle cell proliferation","BP",1
"GO:0048663",1,1,3,3,"neuron fate commitment","BP",1
"GO:0048666",1,1,55,55,"neuron development","BP",1
"GO:0048667",1,1,24,24,"cell morphogenesis involved in neuron differentiation","BP",1
"GO:0048675",1,1,8,8,"axon extension","BP",1
"GO:0048678",1,1,3,3,"response to axon injury","BP",1
"GO:0048679",1,1,1,1,"regulation of axon regeneration","BP",1
"GO:0048680",1,1,1,1,"positive regulation of axon regeneration","BP",1
"GO:0048699",1,1,71,71,"generation of neurons","BP",1
"GO:0048701",1,1,1,1,"embryonic cranial skeleton morphogenesis","BP",1
"GO:0048704",1,1,3,3,"embryonic skeletal system morphogenesis","BP",1
"GO:0048705",1,1,9,9,"skeletal system morphogenesis","BP",1
"GO:0048706",1,1,3,3,"embryonic skeletal system development","BP",1
"GO:0048708",1,1,6,6,"astrocyte differentiation","BP",1
"GO:0048709",1,1,9,9,"oligodendrocyte differentiation","BP",1
"GO:0048710",1,1,2,2,"regulation of astrocyte differentiation","BP",1
"GO:0048711",1,1,1,1,"positive regulation of astrocyte differentiation","BP",1
"GO:0048712",1,1,1,1,"negative regulation of astrocyte differentiation","BP",1
"GO:0048713",1,1,3,3,"regulation of oligodendrocyte differentiation","BP",1
"GO:0048715",1,1,3,3,"negative regulation of oligodendrocyte differentiation","BP",1
"GO:0048729",1,1,20,20,"tissue morphogenesis","BP",1
"GO:0048730",1,1,1,1,"epidermis morphogenesis","BP",1
"GO:0048731",1,1,173,173,"system development","BP",1
"GO:0048732",1,1,20,20,"gland development","BP",1
"GO:0048736",1,1,7,7,"appendage development","BP",1
"GO:0048738",1,1,6,6,"cardiac muscle tissue development","BP",1
"GO:0048741",1,1,1,1,"skeletal muscle fiber development","BP",1
"GO:0048742",1,1,1,1,"regulation of skeletal muscle fiber development","BP",1
"GO:0048743",1,1,1,1,"positive regulation of skeletal muscle fiber development","BP",1
"GO:0048745",1,1,3,3,"smooth muscle tissue development","BP",1
"GO:0048753",1,1,2,2,"pigment granule organization","BP",1
"GO:0048754",1,1,3,3,"branching morphogenesis of an epithelial tube","BP",1
"GO:0048755",1,1,1,1,"branching morphogenesis of a nerve","BP",1
"GO:0048762",1,1,12,12,"mesenchymal cell differentiation","BP",1
"GO:0048771",1,1,6,6,"tissue remodeling","BP",1
"GO:0048791",1,1,1,1,"calcium ion-regulated exocytosis of neurotransmitter","BP",1
"GO:0048799",1,1,2,2,"animal organ maturation","BP",1
"GO:0048812",1,1,29,29,"neuron projection morphogenesis","BP",1
"GO:0048813",1,1,5,5,"dendrite morphogenesis","BP",1
"GO:0048814",1,1,4,4,"regulation of dendrite morphogenesis","BP",1
"GO:0048821",1,1,1,1,"erythrocyte development","BP",1
"GO:0048839",1,1,3,3,"inner ear development","BP",1
"GO:0048841",1,1,2,2,"regulation of axon extension involved in axon guidance","BP",1
"GO:0048843",1,1,2,2,"negative regulation of axon extension involved in axon guidance","BP",1
"GO:0048844",1,1,5,5,"artery morphogenesis","BP",1
"GO:0048846",1,1,2,2,"axon extension involved in axon guidance","BP",1
"GO:0048853",1,1,1,1,"forebrain morphogenesis","BP",1
"GO:0048854",1,1,2,2,"brain morphogenesis","BP",1
"GO:0048856",1,1,259,259,"anatomical structure development","BP",1
"GO:0048857",1,1,2,2,"neural nucleus development","BP",1
"GO:0048858",1,1,30,30,"cell projection morphogenesis","BP",1
"GO:0048859",1,1,1,1,"formation of anatomical boundary","BP",1
"GO:0048863",1,1,9,9,"stem cell differentiation","BP",1
"GO:0048864",1,1,5,5,"stem cell development","BP",1
"GO:0048869",1,1,200,200,"cellular developmental process","BP",1
"GO:0048870",1,1,83,83,"cell motility","BP",1
"GO:0048871",1,1,44,44,"multicellular organismal-level homeostasis","BP",1
"GO:0048872",1,1,19,19,"homeostasis of number of cells","BP",1
"GO:0048873",1,1,1,1,"homeostasis of number of cells within a tissue","BP",1
"GO:0048874",1,1,1,1,"host-mediated regulation of intestinal microbiota composition","BP",1
"GO:0048878",1,1,43,43,"chemical homeostasis","BP",1
"GO:0048880",1,1,12,12,"sensory system development","BP",1
"GO:0050000",1,1,8,8,"chromosome localization","BP",1
"GO:0050427",1,1,1,1,"3'-phosphoadenosine 5'-phosphosulfate metabolic process","BP",1
"GO:0050432",1,1,1,1,"catecholamine secretion","BP",1
"GO:0050433",1,1,1,1,"regulation of catecholamine secretion","BP",1
"GO:0050435",1,1,5,5,"amyloid-beta metabolic process","BP",1
"GO:0050482",1,1,1,1,"arachidonic acid secretion","BP",1
"GO:0050650",1,1,1,1,"chondroitin sulfate proteoglycan biosynthetic process","BP",1
"GO:0050651",1,1,2,2,"dermatan sulfate proteoglycan biosynthetic process","BP",1
"GO:0050654",1,1,1,1,"chondroitin sulfate proteoglycan metabolic process","BP",1
"GO:0050655",1,1,2,2,"dermatan sulfate proteoglycan metabolic process","BP",1
"GO:0050657",1,1,8,8,"nucleic acid transport","BP",1
"GO:0050658",1,1,8,8,"RNA transport","BP",1
"GO:0050670",1,1,13,13,"regulation of lymphocyte proliferation","BP",1
"GO:0050671",1,1,11,11,"positive regulation of lymphocyte proliferation","BP",1
"GO:0050672",1,1,3,3,"negative regulation of lymphocyte proliferation","BP",1
"GO:0050673",1,1,24,24,"epithelial cell proliferation","BP",1
"GO:0050678",1,1,21,21,"regulation of epithelial cell proliferation","BP",1
"GO:0050679",1,1,10,10,"positive regulation of epithelial cell proliferation","BP",1
"GO:0050680",1,1,9,9,"negative regulation of epithelial cell proliferation","BP",1
"GO:0050684",1,1,8,8,"regulation of mRNA processing","BP",1
"GO:0050685",1,1,2,2,"positive regulation of mRNA processing","BP",1
"GO:0050686",1,1,1,1,"negative regulation of mRNA processing","BP",1
"GO:0050687",1,1,5,5,"negative regulation of defense response to virus","BP",1
"GO:0050688",1,1,8,8,"regulation of defense response to virus","BP",1
"GO:0050691",1,1,1,1,"regulation of defense response to virus by host","BP",1
"GO:0050708",1,1,16,16,"regulation of protein secretion","BP",1
"GO:0050709",1,1,4,4,"negative regulation of protein secretion","BP",1
"GO:0050714",1,1,6,6,"positive regulation of protein secretion","BP",1
"GO:0050727",1,1,13,13,"regulation of inflammatory response","BP",1
"GO:0050728",1,1,9,9,"negative regulation of inflammatory response","BP",1
"GO:0050729",1,1,5,5,"positive regulation of inflammatory response","BP",1
"GO:0050730",1,1,16,16,"regulation of peptidyl-tyrosine phosphorylation","BP",1
"GO:0050731",1,1,14,14,"positive regulation of peptidyl-tyrosine phosphorylation","BP",1
"GO:0050732",1,1,2,2,"negative regulation of peptidyl-tyrosine phosphorylation","BP",1
"GO:0050746",1,1,1,1,"regulation of lipoprotein metabolic process","BP",1
"GO:0050764",1,1,3,3,"regulation of phagocytosis","BP",1
"GO:0050766",1,1,2,2,"positive regulation of phagocytosis","BP",1
"GO:0050767",1,1,30,30,"regulation of neurogenesis","BP",1
"GO:0050768",1,1,13,13,"negative regulation of neurogenesis","BP",1
"GO:0050769",1,1,16,16,"positive regulation of neurogenesis","BP",1
"GO:0050770",1,1,9,9,"regulation of axonogenesis","BP",1
"GO:0050771",1,1,5,5,"negative regulation of axonogenesis","BP",1
"GO:0050772",1,1,4,4,"positive regulation of axonogenesis","BP",1
"GO:0050773",1,1,7,7,"regulation of dendrite development","BP",1
"GO:0050774",1,1,1,1,"negative regulation of dendrite morphogenesis","BP",1
"GO:0050775",1,1,2,2,"positive regulation of dendrite morphogenesis","BP",1
"GO:0050776",1,1,71,71,"regulation of immune response","BP",1
"GO:0050777",1,1,17,17,"negative regulation of immune response","BP",1
"GO:0050778",1,1,58,58,"positive regulation of immune response","BP",1
"GO:0050779",1,1,4,4,"RNA destabilization","BP",1
"GO:0050789",1,1,555,555,"regulation of biological process","BP",1
"GO:0050790",1,1,84,84,"regulation of catalytic activity","BP",1
"GO:0050792",1,1,14,14,"regulation of viral process","BP",1
"GO:0050793",1,1,119,119,"regulation of developmental process","BP",1
"GO:0050794",1,1,527,527,"regulation of cellular process","BP",1
"GO:0050795",1,1,2,2,"regulation of behavior","BP",1
"GO:0050796",1,1,12,12,"regulation of insulin secretion","BP",1
"GO:0050798",1,1,3,3,"activated T cell proliferation","BP",1
"GO:0050801",1,1,25,25,"monoatomic ion homeostasis","BP",1
"GO:0050803",1,1,15,15,"regulation of synapse structure or activity","BP",1
"GO:0050804",1,1,23,23,"modulation of chemical synaptic transmission","BP",1
"GO:0050805",1,1,2,2,"negative regulation of synaptic transmission","BP",1
"GO:0050806",1,1,10,10,"positive regulation of synaptic transmission","BP",1
"GO:0050807",1,1,15,15,"regulation of synapse organization","BP",1
"GO:0050808",1,1,25,25,"synapse organization","BP",1
"GO:0050810",1,1,4,4,"regulation of steroid biosynthetic process","BP",1
"GO:0050812",1,1,1,1,"regulation of acyl-CoA biosynthetic process","BP",1
"GO:0050817",1,1,9,9,"coagulation","BP",1
"GO:0050818",1,1,3,3,"regulation of coagulation","BP",1
"GO:0050819",1,1,2,2,"negative regulation of coagulation","BP",1
"GO:0050821",1,1,8,8,"protein stabilization","BP",1
"GO:0050829",1,1,6,6,"defense response to Gram-negative bacterium","BP",1
"GO:0050830",1,1,5,5,"defense response to Gram-positive bacterium","BP",1
"GO:0050832",1,1,7,7,"defense response to fungus","BP",1
"GO:0050848",1,1,7,7,"regulation of calcium-mediated signaling","BP",1
"GO:0050849",1,1,2,2,"negative regulation of calcium-mediated signaling","BP",1
"GO:0050850",1,1,4,4,"positive regulation of calcium-mediated signaling","BP",1
"GO:0050851",1,1,19,19,"antigen receptor-mediated signaling pathway","BP",1
"GO:0050852",1,1,14,14,"T cell receptor signaling pathway","BP",1
"GO:0050853",1,1,7,7,"B cell receptor signaling pathway","BP",1
"GO:0050854",1,1,8,8,"regulation of antigen receptor-mediated signaling pathway","BP",1
"GO:0050855",1,1,2,2,"regulation of B cell receptor signaling pathway","BP",1
"GO:0050856",1,1,6,6,"regulation of T cell receptor signaling pathway","BP",1
"GO:0050857",1,1,3,3,"positive regulation of antigen receptor-mediated signaling pathway","BP",1
"GO:0050858",1,1,4,4,"negative regulation of antigen receptor-mediated signaling pathway","BP",1
"GO:0050859",1,1,1,1,"negative regulation of B cell receptor signaling pathway","BP",1
"GO:0050860",1,1,3,3,"negative regulation of T cell receptor signaling pathway","BP",1
"GO:0050862",1,1,3,3,"positive regulation of T cell receptor signaling pathway","BP",1
"GO:0050863",1,1,24,24,"regulation of T cell activation","BP",1
"GO:0050864",1,1,11,11,"regulation of B cell activation","BP",1
"GO:0050865",1,1,44,44,"regulation of cell activation","BP",1
"GO:0050866",1,1,13,13,"negative regulation of cell activation","BP",1
"GO:0050867",1,1,26,26,"positive regulation of cell activation","BP",1
"GO:0050868",1,1,6,6,"negative regulation of T cell activation","BP",1
"GO:0050869",1,1,2,2,"negative regulation of B cell activation","BP",1
"GO:0050870",1,1,17,17,"positive regulation of T cell activation","BP",1
"GO:0050871",1,1,8,8,"positive regulation of B cell activation","BP",1
"GO:0050872",1,1,1,1,"white fat cell differentiation","BP",1
"GO:0050873",1,1,4,4,"brown fat cell differentiation","BP",1
"GO:0050877",1,1,41,41,"nervous system process","BP",1
"GO:0050878",1,1,15,15,"regulation of body fluid levels","BP",1
"GO:0050879",1,1,2,2,"multicellular organismal movement","BP",1
"GO:0050881",1,1,2,2,"musculoskeletal movement","BP",1
"GO:0050884",1,1,1,1,"neuromuscular process controlling posture","BP",1
"GO:0050885",1,1,2,2,"neuromuscular process controlling balance","BP",1
"GO:0050886",1,1,1,1,"endocrine process","BP",1
"GO:0050890",1,1,18,18,"cognition","BP",1
"GO:0050892",1,1,1,1,"intestinal absorption","BP",1
"GO:0050896",1,1,426,426,"response to stimulus","BP",1
"GO:0050900",1,1,26,26,"leukocyte migration","BP",1
"GO:0050901",1,1,4,4,"leukocyte tethering or rolling","BP",1
"GO:0050904",1,1,1,1,"diapedesis","BP",1
"GO:0050905",1,1,4,4,"neuromuscular process","BP",1
"GO:0050906",1,1,4,4,"detection of stimulus involved in sensory perception","BP",1
"GO:0050907",1,1,1,1,"detection of chemical stimulus involved in sensory perception","BP",1
"GO:0050908",1,1,1,1,"detection of light stimulus involved in visual perception","BP",1
"GO:0050909",1,1,2,2,"sensory perception of taste","BP",1
"GO:0050910",1,1,1,1,"detection of mechanical stimulus involved in sensory perception of sound","BP",1
"GO:0050912",1,1,1,1,"detection of chemical stimulus involved in sensory perception of taste","BP",1
"GO:0050913",1,1,1,1,"sensory perception of bitter taste","BP",1
"GO:0050914",1,1,1,1,"sensory perception of salty taste","BP",1
"GO:0050915",1,1,1,1,"sensory perception of sour taste","BP",1
"GO:0050918",1,1,3,3,"positive chemotaxis","BP",1
"GO:0050919",1,1,2,2,"negative chemotaxis","BP",1
"GO:0050920",1,1,13,13,"regulation of chemotaxis","BP",1
"GO:0050921",1,1,5,5,"positive regulation of chemotaxis","BP",1
"GO:0050922",1,1,6,6,"negative regulation of chemotaxis","BP",1
"GO:0050926",1,1,1,1,"regulation of positive chemotaxis","BP",1
"GO:0050927",1,1,1,1,"positive regulation of positive chemotaxis","BP",1
"GO:0050930",1,1,1,1,"induction of positive chemotaxis","BP",1
"GO:0050931",1,1,1,1,"pigment cell differentiation","BP",1
"GO:0050951",1,1,1,1,"sensory perception of temperature stimulus","BP",1
"GO:0050953",1,1,6,6,"sensory perception of light stimulus","BP",1
"GO:0050954",1,1,9,9,"sensory perception of mechanical stimulus","BP",1
"GO:0050955",1,1,1,1,"thermoception","BP",1
"GO:0050960",1,1,1,1,"detection of temperature stimulus involved in thermoception","BP",1
"GO:0050961",1,1,1,1,"detection of temperature stimulus involved in sensory perception","BP",1
"GO:0050962",1,1,1,1,"detection of light stimulus involved in sensory perception","BP",1
"GO:0050974",1,1,1,1,"detection of mechanical stimulus involved in sensory perception","BP",1
"GO:0050982",1,1,1,1,"detection of mechanical stimulus","BP",1
"GO:0050994",1,1,2,2,"regulation of lipid catabolic process","BP",1
"GO:0050995",1,1,1,1,"negative regulation of lipid catabolic process","BP",1
"GO:0050996",1,1,1,1,"positive regulation of lipid catabolic process","BP",1
"GO:0050999",1,1,1,1,"regulation of nitric-oxide synthase activity","BP",1
"GO:0051000",1,1,1,1,"positive regulation of nitric-oxide synthase activity","BP",1
"GO:0051013",1,1,1,1,"microtubule severing","BP",1
"GO:0051014",1,1,1,1,"actin filament severing","BP",1
"GO:0051016",1,1,2,2,"barbed-end actin filament capping","BP",1
"GO:0051017",1,1,14,14,"actin filament bundle assembly","BP",1
"GO:0051026",1,1,2,2,"chiasma assembly","BP",1
"GO:0051028",1,1,7,7,"mRNA transport","BP",1
"GO:0051036",1,1,1,1,"regulation of endosome size","BP",1
"GO:0051043",1,1,1,1,"regulation of membrane protein ectodomain proteolysis","BP",1
"GO:0051045",1,1,1,1,"negative regulation of membrane protein ectodomain proteolysis","BP",1
"GO:0051046",1,1,39,39,"regulation of secretion","BP",1
"GO:0051047",1,1,18,18,"positive regulation of secretion","BP",1
"GO:0051048",1,1,10,10,"negative regulation of secretion","BP",1
"GO:0051049",1,1,79,79,"regulation of transport","BP",1
"GO:0051050",1,1,38,38,"positive regulation of transport","BP",1
"GO:0051051",1,1,21,21,"negative regulation of transport","BP",1
"GO:0051052",1,1,32,32,"regulation of DNA metabolic process","BP",1
"GO:0051053",1,1,15,15,"negative regulation of DNA metabolic process","BP",1
"GO:0051054",1,1,13,13,"positive regulation of DNA metabolic process","BP",1
"GO:0051055",1,1,3,3,"negative regulation of lipid biosynthetic process","BP",1
"GO:0051056",1,1,19,19,"regulation of small GTPase mediated signal transduction","BP",1
"GO:0051057",1,1,3,3,"positive regulation of small GTPase mediated signal transduction","BP",1
"GO:0051058",1,1,4,4,"negative regulation of small GTPase mediated signal transduction","BP",1
"GO:0051081",1,1,1,1,"nuclear membrane disassembly","BP",1
"GO:0051083",1,1,2,2,"'de novo' cotranslational protein folding","BP",1
"GO:0051084",1,1,5,5,"'de novo' post-translational protein folding","BP",1
"GO:0051085",1,1,4,4,"chaperone cofactor-dependent protein refolding","BP",1
"GO:0051090",1,1,31,31,"regulation of DNA-binding transcription factor activity","BP",1
"GO:0051091",1,1,17,17,"positive regulation of DNA-binding transcription factor activity","BP",1
"GO:0051092",1,1,9,9,"positive regulation of NF-kappaB transcription factor activity","BP",1
"GO:0051093",1,1,56,56,"negative regulation of developmental process","BP",1
"GO:0051094",1,1,62,62,"positive regulation of developmental process","BP",1
"GO:0051095",1,1,2,2,"regulation of helicase activity","BP",1
"GO:0051096",1,1,1,1,"positive regulation of helicase activity","BP",1
"GO:0051097",1,1,1,1,"negative regulation of helicase activity","BP",1
"GO:0051098",1,1,29,29,"regulation of binding","BP",1
"GO:0051099",1,1,16,16,"positive regulation of binding","BP",1
"GO:0051100",1,1,12,12,"negative regulation of binding","BP",1
"GO:0051101",1,1,12,12,"regulation of DNA binding","BP",1
"GO:0051123",1,1,1,1,"RNA polymerase II preinitiation complex assembly","BP",1
"GO:0051124",1,1,1,1,"synaptic assembly at neuromuscular junction","BP",1
"GO:0051125",1,1,4,4,"regulation of actin nucleation","BP",1
"GO:0051126",1,1,2,2,"negative regulation of actin nucleation","BP",1
"GO:0051127",1,1,2,2,"positive regulation of actin nucleation","BP",1
"GO:0051128",1,1,128,128,"regulation of cellular component organization","BP",1
"GO:0051129",1,1,44,44,"negative regulation of cellular component organization","BP",1
"GO:0051130",1,1,53,53,"positive regulation of cellular component organization","BP",1
"GO:0051132",1,1,1,1,"NK T cell activation","BP",1
"GO:0051133",1,1,1,1,"regulation of NK T cell activation","BP",1
"GO:0051135",1,1,1,1,"positive regulation of NK T cell activation","BP",1
"GO:0051136",1,1,1,1,"regulation of NK T cell differentiation","BP",1
"GO:0051138",1,1,1,1,"positive regulation of NK T cell differentiation","BP",1
"GO:0051145",1,1,5,5,"smooth muscle cell differentiation","BP",1
"GO:0051146",1,1,7,7,"striated muscle cell differentiation","BP",1
"GO:0051147",1,1,10,10,"regulation of muscle cell differentiation","BP",1
"GO:0051148",1,1,3,3,"negative regulation of muscle cell differentiation","BP",1
"GO:0051149",1,1,6,6,"positive regulation of muscle cell differentiation","BP",1
"GO:0051150",1,1,4,4,"regulation of smooth muscle cell differentiation","BP",1
"GO:0051151",1,1,1,1,"negative regulation of smooth muscle cell differentiation","BP",1
"GO:0051152",1,1,3,3,"positive regulation of smooth muscle cell differentiation","BP",1
"GO:0051153",1,1,2,2,"regulation of striated muscle cell differentiation","BP",1
"GO:0051154",1,1,1,1,"negative regulation of striated muscle cell differentiation","BP",1
"GO:0051155",1,1,1,1,"positive regulation of striated muscle cell differentiation","BP",1
"GO:0051156",1,1,4,4,"glucose 6-phosphate metabolic process","BP",1
"GO:0051167",1,1,1,1,"xylulose 5-phosphate metabolic process","BP",1
"GO:0051168",1,1,13,13,"nuclear export","BP",1
"GO:0051169",1,1,22,22,"nuclear transport","BP",1
"GO:0051170",1,1,9,9,"import into nucleus","BP",1
"GO:0051171",1,1,299,299,"regulation of nitrogen compound metabolic process","BP",1
"GO:0051172",1,1,127,127,"negative regulation of nitrogen compound metabolic process","BP",1
"GO:0051173",1,1,171,171,"positive regulation of nitrogen compound metabolic process","BP",1
"GO:0051174",1,1,70,70,"regulation of phosphorus metabolic process","BP",1
"GO:0051176",1,1,1,1,"positive regulation of sulfur metabolic process","BP",1
"GO:0051179",1,1,259,259,"localization","BP",1
"GO:0051180",1,1,1,1,"vitamin transport","BP",1
"GO:0051189",1,1,1,1,"prosthetic group metabolic process","BP",1
"GO:0051205",1,1,5,5,"protein insertion into membrane","BP",1
"GO:0051208",1,1,10,10,"sequestering of calcium ion","BP",1
"GO:0051209",1,1,9,9,"release of sequestered calcium ion into cytosol","BP",1
"GO:0051216",1,1,8,8,"cartilage development","BP",1
"GO:0051220",1,1,4,4,"cytoplasmic sequestering of protein","BP",1
"GO:0051222",1,1,14,14,"positive regulation of protein transport","BP",1
"GO:0051223",1,1,30,30,"regulation of protein transport","BP",1
"GO:0051224",1,1,5,5,"negative regulation of protein transport","BP",1
"GO:0051225",1,1,12,12,"spindle assembly","BP",1
"GO:0051231",1,1,2,2,"spindle elongation","BP",1
"GO:0051234",1,1,218,218,"establishment of localization","BP",1
"GO:0051235",1,1,23,23,"maintenance of location","BP",1
"GO:0051236",1,1,8,8,"establishment of RNA localization","BP",1
"GO:0051238",1,1,1,1,"sequestering of metal ion","BP",1
"GO:0051239",1,1,152,152,"regulation of multicellular organismal process","BP",1
"GO:0051240",1,1,92,92,"positive regulation of multicellular organismal process","BP",1
"GO:0051241",1,1,67,67,"negative regulation of multicellular organismal process","BP",1
"GO:0051246",1,1,127,127,"regulation of protein metabolic process","BP",1
"GO:0051247",1,1,70,70,"positive regulation of protein metabolic process","BP",1
"GO:0051248",1,1,54,54,"negative regulation of protein metabolic process","BP",1
"GO:0051249",1,1,36,36,"regulation of lymphocyte activation","BP",1
"GO:0051250",1,1,10,10,"negative regulation of lymphocyte activation","BP",1
"GO:0051251",1,1,24,24,"positive regulation of lymphocyte activation","BP",1
"GO:0051252",1,1,202,202,"regulation of RNA metabolic process","BP",1
"GO:0051253",1,1,73,73,"negative regulation of RNA metabolic process","BP",1
"GO:0051254",1,1,110,110,"positive regulation of RNA metabolic process","BP",1
"GO:0051255",1,1,1,1,"spindle midzone assembly","BP",1
"GO:0051256",1,1,1,1,"mitotic spindle midzone assembly","BP",1
"GO:0051258",1,1,18,18,"protein polymerization","BP",1
"GO:0051259",1,1,14,14,"protein complex oligomerization","BP",1
"GO:0051260",1,1,8,8,"protein homooligomerization","BP",1
"GO:0051261",1,1,7,7,"protein depolymerization","BP",1
"GO:0051262",1,1,7,7,"protein tetramerization","BP",1
"GO:0051276",1,1,41,41,"chromosome organization","BP",1
"GO:0051279",1,1,3,3,"regulation of release of sequestered calcium ion into cytosol","BP",1
"GO:0051282",1,1,10,10,"regulation of sequestering of calcium ion","BP",1
"GO:0051283",1,1,10,10,"negative regulation of sequestering of calcium ion","BP",1
"GO:0051289",1,1,4,4,"protein homotetramerization","BP",1
"GO:0051290",1,1,3,3,"protein heterotetramerization","BP",1
"GO:0051291",1,1,3,3,"protein heterooligomerization","BP",1
"GO:0051293",1,1,4,4,"establishment of spindle localization","BP",1
"GO:0051294",1,1,3,3,"establishment of spindle orientation","BP",1
"GO:0051298",1,1,4,4,"centrosome duplication","BP",1
"GO:0051299",1,1,3,3,"centrosome separation","BP",1
"GO:0051301",1,1,27,27,"cell division","BP",1
"GO:0051302",1,1,5,5,"regulation of cell division","BP",1
"GO:0051303",1,1,7,7,"establishment of chromosome localization","BP",1
"GO:0051304",1,1,9,9,"chromosome separation","BP",1
"GO:0051305",1,1,1,1,"chromosome movement towards spindle pole","BP",1
"GO:0051306",1,1,8,8,"mitotic sister chromatid separation","BP",1
"GO:0051310",1,1,7,7,"metaphase chromosome alignment","BP",1
"GO:0051315",1,1,1,1,"attachment of mitotic spindle microtubules to kinetochore","BP",1
"GO:0051321",1,1,12,12,"meiotic cell cycle","BP",1
"GO:0051336",1,1,36,36,"regulation of hydrolase activity","BP",1
"GO:0051338",1,1,46,46,"regulation of transferase activity","BP",1
"GO:0051339",1,1,3,3,"regulation of lyase activity","BP",1
"GO:0051341",1,1,2,2,"regulation of oxidoreductase activity","BP",1
"GO:0051345",1,1,22,22,"positive regulation of hydrolase activity","BP",1
"GO:0051346",1,1,12,12,"negative regulation of hydrolase activity","BP",1
"GO:0051347",1,1,21,21,"positive regulation of transferase activity","BP",1
"GO:0051348",1,1,21,21,"negative regulation of transferase activity","BP",1
"GO:0051349",1,1,2,2,"positive regulation of lyase activity","BP",1
"GO:0051350",1,1,1,1,"negative regulation of lyase activity","BP",1
"GO:0051353",1,1,1,1,"positive regulation of oxidoreductase activity","BP",1
"GO:0051354",1,1,1,1,"negative regulation of oxidoreductase activity","BP",1
"GO:0051382",1,1,1,1,"kinetochore assembly","BP",1
"GO:0051383",1,1,1,1,"kinetochore organization","BP",1
"GO:0051384",1,1,5,5,"response to glucocorticoid","BP",1
"GO:0051385",1,1,3,3,"response to mineralocorticoid","BP",1
"GO:0051386",1,1,1,1,"regulation of neurotrophin TRK receptor signaling pathway","BP",1
"GO:0051388",1,1,1,1,"positive regulation of neurotrophin TRK receptor signaling pathway","BP",1
"GO:0051402",1,1,19,19,"neuron apoptotic process","BP",1
"GO:0051403",1,1,15,15,"stress-activated MAPK cascade","BP",1
"GO:0051409",1,1,2,2,"response to nitrosative stress","BP",1
"GO:0051412",1,1,1,1,"response to corticosterone","BP",1
"GO:0051438",1,1,5,5,"regulation of ubiquitin-protein transferase activity","BP",1
"GO:0051443",1,1,2,2,"positive regulation of ubiquitin-protein transferase activity","BP",1
"GO:0051444",1,1,2,2,"negative regulation of ubiquitin-protein transferase activity","BP",1
"GO:0051445",1,1,1,1,"regulation of meiotic cell cycle","BP",1
"GO:0051447",1,1,1,1,"negative regulation of meiotic cell cycle","BP",1
"GO:0051450",1,1,2,2,"myoblast proliferation","BP",1
"GO:0051452",1,1,4,4,"intracellular pH reduction","BP",1
"GO:0051453",1,1,4,4,"regulation of intracellular pH","BP",1
"GO:0051469",1,1,1,1,"vesicle fusion with vacuole","BP",1
"GO:0051480",1,1,1,1,"regulation of cytosolic calcium ion concentration","BP",1
"GO:0051489",1,1,7,7,"regulation of filopodium assembly","BP",1
"GO:0051491",1,1,3,3,"positive regulation of filopodium assembly","BP",1
"GO:0051492",1,1,7,7,"regulation of stress fiber assembly","BP",1
"GO:0051493",1,1,30,30,"regulation of cytoskeleton organization","BP",1
"GO:0051494",1,1,7,7,"negative regulation of cytoskeleton organization","BP",1
"GO:0051495",1,1,10,10,"positive regulation of cytoskeleton organization","BP",1
"GO:0051496",1,1,6,6,"positive regulation of stress fiber assembly","BP",1
"GO:0051497",1,1,1,1,"negative regulation of stress fiber assembly","BP",1
"GO:0051503",1,1,1,1,"adenine nucleotide transport","BP",1
"GO:0051541",1,1,2,2,"elastin metabolic process","BP",1
"GO:0051542",1,1,1,1,"elastin biosynthetic process","BP",1
"GO:0051543",1,1,1,1,"regulation of elastin biosynthetic process","BP",1
"GO:0051545",1,1,1,1,"negative regulation of elastin biosynthetic process","BP",1
"GO:0051546",1,1,2,2,"keratinocyte migration","BP",1
"GO:0051547",1,1,2,2,"regulation of keratinocyte migration","BP",1
"GO:0051549",1,1,2,2,"positive regulation of keratinocyte migration","BP",1
"GO:0051560",1,1,3,3,"mitochondrial calcium ion homeostasis","BP",1
"GO:0051561",1,1,1,1,"positive regulation of mitochondrial calcium ion concentration","BP",1
"GO:0051568",1,1,1,1,"histone H3-K4 methylation","BP",1
"GO:0051569",1,1,1,1,"regulation of histone H3-K4 methylation","BP",1
"GO:0051571",1,1,1,1,"positive regulation of histone H3-K4 methylation","BP",1
"GO:0051580",1,1,1,1,"regulation of neurotransmitter uptake","BP",1
"GO:0051588",1,1,5,5,"regulation of neurotransmitter transport","BP",1
"GO:0051590",1,1,1,1,"positive regulation of neurotransmitter transport","BP",1
"GO:0051591",1,1,5,5,"response to cAMP","BP",1
"GO:0051592",1,1,6,6,"response to calcium ion","BP",1
"GO:0051593",1,1,1,1,"response to folic acid","BP",1
"GO:0051602",1,1,3,3,"response to electrical stimulus","BP",1
"GO:0051603",1,1,36,36,"proteolysis involved in protein catabolic process","BP",1
"GO:0051604",1,1,35,35,"protein maturation","BP",1
"GO:0051606",1,1,7,7,"detection of stimulus","BP",1
"GO:0051607",1,1,29,29,"defense response to virus","BP",1
"GO:0051608",1,1,1,1,"histamine transport","BP",1
"GO:0051639",1,1,1,1,"actin filament network formation","BP",1
"GO:0051640",1,1,41,41,"organelle localization","BP",1
"GO:0051641",1,1,189,189,"cellular localization","BP",1
"GO:0051642",1,1,2,2,"centrosome localization","BP",1
"GO:0051643",1,1,1,1,"endoplasmic reticulum localization","BP",1
"GO:0051646",1,1,2,2,"mitochondrion localization","BP",1
"GO:0051647",1,1,2,2,"nucleus localization","BP",1
"GO:0051648",1,1,6,6,"vesicle localization","BP",1
"GO:0051649",1,1,110,110,"establishment of localization in cell","BP",1
"GO:0051650",1,1,6,6,"establishment of vesicle localization","BP",1
"GO:0051651",1,1,16,16,"maintenance of location in cell","BP",1
"GO:0051653",1,1,4,4,"spindle localization","BP",1
"GO:0051654",1,1,2,2,"establishment of mitochondrion localization","BP",1
"GO:0051656",1,1,34,34,"establishment of organelle localization","BP",1
"GO:0051665",1,1,1,1,"membrane raft localization","BP",1
"GO:0051668",1,1,32,32,"localization within membrane","BP",1
"GO:0051673",1,1,1,1,"disruption of plasma membrane integrity in another organism","BP",1
"GO:0051693",1,1,3,3,"actin filament capping","BP",1
"GO:0051701",1,1,9,9,"biological process involved in interaction with host","BP",1
"GO:0051702",1,1,8,8,"biological process involved in interaction with symbiont","BP",1
"GO:0051703",1,1,2,2,"biological process involved in intraspecies interaction between organisms","BP",1
"GO:0051707",1,1,93,93,"response to other organism","BP",1
"GO:0051709",1,1,1,1,"regulation of killing of cells of another organism","BP",1
"GO:0051712",1,1,1,1,"positive regulation of killing of cells of another organism","BP",1
"GO:0051715",1,1,2,2,"cytolysis in another organism","BP",1
"GO:0051716",1,1,352,352,"cellular response to stimulus","BP",1
"GO:0051725",1,1,1,1,"protein de-ADP-ribosylation","BP",1
"GO:0051726",1,1,77,77,"regulation of cell cycle","BP",1
"GO:0051767",1,1,1,1,"nitric-oxide synthase biosynthetic process","BP",1
"GO:0051769",1,1,1,1,"regulation of nitric-oxide synthase biosynthetic process","BP",1
"GO:0051770",1,1,1,1,"positive regulation of nitric-oxide synthase biosynthetic process","BP",1
"GO:0051775",1,1,1,1,"response to redox state","BP",1
"GO:0051781",1,1,1,1,"positive regulation of cell division","BP",1
"GO:0051783",1,1,13,13,"regulation of nuclear division","BP",1
"GO:0051784",1,1,7,7,"negative regulation of nuclear division","BP",1
"GO:0051785",1,1,5,5,"positive regulation of nuclear division","BP",1
"GO:0051788",1,1,2,2,"response to misfolded protein","BP",1
"GO:0051790",1,1,1,1,"short-chain fatty acid biosynthetic process","BP",1
"GO:0051791",1,1,1,1,"medium-chain fatty acid metabolic process","BP",1
"GO:0051851",1,1,7,7,"modulation by host of symbiont process","BP",1
"GO:0051865",1,1,1,1,"protein autoubiquitination","BP",1
"GO:0051873",1,1,1,1,"killing by host of symbiont cells","BP",1
"GO:0051881",1,1,4,4,"regulation of mitochondrial membrane potential","BP",1
"GO:0051882",1,1,1,1,"mitochondrial depolarization","BP",1
"GO:0051893",1,1,1,1,"regulation of focal adhesion assembly","BP",1
"GO:0051896",1,1,12,12,"regulation of phosphatidylinositol 3-kinase/protein kinase B signal transduction","BP",1
"GO:0051897",1,1,7,7,"positive regulation of phosphatidylinositol 3-kinase/protein kinase B signal transduction","BP",1
"GO:0051898",1,1,5,5,"negative regulation of phosphatidylinositol 3-kinase/protein kinase B signal transduction","BP",1
"GO:0051899",1,1,3,3,"membrane depolarization","BP",1
"GO:0051900",1,1,1,1,"regulation of mitochondrial depolarization","BP",1
"GO:0051924",1,1,8,8,"regulation of calcium ion transport","BP",1
"GO:0051928",1,1,1,1,"positive regulation of calcium ion transport","BP",1
"GO:0051932",1,1,1,1,"synaptic transmission, GABAergic","BP",1
"GO:0051933",1,1,1,1,"amino acid neurotransmitter reuptake","BP",1
"GO:0051935",1,1,1,1,"glutamate reuptake","BP",1
"GO:0051937",1,1,1,1,"catecholamine transport","BP",1
"GO:0051938",1,1,2,2,"L-glutamate import","BP",1
"GO:0051941",1,1,1,1,"regulation of amino acid uptake involved in synaptic transmission","BP",1
"GO:0051946",1,1,1,1,"regulation of glutamate uptake involved in transmission of nerve impulse","BP",1
"GO:0051952",1,1,2,2,"regulation of amine transport","BP",1
"GO:0051954",1,1,1,1,"positive regulation of amine transport","BP",1
"GO:0051955",1,1,1,1,"regulation of amino acid transport","BP",1
"GO:0051960",1,1,33,33,"regulation of nervous system development","BP",1
"GO:0051961",1,1,13,13,"negative regulation of nervous system development","BP",1
"GO:0051962",1,1,19,19,"positive regulation of nervous system development","BP",1
"GO:0051963",1,1,8,8,"regulation of synapse assembly","BP",1
"GO:0051964",1,1,1,1,"negative regulation of synapse assembly","BP",1
"GO:0051965",1,1,4,4,"positive regulation of synapse assembly","BP",1
"GO:0051966",1,1,2,2,"regulation of synaptic transmission, glutamatergic","BP",1
"GO:0051968",1,1,2,2,"positive regulation of synaptic transmission, glutamatergic","BP",1
"GO:0051972",1,1,1,1,"regulation of telomerase activity","BP",1
"GO:0051974",1,1,1,1,"negative regulation of telomerase activity","BP",1
"GO:0051983",1,1,10,10,"regulation of chromosome segregation","BP",1
"GO:0051984",1,1,2,2,"positive regulation of chromosome segregation","BP",1
"GO:0051985",1,1,7,7,"negative regulation of chromosome segregation","BP",1
"GO:0051987",1,1,1,1,"positive regulation of attachment of spindle microtubules to kinetochore","BP",1
"GO:0051988",1,1,1,1,"regulation of attachment of spindle microtubules to kinetochore","BP",1
"GO:0052372",1,1,3,3,"modulation by symbiont of entry into host","BP",1
"GO:0052547",1,1,15,15,"regulation of peptidase activity","BP",1
"GO:0052548",1,1,13,13,"regulation of endopeptidase activity","BP",1
"GO:0052646",1,1,1,1,"alditol phosphate metabolic process","BP",1
"GO:0052651",1,1,1,1,"monoacylglycerol catabolic process","BP",1
"GO:0052779",1,1,2,2,"amino disaccharide metabolic process","BP",1
"GO:0055001",1,1,6,6,"muscle cell development","BP",1
"GO:0055002",1,1,1,1,"striated muscle cell development","BP",1
"GO:0055006",1,1,1,1,"cardiac cell development","BP",1
"GO:0055007",1,1,2,2,"cardiac muscle cell differentiation","BP",1
"GO:0055008",1,1,1,1,"cardiac muscle tissue morphogenesis","BP",1
"GO:0055010",1,1,1,1,"ventricular cardiac muscle tissue morphogenesis","BP",1
"GO:0055012",1,1,1,1,"ventricular cardiac muscle cell differentiation","BP",1
"GO:0055013",1,1,1,1,"cardiac muscle cell development","BP",1
"GO:0055017",1,1,1,1,"cardiac muscle tissue growth","BP",1
"GO:0055021",1,1,1,1,"regulation of cardiac muscle tissue growth","BP",1
"GO:0055022",1,1,1,1,"negative regulation of cardiac muscle tissue growth","BP",1
"GO:0055064",1,1,1,1,"chloride ion homeostasis","BP",1
"GO:0055074",1,1,16,16,"calcium ion homeostasis","BP",1
"GO:0055075",1,1,1,1,"potassium ion homeostasis","BP",1
"GO:0055078",1,1,1,1,"sodium ion homeostasis","BP",1
"GO:0055080",1,1,25,25,"monoatomic cation homeostasis","BP",1
"GO:0055081",1,1,1,1,"monoatomic anion homeostasis","BP",1
"GO:0055082",1,1,34,34,"intracellular chemical homeostasis","BP",1
"GO:0055085",1,1,61,61,"transmembrane transport","BP",1
"GO:0055086",1,1,38,38,"nucleobase-containing small molecule metabolic process","BP",1
"GO:0055088",1,1,8,8,"lipid homeostasis","BP",1
"GO:0055090",1,1,1,1,"acylglycerol homeostasis","BP",1
"GO:0055091",1,1,1,1,"phospholipid homeostasis","BP",1
"GO:0055092",1,1,7,7,"sterol homeostasis","BP",1
"GO:0055093",1,1,2,2,"response to hyperoxia","BP",1
"GO:0055094",1,1,2,2,"response to lipoprotein particle","BP",1
"GO:0055117",1,1,2,2,"regulation of cardiac muscle contraction","BP",1
"GO:0055118",1,1,1,1,"negative regulation of cardiac muscle contraction","BP",1
"GO:0055123",1,1,6,6,"digestive system development","BP",1
"GO:0060008",1,1,2,2,"Sertoli cell differentiation","BP",1
"GO:0060009",1,1,1,1,"Sertoli cell development","BP",1
"GO:0060010",1,1,1,1,"Sertoli cell fate commitment","BP",1
"GO:0060019",1,1,1,1,"radial glial cell differentiation","BP",1
"GO:0060020",1,1,1,1,"Bergmann glial cell differentiation","BP",1
"GO:0060021",1,1,5,5,"roof of mouth development","BP",1
"GO:0060022",1,1,1,1,"hard palate development","BP",1
"GO:0060023",1,1,1,1,"soft palate development","BP",1
"GO:0060024",1,1,1,1,"rhythmic synaptic transmission","BP",1
"GO:0060038",1,1,1,1,"cardiac muscle cell proliferation","BP",1
"GO:0060041",1,1,3,3,"retina development in camera-type eye","BP",1
"GO:0060043",1,1,1,1,"regulation of cardiac muscle cell proliferation","BP",1
"GO:0060044",1,1,1,1,"negative regulation of cardiac muscle cell proliferation","BP",1
"GO:0060046",1,1,1,1,"regulation of acrosome reaction","BP",1
"GO:0060047",1,1,8,8,"heart contraction","BP",1
"GO:0060048",1,1,4,4,"cardiac muscle contraction","BP",1
"GO:0060049",1,1,1,1,"regulation of protein glycosylation","BP",1
"GO:0060052",1,1,1,1,"neurofilament cytoskeleton organization","BP",1
"GO:0060070",1,1,12,12,"canonical Wnt signaling pathway","BP",1
"GO:0060074",1,1,4,4,"synapse maturation","BP",1
"GO:0060078",1,1,3,3,"regulation of postsynaptic membrane potential","BP",1
"GO:0060079",1,1,3,3,"excitatory postsynaptic potential","BP",1
"GO:0060080",1,1,1,1,"inhibitory postsynaptic potential","BP",1
"GO:0060086",1,1,1,1,"circadian temperature homeostasis","BP",1
"GO:0060088",1,1,1,1,"auditory receptor cell stereocilium organization","BP",1
"GO:0060113",1,1,1,1,"inner ear receptor cell differentiation","BP",1
"GO:0060117",1,1,1,1,"auditory receptor cell development","BP",1
"GO:0060119",1,1,1,1,"inner ear receptor cell development","BP",1
"GO:0060122",1,1,1,1,"inner ear receptor cell stereocilium organization","BP",1
"GO:0060123",1,1,1,1,"regulation of growth hormone secretion","BP",1
"GO:0060124",1,1,1,1,"positive regulation of growth hormone secretion","BP",1
"GO:0060135",1,1,4,4,"maternal process involved in female pregnancy","BP",1
"GO:0060136",1,1,1,1,"embryonic process involved in female pregnancy","BP",1
"GO:0060142",1,1,1,1,"regulation of syncytium formation by plasma membrane fusion","BP",1
"GO:0060143",1,1,1,1,"positive regulation of syncytium formation by plasma membrane fusion","BP",1
"GO:0060147",1,1,1,1,"regulation of post-transcriptional gene silencing","BP",1
"GO:0060149",1,1,1,1,"negative regulation of post-transcriptional gene silencing","BP",1
"GO:0060155",1,1,1,1,"platelet dense granule organization","BP",1
"GO:0060159",1,1,1,1,"regulation of dopamine receptor signaling pathway","BP",1
"GO:0060160",1,1,1,1,"negative regulation of dopamine receptor signaling pathway","BP",1
"GO:0060167",1,1,1,1,"regulation of adenosine receptor signaling pathway","BP",1
"GO:0060169",1,1,1,1,"negative regulation of adenosine receptor signaling pathway","BP",1
"GO:0060173",1,1,7,7,"limb development","BP",1
"GO:0060191",1,1,6,6,"regulation of lipase activity","BP",1
"GO:0060193",1,1,5,5,"positive regulation of lipase activity","BP",1
"GO:0060218",1,1,1,1,"hematopoietic stem cell differentiation","BP",1
"GO:0060236",1,1,3,3,"regulation of mitotic spindle organization","BP",1
"GO:0060249",1,1,12,12,"anatomical structure homeostasis","BP",1
"GO:0060251",1,1,2,2,"regulation of glial cell proliferation","BP",1
"GO:0060252",1,1,1,1,"positive regulation of glial cell proliferation","BP",1
"GO:0060253",1,1,1,1,"negative regulation of glial cell proliferation","BP",1
"GO:0060255",1,1,327,327,"regulation of macromolecule metabolic process","BP",1
"GO:0060260",1,1,4,4,"regulation of transcription initiation by RNA polymerase II","BP",1
"GO:0060261",1,1,3,3,"positive regulation of transcription initiation by RNA polymerase II","BP",1
"GO:0060263",1,1,1,1,"regulation of respiratory burst","BP",1
"GO:0060264",1,1,1,1,"regulation of respiratory burst involved in inflammatory response","BP",1
"GO:0060266",1,1,1,1,"negative regulation of respiratory burst involved in inflammatory response","BP",1
"GO:0060268",1,1,1,1,"negative regulation of respiratory burst","BP",1
"GO:0060271",1,1,13,13,"cilium assembly","BP",1
"GO:0060284",1,1,57,57,"regulation of cell development","BP",1
"GO:0060285",1,1,3,3,"cilium-dependent cell motility","BP",1
"GO:0060287",1,1,1,1,"epithelial cilium movement involved in determination of left/right asymmetry","BP",1
"GO:0060290",1,1,1,1,"transdifferentiation","BP",1
"GO:0060291",1,1,7,7,"long-term synaptic potentiation","BP",1
"GO:0060292",1,1,2,2,"long-term synaptic depression","BP",1
"GO:0060294",1,1,2,2,"cilium movement involved in cell motility","BP",1
"GO:0060306",1,1,1,1,"regulation of membrane repolarization","BP",1
"GO:0060307",1,1,1,1,"regulation of ventricular cardiac muscle cell membrane repolarization","BP",1
"GO:0060309",1,1,1,1,"elastin catabolic process","BP",1
"GO:0060310",1,1,1,1,"regulation of elastin catabolic process","BP",1
"GO:0060311",1,1,1,1,"negative regulation of elastin catabolic process","BP",1
"GO:0060312",1,1,1,1,"regulation of blood vessel remodeling","BP",1
"GO:0060313",1,1,1,1,"negative regulation of blood vessel remodeling","BP",1
"GO:0060322",1,1,34,34,"head development","BP",1
"GO:0060323",1,1,3,3,"head morphogenesis","BP",1
"GO:0060324",1,1,5,5,"face development","BP",1
"GO:0060325",1,1,2,2,"face morphogenesis","BP",1
"GO:0060326",1,1,20,20,"cell chemotaxis","BP",1
"GO:0060330",1,1,1,1,"regulation of response to type II interferon","BP",1
"GO:0060332",1,1,1,1,"positive regulation of response to type II interferon","BP",1
"GO:0060333",1,1,1,1,"type II interferon-mediated signaling pathway","BP",1
"GO:0060334",1,1,1,1,"regulation of type II interferon-mediated signaling pathway","BP",1
"GO:0060335",1,1,1,1,"positive regulation of type II interferon-mediated signaling pathway","BP",1
"GO:0060337",1,1,4,4,"type I interferon-mediated signaling pathway","BP",1
"GO:0060338",1,1,3,3,"regulation of type I interferon-mediated signaling pathway","BP",1
"GO:0060339",1,1,3,3,"negative regulation of type I interferon-mediated signaling pathway","BP",1
"GO:0060340",1,1,1,1,"positive regulation of type I interferon-mediated signaling pathway","BP",1
"GO:0060341",1,1,51,51,"regulation of cellular localization","BP",1
"GO:0060348",1,1,10,10,"bone development","BP",1
"GO:0060349",1,1,5,5,"bone morphogenesis","BP",1
"GO:0060350",1,1,4,4,"endochondral bone morphogenesis","BP",1
"GO:0060351",1,1,3,3,"cartilage development involved in endochondral bone morphogenesis","BP",1
"GO:0060352",1,1,1,1,"cell adhesion molecule production","BP",1
"GO:0060363",1,1,1,1,"cranial suture morphogenesis","BP",1
"GO:0060370",1,1,1,1,"susceptibility to T cell mediated cytotoxicity","BP",1
"GO:0060373",1,1,1,1,"regulation of ventricular cardiac muscle cell membrane depolarization","BP",1
"GO:0060374",1,1,2,2,"mast cell differentiation","BP",1
"GO:0060382",1,1,2,2,"regulation of DNA strand elongation","BP",1
"GO:0060384",1,1,1,1,"innervation","BP",1
"GO:0060390",1,1,3,3,"regulation of SMAD protein signal transduction","BP",1
"GO:0060392",1,1,3,3,"negative regulation of SMAD protein signal transduction","BP",1
"GO:0060395",1,1,7,7,"SMAD protein signal transduction","BP",1
"GO:0060396",1,1,1,1,"growth hormone receptor signaling pathway","BP",1
"GO:0060397",1,1,1,1,"growth hormone receptor signaling pathway via JAK-STAT","BP",1
"GO:0060405",1,1,1,1,"regulation of penile erection","BP",1
"GO:0060407",1,1,1,1,"negative regulation of penile erection","BP",1
"GO:0060411",1,1,5,5,"cardiac septum morphogenesis","BP",1
"GO:0060412",1,1,4,4,"ventricular septum morphogenesis","BP",1
"GO:0060413",1,1,1,1,"atrial septum morphogenesis","BP",1
"GO:0060414",1,1,2,2,"aorta smooth muscle tissue morphogenesis","BP",1
"GO:0060415",1,1,3,3,"muscle tissue morphogenesis","BP",1
"GO:0060416",1,1,1,1,"response to growth hormone","BP",1
"GO:0060419",1,1,1,1,"heart growth","BP",1
"GO:0060420",1,1,1,1,"regulation of heart growth","BP",1
"GO:0060425",1,1,4,4,"lung morphogenesis","BP",1
"GO:0060428",1,1,1,1,"lung epithelium development","BP",1
"GO:0060429",1,1,46,46,"epithelium development","BP",1
"GO:0060438",1,1,1,1,"trachea development","BP",1
"GO:0060443",1,1,1,1,"mammary gland morphogenesis","BP",1
"GO:0060444",1,1,1,1,"branching involved in mammary gland duct morphogenesis","BP",1
"GO:0060453",1,1,1,1,"regulation of gastric acid secretion","BP",1
"GO:0060485",1,1,13,13,"mesenchyme development","BP",1
"GO:0060491",1,1,14,14,"regulation of cell projection assembly","BP",1
"GO:0060501",1,1,1,1,"positive regulation of epithelial cell proliferation involved in lung morphogenesis","BP",1
"GO:0060502",1,1,1,1,"epithelial cell proliferation involved in lung morphogenesis","BP",1
"GO:0060534",1,1,1,1,"trachea cartilage development","BP",1
"GO:0060537",1,1,16,16,"muscle tissue development","BP",1
"GO:0060538",1,1,6,6,"skeletal muscle organ development","BP",1
"GO:0060541",1,1,9,9,"respiratory system development","BP",1
"GO:0060544",1,1,1,1,"regulation of necroptotic process","BP",1
"GO:0060546",1,1,1,1,"negative regulation of necroptotic process","BP",1
"GO:0060560",1,1,11,11,"developmental growth involved in morphogenesis","BP",1
"GO:0060562",1,1,8,8,"epithelial tube morphogenesis","BP",1
"GO:0060563",1,1,3,3,"neuroepithelial cell differentiation","BP",1
"GO:0060567",1,1,1,1,"negative regulation of termination of DNA-templated transcription","BP",1
"GO:0060574",1,1,1,1,"intestinal epithelial cell maturation","BP",1
"GO:0060575",1,1,1,1,"intestinal epithelial cell differentiation","BP",1
"GO:0060576",1,1,1,1,"intestinal epithelial cell development","BP",1
"GO:0060591",1,1,1,1,"chondroblast differentiation","BP",1
"GO:0060598",1,1,1,1,"dichotomous subdivision of terminal units involved in mammary gland duct morphogenesis","BP",1
"GO:0060600",1,1,1,1,"dichotomous subdivision of an epithelial terminal unit","BP",1
"GO:0060602",1,1,1,1,"branch elongation of an epithelium","BP",1
"GO:0060603",1,1,1,1,"mammary gland duct morphogenesis","BP",1
"GO:0060606",1,1,3,3,"tube closure","BP",1
"GO:0060612",1,1,2,2,"adipose tissue development","BP",1
"GO:0060627",1,1,28,28,"regulation of vesicle-mediated transport","BP",1
"GO:0060628",1,1,1,1,"regulation of ER to Golgi vesicle-mediated transport","BP",1
"GO:0060644",1,1,2,2,"mammary gland epithelial cell differentiation","BP",1
"GO:0060674",1,1,4,4,"placenta blood vessel development","BP",1
"GO:0060699",1,1,1,1,"regulation of endoribonuclease activity","BP",1
"GO:0060700",1,1,2,2,"regulation of ribonuclease activity","BP",1
"GO:0060701",1,1,1,1,"negative regulation of ribonuclease activity","BP",1
"GO:0060702",1,1,1,1,"negative regulation of endoribonuclease activity","BP",1
"GO:0060706",1,1,1,1,"cell differentiation involved in embryonic placenta development","BP",1
"GO:0060707",1,1,1,1,"trophoblast giant cell differentiation","BP",1
"GO:0060711",1,1,3,3,"labyrinthine layer development","BP",1
"GO:0060716",1,1,3,3,"labyrinthine layer blood vessel development","BP",1
"GO:0060744",1,1,1,1,"mammary gland branching involved in thelarche","BP",1
"GO:0060749",1,1,2,2,"mammary gland alveolus development","BP",1
"GO:0060750",1,1,1,1,"epithelial cell proliferation involved in mammary gland duct elongation","BP",1
"GO:0060751",1,1,1,1,"branch elongation involved in mammary gland duct branching","BP",1
"GO:0060759",1,1,6,6,"regulation of response to cytokine stimulus","BP",1
"GO:0060760",1,1,1,1,"positive regulation of response to cytokine stimulus","BP",1
"GO:0060761",1,1,5,5,"negative regulation of response to cytokine stimulus","BP",1
"GO:0060765",1,1,1,1,"regulation of androgen receptor signaling pathway","BP",1
"GO:0060828",1,1,9,9,"regulation of canonical Wnt signaling pathway","BP",1
"GO:0060840",1,1,8,8,"artery development","BP",1
"GO:0060900",1,1,1,1,"embryonic camera-type eye formation","BP",1
"GO:0060907",1,1,1,1,"positive regulation of macrophage cytokine production","BP",1
"GO:0060964",1,1,1,1,"regulation of miRNA-mediated gene silencing","BP",1
"GO:0060965",1,1,1,1,"negative regulation of miRNA-mediated gene silencing","BP",1
"GO:0060966",1,1,1,1,"regulation of gene silencing by regulatory ncRNA","BP",1
"GO:0060967",1,1,1,1,"negative regulation of gene silencing by regulatory ncRNA","BP",1
"GO:0060972",1,1,4,4,"left/right pattern formation","BP",1
"GO:0060976",1,1,2,2,"coronary vasculature development","BP",1
"GO:0060986",1,1,1,1,"endocrine hormone secretion","BP",1
"GO:0060993",1,1,3,3,"kidney morphogenesis","BP",1
"GO:0060996",1,1,4,4,"dendritic spine development","BP",1
"GO:0060997",1,1,2,2,"dendritic spine morphogenesis","BP",1
"GO:0060998",1,1,3,3,"regulation of dendritic spine development","BP",1
"GO:0060999",1,1,2,2,"positive regulation of dendritic spine development","BP",1
"GO:0061000",1,1,1,1,"negative regulation of dendritic spine development","BP",1
"GO:0061001",1,1,2,2,"regulation of dendritic spine morphogenesis","BP",1
"GO:0061003",1,1,2,2,"positive regulation of dendritic spine morphogenesis","BP",1
"GO:0061005",1,1,1,1,"cell differentiation involved in kidney development","BP",1
"GO:0061008",1,1,10,10,"hepaticobiliary system development","BP",1
"GO:0061013",1,1,5,5,"regulation of mRNA catabolic process","BP",1
"GO:0061014",1,1,3,3,"positive regulation of mRNA catabolic process","BP",1
"GO:0061024",1,1,41,41,"membrane organization","BP",1
"GO:0061025",1,1,6,6,"membrane fusion","BP",1
"GO:0061028",1,1,2,2,"establishment of endothelial barrier","BP",1
"GO:0061029",1,1,1,1,"eyelid development in camera-type eye","BP",1
"GO:0061030",1,1,1,1,"epithelial cell differentiation involved in mammary gland alveolus development","BP",1
"GO:0061031",1,1,1,1,"endodermal digestive tract morphogenesis","BP",1
"GO:0061034",1,1,1,1,"olfactory bulb mitral cell layer development","BP",1
"GO:0061035",1,1,3,3,"regulation of cartilage development","BP",1
"GO:0061036",1,1,1,1,"positive regulation of cartilage development","BP",1
"GO:0061037",1,1,2,2,"negative regulation of cartilage development","BP",1
"GO:0061041",1,1,7,7,"regulation of wound healing","BP",1
"GO:0061045",1,1,2,2,"negative regulation of wound healing","BP",1
"GO:0061053",1,1,3,3,"somite development","BP",1
"GO:0061061",1,1,33,33,"muscle structure development","BP",1
"GO:0061072",1,1,1,1,"iris morphogenesis","BP",1
"GO:0061077",1,1,7,7,"chaperone-mediated protein folding","BP",1
"GO:0061081",1,1,4,4,"positive regulation of myeloid leukocyte cytokine production involved in immune response","BP",1
"GO:0061082",1,1,5,5,"myeloid leukocyte cytokine production","BP",1
"GO:0061097",1,1,2,2,"regulation of protein tyrosine kinase activity","BP",1
"GO:0061098",1,1,2,2,"positive regulation of protein tyrosine kinase activity","BP",1
"GO:0061117",1,1,1,1,"negative regulation of heart growth","BP",1
"GO:0061136",1,1,12,12,"regulation of proteasomal protein catabolic process","BP",1
"GO:0061138",1,1,3,3,"morphogenesis of a branching epithelium","BP",1
"GO:0061157",1,1,3,3,"mRNA destabilization","BP",1
"GO:0061158",1,1,1,1,"3'-UTR-mediated mRNA destabilization","BP",1
"GO:0061178",1,1,3,3,"regulation of insulin secretion involved in cellular response to glucose stimulus","BP",1
"GO:0061179",1,1,1,1,"negative regulation of insulin secretion involved in cellular response to glucose stimulus","BP",1
"GO:0061180",1,1,3,3,"mammary gland epithelium development","BP",1
"GO:0061181",1,1,1,1,"regulation of chondrocyte development","BP",1
"GO:0061245",1,1,1,1,"establishment or maintenance of bipolar cell polarity","BP",1
"GO:0061302",1,1,1,1,"smooth muscle cell-matrix adhesion","BP",1
"GO:0061303",1,1,2,2,"cornea development in camera-type eye","BP",1
"GO:0061318",1,1,1,1,"renal filtration cell differentiation","BP",1
"GO:0061337",1,1,1,1,"cardiac conduction","BP",1
"GO:0061351",1,1,9,9,"neural precursor cell proliferation","BP",1
"GO:0061371",1,1,1,1,"determination of heart left/right asymmetry","BP",1
"GO:0061377",1,1,2,2,"mammary gland lobule development","BP",1
"GO:0061386",1,1,1,1,"closure of optic fissure","BP",1
"GO:0061387",1,1,6,6,"regulation of extent of cell growth","BP",1
"GO:0061436",1,1,3,3,"establishment of skin barrier","BP",1
"GO:0061437",1,1,1,1,"renal system vasculature development","BP",1
"GO:0061440",1,1,1,1,"kidney vasculature development","BP",1
"GO:0061448",1,1,10,10,"connective tissue development","BP",1
"GO:0061458",1,1,8,8,"reproductive system development","BP",1
"GO:0061462",1,1,5,5,"protein localization to lysosome","BP",1
"GO:0061469",1,1,2,2,"regulation of type B pancreatic cell proliferation","BP",1
"GO:0061484",1,1,2,2,"hematopoietic stem cell homeostasis","BP",1
"GO:0061502",1,1,2,2,"early endosome to recycling endosome transport","BP",1
"GO:0061512",1,1,4,4,"protein localization to cilium","BP",1
"GO:0061515",1,1,5,5,"myeloid cell development","BP",1
"GO:0061523",1,1,1,1,"cilium disassembly","BP",1
"GO:0061564",1,1,20,20,"axon development","BP",1
"GO:0061572",1,1,14,14,"actin filament bundle organization","BP",1
"GO:0061611",1,1,1,1,"mannose to fructose-6-phosphate metabolic process","BP",1
"GO:0061614",1,1,6,6,"miRNA transcription","BP",1
"GO:0061615",1,1,8,8,"glycolytic process through fructose-6-phosphate","BP",1
"GO:0061620",1,1,7,7,"glycolytic process through glucose-6-phosphate","BP",1
"GO:0061621",1,1,6,6,"canonical glycolysis","BP",1
"GO:0061622",1,1,1,1,"glycolytic process through glucose-1-phosphate","BP",1
"GO:0061623",1,1,1,1,"glycolytic process from galactose","BP",1
"GO:0061624",1,1,1,1,"fructose catabolic process to hydroxyacetone phosphate and glyceraldehyde-3-phosphate","BP",1
"GO:0061635",1,1,1,1,"regulation of protein complex stability","BP",1
"GO:0061640",1,1,6,6,"cytoskeleton-dependent cytokinesis","BP",1
"GO:0061644",1,1,2,2,"protein localization to CENP-A containing chromatin","BP",1
"GO:0061684",1,1,1,1,"chaperone-mediated autophagy","BP",1
"GO:0061718",1,1,6,6,"glucose catabolic process to pyruvate","BP",1
"GO:0061723",1,1,2,2,"glycophagy","BP",1
"GO:0061726",1,1,4,4,"mitochondrion disassembly","BP",1
"GO:0061744",1,1,1,1,"motor behavior","BP",1
"GO:0061756",1,1,5,5,"leukocyte adhesion to vascular endothelial cell","BP",1
"GO:0061760",1,1,2,2,"antifungal innate immune response","BP",1
"GO:0061762",1,1,1,1,"CAMKK-AMPK signaling cascade","BP",1
"GO:0061763",1,1,1,1,"multivesicular body-lysosome fusion","BP",1
"GO:0061795",1,1,2,2,"Golgi lumen acidification","BP",1
"GO:0061817",1,1,1,1,"endoplasmic reticulum-plasma membrane tethering","BP",1
"GO:0061819",1,1,1,1,"telomeric DNA-containing double minutes formation","BP",1
"GO:0061842",1,1,2,2,"microtubule organizing center localization","BP",1
"GO:0061844",1,1,5,5,"antimicrobial humoral immune response mediated by antimicrobial peptide","BP",1
"GO:0061888",1,1,1,1,"regulation of astrocyte activation","BP",1
"GO:0061889",1,1,1,1,"negative regulation of astrocyte activation","BP",1
"GO:0061900",1,1,4,4,"glial cell activation","BP",1
"GO:0061912",1,1,3,3,"selective autophagy","BP",1
"GO:0061919",1,1,32,32,"process utilizing autophagic mechanism","BP",1
"GO:0061921",1,1,1,1,"peptidyl-lysine propionylation","BP",1
"GO:0061951",1,1,3,3,"establishment of protein localization to plasma membrane","BP",1
"GO:0061952",1,1,1,1,"midbody abscission","BP",1
"GO:0061982",1,1,6,6,"meiosis I cell cycle process","BP",1
"GO:0062009",1,1,1,1,"secondary palate development","BP",1
"GO:0062012",1,1,22,22,"regulation of small molecule metabolic process","BP",1
"GO:0062013",1,1,6,6,"positive regulation of small molecule metabolic process","BP",1
"GO:0062014",1,1,7,7,"negative regulation of small molecule metabolic process","BP",1
"GO:0062033",1,1,1,1,"positive regulation of mitotic sister chromatid segregation","BP",1
"GO:0062036",1,1,1,1,"sensory perception of hot stimulus","BP",1
"GO:0062098",1,1,1,1,"regulation of programmed necrotic cell death","BP",1
"GO:0062099",1,1,1,1,"negative regulation of programmed necrotic cell death","BP",1
"GO:0062125",1,1,1,1,"regulation of mitochondrial gene expression","BP",1
"GO:0062176",1,1,1,1,"R-loop processing","BP",1
"GO:0062197",1,1,16,16,"cellular response to chemical stress","BP",1
"GO:0062207",1,1,12,12,"regulation of pattern recognition receptor signaling pathway","BP",1
"GO:0062208",1,1,5,5,"positive regulation of pattern recognition receptor signaling pathway","BP",1
"GO:0062232",1,1,1,1,"prostanoid catabolic process","BP",1
"GO:0062237",1,1,2,2,"protein localization to postsynapse","BP",1
"GO:0065002",1,1,3,3,"intracellular protein transmembrane transport","BP",1
"GO:0065003",1,1,83,83,"protein-containing complex assembly","BP",1
"GO:0065004",1,1,9,9,"protein-DNA complex assembly","BP",1
"GO:0065007",1,1,570,570,"biological regulation","BP",1
"GO:0065008",1,1,134,134,"regulation of biological quality","BP",1
"GO:0065009",1,1,122,122,"regulation of molecular function","BP",1
"GO:0070050",1,1,3,3,"neuron cellular homeostasis","BP",1
"GO:0070059",1,1,3,3,"intrinsic apoptotic signaling pathway in response to endoplasmic reticulum stress","BP",1
"GO:0070071",1,1,1,1,"proton-transporting two-sector ATPase complex assembly","BP",1
"GO:0070076",1,1,1,1,"histone lysine demethylation","BP",1
"GO:0070085",1,1,12,12,"glycosylation","BP",1
"GO:0070098",1,1,6,6,"chemokine-mediated signaling pathway","BP",1
"GO:0070106",1,1,2,2,"interleukin-27-mediated signaling pathway","BP",1
"GO:0070126",1,1,1,1,"mitochondrial translational termination","BP",1
"GO:0070127",1,1,1,1,"tRNA aminoacylation for mitochondrial protein translation","BP",1
"GO:0070129",1,1,1,1,"regulation of mitochondrial translation","BP",1
"GO:0070141",1,1,1,1,"response to UV-A","BP",1
"GO:0070167",1,1,3,3,"regulation of biomineral tissue development","BP",1
"GO:0070168",1,1,1,1,"negative regulation of biomineral tissue development","BP",1
"GO:0070169",1,1,1,1,"positive regulation of biomineral tissue development","BP",1
"GO:0070184",1,1,1,1,"mitochondrial tyrosyl-tRNA aminoacylation","BP",1
"GO:0070192",1,1,2,2,"chromosome organization involved in meiotic cell cycle","BP",1
"GO:0070193",1,1,1,1,"synaptonemal complex organization","BP",1
"GO:0070194",1,1,1,1,"synaptonemal complex disassembly","BP",1
"GO:0070198",1,1,3,3,"protein localization to chromosome, telomeric region","BP",1
"GO:0070199",1,1,1,1,"establishment of protein localization to chromosome","BP",1
"GO:0070200",1,1,1,1,"establishment of protein localization to telomere","BP",1
"GO:0070201",1,1,30,30,"regulation of establishment of protein localization","BP",1
"GO:0070206",1,1,1,1,"protein trimerization","BP",1
"GO:0070207",1,1,1,1,"protein homotrimerization","BP",1
"GO:0070221",1,1,1,1,"sulfide oxidation, using sulfide:quinone oxidoreductase","BP",1
"GO:0070227",1,1,4,4,"lymphocyte apoptotic process","BP",1
"GO:0070228",1,1,3,3,"regulation of lymphocyte apoptotic process","BP",1
"GO:0070229",1,1,2,2,"negative regulation of lymphocyte apoptotic process","BP",1
"GO:0070230",1,1,1,1,"positive regulation of lymphocyte apoptotic process","BP",1
"GO:0070231",1,1,3,3,"T cell apoptotic process","BP",1
"GO:0070232",1,1,2,2,"regulation of T cell apoptotic process","BP",1
"GO:0070233",1,1,1,1,"negative regulation of T cell apoptotic process","BP",1
"GO:0070234",1,1,1,1,"positive regulation of T cell apoptotic process","BP",1
"GO:0070238",1,1,1,1,"activated T cell autonomous cell death","BP",1
"GO:0070239",1,1,1,1,"regulation of activated T cell autonomous cell death","BP",1
"GO:0070241",1,1,1,1,"positive regulation of activated T cell autonomous cell death","BP",1
"GO:0070242",1,1,1,1,"thymocyte apoptotic process","BP",1
"GO:0070243",1,1,1,1,"regulation of thymocyte apoptotic process","BP",1
"GO:0070244",1,1,1,1,"negative regulation of thymocyte apoptotic process","BP",1
"GO:0070254",1,1,1,1,"mucus secretion","BP",1
"GO:0070255",1,1,1,1,"regulation of mucus secretion","BP",1
"GO:0070256",1,1,1,1,"negative regulation of mucus secretion","BP",1
"GO:0070262",1,1,3,3,"peptidyl-serine dephosphorylation","BP",1
"GO:0070266",1,1,1,1,"necroptotic process","BP",1
"GO:0070268",1,1,1,1,"cornification","BP",1
"GO:0070269",1,1,4,4,"pyroptosis","BP",1
"GO:0070278",1,1,1,1,"extracellular matrix constituent secretion","BP",1
"GO:0070286",1,1,1,1,"axonemal dynein complex assembly","BP",1
"GO:0070293",1,1,1,1,"renal absorption","BP",1
"GO:0070294",1,1,1,1,"renal sodium ion absorption","BP",1
"GO:0070296",1,1,2,2,"sarcoplasmic reticulum calcium ion transport","BP",1
"GO:0070301",1,1,2,2,"cellular response to hydrogen peroxide","BP",1
"GO:0070302",1,1,12,12,"regulation of stress-activated protein kinase signaling cascade","BP",1
"GO:0070303",1,1,6,6,"negative regulation of stress-activated protein kinase signaling cascade","BP",1
"GO:0070304",1,1,5,5,"positive regulation of stress-activated protein kinase signaling cascade","BP",1
"GO:0070306",1,1,3,3,"lens fiber cell differentiation","BP",1
"GO:0070307",1,1,1,1,"lens fiber cell development","BP",1
"GO:0070314",1,1,1,1,"G1 to G0 transition","BP",1
"GO:0070316",1,1,1,1,"regulation of G0 to G1 transition","BP",1
"GO:0070317",1,1,1,1,"negative regulation of G0 to G1 transition","BP",1
"GO:0070328",1,1,1,1,"triglyceride homeostasis","BP",1
"GO:0070341",1,1,1,1,"fat cell proliferation","BP",1
"GO:0070344",1,1,1,1,"regulation of fat cell proliferation","BP",1
"GO:0070345",1,1,1,1,"negative regulation of fat cell proliferation","BP",1
"GO:0070371",1,1,18,18,"ERK1 and ERK2 cascade","BP",1
"GO:0070372",1,1,18,18,"regulation of ERK1 and ERK2 cascade","BP",1
"GO:0070373",1,1,8,8,"negative regulation of ERK1 and ERK2 cascade","BP",1
"GO:0070374",1,1,9,9,"positive regulation of ERK1 and ERK2 cascade","BP",1
"GO:0070413",1,1,1,1,"trehalose metabolism in response to stress","BP",1
"GO:0070417",1,1,1,1,"cellular response to cold","BP",1
"GO:0070423",1,1,2,2,"nucleotide-binding oligomerization domain containing signaling pathway","BP",1
"GO:0070427",1,1,1,1,"nucleotide-binding oligomerization domain containing 1 signaling pathway","BP",1
"GO:0070431",1,1,1,1,"nucleotide-binding oligomerization domain containing 2 signaling pathway","BP",1
"GO:0070475",1,1,2,2,"rRNA base methylation","BP",1
"GO:0070482",1,1,22,22,"response to oxygen levels","BP",1
"GO:0070486",1,1,1,1,"leukocyte aggregation","BP",1
"GO:0070488",1,1,1,1,"neutrophil aggregation","BP",1
"GO:0070493",1,1,1,1,"thrombin-activated receptor signaling pathway","BP",1
"GO:0070498",1,1,1,1,"interleukin-1-mediated signaling pathway","BP",1
"GO:0070507",1,1,7,7,"regulation of microtubule cytoskeleton organization","BP",1
"GO:0070509",1,1,1,1,"calcium ion import","BP",1
"GO:0070525",1,1,2,2,"tRNA threonylcarbamoyladenosine metabolic process","BP",1
"GO:0070527",1,1,4,4,"platelet aggregation","BP",1
"GO:0070528",1,1,2,2,"protein kinase C signaling","BP",1
"GO:0070534",1,1,4,4,"protein K63-linked ubiquitination","BP",1
"GO:0070536",1,1,1,1,"protein K63-linked deubiquitination","BP",1
"GO:0070542",1,1,3,3,"response to fatty acid","BP",1
"GO:0070555",1,1,9,9,"response to interleukin-1","BP",1
"GO:0070570",1,1,1,1,"regulation of neuron projection regeneration","BP",1
"GO:0070572",1,1,1,1,"positive regulation of neuron projection regeneration","BP",1
"GO:0070584",1,1,1,1,"mitochondrion morphogenesis","BP",1
"GO:0070585",1,1,10,10,"protein localization to mitochondrion","BP",1
"GO:0070588",1,1,13,13,"calcium ion transmembrane transport","BP",1
"GO:0070593",1,1,2,2,"dendrite self-avoidance","BP",1
"GO:0070613",1,1,4,4,"regulation of protein processing","BP",1
"GO:0070633",1,1,1,1,"transepithelial transport","BP",1
"GO:0070646",1,1,3,3,"protein modification by small protein removal","BP",1
"GO:0070647",1,1,40,40,"protein modification by small protein conjugation or removal","BP",1
"GO:0070661",1,1,20,20,"leukocyte proliferation","BP",1
"GO:0070662",1,1,1,1,"mast cell proliferation","BP",1
"GO:0070663",1,1,16,16,"regulation of leukocyte proliferation","BP",1
"GO:0070664",1,1,3,3,"negative regulation of leukocyte proliferation","BP",1
"GO:0070665",1,1,14,14,"positive regulation of leukocyte proliferation","BP",1
"GO:0070666",1,1,1,1,"regulation of mast cell proliferation","BP",1
"GO:0070668",1,1,1,1,"positive regulation of mast cell proliferation","BP",1
"GO:0070669",1,1,1,1,"response to interleukin-2","BP",1
"GO:0070670",1,1,5,5,"response to interleukin-4","BP",1
"GO:0070672",1,1,2,2,"response to interleukin-15","BP",1
"GO:0070723",1,1,4,4,"response to cholesterol","BP",1
"GO:0070727",1,1,133,133,"cellular macromolecule localization","BP",1
"GO:0070778",1,1,1,1,"L-aspartate transmembrane transport","BP",1
"GO:0070813",1,1,1,1,"hydrogen sulfide metabolic process","BP",1
"GO:0070828",1,1,3,3,"heterochromatin organization","BP",1
"GO:0070830",1,1,2,2,"bicellular tight junction assembly","BP",1
"GO:0070837",1,1,1,1,"dehydroascorbic acid transport","BP",1
"GO:0070841",1,1,2,2,"inclusion body assembly","BP",1
"GO:0070848",1,1,32,32,"response to growth factor","BP",1
"GO:0070849",1,1,3,3,"response to epidermal growth factor","BP",1
"GO:0070857",1,1,1,1,"regulation of bile acid biosynthetic process","BP",1
"GO:0070859",1,1,1,1,"positive regulation of bile acid biosynthetic process","BP",1
"GO:0070861",1,1,2,2,"regulation of protein exit from endoplasmic reticulum","BP",1
"GO:0070862",1,1,1,1,"negative regulation of protein exit from endoplasmic reticulum","BP",1
"GO:0070863",1,1,1,1,"positive regulation of protein exit from endoplasmic reticulum","BP",1
"GO:0070873",1,1,2,2,"regulation of glycogen metabolic process","BP",1
"GO:0070875",1,1,2,2,"positive regulation of glycogen metabolic process","BP",1
"GO:0070884",1,1,1,1,"regulation of calcineurin-NFAT signaling cascade","BP",1
"GO:0070885",1,1,1,1,"negative regulation of calcineurin-NFAT signaling cascade","BP",1
"GO:0070887",1,1,145,145,"cellular response to chemical stimulus","BP",1
"GO:0070897",1,1,1,1,"transcription preinitiation complex assembly","BP",1
"GO:0070900",1,1,1,1,"mitochondrial tRNA modification","BP",1
"GO:0070914",1,1,2,2,"UV-damage excision repair","BP",1
"GO:0070918",1,1,5,5,"regulatory ncRNA processing","BP",1
"GO:0070920",1,1,1,1,"regulation of regulatory ncRNA processing","BP",1
"GO:0070925",1,1,50,50,"organelle assembly","BP",1
"GO:0070935",1,1,1,1,"3'-UTR-mediated mRNA stabilization","BP",1
"GO:0070936",1,1,1,1,"protein K48-linked ubiquitination","BP",1
"GO:0070942",1,1,1,1,"neutrophil mediated cytotoxicity","BP",1
"GO:0070943",1,1,1,1,"neutrophil-mediated killing of symbiont cell","BP",1
"GO:0070944",1,1,1,1,"neutrophil-mediated killing of bacterium","BP",1
"GO:0070945",1,1,1,1,"neutrophil-mediated killing of gram-negative bacterium","BP",1
"GO:0070947",1,1,1,1,"neutrophil-mediated killing of fungus","BP",1
"GO:0070972",1,1,5,5,"protein localization to endoplasmic reticulum","BP",1
"GO:0070977",1,1,1,1,"bone maturation","BP",1
"GO:0070979",1,1,1,1,"protein K11-linked ubiquitination","BP",1
"GO:0070987",1,1,1,1,"error-free translesion synthesis","BP",1
"GO:0070988",1,1,3,3,"demethylation","BP",1
"GO:0070989",1,1,1,1,"oxidative demethylation","BP",1
"GO:0071025",1,1,3,3,"RNA surveillance","BP",1
"GO:0071026",1,1,1,1,"cytoplasmic RNA surveillance","BP",1
"GO:0071027",1,1,2,2,"nuclear RNA surveillance","BP",1
"GO:0071028",1,1,1,1,"nuclear mRNA surveillance","BP",1
"GO:0071044",1,1,1,1,"histone mRNA catabolic process","BP",1
"GO:0071071",1,1,1,1,"regulation of phospholipid biosynthetic process","BP",1
"GO:0071072",1,1,1,1,"negative regulation of phospholipid biosynthetic process","BP",1
"GO:0071103",1,1,6,6,"DNA conformation change","BP",1
"GO:0071104",1,1,2,2,"response to interleukin-9","BP",1
"GO:0071107",1,1,1,1,"response to parathyroid hormone","BP",1
"GO:0071139",1,1,1,1,"resolution of recombination intermediates","BP",1
"GO:0071168",1,1,4,4,"protein localization to chromatin","BP",1
"GO:0071173",1,1,7,7,"spindle assembly checkpoint signaling","BP",1
"GO:0071174",1,1,7,7,"mitotic spindle checkpoint signaling","BP",1
"GO:0071214",1,1,23,23,"cellular response to abiotic stimulus","BP",1
"GO:0071216",1,1,20,20,"cellular response to biotic stimulus","BP",1
"GO:0071218",1,1,2,2,"cellular response to misfolded protein","BP",1
"GO:0071219",1,1,17,17,"cellular response to molecule of bacterial origin","BP",1
"GO:0071222",1,1,17,17,"cellular response to lipopolysaccharide","BP",1
"GO:0071225",1,1,1,1,"cellular response to muramyl dipeptide","BP",1
"GO:0071226",1,1,1,1,"cellular response to molecule of fungal origin","BP",1
"GO:0071229",1,1,5,5,"cellular response to acid chemical","BP",1
"GO:0071230",1,1,4,4,"cellular response to amino acid stimulus","BP",1
"GO:0071233",1,1,2,2,"cellular response to leucine","BP",1
"GO:0071236",1,1,1,1,"cellular response to antibiotic","BP",1
"GO:0071241",1,1,10,10,"cellular response to inorganic substance","BP",1
"GO:0071243",1,1,2,2,"cellular response to arsenic-containing substance","BP",1
"GO:0071248",1,1,10,10,"cellular response to metal ion","BP",1
"GO:0071257",1,1,1,1,"cellular response to electrical stimulus","BP",1
"GO:0071260",1,1,2,2,"cellular response to mechanical stimulus","BP",1
"GO:0071276",1,1,2,2,"cellular response to cadmium ion","BP",1
"GO:0071277",1,1,5,5,"cellular response to calcium ion","BP",1
"GO:0071279",1,1,1,1,"cellular response to cobalt ion","BP",1
"GO:0071284",1,1,1,1,"cellular response to lead ion","BP",1
"GO:0071285",1,1,1,1,"cellular response to lithium ion","BP",1
"GO:0071300",1,1,3,3,"cellular response to retinoic acid","BP",1
"GO:0071310",1,1,105,105,"cellular response to organic substance","BP",1
"GO:0071312",1,1,1,1,"cellular response to alkaloid","BP",1
"GO:0071318",1,1,1,1,"cellular response to ATP","BP",1
"GO:0071322",1,1,9,9,"cellular response to carbohydrate stimulus","BP",1
"GO:0071326",1,1,8,8,"cellular response to monosaccharide stimulus","BP",1
"GO:0071331",1,1,8,8,"cellular response to hexose stimulus","BP",1
"GO:0071333",1,1,8,8,"cellular response to glucose stimulus","BP",1
"GO:0071345",1,1,51,51,"cellular response to cytokine stimulus","BP",1
"GO:0071346",1,1,7,7,"cellular response to type II interferon","BP",1
"GO:0071347",1,1,7,7,"cellular response to interleukin-1","BP",1
"GO:0071350",1,1,2,2,"cellular response to interleukin-15","BP",1
"GO:0071352",1,1,1,1,"cellular response to interleukin-2","BP",1
"GO:0071353",1,1,5,5,"cellular response to interleukin-4","BP",1
"GO:0071355",1,1,2,2,"cellular response to interleukin-9","BP",1
"GO:0071356",1,1,15,15,"cellular response to tumor necrosis factor","BP",1
"GO:0071357",1,1,5,5,"cellular response to type I interferon","BP",1
"GO:0071359",1,1,1,1,"cellular response to dsRNA","BP",1
"GO:0071360",1,1,1,1,"cellular response to exogenous dsRNA","BP",1
"GO:0071361",1,1,1,1,"cellular response to ethanol","BP",1
"GO:0071362",1,1,1,1,"cellular response to ether","BP",1
"GO:0071363",1,1,31,31,"cellular response to growth factor stimulus","BP",1
"GO:0071364",1,1,3,3,"cellular response to epidermal growth factor stimulus","BP",1
"GO:0071374",1,1,1,1,"cellular response to parathyroid hormone stimulus","BP",1
"GO:0071375",1,1,13,13,"cellular response to peptide hormone stimulus","BP",1
"GO:0071378",1,1,1,1,"cellular response to growth hormone stimulus","BP",1
"GO:0071379",1,1,1,1,"cellular response to prostaglandin stimulus","BP",1
"GO:0071380",1,1,1,1,"cellular response to prostaglandin E stimulus","BP",1
"GO:0071383",1,1,9,9,"cellular response to steroid hormone stimulus","BP",1
"GO:0071384",1,1,3,3,"cellular response to corticosteroid stimulus","BP",1
"GO:0071385",1,1,1,1,"cellular response to glucocorticoid stimulus","BP",1
"GO:0071389",1,1,2,2,"cellular response to mineralocorticoid stimulus","BP",1
"GO:0071391",1,1,1,1,"cellular response to estrogen stimulus","BP",1
"GO:0071392",1,1,3,3,"cellular response to estradiol stimulus","BP",1
"GO:0071396",1,1,36,36,"cellular response to lipid","BP",1
"GO:0071397",1,1,2,2,"cellular response to cholesterol","BP",1
"GO:0071398",1,1,1,1,"cellular response to fatty acid","BP",1
"GO:0071402",1,1,3,3,"cellular response to lipoprotein particle stimulus","BP",1
"GO:0071403",1,1,1,1,"cellular response to high density lipoprotein particle stimulus","BP",1
"GO:0071404",1,1,2,2,"cellular response to low-density lipoprotein particle stimulus","BP",1
"GO:0071407",1,1,22,22,"cellular response to organic cyclic compound","BP",1
"GO:0071417",1,1,25,25,"cellular response to organonitrogen compound","BP",1
"GO:0071423",1,1,1,1,"malate transmembrane transport","BP",1
"GO:0071447",1,1,1,1,"cellular response to hydroperoxide","BP",1
"GO:0071453",1,1,10,10,"cellular response to oxygen levels","BP",1
"GO:0071456",1,1,10,10,"cellular response to hypoxia","BP",1
"GO:0071459",1,1,2,2,"protein localization to chromosome, centromeric region","BP",1
"GO:0071462",1,1,1,1,"cellular response to water stimulus","BP",1
"GO:0071466",1,1,8,8,"cellular response to xenobiotic stimulus","BP",1
"GO:0071467",1,1,1,1,"cellular response to pH","BP",1
"GO:0071468",1,1,1,1,"cellular response to acidic pH","BP",1
"GO:0071470",1,1,5,5,"cellular response to osmotic stress","BP",1
"GO:0071472",1,1,1,1,"cellular response to salt stress","BP",1
"GO:0071474",1,1,1,1,"cellular hyperosmotic response","BP",1
"GO:0071476",1,1,2,2,"cellular hypotonic response","BP",1
"GO:0071477",1,1,1,1,"cellular hypotonic salinity response","BP",1
"GO:0071478",1,1,13,13,"cellular response to radiation","BP",1
"GO:0071479",1,1,4,4,"cellular response to ionizing radiation","BP",1
"GO:0071480",1,1,2,2,"cellular response to gamma radiation","BP",1
"GO:0071482",1,1,10,10,"cellular response to light stimulus","BP",1
"GO:0071492",1,1,1,1,"cellular response to UV-A","BP",1
"GO:0071493",1,1,1,1,"cellular response to UV-B","BP",1
"GO:0071495",1,1,64,64,"cellular response to endogenous stimulus","BP",1
"GO:0071496",1,1,15,15,"cellular response to external stimulus","BP",1
"GO:0071498",1,1,1,1,"cellular response to fluid shear stress","BP",1
"GO:0071500",1,1,2,2,"cellular response to nitrosative stress","BP",1
"GO:0071501",1,1,1,1,"cellular response to sterol depletion","BP",1
"GO:0071526",1,1,1,1,"semaphorin-plexin signaling pathway","BP",1
"GO:0071539",1,1,2,2,"protein localization to centrosome","BP",1
"GO:0071542",1,1,1,1,"dopaminergic neuron differentiation","BP",1
"GO:0071557",1,1,1,1,"histone H3-K27 demethylation","BP",1
"GO:0071559",1,1,14,14,"response to transforming growth factor beta","BP",1
"GO:0071560",1,1,14,14,"cellular response to transforming growth factor beta stimulus","BP",1
"GO:0071586",1,1,1,1,"CAAX-box protein processing","BP",1
"GO:0071604",1,1,1,1,"transforming growth factor beta production","BP",1
"GO:0071605",1,1,4,4,"monocyte chemotactic protein-1 production","BP",1
"GO:0071609",1,1,2,2,"chemokine (C-C motif) ligand 5 production","BP",1
"GO:0071612",1,1,1,1,"IP-10 production","BP",1
"GO:0071616",1,1,5,5,"acyl-CoA biosynthetic process","BP",1
"GO:0071621",1,1,6,6,"granulocyte chemotaxis","BP",1
"GO:0071622",1,1,1,1,"regulation of granulocyte chemotaxis","BP",1
"GO:0071624",1,1,1,1,"positive regulation of granulocyte chemotaxis","BP",1
"GO:0071625",1,1,1,1,"vocalization behavior","BP",1
"GO:0071630",1,1,2,2,"nuclear protein quality control by the ubiquitin-proteasome system","BP",1
"GO:0071634",1,1,1,1,"regulation of transforming growth factor beta production","BP",1
"GO:0071636",1,1,1,1,"positive regulation of transforming growth factor beta production","BP",1
"GO:0071637",1,1,4,4,"regulation of monocyte chemotactic protein-1 production","BP",1
"GO:0071639",1,1,4,4,"positive regulation of monocyte chemotactic protein-1 production","BP",1
"GO:0071649",1,1,2,2,"regulation of chemokine (C-C motif) ligand 5 production","BP",1
"GO:0071650",1,1,1,1,"negative regulation of chemokine (C-C motif) ligand 5 production","BP",1
"GO:0071651",1,1,1,1,"positive regulation of chemokine (C-C motif) ligand 5 production","BP",1
"GO:0071658",1,1,1,1,"regulation of IP-10 production","BP",1
"GO:0071659",1,1,1,1,"negative regulation of IP-10 production","BP",1
"GO:0071670",1,1,1,1,"smooth muscle cell chemotaxis","BP",1
"GO:0071671",1,1,1,1,"regulation of smooth muscle cell chemotaxis","BP",1
"GO:0071672",1,1,1,1,"negative regulation of smooth muscle cell chemotaxis","BP",1
"GO:0071674",1,1,14,14,"mononuclear cell migration","BP",1
"GO:0071675",1,1,10,10,"regulation of mononuclear cell migration","BP",1
"GO:0071676",1,1,4,4,"negative regulation of mononuclear cell migration","BP",1
"GO:0071677",1,1,5,5,"positive regulation of mononuclear cell migration","BP",1
"GO:0071679",1,1,1,1,"commissural neuron axon guidance","BP",1
"GO:0071684",1,1,1,1,"organism emergence from protective structure","BP",1
"GO:0071692",1,1,21,21,"protein localization to extracellular region","BP",1
"GO:0071695",1,1,13,13,"anatomical structure maturation","BP",1
"GO:0071701",1,1,1,1,"regulation of MAPK export from nucleus","BP",1
"GO:0071702",1,1,127,127,"organic substance transport","BP",1
"GO:0071704",1,1,579,579,"organic substance metabolic process","BP",1
"GO:0071705",1,1,92,92,"nitrogen compound transport","BP",1
"GO:0071706",1,1,12,12,"tumor necrosis factor superfamily cytokine production","BP",1
"GO:0071709",1,1,6,6,"membrane assembly","BP",1
"GO:0071715",1,1,4,4,"icosanoid transport","BP",1
"GO:0071716",1,1,2,2,"leukotriene transport","BP",1
"GO:0071763",1,1,2,2,"nuclear membrane organization","BP",1
"GO:0071772",1,1,7,7,"response to BMP","BP",1
"GO:0071773",1,1,7,7,"cellular response to BMP stimulus","BP",1
"GO:0071774",1,1,3,3,"response to fibroblast growth factor","BP",1
"GO:0071800",1,1,1,1,"podosome assembly","BP",1
"GO:0071805",1,1,2,2,"potassium ion transmembrane transport","BP",1
"GO:0071806",1,1,3,3,"protein transmembrane transport","BP",1
"GO:0071816",1,1,3,3,"tail-anchored membrane protein insertion into ER membrane","BP",1
"GO:0071824",1,1,44,44,"protein-DNA complex organization","BP",1
"GO:0071825",1,1,1,1,"protein-lipid complex organization","BP",1
"GO:0071826",1,1,13,13,"protein-RNA complex organization","BP",1
"GO:0071827",1,1,1,1,"plasma lipoprotein particle organization","BP",1
"GO:0071840",1,1,349,349,"cellular component organization or biogenesis","BP",1
"GO:0071867",1,1,1,1,"response to monoamine","BP",1
"GO:0071868",1,1,1,1,"cellular response to monoamine stimulus","BP",1
"GO:0071869",1,1,1,1,"response to catecholamine","BP",1
"GO:0071870",1,1,1,1,"cellular response to catecholamine stimulus","BP",1
"GO:0071887",1,1,9,9,"leukocyte apoptotic process","BP",1
"GO:0071888",1,1,3,3,"macrophage apoptotic process","BP",1
"GO:0071896",1,1,1,1,"protein localization to adherens junction","BP",1
"GO:0071897",1,1,17,17,"DNA biosynthetic process","BP",1
"GO:0071900",1,1,21,21,"regulation of protein serine/threonine kinase activity","BP",1
"GO:0071901",1,1,10,10,"negative regulation of protein serine/threonine kinase activity","BP",1
"GO:0071902",1,1,8,8,"positive regulation of protein serine/threonine kinase activity","BP",1
"GO:0071931",1,1,1,1,"positive regulation of transcription involved in G1/S transition of mitotic cell cycle","BP",1
"GO:0071976",1,1,1,1,"cell gliding","BP",1
"GO:0071985",1,1,2,2,"multivesicular body sorting pathway","BP",1
"GO:0072001",1,1,15,15,"renal system development","BP",1
"GO:0072006",1,1,2,2,"nephron development","BP",1
"GO:0072009",1,1,2,2,"nephron epithelium development","BP",1
"GO:0072010",1,1,2,2,"glomerular epithelium development","BP",1
"GO:0072011",1,1,1,1,"glomerular endothelium development","BP",1
"GO:0072012",1,1,1,1,"glomerulus vasculature development","BP",1
"GO:0072015",1,1,1,1,"podocyte development","BP",1
"GO:0072073",1,1,5,5,"kidney epithelium development","BP",1
"GO:0072089",1,1,2,2,"stem cell proliferation","BP",1
"GO:0072091",1,1,2,2,"regulation of stem cell proliferation","BP",1
"GO:0072111",1,1,1,1,"cell proliferation involved in kidney development","BP",1
"GO:0072112",1,1,1,1,"podocyte differentiation","BP",1
"GO:0072148",1,1,1,1,"epithelial cell fate commitment","BP",1
"GO:0072163",1,1,3,3,"mesonephric epithelium development","BP",1
"GO:0072164",1,1,3,3,"mesonephric tubule development","BP",1
"GO:0072175",1,1,5,5,"epithelial tube formation","BP",1
"GO:0072189",1,1,1,1,"ureter development","BP",1
"GO:0072310",1,1,1,1,"glomerular epithelial cell development","BP",1
"GO:0072311",1,1,1,1,"glomerular epithelial cell differentiation","BP",1
"GO:0072318",1,1,1,1,"clathrin coat disassembly","BP",1
"GO:0072319",1,1,1,1,"vesicle uncoating","BP",1
"GO:0072329",1,1,8,8,"monocarboxylic acid catabolic process","BP",1
"GO:0072330",1,1,15,15,"monocarboxylic acid biosynthetic process","BP",1
"GO:0072331",1,1,17,17,"signal transduction by p53 class mediator","BP",1
"GO:0072332",1,1,5,5,"intrinsic apoptotic signaling pathway by p53 class mediator","BP",1
"GO:0072337",1,1,2,2,"modified amino acid transport","BP",1
"GO:0072344",1,1,3,3,"rescue of stalled ribosome","BP",1
"GO:0072348",1,1,2,2,"sulfur compound transport","BP",1
"GO:0072350",1,1,2,2,"tricarboxylic acid metabolic process","BP",1
"GO:0072359",1,1,50,50,"circulatory system development","BP",1
"GO:0072384",1,1,3,3,"organelle transport along microtubule","BP",1
"GO:0072396",1,1,1,1,"response to cell cycle checkpoint signaling","BP",1
"GO:0072402",1,1,1,1,"response to DNA integrity checkpoint signaling","BP",1
"GO:0072423",1,1,1,1,"response to DNA damage checkpoint signaling","BP",1
"GO:0072488",1,1,1,1,"ammonium transmembrane transport","BP",1
"GO:0072520",1,1,2,2,"seminiferous tubule development","BP",1
"GO:0072521",1,1,30,30,"purine-containing compound metabolic process","BP",1
"GO:0072522",1,1,18,18,"purine-containing compound biosynthetic process","BP",1
"GO:0072523",1,1,5,5,"purine-containing compound catabolic process","BP",1
"GO:0072524",1,1,3,3,"pyridine-containing compound metabolic process","BP",1
"GO:0072527",1,1,6,6,"pyrimidine-containing compound metabolic process","BP",1
"GO:0072528",1,1,4,4,"pyrimidine-containing compound biosynthetic process","BP",1
"GO:0072529",1,1,2,2,"pyrimidine-containing compound catabolic process","BP",1
"GO:0072530",1,1,2,2,"purine-containing compound transmembrane transport","BP",1
"GO:0072531",1,1,1,1,"pyrimidine-containing compound transmembrane transport","BP",1
"GO:0072537",1,1,1,1,"fibroblast activation","BP",1
"GO:0072538",1,1,5,5,"T-helper 17 type immune response","BP",1
"GO:0072539",1,1,3,3,"T-helper 17 cell differentiation","BP",1
"GO:0072560",1,1,1,1,"type B pancreatic cell maturation","BP",1
"GO:0072567",1,1,1,1,"chemokine (C-X-C motif) ligand 2 production","BP",1
"GO:0072577",1,1,6,6,"endothelial cell apoptotic process","BP",1
"GO:0072578",1,1,1,1,"neurotransmitter-gated ion channel clustering","BP",1
"GO:0072593",1,1,10,10,"reactive oxygen species metabolic process","BP",1
"GO:0072594",1,1,27,27,"establishment of protein localization to organelle","BP",1
"GO:0072595",1,1,2,2,"maintenance of protein localization in organelle","BP",1
"GO:0072599",1,1,3,3,"establishment of protein localization to endoplasmic reticulum","BP",1
"GO:0072655",1,1,9,9,"establishment of protein localization to mitochondrion","BP",1
"GO:0072656",1,1,1,1,"maintenance of protein location in mitochondrion","BP",1
"GO:0072657",1,1,28,28,"protein localization to membrane","BP",1
"GO:0072659",1,1,9,9,"protein localization to plasma membrane","BP",1
"GO:0072665",1,1,7,7,"protein localization to vacuole","BP",1
"GO:0072666",1,1,5,5,"establishment of protein localization to vacuole","BP",1
"GO:0072672",1,1,3,3,"neutrophil extravasation","BP",1
"GO:0072673",1,1,1,1,"lamellipodium morphogenesis","BP",1
"GO:0072676",1,1,9,9,"lymphocyte migration","BP",1
"GO:0072678",1,1,6,6,"T cell migration","BP",1
"GO:0072679",1,1,1,1,"thymocyte migration","BP",1
"GO:0072683",1,1,1,1,"T cell extravasation","BP",1
"GO:0072695",1,1,1,1,"regulation of DNA recombination at telomere","BP",1
"GO:0072697",1,1,1,1,"protein localization to cell cortex","BP",1
"GO:0072698",1,1,2,2,"protein localization to microtubule cytoskeleton","BP",1
"GO:0072702",1,1,1,1,"response to methyl methanesulfonate","BP",1
"GO:0072703",1,1,1,1,"cellular response to methyl methanesulfonate","BP",1
"GO:0072708",1,1,1,1,"response to sorbitol","BP",1
"GO:0072709",1,1,1,1,"cellular response to sorbitol","BP",1
"GO:0072757",1,1,1,1,"cellular response to camptothecin","BP",1
"GO:0075294",1,1,2,2,"positive regulation by symbiont of entry into host","BP",1
"GO:0075506",1,1,1,1,"entry of viral genome into host nucleus through nuclear pore complex via importin","BP",1
"GO:0075509",1,1,2,2,"endocytosis involved in viral entry into host cell","BP",1
"GO:0075732",1,1,1,1,"viral penetration into host nucleus","BP",1
"GO:0075733",1,1,2,2,"intracellular transport of virus","BP",1
"GO:0080009",1,1,2,2,"mRNA methylation","BP",1
"GO:0080090",1,1,305,305,"regulation of primary metabolic process","BP",1
"GO:0080111",1,1,2,2,"DNA demethylation","BP",1
"GO:0080120",1,1,1,1,"CAAX-box protein maturation","BP",1
"GO:0080134",1,1,84,84,"regulation of response to stress","BP",1
"GO:0080135",1,1,43,43,"regulation of cellular response to stress","BP",1
"GO:0080144",1,1,1,1,"intracellular amino acid homeostasis","BP",1
"GO:0080164",1,1,3,3,"regulation of nitric oxide metabolic process","BP",1
"GO:0080171",1,1,9,9,"lytic vacuole organization","BP",1
"GO:0085020",1,1,1,1,"protein K6-linked ubiquitination","BP",1
"GO:0085029",1,1,2,2,"extracellular matrix assembly","BP",1
"GO:0086009",1,1,1,1,"membrane repolarization","BP",1
"GO:0086010",1,1,1,1,"membrane depolarization during action potential","BP",1
"GO:0086036",1,1,1,1,"regulation of cardiac muscle cell membrane potential","BP",1
"GO:0086100",1,1,1,1,"endothelin receptor signaling pathway","BP",1
"GO:0089709",1,1,1,1,"L-histidine transmembrane transport","BP",1
"GO:0089718",1,1,2,2,"amino acid import across plasma membrane","BP",1
"GO:0090022",1,1,1,1,"regulation of neutrophil chemotaxis","BP",1
"GO:0090023",1,1,1,1,"positive regulation of neutrophil chemotaxis","BP",1
"GO:0090025",1,1,2,2,"regulation of monocyte chemotaxis","BP",1
"GO:0090026",1,1,1,1,"positive regulation of monocyte chemotaxis","BP",1
"GO:0090027",1,1,1,1,"negative regulation of monocyte chemotaxis","BP",1
"GO:0090030",1,1,1,1,"regulation of steroid hormone biosynthetic process","BP",1
"GO:0090042",1,1,1,1,"tubulin deacetylation","BP",1
"GO:0090043",1,1,1,1,"regulation of tubulin deacetylation","BP",1
"GO:0090066",1,1,23,23,"regulation of anatomical structure size","BP",1
"GO:0090068",1,1,13,13,"positive regulation of cell cycle process","BP",1
"GO:0090077",1,1,3,3,"foam cell differentiation","BP",1
"GO:0090083",1,1,2,2,"regulation of inclusion body assembly","BP",1
"GO:0090084",1,1,2,2,"negative regulation of inclusion body assembly","BP",1
"GO:0090085",1,1,1,1,"regulation of protein deubiquitination","BP",1
"GO:0090087",1,1,14,14,"regulation of peptide transport","BP",1
"GO:0090090",1,1,6,6,"negative regulation of canonical Wnt signaling pathway","BP",1
"GO:0090091",1,1,1,1,"positive regulation of extracellular matrix disassembly","BP",1
"GO:0090092",1,1,14,14,"regulation of transmembrane receptor protein serine/threonine kinase signaling pathway","BP",1
"GO:0090100",1,1,5,5,"positive regulation of transmembrane receptor protein serine/threonine kinase signaling pathway","BP",1
"GO:0090101",1,1,7,7,"negative regulation of transmembrane receptor protein serine/threonine kinase signaling pathway","BP",1
"GO:0090109",1,1,1,1,"regulation of cell-substrate junction assembly","BP",1
"GO:0090110",1,1,1,1,"COPII-coated vesicle cargo loading","BP",1
"GO:0090114",1,1,3,3,"COPII-coated vesicle budding","BP",1
"GO:0090117",1,1,1,1,"endosome to lysosome transport of low-density lipoprotein particle","BP",1
"GO:0090118",1,1,3,3,"receptor-mediated endocytosis involved in cholesterol transport","BP",1
"GO:0090119",1,1,1,1,"vesicle-mediated cholesterol transport","BP",1
"GO:0090128",1,1,2,2,"regulation of synapse maturation","BP",1
"GO:0090129",1,1,1,1,"positive regulation of synapse maturation","BP",1
"GO:0090130",1,1,20,20,"tissue migration","BP",1
"GO:0090132",1,1,20,20,"epithelium migration","BP",1
"GO:0090135",1,1,1,1,"actin filament branching","BP",1
"GO:0090136",1,1,2,2,"epithelial cell-cell adhesion","BP",1
"GO:0090140",1,1,2,2,"regulation of mitochondrial fission","BP",1
"GO:0090141",1,1,2,2,"positive regulation of mitochondrial fission","BP",1
"GO:0090148",1,1,2,2,"membrane fission","BP",1
"GO:0090150",1,1,15,15,"establishment of protein localization to membrane","BP",1
"GO:0090151",1,1,1,1,"establishment of protein localization to mitochondrial membrane","BP",1
"GO:0090152",1,1,1,1,"establishment of protein localization to mitochondrial membrane involved in mitochondrial fission","BP",1
"GO:0090153",1,1,1,1,"regulation of sphingolipid biosynthetic process","BP",1
"GO:0090155",1,1,1,1,"negative regulation of sphingolipid biosynthetic process","BP",1
"GO:0090156",1,1,1,1,"intracellular sphingolipid homeostasis","BP",1
"GO:0090158",1,1,1,1,"endoplasmic reticulum membrane organization","BP",1
"GO:0090161",1,1,1,1,"Golgi ribbon formation","BP",1
"GO:0090162",1,1,3,3,"establishment of epithelial cell polarity","BP",1
"GO:0090164",1,1,1,1,"asymmetric Golgi ribbon formation","BP",1
"GO:0090169",1,1,3,3,"regulation of spindle assembly","BP",1
"GO:0090174",1,1,5,5,"organelle membrane fusion","BP",1
"GO:0090181",1,1,3,3,"regulation of cholesterol metabolic process","BP",1
"GO:0090183",1,1,1,1,"regulation of kidney development","BP",1
"GO:0090199",1,1,3,3,"regulation of release of cytochrome c from mitochondria","BP",1
"GO:0090200",1,1,2,2,"positive regulation of release of cytochrome c from mitochondria","BP",1
"GO:0090201",1,1,1,1,"negative regulation of release of cytochrome c from mitochondria","BP",1
"GO:0090205",1,1,1,1,"positive regulation of cholesterol metabolic process","BP",1
"GO:0090207",1,1,2,2,"regulation of triglyceride metabolic process","BP",1
"GO:0090209",1,1,1,1,"negative regulation of triglyceride metabolic process","BP",1
"GO:0090218",1,1,3,3,"positive regulation of lipid kinase activity","BP",1
"GO:0090224",1,1,3,3,"regulation of spindle organization","BP",1
"GO:0090231",1,1,3,3,"regulation of spindle checkpoint","BP",1
"GO:0090232",1,1,1,1,"positive regulation of spindle checkpoint","BP",1
"GO:0090233",1,1,1,1,"negative regulation of spindle checkpoint","BP",1
"GO:0090235",1,1,1,1,"regulation of metaphase plate congression","BP",1
"GO:0090237",1,1,1,1,"regulation of arachidonic acid secretion","BP",1
"GO:0090242",1,1,1,1,"retinoic acid receptor signaling pathway involved in somitogenesis","BP",1
"GO:0090244",1,1,1,1,"Wnt signaling pathway involved in somitogenesis","BP",1
"GO:0090257",1,1,6,6,"regulation of muscle system process","BP",1
"GO:0090263",1,1,3,3,"positive regulation of canonical Wnt signaling pathway","BP",1
"GO:0090266",1,1,3,3,"regulation of mitotic cell cycle spindle assembly checkpoint","BP",1
"GO:0090267",1,1,1,1,"positive regulation of mitotic cell cycle spindle assembly checkpoint","BP",1
"GO:0090269",1,1,1,1,"fibroblast growth factor production","BP",1
"GO:0090270",1,1,1,1,"regulation of fibroblast growth factor production","BP",1
"GO:0090272",1,1,1,1,"negative regulation of fibroblast growth factor production","BP",1
"GO:0090276",1,1,13,13,"regulation of peptide hormone secretion","BP",1
"GO:0090277",1,1,5,5,"positive regulation of peptide hormone secretion","BP",1
"GO:0090278",1,1,2,2,"negative regulation of peptide hormone secretion","BP",1
"GO:0090287",1,1,17,17,"regulation of cellular response to growth factor stimulus","BP",1
"GO:0090288",1,1,6,6,"negative regulation of cellular response to growth factor stimulus","BP",1
"GO:0090303",1,1,3,3,"positive regulation of wound healing","BP",1
"GO:0090304",1,1,297,297,"nucleic acid metabolic process","BP",1
"GO:0090305",1,1,2,2,"nucleic acid phosphodiester bond hydrolysis","BP",1
"GO:0090306",1,1,1,1,"meiotic spindle assembly","BP",1
"GO:0090307",1,1,8,8,"mitotic spindle assembly","BP",1
"GO:0090311",1,1,1,1,"regulation of protein deacetylation","BP",1
"GO:0090313",1,1,3,3,"regulation of protein targeting to membrane","BP",1
"GO:0090314",1,1,3,3,"positive regulation of protein targeting to membrane","BP",1
"GO:0090316",1,1,8,8,"positive regulation of intracellular protein transport","BP",1
"GO:0090317",1,1,1,1,"negative regulation of intracellular protein transport","BP",1
"GO:0090322",1,1,2,2,"regulation of superoxide metabolic process","BP",1
"GO:0090329",1,1,4,4,"regulation of DNA-templated DNA replication","BP",1
"GO:0090330",1,1,2,2,"regulation of platelet aggregation","BP",1
"GO:0090331",1,1,1,1,"negative regulation of platelet aggregation","BP",1
"GO:0090335",1,1,2,2,"regulation of brown fat cell differentiation","BP",1
"GO:0090370",1,1,1,1,"negative regulation of cholesterol efflux","BP",1
"GO:0090382",1,1,1,1,"phagosome maturation","BP",1
"GO:0090398",1,1,7,7,"cellular senescence","BP",1
"GO:0090399",1,1,1,1,"replicative senescence","BP",1
"GO:0090402",1,1,1,1,"oncogene-induced cell senescence","BP",1
"GO:0090407",1,1,45,45,"organophosphate biosynthetic process","BP",1
"GO:0090410",1,1,1,1,"malonate catabolic process","BP",1
"GO:0090435",1,1,1,1,"protein localization to nuclear envelope","BP",1
"GO:0090461",1,1,1,1,"intracellular glutamate homeostasis","BP",1
"GO:0090481",1,1,1,1,"pyrimidine nucleotide-sugar transmembrane transport","BP",1
"GO:0090497",1,1,3,3,"mesenchymal cell migration","BP",1
"GO:0090504",1,1,2,2,"epiboly","BP",1
"GO:0090505",1,1,2,2,"epiboly involved in wound healing","BP",1
"GO:0090521",1,1,1,1,"podocyte cell migration","BP",1
"GO:0090559",1,1,3,3,"regulation of membrane permeability","BP",1
"GO:0090592",1,1,1,1,"DNA synthesis involved in DNA replication","BP",1
"GO:0090596",1,1,6,6,"sensory organ morphogenesis","BP",1
"GO:0090630",1,1,5,5,"activation of GTPase activity","BP",1
"GO:0090634",1,1,1,1,"microglial cell mediated cytotoxicity","BP",1
"GO:0090646",1,1,1,1,"mitochondrial tRNA processing","BP",1
"GO:0090649",1,1,1,1,"response to oxygen-glucose deprivation","BP",1
"GO:0090656",1,1,1,1,"t-circle formation","BP",1
"GO:0090659",1,1,1,1,"walking behavior","BP",1
"GO:0090677",1,1,1,1,"reversible differentiation","BP",1
"GO:0090678",1,1,1,1,"cell dedifferentiation involved in phenotypic switching","BP",1
"GO:0090713",1,1,3,3,"immunological memory process","BP",1
"GO:0090715",1,1,1,1,"immunological memory formation process","BP",1
"GO:0090716",1,1,2,2,"adaptive immune memory response","BP",1
"GO:0090737",1,1,1,1,"telomere maintenance via telomere trimming","BP",1
"GO:0095500",1,1,1,1,"acetylcholine receptor signaling pathway","BP",1
"GO:0097006",1,1,2,2,"regulation of plasma lipoprotein particle levels","BP",1
"GO:0097009",1,1,2,2,"energy homeostasis","BP",1
"GO:0097011",1,1,1,1,"cellular response to granulocyte macrophage colony-stimulating factor stimulus","BP",1
"GO:0097012",1,1,1,1,"response to granulocyte macrophage colony-stimulating factor","BP",1
"GO:0097028",1,1,2,2,"dendritic cell differentiation","BP",1
"GO:0097035",1,1,5,5,"regulation of membrane lipid distribution","BP",1
"GO:0097048",1,1,1,1,"dendritic cell apoptotic process","BP",1
"GO:0097050",1,1,3,3,"type B pancreatic cell apoptotic process","BP",1
"GO:0097061",1,1,2,2,"dendritic spine organization","BP",1
"GO:0097065",1,1,1,1,"anterior head development","BP",1
"GO:0097066",1,1,1,1,"response to thyroid hormone","BP",1
"GO:0097067",1,1,1,1,"cellular response to thyroid hormone stimulus","BP",1
"GO:0097084",1,1,2,2,"vascular associated smooth muscle cell development","BP",1
"GO:0097090",1,1,1,1,"presynaptic membrane organization","BP",1
"GO:0097094",1,1,1,1,"craniofacial suture morphogenesis","BP",1
"GO:0097104",1,1,2,2,"postsynaptic membrane assembly","BP",1
"GO:0097105",1,1,1,1,"presynaptic membrane assembly","BP",1
"GO:0097106",1,1,1,1,"postsynaptic density organization","BP",1
"GO:0097107",1,1,1,1,"postsynaptic density assembly","BP",1
"GO:0097113",1,1,1,1,"AMPA glutamate receptor clustering","BP",1
"GO:0097120",1,1,3,3,"receptor localization to synapse","BP",1
"GO:0097150",1,1,2,2,"neuronal stem cell population maintenance","BP",1
"GO:0097154",1,1,1,1,"GABAergic neuron differentiation","BP",1
"GO:0097166",1,1,1,1,"lens epithelial cell proliferation","BP",1
"GO:0097167",1,1,1,1,"circadian regulation of translation","BP",1
"GO:0097176",1,1,1,1,"epoxide metabolic process","BP",1
"GO:0097178",1,1,4,4,"ruffle assembly","BP",1
"GO:0097190",1,1,38,38,"apoptotic signaling pathway","BP",1
"GO:0097191",1,1,12,12,"extrinsic apoptotic signaling pathway","BP",1
"GO:0097192",1,1,1,1,"extrinsic apoptotic signaling pathway in absence of ligand","BP",1
"GO:0097193",1,1,21,21,"intrinsic apoptotic signaling pathway","BP",1
"GO:0097194",1,1,2,2,"execution phase of apoptosis","BP",1
"GO:0097201",1,1,1,1,"negative regulation of transcription from RNA polymerase II promoter in response to stress","BP",1
"GO:0097212",1,1,1,1,"lysosomal membrane organization","BP",1
"GO:0097237",1,1,7,7,"cellular response to toxic substance","BP",1
"GO:0097242",1,1,3,3,"amyloid-beta clearance","BP",1
"GO:0097250",1,1,1,1,"mitochondrial respirasome assembly","BP",1
"GO:0097279",1,1,1,1,"histamine secretion mediated by IgE immunoglobulin","BP",1
"GO:0097280",1,1,1,1,"histamine secretion mediated by immunoglobulin","BP",1
"GO:0097292",1,1,1,1,"XMP metabolic process","BP",1
"GO:0097293",1,1,1,1,"XMP biosynthetic process","BP",1
"GO:0097294",1,1,1,1,"'de novo' XMP biosynthetic process","BP",1
"GO:0097300",1,1,1,1,"programmed necrotic cell death","BP",1
"GO:0097305",1,1,16,16,"response to alcohol","BP",1
"GO:0097306",1,1,8,8,"cellular response to alcohol","BP",1
"GO:0097320",1,1,2,2,"plasma membrane tubulation","BP",1
"GO:0097324",1,1,1,1,"melanocyte migration","BP",1
"GO:0097326",1,1,1,1,"melanocyte adhesion","BP",1
"GO:0097340",1,1,1,1,"inhibition of cysteine-type endopeptidase activity","BP",1
"GO:0097341",1,1,1,1,"zymogen inhibition","BP",1
"GO:0097345",1,1,2,2,"mitochondrial outer membrane permeabilization","BP",1
"GO:0097352",1,1,2,2,"autophagosome maturation","BP",1
"GO:0097354",1,1,1,1,"prenylation","BP",1
"GO:0097368",1,1,1,1,"establishment of Sertoli cell barrier","BP",1
"GO:0097370",1,1,1,1,"protein O-GlcNAcylation via threonine","BP",1
"GO:0097396",1,1,1,1,"response to interleukin-17","BP",1
"GO:0097398",1,1,1,1,"cellular response to interleukin-17","BP",1
"GO:0097400",1,1,1,1,"interleukin-17-mediated signaling pathway","BP",1
"GO:0097401",1,1,1,1,"synaptic vesicle lumen acidification","BP",1
"GO:0097411",1,1,1,1,"hypoxia-inducible factor-1alpha signaling pathway","BP",1
"GO:0097421",1,1,6,6,"liver regeneration","BP",1
"GO:0097435",1,1,45,45,"supramolecular fiber organization","BP",1
"GO:0097479",1,1,2,2,"synaptic vesicle localization","BP",1
"GO:0097484",1,1,1,1,"dendrite extension","BP",1
"GO:0097485",1,1,10,10,"neuron projection guidance","BP",1
"GO:0097494",1,1,1,1,"regulation of vesicle size","BP",1
"GO:0097499",1,1,1,1,"protein localization to non-motile cilium","BP",1
"GO:0097500",1,1,1,1,"receptor localization to non-motile cilium","BP",1
"GO:0097502",1,1,1,1,"mannosylation","BP",1
"GO:0097503",1,1,1,1,"sialylation","BP",1
"GO:0097529",1,1,12,12,"myeloid leukocyte migration","BP",1
"GO:0097530",1,1,7,7,"granulocyte migration","BP",1
"GO:0097531",1,1,2,2,"mast cell migration","BP",1
"GO:0097553",1,1,10,10,"calcium ion transmembrane import into cytosol","BP",1
"GO:0097576",1,1,1,1,"vacuole fusion","BP",1
"GO:0097581",1,1,6,6,"lamellipodium organization","BP",1
"GO:0097681",1,1,1,1,"double-strand break repair via alternative nonhomologous end joining","BP",1
"GO:0097688",1,1,1,1,"glutamate receptor clustering","BP",1
"GO:0097696",1,1,8,8,"receptor signaling pathway via STAT","BP",1
"GO:0097707",1,1,1,1,"ferroptosis","BP",1
"GO:0097720",1,1,2,2,"calcineurin-mediated signaling","BP",1
"GO:0097722",1,1,1,1,"sperm motility","BP",1
"GO:0097734",1,1,1,1,"extracellular exosome biogenesis","BP",1
"GO:0097746",1,1,2,2,"blood vessel diameter maintenance","BP",1
"GO:0098534",1,1,2,2,"centriole assembly","BP",1
"GO:0098542",1,1,78,78,"defense response to other organism","BP",1
"GO:0098543",1,1,1,1,"detection of other organism","BP",1
"GO:0098581",1,1,1,1,"detection of external biotic stimulus","BP",1
"GO:0098586",1,1,3,3,"cellular response to virus","BP",1
"GO:0098598",1,1,1,1,"learned vocalization behavior or vocal learning","BP",1
"GO:0098609",1,1,46,46,"cell-cell adhesion","BP",1
"GO:0098655",1,1,29,29,"monoatomic cation transmembrane transport","BP",1
"GO:0098656",1,1,6,6,"monoatomic anion transmembrane transport","BP",1
"GO:0098657",1,1,44,44,"import into cell","BP",1
"GO:0098659",1,1,3,3,"inorganic cation import across plasma membrane","BP",1
"GO:0098660",1,1,30,30,"inorganic ion transmembrane transport","BP",1
"GO:0098661",1,1,3,3,"inorganic anion transmembrane transport","BP",1
"GO:0098662",1,1,29,29,"inorganic cation transmembrane transport","BP",1
"GO:0098696",1,1,1,1,"regulation of neurotransmitter receptor localization to postsynaptic specialization membrane","BP",1
"GO:0098698",1,1,4,4,"postsynaptic specialization assembly","BP",1
"GO:0098703",1,1,1,1,"calcium ion import across plasma membrane","BP",1
"GO:0098712",1,1,2,2,"L-glutamate import across plasma membrane","BP",1
"GO:0098719",1,1,1,1,"sodium ion import across plasma membrane","BP",1
"GO:0098722",1,1,1,1,"asymmetric stem cell division","BP",1
"GO:0098727",1,1,9,9,"maintenance of cell number","BP",1
"GO:0098728",1,1,1,1,"germline stem cell asymmetric division","BP",1
"GO:0098732",1,1,1,1,"macromolecule deacylation","BP",1
"GO:0098737",1,1,1,1,"protein insertion into plasma membrane","BP",1
"GO:0098739",1,1,7,7,"import across plasma membrane","BP",1
"GO:0098742",1,1,10,10,"cell-cell adhesion via plasma-membrane adhesion molecules","BP",1
"GO:0098751",1,1,1,1,"bone cell development","BP",1
"GO:0098754",1,1,6,6,"detoxification","BP",1
"GO:0098771",1,1,22,22,"inorganic ion homeostasis","BP",1
"GO:0098773",1,1,5,5,"skin epidermis development","BP",1
"GO:0098780",1,1,3,3,"response to mitochondrial depolarisation","BP",1
"GO:0098781",1,1,9,9,"ncRNA transcription","BP",1
"GO:0098810",1,1,1,1,"neurotransmitter reuptake","BP",1
"GO:0098813",1,1,24,24,"nuclear chromosome segregation","BP",1
"GO:0098815",1,1,3,3,"modulation of excitatory postsynaptic potential","BP",1
"GO:0098856",1,1,1,1,"intestinal lipid absorption","BP",1
"GO:0098868",1,1,4,4,"bone growth","BP",1
"GO:0098869",1,1,6,6,"cellular oxidant detoxification","BP",1
"GO:0098876",1,1,7,7,"vesicle-mediated transport to the plasma membrane","BP",1
"GO:0098877",1,1,1,1,"neurotransmitter receptor transport to plasma membrane","BP",1
"GO:0098883",1,1,1,1,"synapse pruning","BP",1
"GO:0098885",1,1,1,1,"modification of postsynaptic actin cytoskeleton","BP",1
"GO:0098887",1,1,1,1,"neurotransmitter receptor transport, endosome to postsynaptic membrane","BP",1
"GO:0098902",1,1,1,1,"regulation of membrane depolarization during action potential","BP",1
"GO:0098916",1,1,28,28,"anterograde trans-synaptic signaling","BP",1
"GO:0098926",1,1,1,1,"postsynaptic signal transduction","BP",1
"GO:0098927",1,1,6,6,"vesicle-mediated transport between endosomal compartments","BP",1
"GO:0098930",1,1,2,2,"axonal transport","BP",1
"GO:0098969",1,1,1,1,"neurotransmitter receptor transport to postsynaptic membrane","BP",1
"GO:0098974",1,1,1,1,"postsynaptic actin cytoskeleton organization","BP",1
"GO:0099003",1,1,9,9,"vesicle-mediated transport in synapse","BP",1
"GO:0099004",1,1,1,1,"calmodulin dependent kinase signaling pathway","BP",1
"GO:0099010",1,1,2,2,"modification of postsynaptic structure","BP",1
"GO:0099022",1,1,1,1,"vesicle tethering","BP",1
"GO:0099024",1,1,1,1,"plasma membrane invagination","BP",1
"GO:0099039",1,1,1,1,"sphingolipid translocation","BP",1
"GO:0099040",1,1,1,1,"ceramide translocation","BP",1
"GO:0099054",1,1,2,2,"presynapse assembly","BP",1
"GO:0099068",1,1,7,7,"postsynapse assembly","BP",1
"GO:0099072",1,1,3,3,"regulation of postsynaptic membrane neurotransmitter receptor levels","BP",1
"GO:0099084",1,1,4,4,"postsynaptic specialization organization","BP",1
"GO:0099093",1,1,1,1,"calcium export from the mitochondrion","BP",1
"GO:0099111",1,1,8,8,"microtubule-based transport","BP",1
"GO:0099116",1,1,1,1,"tRNA 5'-end processing","BP",1
"GO:0099150",1,1,3,3,"regulation of postsynaptic specialization assembly","BP",1
"GO:0099151",1,1,1,1,"regulation of postsynaptic density assembly","BP",1
"GO:0099152",1,1,1,1,"regulation of neurotransmitter receptor transport, endosome to postsynaptic membrane","BP",1
"GO:0099159",1,1,2,2,"regulation of modification of postsynaptic structure","BP",1
"GO:0099170",1,1,3,3,"postsynaptic modulation of chemical synaptic transmission","BP",1
"GO:0099171",1,1,1,1,"presynaptic modulation of chemical synaptic transmission","BP",1
"GO:0099172",1,1,2,2,"presynapse organization","BP",1
"GO:0099173",1,1,14,14,"postsynapse organization","BP",1
"GO:0099174",1,1,1,1,"regulation of presynapse organization","BP",1
"GO:0099175",1,1,6,6,"regulation of postsynapse organization","BP",1
"GO:0099177",1,1,23,23,"regulation of trans-synaptic signaling","BP",1
"GO:0099185",1,1,1,1,"postsynaptic intermediate filament cytoskeleton organization","BP",1
"GO:0099188",1,1,2,2,"postsynaptic cytoskeleton organization","BP",1
"GO:0099500",1,1,1,1,"vesicle fusion to plasma membrane","BP",1
"GO:0099504",1,1,9,9,"synaptic vesicle cycle","BP",1
"GO:0099514",1,1,1,1,"synaptic vesicle cytoskeletal transport","BP",1
"GO:0099515",1,1,2,2,"actin filament-based transport","BP",1
"GO:0099517",1,1,1,1,"synaptic vesicle transport along microtubule","BP",1
"GO:0099518",1,1,3,3,"vesicle cytoskeletal trafficking","BP",1
"GO:0099536",1,1,29,29,"synaptic signaling","BP",1
"GO:0099537",1,1,28,28,"trans-synaptic signaling","BP",1
"GO:0099545",1,1,1,1,"trans-synaptic signaling by trans-synaptic complex","BP",1
"GO:0099547",1,1,1,1,"regulation of translation at synapse, modulating synaptic transmission","BP",1
"GO:0099550",1,1,1,1,"trans-synaptic signaling, modulating synaptic transmission","BP",1
"GO:0099557",1,1,1,1,"trans-synaptic signaling by trans-synaptic complex, modulating synaptic transmission","BP",1
"GO:0099560",1,1,1,1,"synaptic membrane adhesion","BP",1
"GO:0099563",1,1,2,2,"modification of synaptic structure","BP",1
"GO:0099565",1,1,3,3,"chemical synaptic transmission, postsynaptic","BP",1
"GO:0099578",1,1,1,1,"regulation of translation at postsynapse, modulating synaptic transmission","BP",1
"GO:0099587",1,1,3,3,"inorganic ion import across plasma membrane","BP",1
"GO:0099601",1,1,3,3,"regulation of neurotransmitter receptor activity","BP",1
"GO:0099612",1,1,1,1,"protein localization to axon","BP",1
"GO:0099622",1,1,1,1,"cardiac muscle cell membrane repolarization","BP",1
"GO:0099623",1,1,1,1,"regulation of cardiac muscle cell membrane repolarization","BP",1
"GO:0099625",1,1,1,1,"ventricular cardiac muscle cell membrane repolarization","BP",1
"GO:0099633",1,1,1,1,"protein localization to postsynaptic specialization membrane","BP",1
"GO:0099637",1,1,1,1,"neurotransmitter receptor transport","BP",1
"GO:0099638",1,1,2,2,"endosome to plasma membrane protein transport","BP",1
"GO:0099639",1,1,1,1,"neurotransmitter receptor transport, endosome to plasma membrane","BP",1
"GO:0099643",1,1,6,6,"signal release from synapse","BP",1
"GO:0099645",1,1,1,1,"neurotransmitter receptor localization to postsynaptic specialization membrane","BP",1
"GO:0101023",1,1,1,1,"vascular endothelial cell proliferation","BP",1
"GO:0104004",1,1,23,23,"cellular response to environmental stimulus","BP",1
"GO:0106027",1,1,2,2,"neuron projection organization","BP",1
"GO:0106028",1,1,1,1,"neuron projection retraction","BP",1
"GO:0106030",1,1,1,1,"neuron projection fasciculation","BP",1
"GO:0106049",1,1,1,1,"regulation of cellular response to osmotic stress","BP",1
"GO:0106056",1,1,1,1,"regulation of calcineurin-mediated signaling","BP",1
"GO:0106057",1,1,1,1,"negative regulation of calcineurin-mediated signaling","BP",1
"GO:0106104",1,1,1,1,"regulation of glutamate receptor clustering","BP",1
"GO:0106106",1,1,14,14,"cold-induced thermogenesis","BP",1
"GO:0106118",1,1,1,1,"regulation of sterol biosynthetic process","BP",1
"GO:0106120",1,1,1,1,"positive regulation of sterol biosynthetic process","BP",1
"GO:0106380",1,1,2,2,"purine ribonucleotide salvage","BP",1
"GO:0110020",1,1,7,7,"regulation of actomyosin structure organization","BP",1
"GO:0110025",1,1,1,1,"DNA strand resection involved in replication fork processing","BP",1
"GO:0110053",1,1,19,19,"regulation of actin filament organization","BP",1
"GO:0110064",1,1,1,1,"lncRNA catabolic process","BP",1
"GO:0110075",1,1,1,1,"regulation of ferroptosis","BP",1
"GO:0110076",1,1,1,1,"negative regulation of ferroptosis","BP",1
"GO:0110077",1,1,1,1,"vesicle-mediated intercellular transport","BP",1
"GO:0110088",1,1,2,2,"hippocampal neuron apoptotic process","BP",1
"GO:0110089",1,1,2,2,"regulation of hippocampal neuron apoptotic process","BP",1
"GO:0110091",1,1,2,2,"negative regulation of hippocampal neuron apoptotic process","BP",1
"GO:0110096",1,1,2,2,"cellular response to aldehyde","BP",1
"GO:0110104",1,1,1,1,"mRNA alternative polyadenylation","BP",1
"GO:0110154",1,1,2,2,"RNA decapping","BP",1
"GO:0110155",1,1,1,1,"NAD-cap decapping","BP",1
"GO:0110156",1,1,1,1,"methylguanosine-cap decapping","BP",1
"GO:0120006",1,1,1,1,"regulation of glutamatergic neuron differentiation","BP",1
"GO:0120008",1,1,1,1,"positive regulation of glutamatergic neuron differentiation","BP",1
"GO:0120009",1,1,3,3,"intermembrane lipid transfer","BP",1
"GO:0120031",1,1,31,31,"plasma membrane bounded cell projection assembly","BP",1
"GO:0120032",1,1,14,14,"regulation of plasma membrane bounded cell projection assembly","BP",1
"GO:0120033",1,1,2,2,"negative regulation of plasma membrane bounded cell projection assembly","BP",1
"GO:0120034",1,1,6,6,"positive regulation of plasma membrane bounded cell projection assembly","BP",1
"GO:0120035",1,1,38,38,"regulation of plasma membrane bounded cell projection organization","BP",1
"GO:0120036",1,1,79,79,"plasma membrane bounded cell projection organization","BP",1
"GO:0120039",1,1,30,30,"plasma membrane bounded cell projection morphogenesis","BP",1
"GO:0120049",1,1,1,1,"snRNA (adenine-N6)-methylation","BP",1
"GO:0120063",1,1,1,1,"stomach smooth muscle contraction","BP",1
"GO:0120064",1,1,1,1,"stomach pylorus smooth muscle contraction","BP",1
"GO:0120065",1,1,1,1,"pyloric antrum smooth muscle contraction","BP",1
"GO:0120071",1,1,1,1,"regulation of pyloric antrum smooth muscle contraction","BP",1
"GO:0120072",1,1,1,1,"positive regulation of pyloric antrum smooth muscle contraction","BP",1
"GO:0120117",1,1,1,1,"T cell meandering migration","BP",1
"GO:0120127",1,1,1,1,"response to zinc ion starvation","BP",1
"GO:0120161",1,1,14,14,"regulation of cold-induced thermogenesis","BP",1
"GO:0120162",1,1,9,9,"positive regulation of cold-induced thermogenesis","BP",1
"GO:0120163",1,1,5,5,"negative regulation of cold-induced thermogenesis","BP",1
"GO:0120168",1,1,1,1,"detection of hot stimulus involved in thermoception","BP",1
"GO:0120178",1,1,3,3,"steroid hormone biosynthetic process","BP",1
"GO:0120180",1,1,1,1,"cell-substrate junction disassembly","BP",1
"GO:0120181",1,1,1,1,"focal adhesion disassembly","BP",1
"GO:0120182",1,1,1,1,"regulation of focal adhesion disassembly","BP",1
"GO:0120183",1,1,1,1,"positive regulation of focal adhesion disassembly","BP",1
"GO:0120191",1,1,1,1,"negative regulation of termination of RNA polymerase II transcription","BP",1
"GO:0120192",1,1,3,3,"tight junction assembly","BP",1
"GO:0120193",1,1,3,3,"tight junction organization","BP",1
"GO:0120254",1,1,6,6,"olefinic compound metabolic process","BP",1
"GO:0120255",1,1,2,2,"olefinic compound biosynthetic process","BP",1
"GO:0120256",1,1,1,1,"olefinic compound catabolic process","BP",1
"GO:0120305",1,1,1,1,"regulation of pigmentation","BP",1
"GO:0140013",1,1,8,8,"meiotic nuclear division","BP",1
"GO:0140014",1,1,23,23,"mitotic nuclear division","BP",1
"GO:0140021",1,1,1,1,"mitochondrial ADP transmembrane transport","BP",1
"GO:0140029",1,1,6,6,"exocytic process","BP",1
"GO:0140053",1,1,7,7,"mitochondrial gene expression","BP",1
"GO:0140056",1,1,5,5,"organelle localization by membrane tethering","BP",1
"GO:0140058",1,1,1,1,"neuron projection arborization","BP",1
"GO:0140066",1,1,1,1,"peptidyl-lysine crotonylation","BP",1
"GO:0140067",1,1,1,1,"peptidyl-lysine butyrylation","BP",1
"GO:0140112",1,1,1,1,"extracellular vesicle biogenesis","BP",1
"GO:0140131",1,1,1,1,"positive regulation of lymphocyte chemotaxis","BP",1
"GO:0140157",1,1,1,1,"ammonium import across plasma membrane","BP",1
"GO:0140205",1,1,1,1,"oligopeptide import across plasma membrane","BP",1
"GO:0140206",1,1,1,1,"dipeptide import across plasma membrane","BP",1
"GO:0140212",1,1,1,1,"regulation of long-chain fatty acid import into cell","BP",1
"GO:0140213",1,1,1,1,"negative regulation of long-chain fatty acid import into cell","BP",1
"GO:0140238",1,1,4,4,"presynaptic endocytosis","BP",1
"GO:0140243",1,1,1,1,"regulation of translation at synapse","BP",1
"GO:0140245",1,1,1,1,"regulation of translation at postsynapse","BP",1
"GO:0140250",1,1,1,1,"regulation protein catabolic process at synapse","BP",1
"GO:0140251",1,1,1,1,"regulation protein catabolic process at presynapse","BP",1
"GO:0140253",1,1,3,3,"cell-cell fusion","BP",1
"GO:0140291",1,1,1,1,"peptidyl-glutamate ADP-deribosylation","BP",1
"GO:0140352",1,1,50,50,"export from cell","BP",1
"GO:0140353",1,1,1,1,"lipid export from cell","BP",1
"GO:0140354",1,1,1,1,"lipid import into cell","BP",1
"GO:0140374",1,1,4,4,"antiviral innate immune response","BP",1
"GO:0140448",1,1,2,2,"signaling receptor ligand precursor processing","BP",1
"GO:0140467",1,1,6,6,"integrated stress response signaling","BP",1
"GO:0140499",1,1,1,1,"negative regulation of mitotic spindle assembly checkpoint signaling","BP",1
"GO:0140507",1,1,1,1,"granzyme-mediated programmed cell death signaling pathway","BP",1
"GO:0140527",1,1,4,4,"reciprocal homologous recombination","BP",1
"GO:0140546",1,1,29,29,"defense response to symbiont","BP",1
"GO:0140627",1,1,1,1,"ubiquitin-dependent protein catabolic process via the C-end degron rule pathway","BP",1
"GO:0140632",1,1,2,2,"canonical inflammasome complex assembly","BP",1
"GO:0140639",1,1,2,2,"positive regulation of pyroptosis","BP",1
"GO:0140673",1,1,1,1,"transcription elongation-coupled chromatin remodeling","BP",1
"GO:0140694",1,1,23,23,"non-membrane-bounded organelle assembly","BP",1
"GO:0140718",1,1,1,1,"facultative heterochromatin formation","BP",1
"GO:0140719",1,1,1,1,"constitutive heterochromatin formation","BP",1
"GO:0140742",1,1,1,1,"lncRNA transcription","BP",1
"GO:0140743",1,1,1,1,"regulation of lncRNA transcription","BP",1
"GO:0140744",1,1,1,1,"negative regulation of lncRNA transcription","BP",1
"GO:0140745",1,1,1,1,"siRNA transcription","BP",1
"GO:0140747",1,1,9,9,"regulation of ncRNA transcription","BP",1
"GO:0140888",1,1,4,4,"interferon-mediated signaling pathway","BP",1
"GO:0140894",1,1,2,2,"endolysosomal toll-like receptor signaling pathway","BP",1
"GO:0140895",1,1,4,4,"cell surface toll-like receptor signaling pathway","BP",1
"GO:0140924",1,1,1,1,"L-kynurenine transmembrane transport","BP",1
"GO:0140975",1,1,1,1,"disruption of cellular anatomical structure in another organism","BP",1
"GO:0141060",1,1,7,7,"disruption of anatomical structure in another organism","BP",1
"GO:0141061",1,1,7,7,"disruption of cell in another organism","BP",1
"GO:0141084",1,1,2,2,"inflammasome-mediated signaling pathway","BP",1
"GO:0141085",1,1,2,2,"regulation of inflammasome-mediated signaling pathway","BP",1
"GO:0141086",1,1,1,1,"negative regulation of inflammasome-mediated signaling pathway","BP",1
"GO:0141087",1,1,1,1,"positive regulation of inflammasome-mediated signaling pathway","BP",1
"GO:0150011",1,1,1,1,"regulation of neuron projection arborization","BP",1
"GO:0150052",1,1,1,1,"regulation of postsynapse assembly","BP",1
"GO:0150063",1,1,12,12,"visual system development","BP",1
"GO:0150076",1,1,4,4,"neuroinflammatory response","BP",1
"GO:0150077",1,1,1,1,"regulation of neuroinflammatory response","BP",1
"GO:0150079",1,1,1,1,"negative regulation of neuroinflammatory response","BP",1
"GO:0150089",1,1,1,1,"multiple spine synapse organization","BP",1
"GO:0150090",1,1,1,1,"multiple spine synapse organization, single dendrite","BP",1
"GO:0150093",1,1,2,2,"amyloid-beta clearance by transcytosis","BP",1
"GO:0150094",1,1,1,1,"amyloid-beta clearance by cellular catabolic process","BP",1
"GO:0150104",1,1,5,5,"transport across blood-brain barrier","BP",1
"GO:0150105",1,1,2,2,"protein localization to cell-cell junction","BP",1
"GO:0150106",1,1,2,2,"regulation of protein localization to cell-cell junction","BP",1
"GO:0150107",1,1,1,1,"positive regulation of protein localization to cell-cell junction","BP",1
"GO:0150115",1,1,6,6,"cell-substrate junction organization","BP",1
"GO:0150116",1,1,2,2,"regulation of cell-substrate junction organization","BP",1
"GO:0150117",1,1,1,1,"positive regulation of cell-substrate junction organization","BP",1
"GO:0150146",1,1,2,2,"cell junction disassembly","BP",1
"GO:0160063",1,1,1,1,"multi-pass transmembrane protein insertion into ER membrane","BP",1
"GO:0160075",1,1,1,1,"non-canonical inflammasome complex assembly","BP",1
"GO:0180010",1,1,1,1,"co-transcriptional mRNA 3'-end processing, cleavage and polyadenylation pathway","BP",1
"GO:0180012",1,1,1,1,"co-transcriptional RNA 3'-end processing, cleavage and polyadenylation pathway","BP",1
"GO:0198738",1,1,18,18,"cell-cell signaling by wnt","BP",1
"GO:1900003",1,1,1,1,"regulation of serine-type endopeptidase activity","BP",1
"GO:1900004",1,1,1,1,"negative regulation of serine-type endopeptidase activity","BP",1
"GO:1900006",1,1,4,4,"positive regulation of dendrite development","BP",1
"GO:1900015",1,1,4,4,"regulation of cytokine production involved in inflammatory response","BP",1
"GO:1900016",1,1,4,4,"negative regulation of cytokine production involved in inflammatory response","BP",1
"GO:1900022",1,1,1,1,"regulation of D-erythro-sphingosine kinase activity","BP",1
"GO:1900024",1,1,7,7,"regulation of substrate adhesion-dependent cell spreading","BP",1
"GO:1900025",1,1,2,2,"negative regulation of substrate adhesion-dependent cell spreading","BP",1
"GO:1900026",1,1,4,4,"positive regulation of substrate adhesion-dependent cell spreading","BP",1
"GO:1900027",1,1,3,3,"regulation of ruffle assembly","BP",1
"GO:1900028",1,1,1,1,"negative regulation of ruffle assembly","BP",1
"GO:1900029",1,1,2,2,"positive regulation of ruffle assembly","BP",1
"GO:1900034",1,1,4,4,"regulation of cellular response to heat","BP",1
"GO:1900037",1,1,1,1,"regulation of cellular response to hypoxia","BP",1
"GO:1900038",1,1,1,1,"negative regulation of cellular response to hypoxia","BP",1
"GO:1900044",1,1,1,1,"regulation of protein K63-linked ubiquitination","BP",1
"GO:1900045",1,1,1,1,"negative regulation of protein K63-linked ubiquitination","BP",1
"GO:1900046",1,1,3,3,"regulation of hemostasis","BP",1
"GO:1900047",1,1,2,2,"negative regulation of hemostasis","BP",1
"GO:1900076",1,1,2,2,"regulation of cellular response to insulin stimulus","BP",1
"GO:1900078",1,1,2,2,"positive regulation of cellular response to insulin stimulus","BP",1
"GO:1900087",1,1,4,4,"positive regulation of G1/S transition of mitotic cell cycle","BP",1
"GO:1900095",1,1,1,1,"regulation of dosage compensation by inactivation of X chromosome","BP",1
"GO:1900101",1,1,2,2,"regulation of endoplasmic reticulum unfolded protein response","BP",1
"GO:1900102",1,1,1,1,"negative regulation of endoplasmic reticulum unfolded protein response","BP",1
"GO:1900103",1,1,1,1,"positive regulation of endoplasmic reticulum unfolded protein response","BP",1
"GO:1900117",1,1,1,1,"regulation of execution phase of apoptosis","BP",1
"GO:1900119",1,1,1,1,"positive regulation of execution phase of apoptosis","BP",1
"GO:1900120",1,1,1,1,"regulation of receptor binding","BP",1
"GO:1900122",1,1,1,1,"positive regulation of receptor binding","BP",1
"GO:1900150",1,1,1,1,"regulation of defense response to fungus","BP",1
"GO:1900166",1,1,1,1,"regulation of glial cell-derived neurotrophic factor production","BP",1
"GO:1900168",1,1,1,1,"positive regulation of glial cell-derived neurotrophic factor production","BP",1
"GO:1900180",1,1,10,10,"regulation of protein localization to nucleus","BP",1
"GO:1900181",1,1,2,2,"negative regulation of protein localization to nucleus","BP",1
"GO:1900182",1,1,8,8,"positive regulation of protein localization to nucleus","BP",1
"GO:1900193",1,1,1,1,"regulation of oocyte maturation","BP",1
"GO:1900195",1,1,1,1,"positive regulation of oocyte maturation","BP",1
"GO:1900221",1,1,1,1,"regulation of amyloid-beta clearance","BP",1
"GO:1900223",1,1,1,1,"positive regulation of amyloid-beta clearance","BP",1
"GO:1900225",1,1,2,2,"regulation of NLRP3 inflammasome complex assembly","BP",1
"GO:1900226",1,1,1,1,"negative regulation of NLRP3 inflammasome complex assembly","BP",1
"GO:1900227",1,1,1,1,"positive regulation of NLRP3 inflammasome complex assembly","BP",1
"GO:1900242",1,1,1,1,"regulation of synaptic vesicle endocytosis","BP",1
"GO:1900245",1,1,2,2,"positive regulation of MDA-5 signaling pathway","BP",1
"GO:1900246",1,1,3,3,"positive regulation of RIG-I signaling pathway","BP",1
"GO:1900271",1,1,2,2,"regulation of long-term synaptic potentiation","BP",1
"GO:1900272",1,1,1,1,"negative regulation of long-term synaptic potentiation","BP",1
"GO:1900273",1,1,1,1,"positive regulation of long-term synaptic potentiation","BP",1
"GO:1900274",1,1,3,3,"regulation of phospholipase C activity","BP",1
"GO:1900279",1,1,1,1,"regulation of CD4-positive, alpha-beta T cell costimulation","BP",1
"GO:1900280",1,1,1,1,"negative regulation of CD4-positive, alpha-beta T cell costimulation","BP",1
"GO:1900368",1,1,1,1,"regulation of post-transcriptional gene silencing by regulatory ncRNA","BP",1
"GO:1900369",1,1,1,1,"negative regulation of post-transcriptional gene silencing by regulatory ncRNA","BP",1
"GO:1900371",1,1,3,3,"regulation of purine nucleotide biosynthetic process","BP",1
"GO:1900372",1,1,1,1,"negative regulation of purine nucleotide biosynthetic process","BP",1
"GO:1900373",1,1,1,1,"positive regulation of purine nucleotide biosynthetic process","BP",1
"GO:1900376",1,1,2,2,"regulation of secondary metabolite biosynthetic process","BP",1
"GO:1900377",1,1,1,1,"negative regulation of secondary metabolite biosynthetic process","BP",1
"GO:1900378",1,1,1,1,"positive regulation of secondary metabolite biosynthetic process","BP",1
"GO:1900407",1,1,1,1,"regulation of cellular response to oxidative stress","BP",1
"GO:1900542",1,1,3,3,"regulation of purine nucleotide metabolic process","BP",1
"GO:1900543",1,1,1,1,"negative regulation of purine nucleotide metabolic process","BP",1
"GO:1900544",1,1,1,1,"positive regulation of purine nucleotide metabolic process","BP",1
"GO:1900744",1,1,5,5,"regulation of p38MAPK cascade","BP",1
"GO:1900745",1,1,2,2,"positive regulation of p38MAPK cascade","BP",1
"GO:1900746",1,1,1,1,"regulation of vascular endothelial growth factor signaling pathway","BP",1
"GO:1900747",1,1,1,1,"negative regulation of vascular endothelial growth factor signaling pathway","BP",1
"GO:1900864",1,1,1,1,"mitochondrial RNA modification","BP",1
"GO:1901028",1,1,1,1,"regulation of mitochondrial outer membrane permeabilization involved in apoptotic signaling pathway","BP",1
"GO:1901029",1,1,1,1,"negative regulation of mitochondrial outer membrane permeabilization involved in apoptotic signaling pathway","BP",1
"GO:1901052",1,1,1,1,"sarcosine metabolic process","BP",1
"GO:1901053",1,1,1,1,"sarcosine catabolic process","BP",1
"GO:1901071",1,1,2,2,"glucosamine-containing compound metabolic process","BP",1
"GO:1901072",1,1,2,2,"glucosamine-containing compound catabolic process","BP",1
"GO:1901099",1,1,1,1,"negative regulation of signal transduction in absence of ligand","BP",1
"GO:1901135",1,1,70,70,"carbohydrate derivative metabolic process","BP",1
"GO:1901136",1,1,11,11,"carbohydrate derivative catabolic process","BP",1
"GO:1901137",1,1,45,45,"carbohydrate derivative biosynthetic process","BP",1
"GO:1901142",1,1,1,1,"insulin metabolic process","BP",1
"GO:1901159",1,1,1,1,"xylulose 5-phosphate biosynthetic process","BP",1
"GO:1901184",1,1,4,4,"regulation of ERBB signaling pathway","BP",1
"GO:1901185",1,1,3,3,"negative regulation of ERBB signaling pathway","BP",1
"GO:1901193",1,1,1,1,"regulation of formation of translation preinitiation complex","BP",1
"GO:1901194",1,1,1,1,"negative regulation of formation of translation preinitiation complex","BP",1
"GO:1901201",1,1,1,1,"regulation of extracellular matrix assembly","BP",1
"GO:1901203",1,1,1,1,"positive regulation of extracellular matrix assembly","BP",1
"GO:1901222",1,1,6,6,"regulation of non-canonical NF-kappaB signal transduction","BP",1
"GO:1901223",1,1,2,2,"negative regulation of non-canonical NF-kappaB signal transduction","BP",1
"GO:1901224",1,1,3,3,"positive regulation of non-canonical NF-kappaB signal transduction","BP",1
"GO:1901252",1,1,1,1,"regulation of intracellular transport of viral material","BP",1
"GO:1901253",1,1,1,1,"negative regulation of intracellular transport of viral material","BP",1
"GO:1901255",1,1,1,1,"nucleotide-excision repair involved in interstrand cross-link repair","BP",1
"GO:1901264",1,1,5,5,"carbohydrate derivative transport","BP",1
"GO:1901289",1,1,1,1,"succinyl-CoA catabolic process","BP",1
"GO:1901292",1,1,7,7,"nucleoside phosphate catabolic process","BP",1
"GO:1901293",1,1,23,23,"nucleoside phosphate biosynthetic process","BP",1
"GO:1901301",1,1,1,1,"regulation of cargo loading into COPII-coated vesicle","BP",1
"GO:1901303",1,1,1,1,"negative regulation of cargo loading into COPII-coated vesicle","BP",1
"GO:1901342",1,1,15,15,"regulation of vasculature development","BP",1
"GO:1901343",1,1,8,8,"negative regulation of vasculature development","BP",1
"GO:1901360",1,1,351,351,"organic cyclic compound metabolic process","BP",1
"GO:1901361",1,1,21,21,"organic cyclic compound catabolic process","BP",1
"GO:1901362",1,1,238,238,"organic cyclic compound biosynthetic process","BP",1
"GO:1901475",1,1,1,1,"pyruvate transmembrane transport","BP",1
"GO:1901490",1,1,1,1,"regulation of lymphangiogenesis","BP",1
"GO:1901491",1,1,1,1,"negative regulation of lymphangiogenesis","BP",1
"GO:1901494",1,1,1,1,"regulation of cysteine metabolic process","BP",1
"GO:1901523",1,1,1,1,"icosanoid catabolic process","BP",1
"GO:1901529",1,1,1,1,"positive regulation of anion channel activity","BP",1
"GO:1901532",1,1,2,2,"regulation of hematopoietic progenitor cell differentiation","BP",1
"GO:1901550",1,1,1,1,"regulation of endothelial cell development","BP",1
"GO:1901563",1,1,1,1,"response to camptothecin","BP",1
"GO:1901564",1,1,301,301,"organonitrogen compound metabolic process","BP",1
"GO:1901565",1,1,72,72,"organonitrogen compound catabolic process","BP",1
"GO:1901566",1,1,87,87,"organonitrogen compound biosynthetic process","BP",1
"GO:1901568",1,1,4,4,"fatty acid derivative metabolic process","BP",1
"GO:1901569",1,1,2,2,"fatty acid derivative catabolic process","BP",1
"GO:1901570",1,1,2,2,"fatty acid derivative biosynthetic process","BP",1
"GO:1901575",1,1,111,111,"organic substance catabolic process","BP",1
"GO:1901576",1,1,429,429,"organic substance biosynthetic process","BP",1
"GO:1901605",1,1,7,7,"alpha-amino acid metabolic process","BP",1
"GO:1901606",1,1,4,4,"alpha-amino acid catabolic process","BP",1
"GO:1901615",1,1,36,36,"organic hydroxy compound metabolic process","BP",1
"GO:1901616",1,1,2,2,"organic hydroxy compound catabolic process","BP",1
"GO:1901617",1,1,21,21,"organic hydroxy compound biosynthetic process","BP",1
"GO:1901623",1,1,2,2,"regulation of lymphocyte chemotaxis","BP",1
"GO:1901642",1,1,1,1,"nucleoside transmembrane transport","BP",1
"GO:1901652",1,1,22,22,"response to peptide","BP",1
"GO:1901653",1,1,16,16,"cellular response to peptide","BP",1
"GO:1901654",1,1,8,8,"response to ketone","BP",1
"GO:1901655",1,1,5,5,"cellular response to ketone","BP",1
"GO:1901657",1,1,6,6,"glycosyl compound metabolic process","BP",1
"GO:1901658",1,1,1,1,"glycosyl compound catabolic process","BP",1
"GO:1901659",1,1,4,4,"glycosyl compound biosynthetic process","BP",1
"GO:1901673",1,1,3,3,"regulation of mitotic spindle assembly","BP",1
"GO:1901679",1,1,1,1,"nucleotide transmembrane transport","BP",1
"GO:1901698",1,1,48,48,"response to nitrogen compound","BP",1
"GO:1901699",1,1,26,26,"cellular response to nitrogen compound","BP",1
"GO:1901700",1,1,90,90,"response to oxygen-containing compound","BP",1
"GO:1901701",1,1,63,63,"cellular response to oxygen-containing compound","BP",1
"GO:1901722",1,1,1,1,"regulation of cell proliferation involved in kidney development","BP",1
"GO:1901723",1,1,1,1,"negative regulation of cell proliferation involved in kidney development","BP",1
"GO:1901739",1,1,1,1,"regulation of myoblast fusion","BP",1
"GO:1901741",1,1,1,1,"positive regulation of myoblast fusion","BP",1
"GO:1901796",1,1,12,12,"regulation of signal transduction by p53 class mediator","BP",1
"GO:1901797",1,1,2,2,"negative regulation of signal transduction by p53 class mediator","BP",1
"GO:1901799",1,1,2,2,"negative regulation of proteasomal protein catabolic process","BP",1
"GO:1901800",1,1,10,10,"positive regulation of proteasomal protein catabolic process","BP",1
"GO:1901836",1,1,1,1,"regulation of transcription of nucleolar large rRNA by RNA polymerase I","BP",1
"GO:1901837",1,1,1,1,"negative regulation of transcription of nucleolar large rRNA by RNA polymerase I","BP",1
"GO:1901856",1,1,1,1,"negative regulation of cellular respiration","BP",1
"GO:1901857",1,1,1,1,"positive regulation of cellular respiration","BP",1
"GO:1901858",1,1,1,1,"regulation of mitochondrial DNA metabolic process","BP",1
"GO:1901859",1,1,1,1,"negative regulation of mitochondrial DNA metabolic process","BP",1
"GO:1901861",1,1,2,2,"regulation of muscle tissue development","BP",1
"GO:1901862",1,1,1,1,"negative regulation of muscle tissue development","BP",1
"GO:1901863",1,1,1,1,"positive regulation of muscle tissue development","BP",1
"GO:1901873",1,1,20,20,"regulation of post-translational protein modification","BP",1
"GO:1901874",1,1,11,11,"negative regulation of post-translational protein modification","BP",1
"GO:1901875",1,1,7,7,"positive regulation of post-translational protein modification","BP",1
"GO:1901879",1,1,4,4,"regulation of protein depolymerization","BP",1
"GO:1901880",1,1,4,4,"negative regulation of protein depolymerization","BP",1
"GO:1901888",1,1,9,9,"regulation of cell junction assembly","BP",1
"GO:1901889",1,1,1,1,"negative regulation of cell junction assembly","BP",1
"GO:1901890",1,1,4,4,"positive regulation of cell junction assembly","BP",1
"GO:1901970",1,1,3,3,"positive regulation of mitotic sister chromatid separation","BP",1
"GO:1901976",1,1,3,3,"regulation of cell cycle checkpoint","BP",1
"GO:1901977",1,1,1,1,"negative regulation of cell cycle checkpoint","BP",1
"GO:1901978",1,1,1,1,"positive regulation of cell cycle checkpoint","BP",1
"GO:1901983",1,1,3,3,"regulation of protein acetylation","BP",1
"GO:1901985",1,1,2,2,"positive regulation of protein acetylation","BP",1
"GO:1901987",1,1,29,29,"regulation of cell cycle phase transition","BP",1
"GO:1901988",1,1,19,19,"negative regulation of cell cycle phase transition","BP",1
"GO:1901989",1,1,9,9,"positive regulation of cell cycle phase transition","BP",1
"GO:1901990",1,1,26,26,"regulation of mitotic cell cycle phase transition","BP",1
"GO:1901991",1,1,17,17,"negative regulation of mitotic cell cycle phase transition","BP",1
"GO:1901992",1,1,7,7,"positive regulation of mitotic cell cycle phase transition","BP",1
"GO:1901998",1,1,2,2,"toxin transport","BP",1
"GO:1901999",1,1,1,1,"homogentisate metabolic process","BP",1
"GO:1902000",1,1,1,1,"homogentisate catabolic process","BP",1
"GO:1902001",1,1,1,1,"fatty acid transmembrane transport","BP",1
"GO:1902003",1,1,3,3,"regulation of amyloid-beta formation","BP",1
"GO:1902004",1,1,2,2,"positive regulation of amyloid-beta formation","BP",1
"GO:1902017",1,1,1,1,"regulation of cilium assembly","BP",1
"GO:1902022",1,1,1,1,"L-lysine transport","BP",1
"GO:1902041",1,1,4,4,"regulation of extrinsic apoptotic signaling pathway via death domain receptors","BP",1
"GO:1902043",1,1,3,3,"positive regulation of extrinsic apoptotic signaling pathway via death domain receptors","BP",1
"GO:1902074",1,1,17,17,"response to salt","BP",1
"GO:1902075",1,1,11,11,"cellular response to salt","BP",1
"GO:1902099",1,1,8,8,"regulation of metaphase/anaphase transition of cell cycle","BP",1
"GO:1902100",1,1,7,7,"negative regulation of metaphase/anaphase transition of cell cycle","BP",1
"GO:1902101",1,1,2,2,"positive regulation of metaphase/anaphase transition of cell cycle","BP",1
"GO:1902105",1,1,21,21,"regulation of leukocyte differentiation","BP",1
"GO:1902106",1,1,7,7,"negative regulation of leukocyte differentiation","BP",1
"GO:1902107",1,1,12,12,"positive regulation of leukocyte differentiation","BP",1
"GO:1902108",1,1,2,2,"regulation of mitochondrial membrane permeability involved in apoptotic process","BP",1
"GO:1902109",1,1,1,1,"negative regulation of mitochondrial membrane permeability involved in apoptotic process","BP",1
"GO:1902110",1,1,2,2,"positive regulation of mitochondrial membrane permeability involved in apoptotic process","BP",1
"GO:1902115",1,1,11,11,"regulation of organelle assembly","BP",1
"GO:1902165",1,1,1,1,"regulation of intrinsic apoptotic signaling pathway in response to DNA damage by p53 class mediator","BP",1
"GO:1902166",1,1,1,1,"negative regulation of intrinsic apoptotic signaling pathway in response to DNA damage by p53 class mediator","BP",1
"GO:1902175",1,1,1,1,"regulation of oxidative stress-induced intrinsic apoptotic signaling pathway","BP",1
"GO:1902177",1,1,1,1,"positive regulation of oxidative stress-induced intrinsic apoptotic signaling pathway","BP",1
"GO:1902178",1,1,1,1,"fibroblast growth factor receptor apoptotic signaling pathway","BP",1
"GO:1902218",1,1,1,1,"regulation of intrinsic apoptotic signaling pathway in response to osmotic stress","BP",1
"GO:1902221",1,1,2,2,"erythrose 4-phosphate/phosphoenolpyruvate family amino acid metabolic process","BP",1
"GO:1902222",1,1,2,2,"erythrose 4-phosphate/phosphoenolpyruvate family amino acid catabolic process","BP",1
"GO:1902229",1,1,2,2,"regulation of intrinsic apoptotic signaling pathway in response to DNA damage","BP",1
"GO:1902230",1,1,1,1,"negative regulation of intrinsic apoptotic signaling pathway in response to DNA damage","BP",1
"GO:1902231",1,1,1,1,"positive regulation of intrinsic apoptotic signaling pathway in response to DNA damage","BP",1
"GO:1902235",1,1,1,1,"regulation of endoplasmic reticulum stress-induced intrinsic apoptotic signaling pathway","BP",1
"GO:1902237",1,1,1,1,"positive regulation of endoplasmic reticulum stress-induced intrinsic apoptotic signaling pathway","BP",1
"GO:1902238",1,1,1,1,"regulation of intrinsic apoptotic signaling pathway in response to osmotic stress by p53 class mediator","BP",1
"GO:1902253",1,1,2,2,"regulation of intrinsic apoptotic signaling pathway by p53 class mediator","BP",1
"GO:1902254",1,1,1,1,"negative regulation of intrinsic apoptotic signaling pathway by p53 class mediator","BP",1
"GO:1902275",1,1,1,1,"regulation of chromatin organization","BP",1
"GO:1902283",1,1,1,1,"negative regulation of primary amine oxidase activity","BP",1
"GO:1902284",1,1,2,2,"neuron projection extension involved in neuron projection guidance","BP",1
"GO:1902305",1,1,1,1,"regulation of sodium ion transmembrane transport","BP",1
"GO:1902308",1,1,1,1,"regulation of peptidyl-serine dephosphorylation","BP",1
"GO:1902310",1,1,1,1,"positive regulation of peptidyl-serine dephosphorylation","BP",1
"GO:1902356",1,1,1,1,"oxaloacetate(2-) transmembrane transport","BP",1
"GO:1902358",1,1,1,1,"sulfate transmembrane transport","BP",1
"GO:1902369",1,1,2,2,"negative regulation of RNA catabolic process","BP",1
"GO:1902373",1,1,2,2,"negative regulation of mRNA catabolic process","BP",1
"GO:1902410",1,1,2,2,"mitotic cytokinetic process","BP",1
"GO:1902412",1,1,1,1,"regulation of mitotic cytokinesis","BP",1
"GO:1902414",1,1,5,5,"protein localization to cell junction","BP",1
"GO:1902423",1,1,1,1,"regulation of attachment of mitotic spindle microtubules to kinetochore","BP",1
"GO:1902425",1,1,1,1,"positive regulation of attachment of mitotic spindle microtubules to kinetochore","BP",1
"GO:1902426",1,1,1,1,"deactivation of mitotic spindle assembly checkpoint","BP",1
"GO:1902430",1,1,1,1,"negative regulation of amyloid-beta formation","BP",1
"GO:1902455",1,1,1,1,"negative regulation of stem cell population maintenance","BP",1
"GO:1902459",1,1,1,1,"positive regulation of stem cell population maintenance","BP",1
"GO:1902463",1,1,2,2,"protein localization to cell leading edge","BP",1
"GO:1902473",1,1,2,2,"regulation of protein localization to synapse","BP",1
"GO:1902475",1,1,5,5,"L-alpha-amino acid transmembrane transport","BP",1
"GO:1902476",1,1,3,3,"chloride transmembrane transport","BP",1
"GO:1902531",1,1,101,101,"regulation of intracellular signal transduction","BP",1
"GO:1902532",1,1,31,31,"negative regulation of intracellular signal transduction","BP",1
"GO:1902533",1,1,48,48,"positive regulation of intracellular signal transduction","BP",1
"GO:1902547",1,1,1,1,"regulation of cellular response to vascular endothelial growth factor stimulus","BP",1
"GO:1902548",1,1,1,1,"negative regulation of cellular response to vascular endothelial growth factor stimulus","BP",1
"GO:1902563",1,1,2,2,"regulation of neutrophil activation","BP",1
"GO:1902565",1,1,1,1,"positive regulation of neutrophil activation","BP",1
"GO:1902570",1,1,5,5,"protein localization to nucleolus","BP",1
"GO:1902571",1,1,1,1,"regulation of serine-type peptidase activity","BP",1
"GO:1902572",1,1,1,1,"negative regulation of serine-type peptidase activity","BP",1
"GO:1902600",1,1,12,12,"proton transmembrane transport","BP",1
"GO:1902622",1,1,1,1,"regulation of neutrophil migration","BP",1
"GO:1902624",1,1,1,1,"positive regulation of neutrophil migration","BP",1
"GO:1902644",1,1,2,2,"tertiary alcohol metabolic process","BP",1
"GO:1902645",1,1,2,2,"tertiary alcohol biosynthetic process","BP",1
"GO:1902652",1,1,15,15,"secondary alcohol metabolic process","BP",1
"GO:1902653",1,1,11,11,"secondary alcohol biosynthetic process","BP",1
"GO:1902667",1,1,1,1,"regulation of axon guidance","BP",1
"GO:1902669",1,1,1,1,"positive regulation of axon guidance","BP",1
"GO:1902679",1,1,67,67,"negative regulation of RNA biosynthetic process","BP",1
"GO:1902680",1,1,102,102,"positive regulation of RNA biosynthetic process","BP",1
"GO:1902683",1,1,3,3,"regulation of receptor localization to synapse","BP",1
"GO:1902686",1,1,2,2,"mitochondrial outer membrane permeabilization involved in programmed cell death","BP",1
"GO:1902692",1,1,3,3,"regulation of neuroblast proliferation","BP",1
"GO:1902730",1,1,1,1,"positive regulation of proteoglycan biosynthetic process","BP",1
"GO:1902731",1,1,1,1,"negative regulation of chondrocyte proliferation","BP",1
"GO:1902743",1,1,2,2,"regulation of lamellipodium organization","BP",1
"GO:1902745",1,1,2,2,"positive regulation of lamellipodium organization","BP",1
"GO:1902749",1,1,8,8,"regulation of cell cycle G2/M phase transition","BP",1
"GO:1902750",1,1,7,7,"negative regulation of cell cycle G2/M phase transition","BP",1
"GO:1902751",1,1,1,1,"positive regulation of cell cycle G2/M phase transition","BP",1
"GO:1902761",1,1,1,1,"positive regulation of chondrocyte development","BP",1
"GO:1902766",1,1,1,1,"skeletal muscle satellite cell migration","BP",1
"GO:1902767",1,1,1,1,"isoprenoid biosynthetic process via mevalonate","BP",1
"GO:1902769",1,1,1,1,"regulation of choline O-acetyltransferase activity","BP",1
"GO:1902771",1,1,1,1,"positive regulation of choline O-acetyltransferase activity","BP",1
"GO:1902774",1,1,1,1,"late endosome to lysosome transport","BP",1
"GO:1902806",1,1,13,13,"regulation of cell cycle G1/S phase transition","BP",1
"GO:1902807",1,1,4,4,"negative regulation of cell cycle G1/S phase transition","BP",1
"GO:1902808",1,1,6,6,"positive regulation of cell cycle G1/S phase transition","BP",1
"GO:1902850",1,1,14,14,"microtubule cytoskeleton organization involved in mitosis","BP",1
"GO:1902858",1,1,1,1,"propionyl-CoA metabolic process","BP",1
"GO:1902859",1,1,1,1,"propionyl-CoA catabolic process","BP",1
"GO:1902869",1,1,1,1,"regulation of amacrine cell differentiation","BP",1
"GO:1902871",1,1,1,1,"positive regulation of amacrine cell differentiation","BP",1
"GO:1902882",1,1,1,1,"regulation of response to oxidative stress","BP",1
"GO:1902893",1,1,6,6,"regulation of miRNA transcription","BP",1
"GO:1902894",1,1,2,2,"negative regulation of miRNA transcription","BP",1
"GO:1902895",1,1,4,4,"positive regulation of miRNA transcription","BP",1
"GO:1902903",1,1,24,24,"regulation of supramolecular fiber organization","BP",1
"GO:1902904",1,1,7,7,"negative regulation of supramolecular fiber organization","BP",1
"GO:1902905",1,1,11,11,"positive regulation of supramolecular fiber organization","BP",1
"GO:1902914",1,1,1,1,"regulation of protein polyubiquitination","BP",1
"GO:1902915",1,1,1,1,"negative regulation of protein polyubiquitination","BP",1
"GO:1902930",1,1,3,3,"regulation of alcohol biosynthetic process","BP",1
"GO:1902932",1,1,1,1,"positive regulation of alcohol biosynthetic process","BP",1
"GO:1902946",1,1,1,1,"protein localization to early endosome","BP",1
"GO:1902947",1,1,1,1,"regulation of tau-protein kinase activity","BP",1
"GO:1902948",1,1,1,1,"negative regulation of tau-protein kinase activity","BP",1
"GO:1902953",1,1,1,1,"positive regulation of ER to Golgi vesicle-mediated transport","BP",1
"GO:1902954",1,1,1,1,"regulation of early endosome to recycling endosome transport","BP",1
"GO:1902955",1,1,1,1,"positive regulation of early endosome to recycling endosome transport","BP",1
"GO:1902959",1,1,1,1,"regulation of aspartic-type endopeptidase activity involved in amyloid precursor protein catabolic process","BP",1
"GO:1902960",1,1,1,1,"negative regulation of aspartic-type endopeptidase activity involved in amyloid precursor protein catabolic process","BP",1
"GO:1902962",1,1,1,1,"regulation of metalloendopeptidase activity involved in amyloid precursor protein catabolic process","BP",1
"GO:1902963",1,1,1,1,"negative regulation of metalloendopeptidase activity involved in amyloid precursor protein catabolic process","BP",1
"GO:1902965",1,1,1,1,"regulation of protein localization to early endosome","BP",1
"GO:1902966",1,1,1,1,"positive regulation of protein localization to early endosome","BP",1
"GO:1902969",1,1,3,3,"mitotic DNA replication","BP",1
"GO:1902988",1,1,1,1,"neurofibrillary tangle assembly","BP",1
"GO:1902991",1,1,3,3,"regulation of amyloid precursor protein catabolic process","BP",1
"GO:1902992",1,1,1,1,"negative regulation of amyloid precursor protein catabolic process","BP",1
"GO:1902993",1,1,2,2,"positive regulation of amyloid precursor protein catabolic process","BP",1
"GO:1902996",1,1,1,1,"regulation of neurofibrillary tangle assembly","BP",1
"GO:1902997",1,1,1,1,"negative regulation of neurofibrillary tangle assembly","BP",1
"GO:1903003",1,1,1,1,"positive regulation of protein deubiquitination","BP",1
"GO:1903008",1,1,6,6,"organelle disassembly","BP",1
"GO:1903018",1,1,6,6,"regulation of glycoprotein metabolic process","BP",1
"GO:1903019",1,1,3,3,"negative regulation of glycoprotein metabolic process","BP",1
"GO:1903020",1,1,2,2,"positive regulation of glycoprotein metabolic process","BP",1
"GO:1903025",1,1,2,2,"regulation of RNA polymerase II regulatory region sequence-specific DNA binding","BP",1
"GO:1903026",1,1,1,1,"negative regulation of RNA polymerase II regulatory region sequence-specific DNA binding","BP",1
"GO:1903027",1,1,1,1,"regulation of opsonization","BP",1
"GO:1903028",1,1,1,1,"positive regulation of opsonization","BP",1
"GO:1903034",1,1,8,8,"regulation of response to wounding","BP",1
"GO:1903035",1,1,2,2,"negative regulation of response to wounding","BP",1
"GO:1903036",1,1,4,4,"positive regulation of response to wounding","BP",1
"GO:1903037",1,1,24,24,"regulation of leukocyte cell-cell adhesion","BP",1
"GO:1903038",1,1,6,6,"negative regulation of leukocyte cell-cell adhesion","BP",1
"GO:1903039",1,1,20,20,"positive regulation of leukocyte cell-cell adhesion","BP",1
"GO:1903041",1,1,1,1,"regulation of chondrocyte hypertrophy","BP",1
"GO:1903043",1,1,1,1,"positive regulation of chondrocyte hypertrophy","BP",1
"GO:1903044",1,1,1,1,"protein localization to membrane raft","BP",1
"GO:1903046",1,1,9,9,"meiotic cell cycle process","BP",1
"GO:1903047",1,1,50,50,"mitotic cell cycle process","BP",1
"GO:1903050",1,1,14,14,"regulation of proteolysis involved in protein catabolic process","BP",1
"GO:1903051",1,1,2,2,"negative regulation of proteolysis involved in protein catabolic process","BP",1
"GO:1903052",1,1,11,11,"positive regulation of proteolysis involved in protein catabolic process","BP",1
"GO:1903053",1,1,5,5,"regulation of extracellular matrix organization","BP",1
"GO:1903054",1,1,1,1,"negative regulation of extracellular matrix organization","BP",1
"GO:1903055",1,1,3,3,"positive regulation of extracellular matrix organization","BP",1
"GO:1903059",1,1,1,1,"regulation of protein lipidation","BP",1
"GO:1903076",1,1,4,4,"regulation of protein localization to plasma membrane","BP",1
"GO:1903077",1,1,1,1,"negative regulation of protein localization to plasma membrane","BP",1
"GO:1903078",1,1,2,2,"positive regulation of protein localization to plasma membrane","BP",1
"GO:1903121",1,1,1,1,"regulation of TRAIL-activated apoptotic signaling pathway","BP",1
"GO:1903131",1,1,30,30,"mononuclear cell differentiation","BP",1
"GO:1903140",1,1,1,1,"regulation of establishment of endothelial barrier","BP",1
"GO:1903146",1,1,1,1,"regulation of autophagy of mitochondrion","BP",1
"GO:1903169",1,1,3,3,"regulation of calcium ion transmembrane transport","BP",1
"GO:1903214",1,1,2,2,"regulation of protein targeting to mitochondrion","BP",1
"GO:1903232",1,1,1,1,"melanosome assembly","BP",1
"GO:1903236",1,1,2,2,"regulation of leukocyte tethering or rolling","BP",1
"GO:1903238",1,1,2,2,"positive regulation of leukocyte tethering or rolling","BP",1
"GO:1903297",1,1,1,1,"regulation of hypoxia-induced intrinsic apoptotic signaling pathway","BP",1
"GO:1903298",1,1,1,1,"negative regulation of hypoxia-induced intrinsic apoptotic signaling pathway","BP",1
"GO:1903299",1,1,1,1,"regulation of hexokinase activity","BP",1
"GO:1903301",1,1,1,1,"positive regulation of hexokinase activity","BP",1
"GO:1903305",1,1,12,12,"regulation of regulated secretory pathway","BP",1
"GO:1903306",1,1,3,3,"negative regulation of regulated secretory pathway","BP",1
"GO:1903307",1,1,5,5,"positive regulation of regulated secretory pathway","BP",1
"GO:1903311",1,1,12,12,"regulation of mRNA metabolic process","BP",1
"GO:1903312",1,1,3,3,"negative regulation of mRNA metabolic process","BP",1
"GO:1903313",1,1,5,5,"positive regulation of mRNA metabolic process","BP",1
"GO:1903317",1,1,5,5,"regulation of protein maturation","BP",1
"GO:1903318",1,1,1,1,"negative regulation of protein maturation","BP",1
"GO:1903319",1,1,4,4,"positive regulation of protein maturation","BP",1
"GO:1903320",1,1,15,15,"regulation of protein modification by small protein conjugation or removal","BP",1
"GO:1903321",1,1,9,9,"negative regulation of protein modification by small protein conjugation or removal","BP",1
"GO:1903322",1,1,5,5,"positive regulation of protein modification by small protein conjugation or removal","BP",1
"GO:1903332",1,1,1,1,"regulation of protein folding","BP",1
"GO:1903350",1,1,1,1,"response to dopamine","BP",1
"GO:1903351",1,1,1,1,"cellular response to dopamine","BP",1
"GO:1903352",1,1,1,1,"L-ornithine transmembrane transport","BP",1
"GO:1903361",1,1,1,1,"protein localization to basolateral plasma membrane","BP",1
"GO:1903365",1,1,1,1,"regulation of fear response","BP",1
"GO:1903401",1,1,1,1,"L-lysine transmembrane transport","BP",1
"GO:1903409",1,1,1,1,"reactive oxygen species biosynthetic process","BP",1
"GO:1903421",1,1,2,2,"regulation of synaptic vesicle recycling","BP",1
"GO:1903422",1,1,1,1,"negative regulation of synaptic vesicle recycling","BP",1
"GO:1903426",1,1,1,1,"regulation of reactive oxygen species biosynthetic process","BP",1
"GO:1903428",1,1,1,1,"positive regulation of reactive oxygen species biosynthetic process","BP",1
"GO:1903429",1,1,1,1,"regulation of cell maturation","BP",1
"GO:1903431",1,1,1,1,"positive regulation of cell maturation","BP",1
"GO:1903432",1,1,10,10,"regulation of TORC1 signaling","BP",1
"GO:1903441",1,1,1,1,"protein localization to ciliary membrane","BP",1
"GO:1903444",1,1,1,1,"negative regulation of brown fat cell differentiation","BP",1
"GO:1903463",1,1,1,1,"regulation of mitotic cell cycle DNA replication","BP",1
"GO:1903490",1,1,1,1,"positive regulation of mitotic cytokinesis","BP",1
"GO:1903504",1,1,3,3,"regulation of mitotic spindle checkpoint","BP",1
"GO:1903509",1,1,6,6,"liposaccharide metabolic process","BP",1
"GO:1903510",1,1,3,3,"mucopolysaccharide metabolic process","BP",1
"GO:1903513",1,1,1,1,"endoplasmic reticulum to cytosol transport","BP",1
"GO:1903514",1,1,1,1,"release of sequestered calcium ion into cytosol by endoplasmic reticulum","BP",1
"GO:1903522",1,1,9,9,"regulation of blood circulation","BP",1
"GO:1903523",1,1,1,1,"negative regulation of blood circulation","BP",1
"GO:1903524",1,1,1,1,"positive regulation of blood circulation","BP",1
"GO:1903525",1,1,1,1,"regulation of membrane tubulation","BP",1
"GO:1903527",1,1,1,1,"positive regulation of membrane tubulation","BP",1
"GO:1903530",1,1,36,36,"regulation of secretion by cell","BP",1
"GO:1903531",1,1,9,9,"negative regulation of secretion by cell","BP",1
"GO:1903532",1,1,17,17,"positive regulation of secretion by cell","BP",1
"GO:1903533",1,1,5,5,"regulation of protein targeting","BP",1
"GO:1903539",1,1,2,2,"protein localization to postsynaptic membrane","BP",1
"GO:1903540",1,1,1,1,"establishment of protein localization to postsynaptic membrane","BP",1
"GO:1903541",1,1,1,1,"regulation of exosomal secretion","BP",1
"GO:1903542",1,1,1,1,"negative regulation of exosomal secretion","BP",1
"GO:1903546",1,1,1,1,"protein localization to photoreceptor outer segment","BP",1
"GO:1903555",1,1,12,12,"regulation of tumor necrosis factor superfamily cytokine production","BP",1
"GO:1903556",1,1,5,5,"negative regulation of tumor necrosis factor superfamily cytokine production","BP",1
"GO:1903557",1,1,7,7,"positive regulation of tumor necrosis factor superfamily cytokine production","BP",1
"GO:1903564",1,1,1,1,"regulation of protein localization to cilium","BP",1
"GO:1903573",1,1,1,1,"negative regulation of response to endoplasmic reticulum stress","BP",1
"GO:1903575",1,1,1,1,"cornified envelope assembly","BP",1
"GO:1903578",1,1,2,2,"regulation of ATP metabolic process","BP",1
"GO:1903579",1,1,1,1,"negative regulation of ATP metabolic process","BP",1
"GO:1903580",1,1,1,1,"positive regulation of ATP metabolic process","BP",1
"GO:1903599",1,1,1,1,"positive regulation of autophagy of mitochondrion","BP",1
"GO:1903618",1,1,1,1,"regulation of transdifferentiation","BP",1
"GO:1903620",1,1,1,1,"positive regulation of transdifferentiation","BP",1
"GO:1903644",1,1,1,1,"regulation of chaperone-mediated protein folding","BP",1
"GO:1903649",1,1,3,3,"regulation of cytoplasmic transport","BP",1
"GO:1903651",1,1,2,2,"positive regulation of cytoplasmic transport","BP",1
"GO:1903697",1,1,1,1,"negative regulation of microvillus assembly","BP",1
"GO:1903706",1,1,26,26,"regulation of hemopoiesis","BP",1
"GO:1903707",1,1,7,7,"negative regulation of hemopoiesis","BP",1
"GO:1903708",1,1,12,12,"positive regulation of hemopoiesis","BP",1
"GO:1903715",1,1,2,2,"regulation of aerobic respiration","BP",1
"GO:1903716",1,1,1,1,"guanine transmembrane transport","BP",1
"GO:1903719",1,1,1,1,"regulation of I-kappaB phosphorylation","BP",1
"GO:1903721",1,1,1,1,"positive regulation of I-kappaB phosphorylation","BP",1
"GO:1903725",1,1,1,1,"regulation of phospholipid metabolic process","BP",1
"GO:1903726",1,1,1,1,"negative regulation of phospholipid metabolic process","BP",1
"GO:1903729",1,1,2,2,"regulation of plasma membrane organization","BP",1
"GO:1903747",1,1,3,3,"regulation of establishment of protein localization to mitochondrion","BP",1
"GO:1903748",1,1,1,1,"negative regulation of establishment of protein localization to mitochondrion","BP",1
"GO:1903749",1,1,2,2,"positive regulation of establishment of protein localization to mitochondrion","BP",1
"GO:1903753",1,1,2,2,"negative regulation of p38MAPK cascade","BP",1
"GO:1903786",1,1,1,1,"regulation of glutathione biosynthetic process","BP",1
"GO:1903789",1,1,1,1,"regulation of amino acid transmembrane transport","BP",1
"GO:1903791",1,1,1,1,"uracil transmembrane transport","BP",1
"GO:1903793",1,1,1,1,"positive regulation of monoatomic anion transport","BP",1
"GO:1903798",1,1,1,1,"regulation of miRNA processing","BP",1
"GO:1903799",1,1,1,1,"negative regulation of miRNA processing","BP",1
"GO:1903825",1,1,9,9,"organic acid transmembrane transport","BP",1
"GO:1903826",1,1,1,1,"L-arginine transmembrane transport","BP",1
"GO:1903828",1,1,10,10,"negative regulation of protein localization","BP",1
"GO:1903829",1,1,23,23,"positive regulation of protein localization","BP",1
"GO:1903844",1,1,11,11,"regulation of cellular response to transforming growth factor beta stimulus","BP",1
"GO:1903846",1,1,3,3,"positive regulation of cellular response to transforming growth factor beta stimulus","BP",1
"GO:1903894",1,1,1,1,"regulation of IRE1-mediated unfolded protein response","BP",1
"GO:1903896",1,1,1,1,"positive regulation of IRE1-mediated unfolded protein response","BP",1
"GO:1903897",1,1,1,1,"regulation of PERK-mediated unfolded protein response","BP",1
"GO:1903898",1,1,1,1,"negative regulation of PERK-mediated unfolded protein response","BP",1
"GO:1903900",1,1,14,14,"regulation of viral life cycle","BP",1
"GO:1903901",1,1,1,1,"negative regulation of viral life cycle","BP",1
"GO:1903902",1,1,3,3,"positive regulation of viral life cycle","BP",1
"GO:1903903",1,1,1,1,"regulation of establishment of T cell polarity","BP",1
"GO:1903904",1,1,1,1,"negative regulation of establishment of T cell polarity","BP",1
"GO:1903909",1,1,1,1,"regulation of receptor clustering","BP",1
"GO:1903916",1,1,1,1,"regulation of endoplasmic reticulum stress-induced eIF2 alpha dephosphorylation","BP",1
"GO:1903917",1,1,1,1,"positive regulation of endoplasmic reticulum stress-induced eIF2 alpha dephosphorylation","BP",1
"GO:1903935",1,1,1,1,"response to sodium arsenite","BP",1
"GO:1903936",1,1,1,1,"cellular response to sodium arsenite","BP",1
"GO:1903939",1,1,1,1,"regulation of TORC2 signaling","BP",1
"GO:1903955",1,1,2,2,"positive regulation of protein targeting to mitochondrion","BP",1
"GO:1903959",1,1,1,1,"regulation of monoatomic anion transmembrane transport","BP",1
"GO:1903961",1,1,1,1,"positive regulation of anion transmembrane transport","BP",1
"GO:1903963",1,1,1,1,"arachidonate transport","BP",1
"GO:1903964",1,1,1,1,"monounsaturated fatty acid metabolic process","BP",1
"GO:1903966",1,1,1,1,"monounsaturated fatty acid biosynthetic process","BP",1
"GO:1903975",1,1,1,1,"regulation of glial cell migration","BP",1
"GO:1903977",1,1,1,1,"positive regulation of glial cell migration","BP",1
"GO:1903978",1,1,1,1,"regulation of microglial cell activation","BP",1
"GO:1903979",1,1,1,1,"negative regulation of microglial cell activation","BP",1
"GO:1903984",1,1,1,1,"positive regulation of TRAIL-activated apoptotic signaling pathway","BP",1
"GO:1904018",1,1,7,7,"positive regulation of vasculature development","BP",1
"GO:1904019",1,1,9,9,"epithelial cell apoptotic process","BP",1
"GO:1904026",1,1,1,1,"regulation of collagen fibril organization","BP",1
"GO:1904028",1,1,1,1,"positive regulation of collagen fibril organization","BP",1
"GO:1904029",1,1,7,7,"regulation of cyclin-dependent protein kinase activity","BP",1
"GO:1904030",1,1,2,2,"negative regulation of cyclin-dependent protein kinase activity","BP",1
"GO:1904031",1,1,1,1,"positive regulation of cyclin-dependent protein kinase activity","BP",1
"GO:1904035",1,1,8,8,"regulation of epithelial cell apoptotic process","BP",1
"GO:1904036",1,1,5,5,"negative regulation of epithelial cell apoptotic process","BP",1
"GO:1904037",1,1,3,3,"positive regulation of epithelial cell apoptotic process","BP",1
"GO:1904044",1,1,2,2,"response to aldosterone","BP",1
"GO:1904045",1,1,2,2,"cellular response to aldosterone","BP",1
"GO:1904062",1,1,4,4,"regulation of monoatomic cation transmembrane transport","BP",1
"GO:1904082",1,1,1,1,"pyrimidine nucleobase transmembrane transport","BP",1
"GO:1904116",1,1,1,1,"response to vasopressin","BP",1
"GO:1904117",1,1,1,1,"cellular response to vasopressin","BP",1
"GO:1904124",1,1,1,1,"microglial cell migration","BP",1
"GO:1904139",1,1,1,1,"regulation of microglial cell migration","BP",1
"GO:1904141",1,1,1,1,"positive regulation of microglial cell migration","BP",1
"GO:1904149",1,1,1,1,"regulation of microglial cell mediated cytotoxicity","BP",1
"GO:1904150",1,1,1,1,"negative regulation of microglial cell mediated cytotoxicity","BP",1
"GO:1904155",1,1,1,1,"DN2 thymocyte differentiation","BP",1
"GO:1904177",1,1,1,1,"regulation of adipose tissue development","BP",1
"GO:1904179",1,1,1,1,"positive regulation of adipose tissue development","BP",1
"GO:1904251",1,1,2,2,"regulation of bile acid metabolic process","BP",1
"GO:1904253",1,1,1,1,"positive regulation of bile acid metabolic process","BP",1
"GO:1904262",1,1,1,1,"negative regulation of TORC1 signaling","BP",1
"GO:1904263",1,1,8,8,"positive regulation of TORC1 signaling","BP",1
"GO:1904298",1,1,1,1,"regulation of transcytosis","BP",1
"GO:1904300",1,1,1,1,"positive regulation of transcytosis","BP",1
"GO:1904304",1,1,1,1,"regulation of gastro-intestinal system smooth muscle contraction","BP",1
"GO:1904306",1,1,1,1,"positive regulation of gastro-intestinal system smooth muscle contraction","BP",1
"GO:1904341",1,1,1,1,"regulation of colon smooth muscle contraction","BP",1
"GO:1904343",1,1,1,1,"positive regulation of colon smooth muscle contraction","BP",1
"GO:1904347",1,1,1,1,"regulation of small intestine smooth muscle contraction","BP",1
"GO:1904349",1,1,1,1,"positive regulation of small intestine smooth muscle contraction","BP",1
"GO:1904350",1,1,1,1,"regulation of protein catabolic process in the vacuole","BP",1
"GO:1904352",1,1,1,1,"positive regulation of protein catabolic process in the vacuole","BP",1
"GO:1904353",1,1,2,2,"regulation of telomere capping","BP",1
"GO:1904354",1,1,2,2,"negative regulation of telomere capping","BP",1
"GO:1904356",1,1,2,2,"regulation of telomere maintenance via telomere lengthening","BP",1
"GO:1904357",1,1,2,2,"negative regulation of telomere maintenance via telomere lengthening","BP",1
"GO:1904375",1,1,7,7,"regulation of protein localization to cell periphery","BP",1
"GO:1904376",1,1,1,1,"negative regulation of protein localization to cell periphery","BP",1
"GO:1904377",1,1,2,2,"positive regulation of protein localization to cell periphery","BP",1
"GO:1904396",1,1,1,1,"regulation of neuromuscular junction development","BP",1
"GO:1904398",1,1,1,1,"positive regulation of neuromuscular junction development","BP",1
"GO:1904406",1,1,1,1,"negative regulation of nitric oxide metabolic process","BP",1
"GO:1904407",1,1,1,1,"positive regulation of nitric oxide metabolic process","BP",1
"GO:1904424",1,1,2,2,"regulation of GTP binding","BP",1
"GO:1904441",1,1,1,1,"regulation of thyroid gland epithelial cell proliferation","BP",1
"GO:1904442",1,1,1,1,"negative regulation of thyroid gland epithelial cell proliferation","BP",1
"GO:1904505",1,1,3,3,"regulation of telomere maintenance in response to DNA damage","BP",1
"GO:1904506",1,1,1,1,"negative regulation of telomere maintenance in response to DNA damage","BP",1
"GO:1904507",1,1,2,2,"positive regulation of telomere maintenance in response to DNA damage","BP",1
"GO:1904515",1,1,1,1,"positive regulation of TORC2 signaling","BP",1
"GO:1904526",1,1,1,1,"regulation of microtubule binding","BP",1
"GO:1904528",1,1,1,1,"positive regulation of microtubule binding","BP",1
"GO:1904538",1,1,1,1,"regulation of glycolytic process through fructose-6-phosphate","BP",1
"GO:1904539",1,1,1,1,"negative regulation of glycolytic process through fructose-6-phosphate","BP",1
"GO:1904587",1,1,1,1,"response to glycoprotein","BP",1
"GO:1904588",1,1,1,1,"cellular response to glycoprotein","BP",1
"GO:1904594",1,1,1,1,"regulation of termination of RNA polymerase II transcription","BP",1
"GO:1904612",1,1,1,1,"response to 2,3,7,8-tetrachlorodibenzodioxine","BP",1
"GO:1904627",1,1,1,1,"response to phorbol 13-acetate 12-myristate","BP",1
"GO:1904628",1,1,1,1,"cellular response to phorbol 13-acetate 12-myristate","BP",1
"GO:1904636",1,1,1,1,"response to ionomycin","BP",1
"GO:1904637",1,1,1,1,"cellular response to ionomycin","BP",1
"GO:1904645",1,1,2,2,"response to amyloid-beta","BP",1
"GO:1904646",1,1,2,2,"cellular response to amyloid-beta","BP",1
"GO:1904659",1,1,8,8,"glucose transmembrane transport","BP",1
"GO:1904666",1,1,2,2,"regulation of ubiquitin protein ligase activity","BP",1
"GO:1904668",1,1,2,2,"positive regulation of ubiquitin protein ligase activity","BP",1
"GO:1904679",1,1,1,1,"myo-inositol import across plasma membrane","BP",1
"GO:1904683",1,1,1,1,"regulation of metalloendopeptidase activity","BP",1
"GO:1904684",1,1,1,1,"negative regulation of metalloendopeptidase activity","BP",1
"GO:1904688",1,1,1,1,"regulation of cytoplasmic translational initiation","BP",1
"GO:1904689",1,1,1,1,"negative regulation of cytoplasmic translational initiation","BP",1
"GO:1904692",1,1,1,1,"positive regulation of type B pancreatic cell proliferation","BP",1
"GO:1904702",1,1,1,1,"regulation of protein localization to adherens junction","BP",1
"GO:1904705",1,1,3,3,"regulation of vascular associated smooth muscle cell proliferation","BP",1
"GO:1904706",1,1,1,1,"negative regulation of vascular associated smooth muscle cell proliferation","BP",1
"GO:1904707",1,1,2,2,"positive regulation of vascular associated smooth muscle cell proliferation","BP",1
"GO:1904714",1,1,1,1,"regulation of chaperone-mediated autophagy","BP",1
"GO:1904717",1,1,1,1,"regulation of AMPA glutamate receptor clustering","BP",1
"GO:1904738",1,1,2,2,"vascular associated smooth muscle cell migration","BP",1
"GO:1904742",1,1,2,2,"regulation of telomeric DNA binding","BP",1
"GO:1904743",1,1,1,1,"negative regulation of telomeric DNA binding","BP",1
"GO:1904744",1,1,1,1,"positive regulation of telomeric DNA binding","BP",1
"GO:1904749",1,1,3,3,"regulation of protein localization to nucleolus","BP",1
"GO:1904751",1,1,3,3,"positive regulation of protein localization to nucleolus","BP",1
"GO:1904752",1,1,1,1,"regulation of vascular associated smooth muscle cell migration","BP",1
"GO:1904754",1,1,1,1,"positive regulation of vascular associated smooth muscle cell migration","BP",1
"GO:1904760",1,1,1,1,"regulation of myofibroblast differentiation","BP",1
"GO:1904761",1,1,1,1,"negative regulation of myofibroblast differentiation","BP",1
"GO:1904772",1,1,1,1,"response to tetrachloromethane","BP",1
"GO:1904776",1,1,1,1,"regulation of protein localization to cell cortex","BP",1
"GO:1904782",1,1,1,1,"negative regulation of NMDA glutamate receptor activity","BP",1
"GO:1904783",1,1,1,1,"positive regulation of NMDA glutamate receptor activity","BP",1
"GO:1904796",1,1,1,1,"regulation of core promoter binding","BP",1
"GO:1904798",1,1,1,1,"positive regulation of core promoter binding","BP",1
"GO:1904823",1,1,1,1,"purine nucleobase transmembrane transport","BP",1
"GO:1904829",1,1,1,1,"regulation of aortic smooth muscle cell differentiation","BP",1
"GO:1904831",1,1,1,1,"positive regulation of aortic smooth muscle cell differentiation","BP",1
"GO:1904860",1,1,1,1,"DNA synthesis involved in mitotic DNA replication","BP",1
"GO:1904861",1,1,3,3,"excitatory synapse assembly","BP",1
"GO:1904862",1,1,1,1,"inhibitory synapse assembly","BP",1
"GO:1904888",1,1,2,2,"cranial skeletal system development","BP",1
"GO:1904889",1,1,2,2,"regulation of excitatory synapse assembly","BP",1
"GO:1904891",1,1,1,1,"positive regulation of excitatory synapse assembly","BP",1
"GO:1904892",1,1,6,6,"regulation of receptor signaling pathway via STAT","BP",1
"GO:1904893",1,1,2,2,"negative regulation of receptor signaling pathway via STAT","BP",1
"GO:1904894",1,1,4,4,"positive regulation of receptor signaling pathway via STAT","BP",1
"GO:1904896",1,1,1,1,"ESCRT complex disassembly","BP",1
"GO:1904903",1,1,1,1,"ESCRT III complex disassembly","BP",1
"GO:1904923",1,1,1,1,"regulation of autophagy of mitochondrion in response to mitochondrial depolarization","BP",1
"GO:1904925",1,1,1,1,"positive regulation of autophagy of mitochondrion in response to mitochondrial depolarization","BP",1
"GO:1904937",1,1,1,1,"sensory neuron migration","BP",1
"GO:1904948",1,1,1,1,"midbrain dopaminergic neuron differentiation","BP",1
"GO:1904950",1,1,6,6,"negative regulation of establishment of protein localization","BP",1
"GO:1904951",1,1,14,14,"positive regulation of establishment of protein localization","BP",1
"GO:1904953",1,1,1,1,"Wnt signaling pathway involved in midbrain dopaminergic neuron differentiation","BP",1
"GO:1904970",1,1,1,1,"brush border assembly","BP",1
"GO:1904978",1,1,1,1,"regulation of endosome organization","BP",1
"GO:1904980",1,1,1,1,"positive regulation of endosome organization","BP",1
"GO:1904994",1,1,3,3,"regulation of leukocyte adhesion to vascular endothelial cell","BP",1
"GO:1904996",1,1,3,3,"positive regulation of leukocyte adhesion to vascular endothelial cell","BP",1
"GO:1905034",1,1,1,1,"regulation of antifungal innate immune response","BP",1
"GO:1905035",1,1,1,1,"negative regulation of antifungal innate immune response","BP",1
"GO:1905037",1,1,6,6,"autophagosome organization","BP",1
"GO:1905038",1,1,1,1,"regulation of membrane lipid metabolic process","BP",1
"GO:1905039",1,1,9,9,"carboxylic acid transmembrane transport","BP",1
"GO:1905041",1,1,1,1,"regulation of epithelium regeneration","BP",1
"GO:1905042",1,1,1,1,"negative regulation of epithelium regeneration","BP",1
"GO:1905048",1,1,2,2,"regulation of metallopeptidase activity","BP",1
"GO:1905049",1,1,2,2,"negative regulation of metallopeptidase activity","BP",1
"GO:1905063",1,1,2,2,"regulation of vascular associated smooth muscle cell differentiation","BP",1
"GO:1905065",1,1,2,2,"positive regulation of vascular associated smooth muscle cell differentiation","BP",1
"GO:1905097",1,1,2,2,"regulation of guanyl-nucleotide exchange factor activity","BP",1
"GO:1905098",1,1,2,2,"negative regulation of guanyl-nucleotide exchange factor activity","BP",1
"GO:1905144",1,1,1,1,"response to acetylcholine","BP",1
"GO:1905145",1,1,1,1,"cellular response to acetylcholine","BP",1
"GO:1905146",1,1,1,1,"lysosomal protein catabolic process","BP",1
"GO:1905165",1,1,1,1,"regulation of lysosomal protein catabolic process","BP",1
"GO:1905167",1,1,1,1,"positive regulation of lysosomal protein catabolic process","BP",1
"GO:1905168",1,1,3,3,"positive regulation of double-strand break repair via homologous recombination","BP",1
"GO:1905174",1,1,1,1,"regulation of vascular associated smooth muscle cell dedifferentiation","BP",1
"GO:1905225",1,1,1,1,"response to thyrotropin-releasing hormone","BP",1
"GO:1905229",1,1,1,1,"cellular response to thyrotropin-releasing hormone","BP",1
"GO:1905244",1,1,2,2,"regulation of modification of synaptic structure","BP",1
"GO:1905245",1,1,1,1,"regulation of aspartic-type peptidase activity","BP",1
"GO:1905246",1,1,1,1,"negative regulation of aspartic-type peptidase activity","BP",1
"GO:1905258",1,1,1,1,"regulation of nitrosative stress-induced intrinsic apoptotic signaling pathway","BP",1
"GO:1905259",1,1,1,1,"negative regulation of nitrosative stress-induced intrinsic apoptotic signaling pathway","BP",1
"GO:1905274",1,1,1,1,"regulation of modification of postsynaptic actin cytoskeleton","BP",1
"GO:1905276",1,1,1,1,"regulation of epithelial tube formation","BP",1
"GO:1905278",1,1,1,1,"positive regulation of epithelial tube formation","BP",1
"GO:1905279",1,1,1,1,"regulation of retrograde transport, endosome to Golgi","BP",1
"GO:1905314",1,1,1,1,"semi-lunar valve development","BP",1
"GO:1905330",1,1,1,1,"regulation of morphogenesis of an epithelium","BP",1
"GO:1905332",1,1,1,1,"positive regulation of morphogenesis of an epithelium","BP",1
"GO:1905344",1,1,1,1,"prostaglandin catabolic process","BP",1
"GO:1905380",1,1,1,1,"regulation of snRNA transcription by RNA polymerase II","BP",1
"GO:1905382",1,1,1,1,"positive regulation of snRNA transcription by RNA polymerase II","BP",1
"GO:1905456",1,1,1,1,"regulation of lymphoid progenitor cell differentiation","BP",1
"GO:1905462",1,1,1,1,"regulation of DNA duplex unwinding","BP",1
"GO:1905463",1,1,1,1,"negative regulation of DNA duplex unwinding","BP",1
"GO:1905475",1,1,10,10,"regulation of protein localization to membrane","BP",1
"GO:1905476",1,1,1,1,"negative regulation of protein localization to membrane","BP",1
"GO:1905477",1,1,6,6,"positive regulation of protein localization to membrane","BP",1
"GO:1905508",1,1,2,2,"protein localization to microtubule organizing center","BP",1
"GO:1905515",1,1,3,3,"non-motile cilium assembly","BP",1
"GO:1905517",1,1,3,3,"macrophage migration","BP",1
"GO:1905521",1,1,2,2,"regulation of macrophage migration","BP",1
"GO:1905523",1,1,1,1,"positive regulation of macrophage migration","BP",1
"GO:1905562",1,1,1,1,"regulation of vascular endothelial cell proliferation","BP",1
"GO:1905581",1,1,1,1,"positive regulation of low-density lipoprotein particle clearance","BP",1
"GO:1905584",1,1,1,1,"outer hair cell apoptotic process","BP",1
"GO:1905595",1,1,1,1,"regulation of low-density lipoprotein particle receptor binding","BP",1
"GO:1905597",1,1,1,1,"positive regulation of low-density lipoprotein particle receptor binding","BP",1
"GO:1905598",1,1,1,1,"negative regulation of low-density lipoprotein receptor activity","BP",1
"GO:1905599",1,1,1,1,"positive regulation of low-density lipoprotein receptor activity","BP",1
"GO:1905600",1,1,2,2,"regulation of receptor-mediated endocytosis involved in cholesterol transport","BP",1
"GO:1905601",1,1,1,1,"negative regulation of receptor-mediated endocytosis involved in cholesterol transport","BP",1
"GO:1905602",1,1,1,1,"positive regulation of receptor-mediated endocytosis involved in cholesterol transport","BP",1
"GO:1905606",1,1,1,1,"regulation of presynapse assembly","BP",1
"GO:1905609",1,1,1,1,"positive regulation of smooth muscle cell-matrix adhesion","BP",1
"GO:1905636",1,1,1,1,"positive regulation of RNA polymerase II regulatory region sequence-specific DNA binding","BP",1
"GO:1905666",1,1,1,1,"regulation of protein localization to endosome","BP",1
"GO:1905668",1,1,1,1,"positive regulation of protein localization to endosome","BP",1
"GO:1905671",1,1,1,1,"regulation of lysosome organization","BP",1
"GO:1905672",1,1,1,1,"negative regulation of lysosome organization","BP",1
"GO:1905674",1,1,2,2,"regulation of adaptive immune memory response","BP",1
"GO:1905675",1,1,2,2,"negative regulation of adaptive immune memory response","BP",1
"GO:1905684",1,1,1,1,"regulation of plasma membrane repair","BP",1
"GO:1905686",1,1,1,1,"positive regulation of plasma membrane repair","BP",1
"GO:1905702",1,1,1,1,"regulation of inhibitory synapse assembly","BP",1
"GO:1905704",1,1,1,1,"positive regulation of inhibitory synapse assembly","BP",1
"GO:1905709",1,1,3,3,"negative regulation of membrane permeability","BP",1
"GO:1905710",1,1,2,2,"positive regulation of membrane permeability","BP",1
"GO:1905749",1,1,1,1,"regulation of endosome to plasma membrane protein transport","BP",1
"GO:1905764",1,1,1,1,"regulation of protection from non-homologous end joining at telomere","BP",1
"GO:1905765",1,1,1,1,"negative regulation of protection from non-homologous end joining at telomere","BP",1
"GO:1905767",1,1,1,1,"regulation of double-stranded telomeric DNA binding","BP",1
"GO:1905768",1,1,1,1,"negative regulation of double-stranded telomeric DNA binding","BP",1
"GO:1905784",1,1,1,1,"regulation of anaphase-promoting complex-dependent catabolic process","BP",1
"GO:1905809",1,1,2,2,"negative regulation of synapse organization","BP",1
"GO:1905818",1,1,8,8,"regulation of chromosome separation","BP",1
"GO:1905819",1,1,7,7,"negative regulation of chromosome separation","BP",1
"GO:1905820",1,1,3,3,"positive regulation of chromosome separation","BP",1
"GO:1905868",1,1,1,1,"regulation of 3'-UTR-mediated mRNA stabilization","BP",1
"GO:1905869",1,1,1,1,"negative regulation of 3'-UTR-mediated mRNA stabilization","BP",1
"GO:1905871",1,1,1,1,"regulation of protein localization to cell leading edge","BP",1
"GO:1905872",1,1,1,1,"negative regulation of protein localization to cell leading edge","BP",1
"GO:1905874",1,1,1,1,"regulation of postsynaptic density organization","BP",1
"GO:1905897",1,1,3,3,"regulation of response to endoplasmic reticulum stress","BP",1
"GO:1905898",1,1,2,2,"positive regulation of response to endoplasmic reticulum stress","BP",1
"GO:1905952",1,1,11,11,"regulation of lipid localization","BP",1
"GO:1905953",1,1,4,4,"negative regulation of lipid localization","BP",1
"GO:1905954",1,1,8,8,"positive regulation of lipid localization","BP",1
"GO:1905962",1,1,1,1,"glutamatergic neuron differentiation","BP",1
"GO:1990036",1,1,1,1,"calcium ion import into sarcoplasmic reticulum","BP",1
"GO:1990089",1,1,2,2,"response to nerve growth factor","BP",1
"GO:1990090",1,1,2,2,"cellular response to nerve growth factor stimulus","BP",1
"GO:1990116",1,1,1,1,"ribosome-associated ubiquitin-dependent protein catabolic process","BP",1
"GO:1990127",1,1,1,1,"intrinsic apoptotic signaling pathway in response to osmotic stress by p53 class mediator","BP",1
"GO:1990138",1,1,10,10,"neuron projection extension","BP",1
"GO:1990144",1,1,2,2,"intrinsic apoptotic signaling pathway in response to hypoxia","BP",1
"GO:1990167",1,1,1,1,"protein K27-linked deubiquitination","BP",1
"GO:1990182",1,1,1,1,"exosomal secretion","BP",1
"GO:1990264",1,1,1,1,"peptidyl-tyrosine dephosphorylation involved in inactivation of protein kinase activity","BP",1
"GO:1990266",1,1,7,7,"neutrophil migration","BP",1
"GO:1990399",1,1,1,1,"epithelium regeneration","BP",1
"GO:1990403",1,1,3,3,"embryonic brain development","BP",1
"GO:1990414",1,1,1,1,"replication-born double-strand break repair via sister chromatid exchange","BP",1
"GO:1990440",1,1,2,2,"positive regulation of transcription from RNA polymerase II promoter in response to endoplasmic reticulum stress","BP",1
"GO:1990441",1,1,1,1,"negative regulation of transcription from RNA polymerase II promoter in response to endoplasmic reticulum stress","BP",1
"GO:1990442",1,1,2,2,"intrinsic apoptotic signaling pathway in response to nitrosative stress","BP",1
"GO:1990506",1,1,1,1,"mitotic DNA-templated DNA replication","BP",1
"GO:1990542",1,1,3,3,"mitochondrial transmembrane transport","BP",1
"GO:1990544",1,1,1,1,"mitochondrial ATP transmembrane transport","BP",1
"GO:1990546",1,1,1,1,"mitochondrial tricarboxylic acid transmembrane transport","BP",1
"GO:1990573",1,1,1,1,"potassium ion import across plasma membrane","BP",1
"GO:1990575",1,1,1,1,"mitochondrial L-ornithine transmembrane transport","BP",1
"GO:1990637",1,1,1,1,"response to prolactin","BP",1
"GO:1990646",1,1,1,1,"cellular response to prolactin","BP",1
"GO:1990709",1,1,1,1,"presynaptic active zone organization","BP",1
"GO:1990748",1,1,6,6,"cellular detoxification","BP",1
"GO:1990765",1,1,1,1,"colon smooth muscle contraction","BP",1
"GO:1990770",1,1,1,1,"small intestine smooth muscle contraction","BP",1
"GO:1990778",1,1,15,15,"protein localization to cell periphery","BP",1
"GO:1990789",1,1,1,1,"thyroid gland epithelial cell proliferation","BP",1
"GO:1990790",1,1,1,1,"response to glial cell derived neurotrophic factor","BP",1
"GO:1990792",1,1,1,1,"cellular response to glial cell derived neurotrophic factor","BP",1
"GO:1990806",1,1,1,1,"ligand-gated ion channel signaling pathway","BP",1
"GO:1990822",1,1,1,1,"basic amino acid transmembrane transport","BP",1
"GO:1990823",1,1,8,8,"response to leukemia inhibitory factor","BP",1
"GO:1990830",1,1,8,8,"cellular response to leukemia inhibitory factor","BP",1
"GO:1990840",1,1,3,3,"response to lectin","BP",1
"GO:1990845",1,1,15,15,"adaptive thermogenesis","BP",1
"GO:1990849",1,1,9,9,"vacuolar localization","BP",1
"GO:1990858",1,1,3,3,"cellular response to lectin","BP",1
"GO:1990868",1,1,9,9,"response to chemokine","BP",1
"GO:1990869",1,1,9,9,"cellular response to chemokine","BP",1
"GO:1990874",1,1,4,4,"vascular associated smooth muscle cell proliferation","BP",1
"GO:1990928",1,1,4,4,"response to amino acid starvation","BP",1
"GO:1990936",1,1,1,1,"vascular associated smooth muscle cell dedifferentiation","BP",1
"GO:1990962",1,1,1,1,"xenobiotic transport across blood-brain barrier","BP",1
"GO:1990983",1,1,1,1,"tRNA demethylation","BP",1
"GO:2000008",1,1,2,2,"regulation of protein localization to cell surface","BP",1
"GO:2000010",1,1,1,1,"positive regulation of protein localization to cell surface","BP",1
"GO:2000015",1,1,1,1,"regulation of determination of dorsal identity","BP",1
"GO:2000016",1,1,1,1,"negative regulation of determination of dorsal identity","BP",1
"GO:2000026",1,1,77,77,"regulation of multicellular organismal development","BP",1
"GO:2000036",1,1,2,2,"regulation of stem cell population maintenance","BP",1
"GO:2000042",1,1,4,4,"negative regulation of double-strand break repair via homologous recombination","BP",1
"GO:2000045",1,1,12,12,"regulation of G1/S transition of mitotic cell cycle","BP",1
"GO:2000047",1,1,1,1,"regulation of cell-cell adhesion mediated by cadherin","BP",1
"GO:2000048",1,1,1,1,"negative regulation of cell-cell adhesion mediated by cadherin","BP",1
"GO:2000050",1,1,1,1,"regulation of non-canonical Wnt signaling pathway","BP",1
"GO:2000058",1,1,12,12,"regulation of ubiquitin-dependent protein catabolic process","BP",1
"GO:2000059",1,1,1,1,"negative regulation of ubiquitin-dependent protein catabolic process","BP",1
"GO:2000060",1,1,10,10,"positive regulation of ubiquitin-dependent protein catabolic process","BP",1
"GO:2000064",1,1,1,1,"regulation of cortisol biosynthetic process","BP",1
"GO:2000074",1,1,1,1,"regulation of type B pancreatic cell development","BP",1
"GO:2000078",1,1,1,1,"positive regulation of type B pancreatic cell development","BP",1
"GO:2000097",1,1,1,1,"regulation of smooth muscle cell-matrix adhesion","BP",1
"GO:2000104",1,1,1,1,"negative regulation of DNA-templated DNA replication","BP",1
"GO:2000105",1,1,1,1,"positive regulation of DNA-templated DNA replication","BP",1
"GO:2000106",1,1,8,8,"regulation of leukocyte apoptotic process","BP",1
"GO:2000107",1,1,4,4,"negative regulation of leukocyte apoptotic process","BP",1
"GO:2000108",1,1,3,3,"positive regulation of leukocyte apoptotic process","BP",1
"GO:2000109",1,1,3,3,"regulation of macrophage apoptotic process","BP",1
"GO:2000110",1,1,2,2,"negative regulation of macrophage apoptotic process","BP",1
"GO:2000111",1,1,1,1,"positive regulation of macrophage apoptotic process","BP",1
"GO:2000114",1,1,2,2,"regulation of establishment of cell polarity","BP",1
"GO:2000116",1,1,11,11,"regulation of cysteine-type endopeptidase activity","BP",1
"GO:2000117",1,1,4,4,"negative regulation of cysteine-type endopeptidase activity","BP",1
"GO:2000134",1,1,4,4,"negative regulation of G1/S transition of mitotic cell cycle","BP",1
"GO:2000142",1,1,6,6,"regulation of DNA-templated transcription initiation","BP",1
"GO:2000144",1,1,5,5,"positive regulation of DNA-templated transcription initiation","BP",1
"GO:2000145",1,1,55,55,"regulation of cell motility","BP",1
"GO:2000146",1,1,23,23,"negative regulation of cell motility","BP",1
"GO:2000147",1,1,28,28,"positive regulation of cell motility","BP",1
"GO:2000177",1,1,6,6,"regulation of neural precursor cell proliferation","BP",1
"GO:2000178",1,1,1,1,"negative regulation of neural precursor cell proliferation","BP",1
"GO:2000179",1,1,4,4,"positive regulation of neural precursor cell proliferation","BP",1
"GO:2000181",1,1,8,8,"negative regulation of blood vessel morphogenesis","BP",1
"GO:2000182",1,1,1,1,"regulation of progesterone biosynthetic process","BP",1
"GO:2000191",1,1,3,3,"regulation of fatty acid transport","BP",1
"GO:2000192",1,1,1,1,"negative regulation of fatty acid transport","BP",1
"GO:2000193",1,1,1,1,"positive regulation of fatty acid transport","BP",1
"GO:2000209",1,1,1,1,"regulation of anoikis","BP",1
"GO:2000210",1,1,1,1,"positive regulation of anoikis","BP",1
"GO:2000211",1,1,1,1,"regulation of glutamate metabolic process","BP",1
"GO:2000232",1,1,3,3,"regulation of rRNA processing","BP",1
"GO:2000234",1,1,3,3,"positive regulation of rRNA processing","BP",1
"GO:2000241",1,1,6,6,"regulation of reproductive process","BP",1
"GO:2000242",1,1,4,4,"negative regulation of reproductive process","BP",1
"GO:2000243",1,1,2,2,"positive regulation of reproductive process","BP",1
"GO:2000272",1,1,1,1,"negative regulation of signaling receptor activity","BP",1
"GO:2000273",1,1,3,3,"positive regulation of signaling receptor activity","BP",1
"GO:2000278",1,1,5,5,"regulation of DNA biosynthetic process","BP",1
"GO:2000279",1,1,3,3,"negative regulation of DNA biosynthetic process","BP",1
"GO:2000286",1,1,1,1,"receptor internalization involved in canonical Wnt signaling pathway","BP",1
"GO:2000288",1,1,1,1,"positive regulation of myoblast proliferation","BP",1
"GO:2000291",1,1,1,1,"regulation of myoblast proliferation","BP",1
"GO:2000297",1,1,1,1,"negative regulation of synapse maturation","BP",1
"GO:2000300",1,1,3,3,"regulation of synaptic vesicle exocytosis","BP",1
"GO:2000301",1,1,1,1,"negative regulation of synaptic vesicle exocytosis","BP",1
"GO:2000310",1,1,2,2,"regulation of NMDA receptor activity","BP",1
"GO:2000311",1,1,1,1,"regulation of AMPA receptor activity","BP",1
"GO:2000316",1,1,5,5,"regulation of T-helper 17 type immune response","BP",1
"GO:2000317",1,1,3,3,"negative regulation of T-helper 17 type immune response","BP",1
"GO:2000319",1,1,3,3,"regulation of T-helper 17 cell differentiation","BP",1
"GO:2000320",1,1,2,2,"negative regulation of T-helper 17 cell differentiation","BP",1
"GO:2000341",1,1,1,1,"regulation of chemokine (C-X-C motif) ligand 2 production","BP",1
"GO:2000342",1,1,1,1,"negative regulation of chemokine (C-X-C motif) ligand 2 production","BP",1
"GO:2000344",1,1,1,1,"positive regulation of acrosome reaction","BP",1
"GO:2000351",1,1,5,5,"regulation of endothelial cell apoptotic process","BP",1
"GO:2000352",1,1,2,2,"negative regulation of endothelial cell apoptotic process","BP",1
"GO:2000353",1,1,3,3,"positive regulation of endothelial cell apoptotic process","BP",1
"GO:2000359",1,1,1,1,"regulation of binding of sperm to zona pellucida","BP",1
"GO:2000360",1,1,1,1,"negative regulation of binding of sperm to zona pellucida","BP",1
"GO:2000361",1,1,1,1,"regulation of prostaglandin-E synthase activity","BP",1
"GO:2000363",1,1,1,1,"positive regulation of prostaglandin-E synthase activity","BP",1
"GO:2000377",1,1,7,7,"regulation of reactive oxygen species metabolic process","BP",1
"GO:2000378",1,1,2,2,"negative regulation of reactive oxygen species metabolic process","BP",1
"GO:2000379",1,1,5,5,"positive regulation of reactive oxygen species metabolic process","BP",1
"GO:2000389",1,1,1,1,"regulation of neutrophil extravasation","BP",1
"GO:2000391",1,1,1,1,"positive regulation of neutrophil extravasation","BP",1
"GO:2000392",1,1,1,1,"regulation of lamellipodium morphogenesis","BP",1
"GO:2000394",1,1,1,1,"positive regulation of lamellipodium morphogenesis","BP",1
"GO:2000401",1,1,7,7,"regulation of lymphocyte migration","BP",1
"GO:2000402",1,1,3,3,"negative regulation of lymphocyte migration","BP",1
"GO:2000403",1,1,3,3,"positive regulation of lymphocyte migration","BP",1
"GO:2000404",1,1,4,4,"regulation of T cell migration","BP",1
"GO:2000405",1,1,2,2,"negative regulation of T cell migration","BP",1
"GO:2000406",1,1,2,2,"positive regulation of T cell migration","BP",1
"GO:2000407",1,1,1,1,"regulation of T cell extravasation","BP",1
"GO:2000408",1,1,1,1,"negative regulation of T cell extravasation","BP",1
"GO:2000463",1,1,3,3,"positive regulation of excitatory postsynaptic potential","BP",1
"GO:2000508",1,1,1,1,"regulation of dendritic cell chemotaxis","BP",1
"GO:2000510",1,1,1,1,"positive regulation of dendritic cell chemotaxis","BP",1
"GO:2000514",1,1,7,7,"regulation of CD4-positive, alpha-beta T cell activation","BP",1
"GO:2000515",1,1,3,3,"negative regulation of CD4-positive, alpha-beta T cell activation","BP",1
"GO:2000516",1,1,4,4,"positive regulation of CD4-positive, alpha-beta T cell activation","BP",1
"GO:2000523",1,1,1,1,"regulation of T cell costimulation","BP",1
"GO:2000524",1,1,1,1,"negative regulation of T cell costimulation","BP",1
"GO:2000537",1,1,1,1,"regulation of B cell chemotaxis","BP",1
"GO:2000538",1,1,1,1,"positive regulation of B cell chemotaxis","BP",1
"GO:2000551",1,1,1,1,"regulation of T-helper 2 cell cytokine production","BP",1
"GO:2000553",1,1,1,1,"positive regulation of T-helper 2 cell cytokine production","BP",1
"GO:2000561",1,1,1,1,"regulation of CD4-positive, alpha-beta T cell proliferation","BP",1
"GO:2000562",1,1,1,1,"negative regulation of CD4-positive, alpha-beta T cell proliferation","BP",1
"GO:2000563",1,1,1,1,"positive regulation of CD4-positive, alpha-beta T cell proliferation","BP",1
"GO:2000573",1,1,2,2,"positive regulation of DNA biosynthetic process","BP",1
"GO:2000586",1,1,1,1,"regulation of platelet-derived growth factor receptor-beta signaling pathway","BP",1
"GO:2000587",1,1,1,1,"negative regulation of platelet-derived growth factor receptor-beta signaling pathway","BP",1
"GO:2000601",1,1,1,1,"positive regulation of Arp2/3 complex-mediated actin nucleation","BP",1
"GO:2000625",1,1,1,1,"regulation of miRNA catabolic process","BP",1
"GO:2000627",1,1,1,1,"positive regulation of miRNA catabolic process","BP",1
"GO:2000628",1,1,8,8,"regulation of miRNA metabolic process","BP",1
"GO:2000629",1,1,2,2,"negative regulation of miRNA metabolic process","BP",1
"GO:2000630",1,1,6,6,"positive regulation of miRNA metabolic process","BP",1
"GO:2000638",1,1,1,1,"regulation of SREBP signaling pathway","BP",1
"GO:2000639",1,1,1,1,"negative regulation of SREBP signaling pathway","BP",1
"GO:2000641",1,1,1,1,"regulation of early endosome to late endosome transport","BP",1
"GO:2000643",1,1,1,1,"positive regulation of early endosome to late endosome transport","BP",1
"GO:2000644",1,1,2,2,"regulation of receptor catabolic process","BP",1
"GO:2000645",1,1,1,1,"negative regulation of receptor catabolic process","BP",1
"GO:2000646",1,1,1,1,"positive regulation of receptor catabolic process","BP",1
"GO:2000648",1,1,2,2,"positive regulation of stem cell proliferation","BP",1
"GO:2000649",1,1,1,1,"regulation of sodium ion transmembrane transporter activity","BP",1
"GO:2000668",1,1,1,1,"regulation of dendritic cell apoptotic process","BP",1
"GO:2000670",1,1,1,1,"positive regulation of dendritic cell apoptotic process","BP",1
"GO:2000674",1,1,3,3,"regulation of type B pancreatic cell apoptotic process","BP",1
"GO:2000675",1,1,3,3,"negative regulation of type B pancreatic cell apoptotic process","BP",1
"GO:2000677",1,1,7,7,"regulation of transcription regulatory region DNA binding","BP",1
"GO:2000678",1,1,3,3,"negative regulation of transcription regulatory region DNA binding","BP",1
"GO:2000679",1,1,4,4,"positive regulation of transcription regulatory region DNA binding","BP",1
"GO:2000730",1,1,1,1,"regulation of termination of RNA polymerase I transcription","BP",1
"GO:2000736",1,1,1,1,"regulation of stem cell differentiation","BP",1
"GO:2000737",1,1,1,1,"negative regulation of stem cell differentiation","BP",1
"GO:2000756",1,1,3,3,"regulation of peptidyl-lysine acetylation","BP",1
"GO:2000758",1,1,2,2,"positive regulation of peptidyl-lysine acetylation","BP",1
"GO:2000759",1,1,1,1,"regulation of N-terminal peptidyl-lysine acetylation","BP",1
"GO:2000761",1,1,1,1,"positive regulation of N-terminal peptidyl-lysine acetylation","BP",1
"GO:2000765",1,1,1,1,"regulation of cytoplasmic translation","BP",1
"GO:2000772",1,1,3,3,"regulation of cellular senescence","BP",1
"GO:2000773",1,1,1,1,"negative regulation of cellular senescence","BP",1
"GO:2000779",1,1,11,11,"regulation of double-strand break repair","BP",1
"GO:2000780",1,1,5,5,"negative regulation of double-strand break repair","BP",1
"GO:2000781",1,1,5,5,"positive regulation of double-strand break repair","BP",1
"GO:2000785",1,1,2,2,"regulation of autophagosome assembly","BP",1
"GO:2000794",1,1,1,1,"regulation of epithelial cell proliferation involved in lung morphogenesis","BP",1
"GO:2000804",1,1,1,1,"regulation of termination of RNA polymerase II transcription, poly(A)-coupled","BP",1
"GO:2000805",1,1,1,1,"negative regulation of termination of RNA polymerase II transcription, poly(A)-coupled","BP",1
"GO:2000811",1,1,1,1,"negative regulation of anoikis","BP",1
"GO:2000816",1,1,7,7,"negative regulation of mitotic sister chromatid separation","BP",1
"GO:2000822",1,1,1,1,"regulation of behavioral fear response","BP",1
"GO:2000825",1,1,1,1,"positive regulation of androgen receptor activity","BP",1
"GO:2000827",1,1,1,1,"mitochondrial RNA surveillance","BP",1
"GO:2000969",1,1,1,1,"positive regulation of AMPA receptor activity","BP",1
"GO:2000973",1,1,1,1,"regulation of pro-B cell differentiation","BP",1
"GO:2001032",1,1,2,2,"regulation of double-strand break repair via nonhomologous end joining","BP",1
"GO:2001033",1,1,1,1,"negative regulation of double-strand break repair via nonhomologous end joining","BP",1
"GO:2001034",1,1,1,1,"positive regulation of double-strand break repair via nonhomologous end joining","BP",1
"GO:2001056",1,1,6,6,"positive regulation of cysteine-type endopeptidase activity","BP",1
"GO:2001057",1,1,3,3,"reactive nitrogen species metabolic process","BP",1
"GO:2001107",1,1,1,1,"negative regulation of Rho guanyl-nucleotide exchange factor activity","BP",1
"GO:2001109",1,1,1,1,"regulation of lens epithelial cell proliferation","BP",1
"GO:2001111",1,1,1,1,"positive regulation of lens epithelial cell proliferation","BP",1
"GO:2001135",1,1,3,3,"regulation of endocytic recycling","BP",1
"GO:2001137",1,1,1,1,"positive regulation of endocytic recycling","BP",1
"GO:2001138",1,1,1,1,"regulation of phospholipid transport","BP",1
"GO:2001140",1,1,1,1,"positive regulation of phospholipid transport","BP",1
"GO:2001141",1,1,183,183,"regulation of RNA biosynthetic process","BP",1
"GO:2001169",1,1,2,2,"regulation of ATP biosynthetic process","BP",1
"GO:2001170",1,1,1,1,"negative regulation of ATP biosynthetic process","BP",1
"GO:2001171",1,1,1,1,"positive regulation of ATP biosynthetic process","BP",1
"GO:2001188",1,1,1,1,"regulation of T cell activation via T cell receptor contact with antigen bound to MHC molecule on antigen presenting cell","BP",1
"GO:2001190",1,1,1,1,"positive regulation of T cell activation via T cell receptor contact with antigen bound to MHC molecule on antigen presenting cell","BP",1
"GO:2001198",1,1,1,1,"regulation of dendritic cell differentiation","BP",1
"GO:2001200",1,1,1,1,"positive regulation of dendritic cell differentiation","BP",1
"GO:2001222",1,1,4,4,"regulation of neuron migration","BP",1
"GO:2001223",1,1,1,1,"negative regulation of neuron migration","BP",1
"GO:2001224",1,1,2,2,"positive regulation of neuron migration","BP",1
"GO:2001233",1,1,21,21,"regulation of apoptotic signaling pathway","BP",1
"GO:2001234",1,1,8,8,"negative regulation of apoptotic signaling pathway","BP",1
"GO:2001235",1,1,10,10,"positive regulation of apoptotic signaling pathway","BP",1
"GO:2001236",1,1,7,7,"regulation of extrinsic apoptotic signaling pathway","BP",1
"GO:2001237",1,1,2,2,"negative regulation of extrinsic apoptotic signaling pathway","BP",1
"GO:2001238",1,1,3,3,"positive regulation of extrinsic apoptotic signaling pathway","BP",1
"GO:2001239",1,1,1,1,"regulation of extrinsic apoptotic signaling pathway in absence of ligand","BP",1
"GO:2001240",1,1,1,1,"negative regulation of extrinsic apoptotic signaling pathway in absence of ligand","BP",1
"GO:2001242",1,1,10,10,"regulation of intrinsic apoptotic signaling pathway","BP",1
"GO:2001243",1,1,3,3,"negative regulation of intrinsic apoptotic signaling pathway","BP",1
"GO:2001244",1,1,6,6,"positive regulation of intrinsic apoptotic signaling pathway","BP",1
"GO:2001251",1,1,12,12,"negative regulation of chromosome organization","BP",1
"GO:2001252",1,1,5,5,"positive regulation of chromosome organization","BP",1
"GO:2001256",1,1,2,2,"regulation of store-operated calcium entry","BP",1
"GO:2001267",1,1,1,1,"regulation of cysteine-type endopeptidase activity involved in apoptotic signaling pathway","BP",1
"GO:2001269",1,1,1,1,"positive regulation of cysteine-type endopeptidase activity involved in apoptotic signaling pathway","BP",1
"GO:2001279",1,1,1,1,"regulation of unsaturated fatty acid biosynthetic process","BP",1
"GO:2001293",1,1,1,1,"malonyl-CoA metabolic process","BP",1
"GO:2001294",1,1,1,1,"malonyl-CoA catabolic process","BP",1
"GO:2001311",1,1,1,1,"lysobisphosphatidic acid metabolic process","BP",1
"Other",1,1,47,47,NA,NA,1
