Producto,Frecuencia
hypothetical protein,1642
MFS transporter,381
LysR family transcriptional regulator,209
helix-turn-helix domain-containing protein,142
fimbrial protein,111
cytoplasmic protein,89
ABC transporter permease,79
transcriptional regulator,71
helix-turn-helix transcriptional regulator,69
GNAT family N-acetyltransferase,67
phage tail protein,65
GntR family transcriptional regulator,60
tyrosine-type recombinase/integrase,60
SDR family oxidoreductase,59
transposase,58
ABC transporter ATP-binding protein,58
methyl-accepting chemotaxis protein,54
EAL domain-containing protein,50
aryl-sulfate sulfotransferase,48
DMT family transporter,47
DeoR/GlpR family DNA-binding transcription regulator,46
AraC family transcriptional regulator,46
IS3 family transposase,46
amino acid permease,42
PTS sugar transporter subunit IIA,41
YgdI/YgdR family lipoprotein,40
lipoprotein,38
LacI family DNA-binding transcriptional regulator,37
ATP-binding protein,37
fimbrial biogenesis outer membrane usher protein,37
type II toxin-antitoxin system RelE/ParE family toxin,36
ATP-binding cassette domain-containing protein,35
aldo/keto reductase,35
oxidoreductase,34
LysR substrate-binding domain-containing protein,34
tail fiber assembly protein,34
dimethyl sulfoxide reductase anchor subunit family protein,34
VOC family protein,33
Cof-type HAD-IIB family hydrolase,33
Rpn family recombination-promoting nuclease/putative transposase,32
phage holin family protein,32
TetR/AcrR family transcriptional regulator,32
metal-dependent hydrolase,32
SIS domain-containing protein,32
ABC transporter substrate-binding protein,30
alpha/beta hydrolase,30
class I SAM-dependent methyltransferase,30
DedA family protein,30
PTS sugar transporter subunit IIB,30
FAD-dependent oxidoreductase,29
APC family permease,29
anaerobic sulfatase maturase,29
DUF1493 family protein,29
molecular chaperone,29
Hcp family type VI secretion system effector,28
transketolase,28
MerR family transcriptional regulator,28
YhcH/YjgK/YiaL family protein,26
AI-2E family transporter,25
mechanosensitive ion channel family protein,25
PTS system mannose/fructose/sorbose family transporter subunit IID,24
glycosyltransferase,24
L-ribulose-5-phosphate 4-epimerase,24
PfkB family carbohydrate kinase,24
pirin family protein,24
hydrolase,24
FKBP-type peptidyl-prolyl cis-trans isomerase,24
SLC13 family permease,24
oxaloacetate decarboxylase subunit gamma,24
sodium-extruding oxaloacetate decarboxylase subunit alpha,24
oxalacetate decarboxylase subunit beta,24
L-serine ammonia-lyase,24
TerC family protein,24
M48 family metallopeptidase,24
hydrogenase maturation nickel metallochaperone HypA,24
nucleoside permease,24
MBL fold metallo-hydrolase,24
MurR/RpiR family transcriptional regulator,24
porin OmpC,24
fumarylacetoacetate hydrolase family protein,24
DUF1266 domain-containing protein,24
"L,D-transpeptidase",24
cytochrome d ubiquinol oxidase subunit II,24
general stress protein,24
fimbrial outer membrane usher protein,24
IS200/IS605-like element IS200F family transposase,24
sugar kinase,23
IclR family transcriptional regulator,23
Arm DNA-binding domain-containing protein,23
tetratricopeptide repeat protein,23
AAA family ATPase,23
sensor histidine kinase,22
C40 family peptidase,22
glycosyltransferase family 2 protein,22
lysozyme inhibitor LprI family protein,22
formate C-acetyltransferase,21
glutathione S-transferase family protein,21
polysaccharide deacetylase family protein,21
glycosyltransferase family 4 protein,20
phage tail tape measure protein,20
outer membrane protein,20
mandelate racemase/muconate lactonizing enzyme family protein,19
ribokinase,19
acyltransferase,19
DUF1778 domain-containing protein,19
N-acetyltransferase,19
peptidase,19
Bax inhibitor-1 family protein,19
PTS mannose/fructose/sorbose/N-acetylgalactosamine transporter subunit IIC,18
transcription antiterminator/RNA stability regulator CspE,18
fumarate hydratase,18
glycoside hydrolase family 19 protein,18
XRE family transcriptional regulator,18
GtrA family protein,18
SgrR family transcriptional regulator,18
HPr family phosphocarrier protein,17
Gfo/Idh/MocA family protein,17
molybdopterin-dependent oxidoreductase,17
nucleocapsid protein,17
cytochrome c biogenesis heme-transporting ATPase CcmA,16
heme exporter protein CcmB,16
heme ABC transporter permease,16
heme exporter protein CcmD,16
cytochrome c maturation protein CcmE,16
heme lyase CcmF/NrfE family subunit,16
thiol:disulfide interchange protein DsbE,16
cytochrome c-type biogenesis protein CcmH,16
YceK/YidQ family lipoprotein,16
acetolactate synthase small subunit,16
L-fucose:H+ symporter permease,16
magnesium-translocating P-type ATPase,16
winged helix-turn-helix domain-containing protein,16
AsmA family protein,16
DUF3251 domain-containing protein,16
3-keto-L-gulonate-6-phosphate decarboxylase UlaD,16
alpha-amylase,16
DUF3053 domain-containing protein,16
response regulator transcription factor,16
"alpha,alpha-trehalase",16
glycerophosphodiester phosphodiesterase,16
glutamine amidotransferase,16
gluconokinase,16
gluconate transporter,16
aspartate-semialdehyde dehydrogenase,16
glycogen debranching protein GlgX,16
dihydroxy-acid dehydratase,16
adenine-specific DNA-methyltransferase,16
tryptophan--tRNA ligase,16
OsmC family protein,16
peptidylprolyl isomerase,16
elongation factor Tu,16
triphosphoribosyl-dephospho-CoA synthase,16
N-acetylmannosamine-6-phosphate 2-epimerase,16
serine-type D-Ala-D-Ala carboxypeptidase,16
DUF805 domain-containing protein,16
undecaprenyl-diphosphate phosphatase,16
type I toxin-antitoxin system Ibs family toxin,16
glutathionylspermidine synthase family protein,16
tol-pal system-associated acyl-CoA thioesterase,16
HyaD/HybD family hydrogenase maturation endopeptidase,16
molybdate ABC transporter substrate-binding protein,16
carbon-nitrogen hydrolase family protein,16
cupin domain-containing protein,16
mannitol dehydrogenase family protein,16
zinc-binding alcohol dehydrogenase family protein,16
small-conductance mechanosensitive channel MscS,16
YecA family protein,16
prepilin peptidase-dependent protein,16
EamA family transporter RarD,16
lactaldehyde reductase,16
glycerate kinase,16
phosphoadenosine phosphosulfate reductase,16
MarR family winged helix-turn-helix transcriptional regulator,16
GntP family permease,16
acyl carrier protein,16
TonB-dependent siderophore receptor,16
integrase domain-containing protein,16
tRNA/rRNA methyltransferase,16
transaldolase,16
phosphate acetyltransferase,16
PTS ascorbate transporter subunit IIC,16
cyclic di-GMP phosphodiesterase,16
CidA/LrgA family protein,16
D-lactate dehydrogenase,16
YehR family lipoprotein,16
ADP-ribosylglycohydrolase family protein,16
MASE1 domain-containing protein,16
heavy metal-binding domain-containing protein,16
FUSC family protein,16
SEL1-like repeat protein,16
glucose-6-phosphate dehydrogenase,16
YebC/PmpR family DNA-binding transcriptional regulator,16
peptidoglycan glycosyltransferase FtsI,16
RidA family protein,16
GlsB/YeaQ/YmgE family stress response membrane protein,16
nitrate reductase subunit alpha,16
nitrate reductase subunit beta,16
nitrate reductase molybdenum cofactor assembly chaperone,16
respiratory nitrate reductase subunit gamma,16
ferritin-like domain-containing protein,16
DUF333 domain-containing protein,16
GFA family protein,16
YdcF family protein,16
amino acid ABC transporter permease,16
YceI family protein,16
formate dehydrogenase-N subunit alpha,16
formate dehydrogenase subunit beta,16
dethiobiotin synthase,16
amidohydrolase,16
cytochrome b,16
DsbA family protein,16
beta-aspartyl-peptidase,16
endonuclease/exonuclease/phosphatase family protein,16
nicotinamide riboside transporter PnuC,16
cytochrome ubiquinol oxidase subunit I,16
esterase,16
J domain-containing protein,16
UxaA family hydrolase,16
[citrate (pro-3S)-lyase] ligase,16
citrate lyase acyl carrier protein,16
citrate (pro-3S)-lyase subunit beta,16
citrate lyase subunit alpha,16
citrate lyase holo-[acyl-carrier protein] synthase,16
triphosphoribosyl-dephospho-CoA synthase CitG,16
YbdD/YjiX family protein,16
MmcQ/YjbR family DNA-binding protein,16
carbamate kinase,16
D-alanine--D-alanine ligase,16
DUF4156 domain-containing protein,16
3-isopropylmalate dehydratase small subunit,16
3-isopropylmalate dehydratase large subunit,16
DUF1120 domain-containing protein,16
dienelactone hydrolase family protein,16
ornithine carbamoyltransferase,16
CDP-diacylglycerol diphosphatase,16
glycerol dehydrogenase,15
TRAP transporter substrate-binding protein,15
lysozyme,15
lysis protein,15
protein-serine/threonine phosphatase,15
sigma 54-interacting transcriptional regulator,15
dimethylsulfoxide reductase subunit B,15
PTS system mannose/fructose/N-acetylgalactosamine-transporter subunit IIB,14
DUF1963 domain-containing protein,14
galactitol-1-phosphate 5-dehydrogenase,14
2-hydroxy-3-oxopropionate reductase,14
STM2901 family protein,14
phage portal protein,14
integrase core domain-containing protein,14
YkgJ family cysteine cluster protein,14
NAD(P)-dependent oxidoreductase,14
"dTDP-glucose 4,6-dehydratase",14
PerC family transcriptional regulator,14
FadR/GntR family transcriptional regulator,14
PTS sugar transporter subunit IIC,14
bifunctional metallophosphatase/5'-nucleotidase,14
aspartate aminotransferase family protein,14
"L,D-transpeptidase family protein",14
2-dehydro-3-deoxy-phosphogluconate aldolase,13
isochorismatase family protein,13
4Fe-4S dicluster domain-containing protein,13
type I toxin-antitoxin system toxin Ldr family protein,13
NAD(P)/FAD-dependent oxidoreductase,13
efflux RND transporter periplasmic adaptor subunit,13
dihydropteroate synthase,13
U32 family peptidase,13
1-phosphofructokinase,13
NAD(P)H-dependent oxidoreductase,13
TRAP transporter small permease,13
phosphoenolpyruvate--protein phosphotransferase,13
FliC/FljB family flagellin,13
DNA cytosine methyltransferase,13
virulence protein MsgA,13
DEAD/DEAH box helicase,13
oligogalacturonate-specific porin KdgM family protein,13
sulfatase,13
electron transfer flavoprotein subunit alpha/FixB family protein,13
LuxR C-terminal-related transcriptional regulator,13
sel1 repeat family protein,13
nucleoprotein,13
phage terminase large subunit family protein,12
IS1 family transposase,12
bifunctional acetaldehyde-CoA/alcohol dehydrogenase,12
GyrI-like domain-containing protein,12
type VI secretion system lipoprotein TssJ,12
ASCH domain-containing protein,12
fimbria/pilus periplasmic chaperone,12
EamA family transporter,11
lipopolysaccharide N-acetylglucosaminyltransferase,11
glutathione S-transferase,11
type II toxin-antitoxin system Phd/YefM family antitoxin,11
efflux RND transporter permease subunit,11
transcription elongation factor GreA,11
carboxymuconolactone decarboxylase family protein,11
PLP-dependent aminotransferase family protein,11
serine hydroxymethyltransferase,11
4Fe-4S binding protein,11
sulfite exporter TauE/SafE family protein,11
transketolase family protein,11
DUF4034 domain-containing protein,11
energy-coupling factor ABC transporter ATP-binding protein,11
KilA-N domain-containing protein,11
phage tail assembly protein,11
phage baseplate assembly protein V,11
baseplate J/gp47 family protein,11
cold-shock protein,11
IS256 family transposase,11
Tat proofreading chaperone DmsD,11
peroxiredoxin,11
autotransporter outer membrane beta-barrel domain-containing protein,11
sulfatase-like hydrolase/transferase,11
response regulator,11
restriction endonuclease subunit S,11
L-idonate 5-dehydrogenase,11
alanine racemase,11
replicative DNA helicase,11
class II fructose-bisphosphatase,11
nuclear transport factor 2 family protein,11
YiiG family protein,11
antitermination protein,11
ROK family protein,10
FGGY-family carbohydrate kinase,10
substrate-binding domain-containing protein,10
HlyD family secretion protein,10
PstS family phosphate ABC transporter substrate-binding protein,10
ribulose-phosphate 3-epimerase,10
Maf family protein,10
TRAP transporter large permease,10
DUF1202 domain-containing protein,10
alpha/beta fold hydrolase,10
fimbrial outer membrane usher protein StdB,10
CaiF/GrlA family transcriptional regulator,10
PTS glucitol/sorbitol transporter subunit IIA,10
PTS glucitol/sorbitol transporter subunit IIC,10
phage tail tube protein,10
RecT family recombinase,10
macro domain-containing protein,10
DMSO/selenate family reductase complex B subunit,10
UbiX family flavin prenyltransferase,10
Bcr/CflA family multidrug efflux MFS transporter,10
colanic acid biosynthesis phosphomannomutase CpsG,10
SH3 domain-containing protein,10
aminoacyl-tRNA hydrolase,10
peptidase U32 family protein,10
type II toxin-antitoxin system RelE family toxin,10
dimethylsulfoxide reductase iron-sulfur subunit DmsB,10
major outer membrane lipoprotein,10
type 1 fimbrial protein,10
alanine/glycine:cation symporter family protein,10
envelope biogenesis factor ElyC,10
pyridoxal phosphate-dependent aminotransferase,10
Ail/Lom family outer membrane beta-barrel protein,10
SymE family type I addiction module toxin,10
chitinase,10
molecular chaperone DnaJ,10
GGDEF domain-containing protein,10
arginine ABC transporter substrate-binding protein,10
chaperonin GroEL,10
tail fiber protein,10
PTS fructose-like transporter subunit IIB,10
carboxylate/amino acid/amine transporter,10
quaternary ammonium compound efflux SMR transporter QacE delta 1,10
class 1 integron integrase IntI1,10
DUF4431 domain-containing protein,10
polymerase cofactor VP35,10
matrix protein VP40,10
envelope glycoprotein,10
super small secreted glycoprotein GP,10
minor nucleoprotein VP30,10
membrane-associated protein VP24,10
RadC family protein,9
L-ribulose-5-phosphate 3-epimerase,9
helix-hairpin-helix domain-containing protein,9
GIY-YIG nuclease family protein,9
YlcI/YnfO family protein,9
3'-5' exonuclease,9
RusA family crossover junction endodeoxyribonuclease,9
phage tail assembly chaperone G,9
phage tail assembly protein T,9
phage minor tail protein L,9
tail assembly protein,9
YdaE family protein,9
DUF977 family protein,9
DUF1367 family protein,9
recombination protein NinG,9
"phage holin, lambda family",9
fibronectin-binding autotransporter adhesin ShdA,9
multidrug transporter subunit MdtD,9
glucose-1-phosphate thymidylyltransferase RfbA,9
recombination-associated protein RdgC,9
HNH endonuclease,9
restriction endonuclease,9
type II toxin-antitoxin system RelB/DinJ family antitoxin,9
putative holin,9
IS5/IS1182 family transposase,9
NAD(P)-dependent alcohol dehydrogenase,9
type IV toxin-antitoxin system YeeU family antitoxin,9
Gfo/Idh/MocA family oxidoreductase,9
dimethyl sulfoxide reductase anchor subunit,9
chromosomal replication initiator protein DnaA,8
DNA polymerase III subunit beta,8
DNA replication/repair protein RecF,8
DNA topoisomerase (ATP-hydrolyzing) subunit B,8
sugar-phosphatase,8
TMAO reductase system sensor histidine kinase/response regulator TorS,8
TMAO reductase system periplasmic protein TorT,8
two-component system response regulator TorR,8
pentaheme c-type cytochrome TorC,8
trimethylamine-N-oxide reductase TorA,8
molecular chaperone TorD,8
cytochrome-c peroxidase,8
DUF3748 domain-containing protein,8
putative transporter,8
YidH family protein,8
DUF202 domain-containing protein,8
radical SAM protein,8
D-serine ammonia-lyase,8
D-serine transporter DsdX,8
DNA-binding transcriptional regulator DsdC,8
cellulase family glycosylhydrolase,8
multidrug efflux MFS transporter EmrD,8
type I toxin-antitoxin system toxin TisB,8
ilvB operon leader peptide IvbL,8
acetolactate synthase large subunit,8
DeoR family transcriptional regulator,8
aldose 1-epimerase family protein,8
transcriptional regulator UhpA,8
signal transduction histidine-protein kinase/phosphatase UhpB,8
hexose-6-phosphate:phosphate antiporter,8
DUF1198 domain-containing protein,8
purine ribonucleoside efflux pump NepI,8
glycoside hydrolase family 1 protein,8
transcriptional regulator DagR,8
D-glucosaminate-6-phosphate ammonia lyase,8
MgtC family protein,8
protein MgtR,8
anti-virulence regulatory inner membrane protein CigR,8
intestinal colonization autotransporter adhesin MisL,8
glycoside-pentoside-hexuronide family transporter,8
alpha-xylosidase,8
xanthine/proton symporter XanP,8
sodium/glutamate symporter,8
ATP-dependent DNA helicase RecG,8
tRNA (guanosine(18)-2'-O)-methyltransferase TrmH,8
"bifunctional GTP diphosphokinase/guanosine-3',5'-bis pyrophosphate 3'-pyrophosphohydrolase",8
DNA-directed RNA polymerase subunit omega,8
guanylate kinase,8
NAD-dependent DNA ligase LigB,8
trimeric intracellular cation channel family protein,8
HARLDQ motif MBL-fold protein,8
ribonuclease PH,8
orotate phosphoribosyltransferase,8
nucleoid occlusion factor SlmA,8
dUTP diphosphatase,8
bifunctional phosphopantothenoylcysteine decarboxylase/phosphopantothenate--cysteine ligase CoaBC,8
50S ribosomal protein L28,8
50S ribosomal protein L33,8
bifunctional DNA-formamidopyrimidine glycosylase/DNA-(apurinic or apyrimidinic site) lyase,8
pantetheine-phosphate adenylyltransferase,8
lipid IV(A) 3-deoxy-D-manno-octulosonic acid transferase,8
lipopolysaccharide core heptosyltransferase RfaQ,8
lipopolysaccharide core heptose(I) kinase RfaP,8
"lipopolysaccharide 1,6-galactosyltransferase",8
lipopolysaccharide 3-alpha-galactosyltransferase,8
"lipopolysaccharide 1,2-glucosyltransferase RfaJ",8
lipopolysaccharide core heptose(II) kinase RfaY,8
3-deoxy-D-manno-oct-2-ulosonate III transferase WaaZ,8
O-antigen ligase RfaL,8
lipopolysaccharide heptosyltransferase RfaC,8
ADP-heptose--LPS heptosyltransferase RfaF,8
ADP-glyceromanno-heptose 6-epimerase,8
glycine C-acetyltransferase,8
L-threonine 3-dehydrogenase,8
divergent polysaccharide deacetylase family protein,8
murein hydrolase activator EnvC,8
"2,3-bisphosphoglycerate-independent phosphoglycerate mutase",8
rhodanese-like domain-containing protein,8
glutaredoxin 3,8
protein-export chaperone SecB,8
NAD(P)H-dependent glycerol-3-phosphate dehydrogenase,8
serine O-acetyltransferase,8
L-talarate/galactarate dehydratase,8
tRNA (uridine(34)/cytosine(34)/5- carboxymethylaminomethyluridine(34)-2'-O)- methyltransferase TrmL,8
transcriptional regulator LldR,8
L-lactate permease,8
YibL family ribosome-associated protein,8
mannitol operon repressor MtlR,8
mannitol-1-phosphate 5-dehydrogenase,8
PTS mannitol transporter subunit IICBA,8
L-seryl-tRNA(Sec) selenium transferase,8
selenocysteine-specific translation elongation factor,8
aldehyde dehydrogenase AldB,8
glycoside hydrolase family 127 protein,8
"2,3-diketo-L-gulonate TRAP transporter small permease YiaM",8
DUF4862 family protein,8
3-dehydro-L-gulonate 2-dehydrogenase,8
IclR family transcriptional regulator YiaJ,8
valine--pyruvate transaminase,8
protein bax,8
xylose isomerase,8
xylulokinase,8
YsaB family lipoprotein,8
glycine--tRNA ligase subunit alpha,8
glycine--tRNA ligase subunit beta,8
copper-binding periplasmic metallochaperone CueP,8
HTH-type transcriptional regulator,8
glyoxylate/hydroxypyruvate reductase GhrB,8
OmpA family lipoprotein,8
molybdopterin guanine dinucleotide-containing S/N-oxide reductase,8
DNA-3-methyladenine glycosylase I,8
autotransporter domain-containing protein,8
long polar fimbria major subunit LpfA,8
outer membrane usher protein LpfC,8
long polar fimbrial protein LpfD,8
long polar fimbrial protein LpfE,8
kdo(2)-lipid A phosphoethanolamine 7''-transferase,8
uracil-xanthine permease family protein,8
dipeptide ABC transporter permease DppB,8
dipeptide ABC transporter permease DppC,8
dipeptide ABC transporter ATP-binding protein,8
dipeptide ABC transporter ATP-binding subunit DppF,8
PLP-dependent transferase,8
cellulose biosynthesis protein BcsG,8
cellulose biosynthesis protein BcsF,8
cellulose biosynthesis protein BcsQ,8
UDP-forming cellulose synthase catalytic subunit,8
cellulose biosynthesis cyclic di-GMP-binding regulatory protein BcsB,8
biofilm formation regulator HmsP,8
C4-dicarboxylate transporter DctC,8
cyclic-guanylate-specific phosphodiesterase,8
inner membrane protein YhjD,8
6-phosphofructose-aspartate deglycase,8
fructose-aspartate kinase,8
fructose-asparagine asparaginase,8
glutathione-disulfide reductase,8
23S rRNA (adenine(2030)-N(6))-methyltransferase RlmJ,8
oligopeptidase A,8
16S rRNA (guanine(1516)-N(2))-methyltransferase RsmJ,8
dipeptide/tripeptide permease DtpB,8
universal stress protein UspA,8
universal stress protein UspB,8
inorganic phosphate transporter PitA,8
ribosome-associated ATPase/putative transporter RbbA,8
nickel-responsive transcriptional regulator NikR,8
4'-phosphopantetheinyl transferase AcpT,8
DcrB family lipoprotein,8
7-cyano-7-deazaguanine/7-aminomethyl-7- deazaguanine transporter,8
sulfurtransferase TusA,8
methyl-accepting chemotaxis citrate transducer,8
Zn(II)/Cd(II)/Pb(II) translocating P-type ATPase ZntA,8
lysoplasmalogenase,8
DUF2500 domain-containing protein,8
DUF1145 family protein,8
16S rRNA (guanine(966)-N(2))-methyltransferase,8
signal recognition particle-docking protein FtsY,8
cell division ATP-binding protein FtsE,8
permease-like cell division protein FtsX,8
RNA polymerase sigma factor RpoH,8
branched chain amino acid ABC transporter substrate-binding protein LivJ,8
aspartate 1-decarboxylase autocleavage activator PanM,8
high-affinity branched-chain amino acid ABC transporter substrate-binding protein LivK,8
high-affinity branched-chain amino acid ABC transporter permease LivH,8
branched chain amino acid ABC transporter permease LivM,8
high-affinity branched-chain amino acid ABC transporter ATP-binding protein LivG,8
high-affinity branched-chain amino acid ABC transporter ATP-binding protein LivF,8
sn-glycerol-3-phosphate ABC transporter substrate-binding protein UgpB,8
sn-glycerol-3-phosphate ABC transporter permease UgpA,8
sn-glycerol-3-phosphate ABC transporter permease UgpE,8
sn-glycerol-3-phosphate import ATP-binding protein UgpC,8
DUF2756 family protein,8
gamma-glutamyltransferase,8
gluconate operon transcriptional repressor GntR,8
MarC family protein,8
"1,4-alpha-glucan branching enzyme",8
glucose-1-phosphate adenylyltransferase,8
glycogen synthase GlgA,8
glycogen phosphorylase,8
dihydrodipicolinate synthase family protein,8
glycerol-3-phosphate dehydrogenase,8
thiosulfate sulfurtransferase GlpE,8
rhomboid family intramembrane serine protease GlpG,8
DeoR/GlpR family transcriptional regulator,8
RNA repair transcriptional activator RtcR,8
vWA domain-containing protein,8
RNA-splicing ligase RtcB,8
RNA 3'-terminal phosphate cyclase,8
HTH-type transcriptional regulator MalT,8
maltodextrin phosphorylase,8
4-alpha-glucanotransferase,8
Fe-S biogenesis protein NfuA,8
DNA utilization protein GntX,8
pimeloyl-ACP methyl ester esterase BioH,8
[Fe-S]-dependent transcriptional repressor FeoC,8
Fe(2+) transporter permease subunit FeoB,8
ferrous iron transporter A,8
transcription elongation factor GreB,8
two-component system response regulator OmpR,8
two-component system sensor histidine kinase EnvZ,8
phosphoenolpyruvate carboxykinase (ATP),8
DUF4153 domain-containing protein,8
Hsp33 family molecular chaperone HslO,8
ribosome-associated heat shock protein Hsp15,8
GMP/IMP nucleotidase,8
intracellular growth attenuator protein IgaA,8
ADP compounds hydrolase NudE,8
peptidoglycan glycosyltransferase/peptidoglycan DD-transpeptidase MrcA,8
DNA utilization protein HofM,8
PilN domain-containing protein,8
DNA uptake porin HofQ,8
shikimate kinase AroK,8
3-dehydroquinate synthase,8
cell division protein DamX,8
phosphoglycolate phosphatase,8
YhfL family protein,8
siroheme synthase CysG,8
nitrite transporter NirC,8
nitrite reductase small subunit NirD,8
NADPH-nitrite reductase large subunit,8
MFS transporter TsgA,8
peptidylprolyl isomerase A,8
YhfG family protein,8
putative adenosine monophosphate-protein transferase Fic,8
aminodeoxychorismate synthase component 2,8
YccS/YhfK family putative transporter,8
cAMP-activated global transcriptional regulator CRP,8
phosphoribulokinase,8
YheU family protein,8
monooxygenase,8
glutathione-regulated potassium-efflux system ancillary protein KefG,8
glutathione-regulated potassium-efflux system protein KefB,8
sulfurtransferase complex subunit TusD,8
sulfurtransferase complex subunit TusC,8
sulfurtransferase complex subunit TusB,8
30S ribosomal protein S12,8
30S ribosomal protein S7,8
elongation factor G,8
bacterioferritin-associated ferredoxin,8
bacterioferritin,8
leader peptidase HopD,8
30S ribosomal protein S10,8
50S ribosomal protein L3,8
50S ribosomal protein L4,8
50S ribosomal protein L23,8
50S ribosomal protein L2,8
30S ribosomal protein S19,8
50S ribosomal protein L22,8
30S ribosomal protein S3,8
50S ribosomal protein L16,8
50S ribosomal protein L29,8
30S ribosomal protein S17,8
50S ribosomal protein L14,8
50S ribosomal protein L24,8
50S ribosomal protein L5,8
30S ribosomal protein S14,8
30S ribosomal protein S8,8
50S ribosomal protein L6,8
50S ribosomal protein L18,8
30S ribosomal protein S5,8
50S ribosomal protein L30,8
50S ribosomal protein L15,8
preprotein translocase subunit SecY,8
50S ribosomal protein L36,8
30S ribosomal protein S13,8
30S ribosomal protein S11,8
30S ribosomal protein S4,8
DNA-directed RNA polymerase subunit alpha,8
50S ribosomal protein L17,8
DUF1992 domain-containing protein,8
Zn(2+)-responsive transcriptional regulator,8
large-conductance mechanosensitive channel protein MscL,8
Trk system potassium transporter TrkA,8
16S rRNA (cytosine(967)-C(5))-methyltransferase RsmB,8
methionyl-tRNA formyltransferase,8
peptide deformylase,8
DNA-protecting protein DprA,8
DUF494 family protein Smg,8
L-threonylcarbamoyladenylate synthase type 1 TsaC,8
shikimate dehydrogenase,8
DUF1488 domain-containing protein,8
gamma carbonic anhydrase family protein,8
acrEF/envCD operon transcriptional regulator,8
DUF2556 family protein,8
DNA-binding transcriptional regulator Fis,8
tRNA dihydrouridine synthase DusB,8
50S ribosomal protein L11 methyltransferase,8
sodium/pantothenate symporter,8
YhdT family protein,8
acetyl-CoA carboxylase biotin carboxylase subunit,8
acetyl-CoA carboxylase biotin carboxyl carrier protein,8
protein-methionine-sulfoxide reductase heme-binding subunit MsrQ,8
protein-methionine-sulfoxide reductase catalytic subunit MsrP,8
RNase E specificity factor CsrD,8
rod shape-determining protein MreB,8
rod shape-determining protein MreC,8
rod shape-determining protein MreD,8
ribonuclease G,8
AsmA2 domain-containing protein YhdP,8
metalloprotease TldD,8
HTH-type transcriptional activator AaeR,8
p-hydroxybenzoic acid efflux pump subunit AaeA,8
p-hydroxybenzoic acid efflux pump subunit AaeB,8
DUF1471 family stress response protein YhcN-B,8
peroxide/acid stress response protein YhcN,8
transcriptional regulator ArgR,8
malate dehydrogenase,8
L(+)-tartrate dehydratase subunit alpha,8
L(+)-tartrate dehydratase subunit beta,8
outer membrane-stress sensor serine endopeptidase DegS,8
serine endoprotease DegQ,8
cell division protein ZapE,8
50S ribosomal protein L13,8
30S ribosomal protein S9,8
DUF695 domain-containing protein,8
ClpXP protease specificity-enhancing factor,8
transcriptional regulator NanR,8
N-acetylneuraminate lyase,8
sialic acid transporter NanT,8
N-acetylmannosamine kinase,8
cytosine deaminase,8
cytosine permease,8
glutamate synthase subunit GltD,8
glutamate synthase large subunit,8
TIGR01212 family radical SAM protein,8
aerobic respiration two-component sensor histidine kinase ArcB,8
isoprenoid biosynthesis glyoxalase ElbB,8
monofunctional biosynthetic peptidoglycan transglycosylase,8
PhoP regulatory network protein YrbL,8
PTS phosphocarrier protein NPr,8
RNase adapter RapZ,8
PTS IIA-like nitrogen regulatory protein PtsN,8
ribosome hibernation promoting factor,8
RNA polymerase factor sigma-54,8
LPS export ABC transporter ATP-binding protein,8
lipopolysaccharide ABC transporter substrate-binding protein LptA,8
LPS export ABC transporter periplasmic protein LptC,8
3-deoxy-manno-octulosonate-8-phosphatase KdsC,8
arabinose-5-phosphate isomerase KdsD,8
calcium/sodium antiporter,8
phospholipid ABC transporter ATP-binding protein MlaF,8
lipid asymmetry maintenance ABC transporter permease subunit MlaE,8
outer membrane lipid asymmetry maintenance protein MlaD,8
phospholipid-binding protein MlaC,8
lipid asymmetry maintenance protein MlaB,8
BolA family iron metabolism protein IbaG,8
UDP-N-acetylglucosamine 1-carboxyvinyltransferase,8
DNA-binding transcriptional regulator SfsB,8
octaprenyl diphosphate synthase,8
50S ribosomal protein L21,8
50S ribosomal protein L27,8
Obg family GTPase CgtA,8
ribosome assembly RNA-binding protein YhbY,8
23S rRNA (uridine(2552)-2'-O)-methyltransferase RlmE,8
ATP-dependent zinc metalloprotease FtsH,8
phosphoglucosamine mutase,8
preprotein translocase subunit SecG,8
argininosuccinate synthase,8
ribosome maturation factor RimP,8
transcription termination factor NusA,8
translation initiation factor IF-2,8
30S ribosome-binding factor RbfA,8
tRNA pseudouridine(55) synthase TruB,8
30S ribosomal protein S15,8
polyribonucleotide nucleotidyltransferase,8
lipoprotein NlpI,8
protein YrbN,8
ATP-dependent RNA helicase DeaD,8
tryptophan permease,8
YhbP family protein,8
protein/nucleic acid deglycase,8
NAD(P)H-binding protein,8
DnaA initiator-associating protein DiaA,8
YraN family protein,8
penicillin-binding protein activator,8
16S rRNA (cytidine(1402)-2'-O)-methyltransferase,8
PTS galactitol transporter subunit IIB,8
PTS galactitol transporter subunit IIA,8
tagatose-bisphosphate aldolase subunit GatZ,8
tagatose bisphosphate family class II aldolase,8
galactarate dehydratase,8
2-dehydro-3-deoxyglucarate aldolase,8
glycerate 2-kinase,8
transcriptional regulator TdcA,8
bifunctional threonine ammonia-lyase/L-serine ammonia-lyase TdcB,8
threonine/serine transporter TdcC,8
propionate kinase,8
serine dehydratase subunit alpha family protein,8
DNA-binding transcriptional regulator YhaJ,8
DoxX family protein,8
YqjK-like family protein,8
DUF1090 domain-containing protein,8
EnvZ/OmpR regulon moderator MzrA,8
serine/threonine transporter SstT,8
23S rRNA (guanine(1835)-N(2))-methyltransferase RlmG,8
putrescine aminotransferase,8
PadR family transcriptional regulator,8
siderophore-interacting protein,8
G/U mismatch-specific DNA glycosylase,8
RNA polymerase sigma factor RpoD,8
DNA primase,8
30S ribosomal protein S21,8
tRNA (adenosine(37)-N6)-threonylcarbamoyltransferase complex transferase subunit TsaD,8
glycerol-3-phosphate 1-O-acyltransferase PlsY,8
"bifunctional dihydroneopterin aldolase/7,8-dihydroneopterin epimerase",8
multifunctional CCA addition/repair protein,8
inorganic triphosphatase,8
bifunctional [glutamate--ammonia ligase]-adenylyl-L-tyrosine phosphorylase/[glutamate--ammonia-ligase] adenylyltransferase,8
bifunctional D-glycero-beta-D-manno-heptose-7-phosphate kinase/D-glycero-beta-D-manno-heptose 1-phosphate adenylyltransferase HldE,8
flotillin family protein,8
cell surface composition regulator GlgS,8
ubiquinone biosynthesis accessory factor UbiK,8
"3,4-dihydroxy-2-butanone-4-phosphate synthase",8
protein-disulfide oxidoreductase DsbI,8
thiol:disulfide interchange protein DsbA/DsbL,8
zinc transporter ZupT,8
"4,5-DOPA dioxygenase extradiol",8
DUF1190 family protein,8
outer membrane channel protein TolC,8
ADP-ribose diphosphatase,8
DUF1249 family protein,8
"3',5'-cyclic-AMP phosphodiesterase",8
esterase YqiA,8
DNA topoisomerase IV subunit B,8
YgiW/YdeI family stress tolerance OB fold protein,8
DNA topoisomerase IV subunit A,8
1-acylglycerol-3-phosphate O-acyltransferase,8
cell division protein FtsP,8
YgiQ family radical SAM protein,8
HIT family protein,8
"2,5-didehydrogluconate reductase DkgA",8
alcohol dehydrogenase,8
cystathionine beta-lyase,8
TonB system transport protein ExbD,8
TIGR00645 family protein,8
hydrogenase 2 small subunit,8
hydrogenase 2 operon protein HybA,8
Ni/Fe-hydrogenase cytochrome b subunit,8
hydrogenase 2 large subunit,8
hydrogenase-2 assembly chaperone,8
hydrogenase maturation factor HybG,8
glutathione-dependent disulfide-bond oxidoreductase,8
bifunctional glutathionylspermidine amidase/synthase,8
glucuronate isomerase,8
fructuronate reductase,8
mannonate dehydratase,8
anti-adapter protein IraD,8
NAD-dependent phenylacetaldehyde dehydrogenase,8
DUF3156 family protein,8
DUF554 domain-containing protein,8
ornithine decarboxylase,8
membrane-bound lytic murein transglycosylase MltC,8
oxidative damage protection protein,8
A/G-specific adenine glycosylase,8
tRNA (guanosine(46)-N7)-methyltransferase TrmB,8
YggL family protein,8
DUF2884 domain-containing protein,8
L-asparaginase 2,8
radical SAM family heme chaperone HemW,8
XTP/dITP diphosphatase,8
DUF167 family protein YggU,8
YggT family protein,8
YggS family pyridoxal phosphate-dependent enzyme,8
type IV pilus twitching motility protein PilT,8
Holliday junction resolvase RuvX,8
YqgE/AlgH family protein,8
glutathione synthase,8
16S rRNA (uracil(1498)-N(3))-methyltransferase,8
deoxyribonuclease I,8
SprT family zinc-dependent metalloprotease,8
galactose/proton symporter,8
methionine adenosyltransferase,8
acid stress response protein YqgB,8
biosynthetic arginine decarboxylase,8
Ldh family oxidoreductase,8
agmatinase,8
ECF transporter S component,8
erythrose-4-phosphate dehydrogenase,8
phosphoglycerate kinase,8
class II fructose-bisphosphate aldolase,8
arginine exporter ArgO,8
oxidative stress defense protein,8
DNA-binding transcriptional regulator ArgP,8
ribose-5-phosphate isomerase RpiA,8
phosphoglycerate dehydrogenase,8
5-formyltetrahydrofolate cyclo-ligase,8
cell division protein ZapA,8
Xaa-Pro aminopeptidase,8
2-octaprenyl-6-methoxyphenyl hydroxylase,8
FAD-dependent 2-octaprenylphenol hydroxylase,8
glycine cleavage system aminomethyltransferase GcvT,8
glycine cleavage system protein GcvH,8
aminomethyl-transferring glycine dehydrogenase,8
transporter,8
6-phospho-beta-glucosidase BglA,8
N(4)-acetylcytidine aminohydrolase,8
tRNA-modifying protein YgfZ,8
FAD assembly factor SdhE,8
protein YgfX,8
flavodoxin FldB,8
site-specific tyrosine recombinase XerD,8
bifunctional protein-disulfide isomerase/oxidoreductase DsbC,8
single-stranded-DNA-specific exonuclease RecJ,8
peptide chain release factor 2,8
lysine--tRNA ligase,8
isopentenyl-diphosphate Delta-isomerase,8
DUF1460 domain-containing protein,8
tRNA(fMet)-specific endonuclease VapC,8
STM3031 family outer membrane protein,8
YfdX family protein,8
fimbrial biogenesis chaperone StdC,8
nickel/cobalt efflux protein RcnA,8
Ni(II)/Co(II)-binding transcriptional repressor RcnR,8
multidrug/biocide efflux PACE transporter,8
acetyl-CoA C-acetyltransferase,8
5-dehydro-4-deoxy-D-glucuronate isomerase,8
2-dehydro-3-deoxy-D-gluconate 5-dehydrogenase KduD,8
arabinose-proton symporter AraE,8
aspartate/glutamate racemase,8
diaminopimelate decarboxylase,8
HTH-type transcriptional regulator GalR,8
bifunctional acyl-ACP--phospholipid O-acyltransferase/long-chain-fatty-acid--ACP ligase,8
lysophospholipid transporter LplT,8
NADP(H)-dependent aldo-keto reductase,8
DNA mismatch repair endonuclease MutH,8
RNA pyrophosphohydrolase,8
prolipoprotein diacylglyceryl transferase,8
thymidylate synthase,8
DUF2509 family protein,8
prepilin-type N-terminal cleavage/methylation domain-containing protein,8
exodeoxyribonuclease V subunit gamma,8
pitrilysin,8
exodeoxyribonuclease V subunit beta,8
exodeoxyribonuclease V subunit alpha,8
amino-acid N-acetyltransferase,8
N-acetylmuramoyl-L-alanine amidase AmiC,8
murein transglycosylase A,8
tRNA cyclic N6-threonylcarbamoyladenosine(37) synthase TcdA,8
cysteine desulfurase sulfur acceptor subunit CsdE,8
cysteine desulfurase CsdA,8
glycine cleavage system transcriptional regulator GcvA,8
DUF423 domain-containing protein,8
23S rRNA (cytidine(2498)-2'-O)-methyltransferase RlmM,8
L-fucose operon activator,8
L-fucose mutarotase,8
L-fuculokinase,8
L-fucose isomerase,8
L-fuculose-phosphate aldolase,8
flap endonuclease Xni,8
L-serine ammonia-lyase II,8
HAAAP family serine/threonine permease SdaC,8
nucleotide 5'-monophosphate nucleosidase PpnN,8
NADPH-dependent 7-cyano-7-deazaguanine reductase QueF,8
SecY-interacting protein,8
YqcC family protein,8
tRNA pseudouridine(65) synthase TruC,8
flavodoxin,8
galactarate/glucarate/glycerate transporter GudP,8
glucarate dehydratase,8
two-component sensor histidine kinase BarA,8
23S rRNA (uracil(1939)-C(5))-methyltransferase RlmD,8
GTP diphosphokinase,8
type II toxin-antitoxin system ParD family antitoxin,8
nucleoside triphosphate pyrophosphohydrolase,8
phosphopyruvate hydratase,8
7-carboxy-7-deazaguanine synthase QueE,8
6-carboxytetrahydropterin synthase QueD,8
NADPH-dependent assimilatory sulfite reductase flavoprotein subunit,8
assimilatory sulfite reductase (NADPH) hemoprotein subunit,8
SPI-1 type III secretion system effector SopD,8
CRISPR-associated helicase/endonuclease Cas3,8
type I-E CRISPR-associated protein Cse1/CasA,8
type I-E CRISPR-associated protein Cse2/CasB,8
type I-E CRISPR-associated protein Cas7/Cse4/CasC,8
type I-E CRISPR-associated protein Cas5/CasD,8
type I-E CRISPR-associated protein Cas6/Cse3/CasE,8
type I-E CRISPR-associated endonuclease Cas1e,8
aminopeptidase,8
sulfate adenylyltransferase subunit CysD,8
sulfate adenylyltransferase subunit CysN,8
adenylyl-sulfate kinase,8
DUF3561 family protein,8
cell division protein FtsB,8
2-C-methyl-D-erythritol 4-phosphate cytidylyltransferase,8
"2-C-methyl-D-erythritol 2,4-cyclodiphosphate synthase",8
tRNA pseudouridine(13) synthase TruD,8
5'/3'-nucleotidase SurE,8
protein-L-isoaspartate(D-aspartate) O-methyltransferase,8
murein hydrolase activator NlpD,8
RNA polymerase sigma factor RpoS,8
3-oxo-tetronate kinase,8
aldolase,8
DUF4440 domain-containing protein,8
DNA mismatch repair protein MutS,8
SPI-1 type III secretion system invasion lipoprotein InvH,8
type III secretion system transcriptional activator InvF,8
type III secretion system outer membrane ring protein InvG,8
type III secretion system gatekeeper InvE,8
type III secretion system export apparatus protein InvA,8
SPI-1 type III secretion system chaperone SpaK,8
SctN family type III secretion system ATPase InvC,8
SPI-1 type III secretion system protein SpaM,8
SPI-1 type III secretion system protein SpaN,8
SPI-1 type III secretion system protein SpaO,8
SPI-1 type III secretion system export apparatus protein SpaP,8
SPI-1 type III secretion system export apparatus protein SpaQ,8
SPI-1 type III secretion system export apparatus protein SpaR,8
SPI-1 type III secretion system export apparatus protein SpaS,8
SycD/LcrH family type III secretion system chaperone SicA,8
SPI-1 type III secretion system needle tip complex protein SipB,8
SPI-1 type III secretion system needle tip complex protein SipC,8
SPI-1 type III secretion system needle tip complex protein SipD,8
SPI-1 type III secretion system effector SipA,8
chaperone SicP,8
SPI-1 type III secretion system effector GTPase-activating protein SptP,8
SPI-1 type III secretion system invasion protein IagB,8
transcriptional regulator HilA,8
transcriptional regulator HilD,8
type III secretion system inner membrane ring protein PrgH,8
type III secretion system needle filament protein PrgI,8
type III secretion system inner rod protein PrgJ,8
type III secretion system inner membrane ring lipoprotein PrgK,8
oxygen-regulated invasion protein OrgA,8
type III secretion system linker protein OrgB,8
type III secretion system effector protein OrgC,8
invasion transcriptional regulator HilC,8
transcriptional regulator SprB,8
type III secretion system YopJ family effector AvrA,8
iron/manganese ABC transporter permease subunit SitD,8
iron/manganese ABC transporter permease subunit SitC,8
iron/manganese ABC transporter ATP-binding protein SitB,8
iron/manganese ABC transporter substrate-binding protein SitA,8
nitrous oxide-stimulated promoter family protein,8
formate hydrogenlyase transcriptional activator FlhA,8
hydrogenase expression/formation protein HypE,8
hydrogenase formation protein HypD,8
hydrogenase 3 maturation protein HypC,8
hydrogenase nickel incorporation protein HypB,8
formate hydrogenlyase regulator HycA,8
formate hydrogenlyase subunit HycB,8
formate hydrogenlyase subunit 3,8
respiratory chain complex I subunit 1 family protein,8
formate hydrogenlyase subunit HycE,8
formate hydrogenlyase subunit HycF,8
formate hydrogenlyase subunit HycG,8
formate hydrogenlyase maturation HycH family protein,8
hydrogenase maturation peptidase HycI,8
electron transport protein HydN,8
carbamoyltransferase HypF,8
NADH:flavorubredoxin reductase NorW,8
anaerobic nitric oxide reductase flavorubredoxin,8
nitric oxide reductase transcriptional regulator NorR,8
arabinose-5-phosphate isomerase GutQ,8
glucitol operon DNA-binding transcriptional repressor SrlR,8
transcriptional regulator GutM,8
sorbitol-6-phosphate dehydrogenase,8
PTS glucitol/sorbitol transporter subunit IIB,8
lytic murein transglycosylase B,8
nicotinamide-nucleotide amidase,8
recombinase RecA,8
recombination regulator RecX,8
alanine--tRNA ligase,8
carbon storage regulator CsrA,8
fructose-1-phosphate/6-phosphogluconate phosphatase,8
glutamate--cysteine ligase,8
S-ribosylhomocysteine lyase,8
carbohydrate porin,8
multidrug efflux MFS transporter permease subunit EmrB,8
multidrug efflux MFS transporter periplasmic adaptor subunit EmrA,8
transcriptional repressor MprA,8
glycine betaine/L-proline ABC transporter substrate-binding protein ProX,8
glycine betaine/L-proline ABC transporter permease ProW,8
glycine betaine/L-proline ABC transporter ATP-binding protein ProV,8
class 1b ribonucleoside-diphosphate reductase subunit beta,8
class 1b ribonucleoside-diphosphate reductase subunit alpha,8
class Ib ribonucleoside-diphosphate reductase assembly flavoprotein NrdI,8
glutaredoxin-like protein NrdH,8
DUF883 domain-containing protein,8
DUF2002 family protein,8
L-alanine exporter AlaE,8
DNA-binding protein StpA,8
rhodanese family protein,8
ArsR/SmtB family transcription factor,8
YqaE/Pmp3 family membrane protein,8
peptidoglycan-binding protein LysM,8
DNA-binding transcriptional regulator CsiR,8
GABA permease,8
4-aminobutyrate--2-oxoglutarate transaminase,8
NADP-dependent succinate-semialdehyde dehydrogenase,8
L-2-hydroxyglutarate oxidase,8
tripartite tricarboxylate transporter permease,8
tripartite tricarboxylate transporter TctB family protein,8
transcriptional regulator TctD,8
HoxN/HupN/NixA family nickel/cobalt transporter,8
antimicrobial resistance protein Mig-14,8
VirK family antimicrobial peptide resistance protein,8
salmochelin/enterobactin export ABC transporter IroC,8
salmochelin biosynthesis C-glycosyltransferase IroB,8
DUF968 domain-containing protein,8
DUF1441 family protein,8
HlyD family type I secretion periplasmic adaptor subunit,8
type I secretion system permease/ATPase,8
TolC family outer membrane protein,8
biofilm-associated protein BapA,8
SsrA-binding protein SmpB,8
type II toxin-antitoxin system RatA family toxin,8
RnfH family protein,8
outer membrane protein assembly factor BamE,8
DNA repair protein RecN,8
NAD(+) kinase,8
nucleotide exchange factor GrpE,8
HlyC/CorC family transporter,8
signal recognition particle protein,8
30S ribosomal protein S16,8
ribosome maturation factor RimM,8
tRNA (guanosine(37)-N1)-methyltransferase TrmD,8
50S ribosomal protein L19,8
diguanylate cyclase DgcN,8
YfiR family protein,8
3-deoxy-7-phosphoheptulonate synthase AroF,8
bifunctional chorismate mutase/prephenate dehydrogenase,8
SMP-30/gluconolactonase/LRE family protein,8
bifunctional chorismate mutase/prephenate dehydratase,8
pheA operon leader peptide PheL,8
ribosome-associated translation inhibitor RaiA,8
outer membrane protein assembly factor BamD,8
23S rRNA pseudouridine(1911/1915/1917) synthase RluD,8
ATP-dependent chaperone ClpB,8
DUF4385 domain-containing protein,8
YfiM family lipoprotein,8
CDP-diacylglycerol--serine O-phosphatidyltransferase,8
protein lysine acetyltransferase,8
tRNA-uridine aminocarboxypropyltransferase,8
thioredoxin TrxC,8
uracil-DNA glycosylase,8
autonomous glycyl radical cofactor GrcA,8
cysteine/O-acetylserine transporter,8
ATP-dependent RNA helicase SrmB,8
tRNA(1)(Val) (adenine(37)-N(6))-methyltransferase TrmN,8
L-aspartate oxidase,8
rpoE leader peptide RseD,8
RNA polymerase sigma factor RpoE,8
anti-sigma-E factor RseA,8
sigma-E factor regulatory protein RseB,8
SoxR-reducing system protein RseC,8
excisionase Xis,8
DUF4060 family protein,8
RecE family exodeoxyribonuclease,8
phage minor tail U family protein,8
DUF4113 domain-containing protein,8
translation elongation factor 4,8
signal peptidase I,8
ribonuclease III,8
GTPase Era,8
DNA repair protein RecO,8
pyridoxine 5'-phosphate synthase,8
holo-ACP synthase,8
YfhL family 4Fe-4S dicluster ferredoxin,8
N-acetylmuramic acid 6-phosphate etherase,8
PTS transporter subunit EIIC,8
phosphatidylglycerophosphatase C,8
tRNA adenosine(34) deaminase TadA,8
membrane-bound lytic murein transglycosylase MltF,8
phosphoribosylformylglycinamidine synthase,8
two component system sensor histidine kinase QseE/GlrK,8
two-component system QseEF-associated lipoprotein QseG,8
two-component system response regulator GlrR,8
nitrogen regulatory protein P-II,8
dipeptide permease DtpD,8
lysine decarboxylase CadA,8
cadaverine/lysine antiporter,8
lysine decarboxylation/transport transcriptional activator CadC,8
NO-inducible flavohemoprotein,8
3-phenylpropionate MFS transporter,8
stationary phase inducible protein CsiE,8
DUF1007 family protein,8
nickel/cobalt transporter,8
sulfite reductase subunit C,8
anaerobic sulfite reductase subunit AsrB,8
anaerobic sulfite reductase subunit AsrA,8
inositol-1-monophosphatase,8
tRNA (cytosine(32)/uridine(32)-2'-O)-methyltransferase TrmJ,8
Fe-S cluster assembly transcriptional regulator IscR,8
cysteine desulfurase,8
Fe-S cluster assembly scaffold IscU,8
iron-sulfur cluster assembly protein IscA,8
co-chaperone HscB,8
Fe-S protein assembly chaperone HscA,8
ISC system 2Fe-2S type ferredoxin,8
Fe-S cluster assembly protein IscX,8
aminopeptidase PepB,8
enhanced serine sensitivity protein SseB,8
DUF5066 family protein,8
3-mercaptopyruvate sulfurtransferase,8
peptidoglycan glycosyltransferase PbpC,8
DMSO/selenate family reductase complex A subunit,8
nucleoside-diphosphate kinase,8
bifunctional tRNA (adenosine(37)-C2)-methyltransferase TrmG/ribosomal RNA large subunit methyltransferase RlmN,8
cytoskeleton protein RodZ,8
flavodoxin-dependent (E)-4-hydroxy-3-methylbut-2-enyl-diphosphate synthase,8
histidine--tRNA ligase,8
YfgM family protein,8
outer membrane protein assembly factor BamB,8
ribosome biogenesis GTPase Der,8
zinc ribbon domain-containing protein,8
intimin-like inverse autotransporter SinH,8
DUF823/DUF824 repeat adhesin RatA,8
exodeoxyribonuclease VII large subunit,8
IMP dehydrogenase,8
glutamine-hydrolyzing GMP synthase,8
DDE-type integrase/transposase/recombinase,8
YfgG family protein,8
exopolyphosphatase,8
polyphosphate kinase 1,8
phosphoribosylglycinamide formyltransferase,8
phosphoribosylformylglycinamidine cyclo-ligase,8
uracil phosphoribosyltransferase,8
uracil permease,8
DnaA inactivator Hda,8
arsenate reductase (glutaredoxin),8
beta-barrel assembly-enhancing protease,8
thioredoxin-dependent thiol peroxidase,8
glycine cleavage system transcriptional repressor,8
4-hydroxy-tetrahydrodipicolinate synthase,8
outer membrane protein assembly factor BamC,8
phosphoribosylaminoimidazolesuccinocarboxamide synthase,8
neutral zinc metallopeptidase,8
tRNA cytosine(34) acetyltransferase TmcA,8
YpfN family protein,8
succinyl-diaminopimelate desuccinylase,8
ArsC family reductase,8
protein YpfM,8
multidrug efflux RND transporter permease AcrD,8
nitrate/nitrite two-component system sensor histidine kinase NarQ,8
formate-dependent uric acid utilization protein AegA,8
penicillin binding protein PBP4B,8
GDP-mannose pyrophosphatase NudK,8
DUF1176 domain-containing protein,8
NADP-dependent oxaloacetate-decarboxylating malate dehydrogenase,8
ethanolamine utilization microcompartment protein EutS,8
ethanolamine utilization acetate kinase EutP,8
ethanolamine utilization acetate kinase EutQ,8
"ethanolamine utilization cob(I)yrinic acid a,c-diamide adenosyltransferase EutT",8
ethanolamine utilization microcompartment protein EutM,8
ethanolamine utilization microcompartment protein EutN,8
ethanolamine utilization protein EutJ,8
ethanolamine utilization ethanol dehydrogenase EutG,8
ethanolamine utilization protein EutH,8
ethanolamine ammonia-lyase reactivating factor EutA,8
ethanolamine ammonia-lyase subunit alpha,8
ethanolamine ammonia-lyase subunit EutC,8
ethanolamine utilization microcompartment protein EutL,8
ethanolamine utilization microcompartment protein EutK,8
HTH-type transcriptional regulator EutR,8
oxygen-dependent coproporphyrinogen oxidase,8
N-acetylmuramoyl-L-alanine amidase AmiA,8
GNAT family acetyltransferase,8
DUF2919 domain-containing protein,8
RpoE-regulated lipoprotein,8
porphyrinogen peroxidase,8
SDR family oxidoreductase UcpA,8
thiosulfate/sulfate ABC transporter substrate-binding protein CysP,8
sulfate/thiosulfate ABC transporter permease CysT,8
sulfate/thiosulfate ABC transporter permease CysW,8
sulfate/thiosulfate ABC transporter ATP-binding protein CysA,8
cysteine synthase CysM,8
transglycosylase domain-containing protein,8
YfeK family protein,8
transcriptional regulator PtsJ,8
pyridoxine/pyridoxal/pyridoxamine kinase,8
PTS glucose transporter subunit IIA,8
phosphoenolpyruvate-protein phosphotransferase PtsI,8
phosphocarrier protein Hpr,8
cysteine synthase A,8
sulfate transporter CysZ,8
cell division protein ZipA,8
NAD-dependent DNA ligase LigA,8
DUF3820 family protein,8
xanthosine phosphorylase,8
glutamate--tRNA ligase,8
nucleoside permease NupC,8
Nramp family divalent metal transporter,8
L-glyceraldehyde 3-phosphate reductase,8
alpha-keto acid decarboxylase family protein,8
ion channel protein,8
glucokinase,8
alanine transaminase,8
membrane protein YpdK,8
kdo(2)-lipid IV(A) palmitoleoyltransferase,8
YfdY family protein,8
phosphoglycerate transporter PgtP,8
phosphoglycerate transport regulator PgtC,8
two-component system sensor histidine kinase PgtB,8
two-component system response regulator PgtA,8
omptin family outer membrane protease PgtE,8
formate/nitrite transporter family protein,8
phospholipid-binding lipoprotein MlaA,8
long-chain fatty acid transporter FadL,8
YfcZ/YiiS family protein,8
acetyl-CoA C-acyltransferase FadI,8
fatty acid oxidation complex subunit alpha FadJ,8
phosphohistidine phosphatase SixA,8
endonuclease SmrB,8
50S ribosomal protein L3 N(5)-glutamine methyltransferase,8
chorismate synthase,8
penicillin-insensitive murein endopeptidase,8
elongation factor P hydroxylase,8
YfcL family protein,8
bifunctional tRNA (5-methylaminomethyl-2-thiouridine)(34)-methyltransferase MnmD/FAD-dependent 5-carboxymethylaminomethyl-2-thiouridine(34) oxidoreductase MnmC,8
beta-ketoacyl-ACP synthase I,8
YbjP/YqhG family protein,8
flagella biosynthesis regulator Flk,8
4-phosphoerythronate dehydrogenase PdxB,8
tRNA pseudouridine(38-40) synthase TruA,8
"acetyl-CoA carboxylase, carboxyltransferase subunit beta",8
bifunctional tetrahydrofolate synthase/dihydrofolate synthase,8
cell division protein DedD,8
colicin V production protein,8
amidophosphoribosyltransferase,8
alanine/ornithine racemase family PLP-dependent enzyme,8
lysine/arginine/ornithine ABC transporter substrate-binding protein ArgT,8
histidine ABC transporter substrate-binding protein HisJ,8
histidine ABC transporter permease HisQ,8
histidine ABC transporter permease HisM,8
histidine ABC transporter ATP-binding protein HisP,8
TIGR01777 family oxidoreductase,8
GSH-dependent disulfide bond oxidoreductase,8
glutathione transferase,8
phosphodiesterase,8
NUDIX hydrolase YfcD,8
putative basic amino acid antiporter YfcC,8
acetate kinase,8
YfbU family protein,8
sugar phosphatase,8
5'-deoxynucleotidase,8
alanine transaminase AlaA,8
transcriptional regulator LrhA,8
NADH-quinone oxidoreductase subunit NuoA,8
NADH-quinone oxidoreductase subunit NuoB,8
NADH-quinone oxidoreductase subunit C/D,8
NADH-quinone oxidoreductase subunit NuoE,8
NADH-quinone oxidoreductase subunit NuoF,8
NADH-quinone oxidoreductase subunit NuoG,8
NADH-quinone oxidoreductase subunit NuoH,8
NADH-quinone oxidoreductase subunit NuoI,8
NADH-quinone oxidoreductase subunit J,8
NADH-quinone oxidoreductase subunit NuoK,8
NADH-quinone oxidoreductase subunit L,8
NADH-quinone oxidoreductase subunit M,8
NADH-quinone oxidoreductase subunit NuoN,8
chemotaxis protein,8
ribonuclease BN,8
stress response protein ElaB,8
isochorismate synthase MenF,8
2-succinyl-5-enolpyruvyl-6-hydroxy-3- cyclohexene-1-carboxylic-acid synthase,8
"2-succinyl-6-hydroxy-2, 4-cyclohexadiene-1-carboxylate synthase",8
"1,4-dihydroxy-2-naphthoyl-CoA synthase",8
o-succinylbenzoate synthase,8
o-succinylbenzoate--CoA ligase,8
signal transduction protein PmrD,8
4-amino-4-deoxy-L-arabinose-phosphoundecaprenol flippase subunit ArnF,8
4-amino-4-deoxy-L-arabinose-phosphoundecaprenol flippase subunit ArnE,8
lipid IV(A) 4-amino-4-deoxy-L-arabinosyltransferase,8
4-deoxy-4-formamido-L-arabinose- phosphoundecaprenol deformylase,8
bifunctional UDP-4-amino-4-deoxy-L-arabinose formyltransferase/UDP-glucuronic acid oxidase ArnA,8
undecaprenyl-phosphate 4-deoxy-4-formamido-L-arabinose transferase,8
UDP-4-amino-4-deoxy-L-arabinose aminotransferase,8
lipopolysaccharide core heptose(II)-phosphate phosphatase PmrG,8
nucleoside triphosphatase NudI,8
YfaZ family protein,8
nicotinamide mononucleotide deamidase-related protein YfaY,8
L-rhamnonate dehydratase,8
2-keto-3-deoxy-L-rhamnonate aldolase,8
molybdopterin-binding protein,8
SPI-2 type III secretion system effector deubiquitinase SseL,8
glycerol-3-phosphate dehydrogenase subunit GlpB,8
anaerobic glycerol-3-phosphate dehydrogenase subunit A,8
glycerol-3-phosphate transporter,8
ferredoxin-like diferric-tyrosyl radical cofactor maintenance protein YfaE,8
DNA topoisomerase (ATP-hydrolyzing) subunit A,8
two-component system sensor histidine kinase RcsC,8
phosphotransferase RcsD,8
FAD:protein FMN transferase ApbE,8
bifunctional DNA-binding transcriptional regulator/O6-methylguanine-DNA methyltransferase Ada,8
DNA oxidative demethylase AlkB,8
multidrug ABC transporter permease/ATP-binding protein,8
serine protease inhibitor ecotin,8
ferredoxin-type protein NapF,8
chaperone NapD,8
nitrate reductase catalytic subunit NapA,8
ferredoxin-type protein NapG,8
quinol dehydrogenase ferredoxin subunit NapH,8
nitrate reductase cytochrome c-type subunit,8
cytochrome c-type protein NapC,8
nitrate/nitrite response regulator protein NarP,8
lipid A 3-O-deacylase PagL,8
LPS biosynthesis-modulating metalloenzyme YejM,8
YejL family protein,8
nucleoid-associated protein YejK,8
50S ribosomal protein L25,8
16S rRNA pseudouridine(516) synthase RsuA,8
YejG family protein,8
microcin C ABC transporter ATP-binding protein YejF,8
microcin C ABC transporter permease YejB,8
extracellular solute-binding protein,8
bifunctional murein DD-endopeptidase/murein LD-carboxypeptidase,8
phosphatase PAP2 family protein,8
elongation factor P-like protein YeiP,8
sugar efflux transporter SetB,8
fused PTS fructose transporter subunit IIA/HPr protein,8
PTS fructose transporter subunit IIBC,8
deoxyribonuclease IV,8
YeiH family protein,8
lysine-specific permease,8
catecholate siderophore receptor CirA,8
phosphoserine phosphatase SerB,8
S-formylglutathione hydrolase,8
GTP cyclohydrolase I FolE,8
HTH-type transcriptional regulator GalS,8
galactose/glucose ABC transporter substrate-binding protein MglB,8
galactose/methyl galactoside ABC transporter ATP-binding protein MglA,8
galactose/methyl galactoside ABC transporter permease MglC,8
NAD-dependent dihydropyrimidine dehydrogenase subunit PreA,8
DUF2542 family protein,8
outer membrane permeability protein SanA,8
cytidine deaminase,8
CidB/LrgB family autolysis modulator,8
"gentisate 1,2-dioxygenase",8
maleylacetoacetate isomerase,8
3-hydroxybenzoate 6-monooxygenase,8
tRNA dihydrouridine(16) synthase DusC,8
multidrug resistance outer membrane protein MdtQ,8
D-alanyl-D-alanine endopeptidase,8
beta-glucosidase BglX,8
protein YohO,8
HTH-type transcriptional regulator MlrA,8
two-component system response regulator BtsR,8
DUF1456 family protein,8
methionine--tRNA ligase,8
iron-sulfur cluster carrier protein ApbC,8
Ni(II)/Co(II) efflux transporter accessory subunit RcnB,8
hydroxyethylthiazole kinase,8
bifunctional hydroxymethylpyrimidine kinase/phosphomethylpyrimidine kinase,8
class I fructose-bisphosphate aldolase,8
lipid kinase YegS,8
type III secretion system effector SteD,8
CesT family type III secretion system chaperone,8
type III secretion system effector arginine glycosyltransferase SseK2,8
tRNA 5-hydroxyuridine modification protein YegQ,8
two-component system response regulator BaeR,8
two-component system sensor histidine kinase BaeS,8
multidrug efflux RND transporter permease subunit MdtC,8
multidrug efflux RND transporter permease subunit MdtB,8
multidrug efflux RND transporter subunit MdtA,8
DNA-3-methyladenine glycosylase 2,8
uridine kinase,8
dCTP deaminase,8
outer membrane assembly protein AsmA,8
polysaccharide export protein,8
low molecular weight protein-tyrosine-phosphatase Wzb,8
tyrosine-protein kinase Wzc,8
colanic acid biosynthesis glycosyltransferase WcaA,8
colanic acid biosynthesis acetyltransferase WcaB,8
colanic acid biosynthesis glycosyltransferase WcaC,8
colanic acid biosynthesis glycosyltransferase WcaE,8
colanic acid biosynthesis acetyltransferase WcaF,8
"GDP-mannose 4,6-dehydratase",8
GDP-mannose mannosyl hydrolase,8
colanic acid biosynthesis fucosyltransferase WcaI,8
mannose-1-phosphate guanyltransferase,8
undecaprenyl-phosphate glucose phosphotransferase,8
colanic acid undecaprenyl disphosphate flippase WzxC,8
colanic acid biosynthesis pyruvyl transferase WcaK,8
colanic acid biosynthesis glycosyltransferase WcaL,8
colanic acid biosynthesis protein WcaM,8
GalU regulator GalF,8
mannose-1-phosphate guanylyltransferase/mannose-6-phosphate isomerase,8
NADP-dependent phosphogluconate dehydrogenase,8
UDP-glucose 6-dehydrogenase,8
LPS O-antigen chain length determinant protein WzzB,8
bifunctional phosphoribosyl-AMP cyclohydrolase/phosphoribosyl-ATP diphosphatase HisIE,8
imidazole glycerol phosphate synthase subunit HisF,8
1-(5-phosphoribosyl)-5-[(5- phosphoribosylamino)methylideneamino]imidazole-4- carboxamide isomerase,8
imidazole glycerol phosphate synthase subunit HisH,8
bifunctional histidinol-phosphatase/imidazoleglycerol-phosphate dehydratase HisB,8
histidinol-phosphate transaminase,8
histidinol dehydrogenase,8
ATP phosphoribosyltransferase,8
his operon leader peptide,8
membrane protein YoeI,8
putrescine/proton symporter PlaP,8
exodeoxyribonuclease I,8
SPI-1 type III secretion system effector HECT-type E3 ubiquitin transferase SopA,8
thiosulfate reductase PhsA,8
thiosulfate reductase electron transport protein PhsB,8
thiosulfate reductase cytochrome B subunit,8
serine-type D-Ala-D-Ala carboxypeptidase DacD,8
DNA gyrase inhibitor SbmC,8
DUF496 family protein,8
L-threonine kinase PduX,8
propanediol utilization propionate kinase PduW,8
propanediol utilization protein PduV,8
propanediol utilization microcompartment protein PduU,8
propanediol utilization microcompartment protein PduT,8
cobalamin reductase PduS,8
1-propanol dehydrogenase PduQ,8
CoA-acylating propionaldehyde dehydrogenase PduP,8
"two-domain cob(I)yrinic acid a,c-diamide adenosyltransferase PduO",8
propanediol utilization microcompartment protein PduN,8
propanediol utilization microcompartment protein PduM,8
phosphate propanoyltransferase,8
propanediol utilization microcompartment protein PduK,8
propanediol utilization microcompartment protein PduJ,8
propanediol dehydratase reactivase beta subunit PduH,8
propanediol dehydratase reactivase alpha subunit PduG,8
propanediol dehydratase small subunit PduE,8
propanediol dehydratase medium subunit PduD,8
propanediol dehydratase large subunit PduC,8
propanediol utilization microcompartment protein PduB,8
propanediol utilization microcompartment protein PduA,8
propanediol diffusion facilitator PduF,8
"cobyrinate a,c-diamide synthase",8
adenosylcobinamide-phosphate synthase CbiB,8
cobalt-precorrin-8 methylmutase,8
cobalt-precorrin-5B (C(1))-methyltransferase CbiD,8
cobalt-precorrin-7 (C(5))-methyltransferase,8
decarboxylating cobalt-precorrin-6B (C(15))-methyltransferase,8
cobalt-precorrin-4 methyltransferase,8
cobalt-precorrin 5A hydrolase,8
precorrin-3B C(17)-methyltransferase,8
cobalt-precorrin-6A reductase,8
sirohydrochlorin cobaltochelatase,8
cobalt-factor II C(20)-methyltransferase,8
cobalt ECF transporter S component CbiM,8
energy-coupling factor ABC transporter substrate-binding protein,8
energy-coupling factor ABC transporter transmembrane protein,8
cobyric acid synthase,8
bifunctional adenosylcobinamide kinase/adenosylcobinamide-phosphate guanylyltransferase,8
adenosylcobinamide-GDP ribazoletransferase,8
nicotinate-nucleotide--dimethylbenzimidazole phosphoribosyltransferase,8
EmmdR/YeeO family multidrug/toxin efflux MATE transporter,8
AMP nucleosidase,8
DUF520 family protein,8
DgsA anti-repressor MtfA,8
translesion error-prone DNA polymerase V autoproteolytic subunit,8
Y-family DNA polymerase,8
cell division protein DrpB,8
phosphohydrolase,8
very short patch repair endonuclease,8
drug/metabolite exporter YedA,8
DUF808 domain-containing protein,8
mannosyl-3-phosphoglycerate phosphatase-related protein,8
YodD family peroxide/acid resistance protein,8
protein DsrB,8
transcriptional regulator RcsA,8
flagellar biosynthesis protein FliQ,8
flagellar type III secretion system pore protein FliP,8
flagellar motor switch protein FliN,8
flagellar motor switch protein FliM,8
flagellar basal body-associated protein FliL,8
flagellar hook length control protein FliK,8
flagellar assembly protein FliH,8
flagellar motor switch protein FliG,8
flagellar hook-basal body complex protein FliE,8
sulfurtransferase-like selenium metabolism protein YedF,8
selenium metabolism membrane protein YedE/FdhT,8
flagella biosynthesis regulatory protein FliT,8
flagellar export chaperone FliS,8
flagellar filament capping protein FliD,8
flagellin lysine-N-methylase,8
RNA polymerase sigma factor FliA,8
flagella biosynthesis regulatory protein FliZ,8
cystine ABC transporter substrate-binding protein,8
D-cysteine desulfhydrase,8
cystine ABC transporter permease,8
transcriptional regulator SdiA,8
DUF2594 family protein,8
UvrY/SirA/GacA family response regulator transcription factor,8
excinuclease ABC subunit UvrC,8
CDP-diacylglycerol--glycerol-3-phosphate 3-phosphatidyltransferase,8
tyrosine transporter TyrP,8
non-heme ferritin,8
YecR-like lipofamily protein,8
RpiB/LacA/LacB family sugar-phosphate isomerase,8
non-heme ferritin-like protein,8
DJ-1/PfpI family protein,8
L-arabinose ABC transporter permease AraH,8
trehalose-phosphatase,8
"alpha,alpha-trehalose-phosphate synthase",8
universal stress protein UspC,8
flagellar transcriptional regulator FlhD,8
flagellar transcriptional regulator FlhC,8
flagellar motor stator protein MotA,8
flagellar motor protein MotB,8
chemotaxis protein CheA,8
chemotaxis protein CheW,8
methyl-accepting chemotaxis protein II,8
protein-glutamate O-methyltransferase CheR,8
protein-glutamate methylesterase/protein glutamine deamidase,8
chemotaxis response regulator CheY,8
protein phosphatase CheZ,8
flagellar biosynthesis protein FlhA,8
flagellar protein FlhE,8
penicillin-binding protein 2,8
arginine--tRNA ligase,8
copper homeostasis protein CutC,8
tRNA 5-methoxyuridine(34)/uridine 5-oxyacetic acid(34) synthase CmoB,8
carboxy-S-adenosyl-L-methionine synthase CmoA,8
MAPEG family protein,8
DUF72 domain-containing protein,8
aspartate--tRNA ligase,8
dihydroneopterin triphosphate diphosphatase,8
crossover junction endodeoxyribonuclease RuvC,8
YebB family permuted papain-like enzyme,8
Holliday junction branch migration protein RuvA,8
Holliday junction branch migration DNA helicase RuvB,8
zinc ABC transporter permease subunit ZnuB,8
zinc ABC transporter ATP-binding protein ZnuC,8
zinc ABC transporter substrate-binding protein ZnuA,8
murein DD-endopeptidase MepM,8
lauroyl-Kdo(2)-lipid IV(A) myristoyltransferase,8
pyruvate kinase,8
phosphogluconate dehydratase,8
bifunctional 4-hydroxy-2-oxoglutarate aldolase/2-dehydro-3-deoxy-phosphogluconate aldolase,8
formate-dependent phosphoribosylglycinamide formyltransferase,8
DNA damage-inducible protein YebG,8
tellurite resistance TerB family protein,8
oligopeptidase B,8
exodeoxyribonuclease X,8
DNA polymerase III subunit theta,8
CopC domain-containing protein YobA,8
copper homeostasis membrane protein CopD,8
YebY family protein,8
DUF1398 domain-containing protein,8
SPI-1 type III secretion system guanine nucleotide exchange factor SopE2,8
YebW family protein,8
YebV family protein,8
16S rRNA (cytosine(1407)-C(5))-methyltransferase RsmF,8
MlaD family protein,8
membrane integrity lipid transport subunit YebS,8
GAF domain-containing protein,8
RNA chaperone ProQ,8
carboxy terminal-processing peptidase,8
protease HtpX,8
DNA-binding transcriptional regulator KdgR,8
invasion protein YobH,8
PhoP/PhoQ regulator MgrB,8
YebO family protein,8
23S rRNA (guanine(745)-N(1))-methyltransferase,8
manganese efflux pump MntP,8
DUF986 family protein,8
PTS mannose transporter subunit IID,8
PTS mannose transporter subunit IIC,8
PTS mannose transporter subunit IIAB,8
CNNM family cation transport protein YoaE,8
CoA pyrophosphatase,8
aminodeoxychorismate synthase component 1,8
YoaH family protein,8
ATP-dependent DNA helicase,8
tRNA (adenosine(37)-N6)-threonylcarbamoyltransferase complex dimerization subunit type 1 TsaB,8
Slp family lipoprotein,8
long-chain-fatty-acid--CoA ligase FadD,8
ribonuclease D,8
cell division topological specificity factor MinE,8
septum site-determining protein MinD,8
septum site-determining protein MinC,8
YcgL domain-containing protein,8
YcgN family cysteine cluster protein,8
DUF1971 domain-containing protein,8
disulfide bond formation protein DsbB,8
Na(+)/H(+) antiporter NhaB,8
fatty acid metabolism transcriptional regulator FadR,8
SpoVR family protein,8
D-amino acid dehydrogenase,8
catabolic alanine racemase DadX,8
potassium/proton antiporter,8
muramoyltetrapeptide carboxypeptidase,8
membrane-bound lytic murein transglycosylase EmtA,8
flagellar brake protein YcgR,8
cytochrome bd-II oxidase subunit CbdX,8
cytochrome bd-II oxidase subunit 1,8
hydrogenase expression/formation protein,8
hydrogenase-1 operon protein HyaE,8
hydrogenase 1 maturation protease,8
Ni/Fe-hydrogenase b-type cytochrome subunit,8
Ni/Fe-hydrogenase large subunit,8
hydrogenase 1 small subunit,8
DUF4427 domain-containing protein,8
redox-regulated ATPase YchF,8
stress-induced protein YchH,8
C4-dicarboxylic acid transporter DauA,8
ribose-phosphate diphosphokinase,8
4-(cytidine 5'-diphospho)-2-C-methyl-D-erythritol kinase,8
lipoprotein insertase outer membrane protein LolB,8
glutamyl-tRNA reductase,8
peptide chain release factor 1,8
peptide chain release factor N(5)-glutamine methyltransferase,8
invasion regulator SirB1,8
3-deoxy-8-phosphooctulonate synthase,8
sodium-potassium/proton antiporter ChaA,8
putative cation transport regulator ChaB,8
DsrE/DsrF/TusD sulfur relay family protein,8
YchO/YchP family invasin,8
two-component system response regulator NarL,8
nitrate/nitrite two-component system sensor histidine kinase NarX,8
nitrate transporter NarK,8
formyltetrahydrofolate deformylase,8
YchJ family protein,8
patatin-like phospholipase RssA,8
two-component system response regulator RssB,8
UTP--glucose-1-phosphate uridylyltransferase GalU,8
thymidine kinase,8
YchE family NAAT transporter,8
oligopeptide ABC transporter substrate-binding protein OppA,8
oligopeptide ABC transporter permease OppB,8
oligopeptide ABC transporter permease OppC,8
murein tripeptide/oligopeptide ABC transporter ATP-binding protein OppF,8
ion transporter,8
HI1450 family dsDNA-mimic protein,8
cardiolipin synthase,8
YciY family protein,8
YciI family protein,8
TonB system transport protein TonB,8
acyl-CoA thioester hydrolase YciA,8
septation protein A,8
outer membrane protein OmpW,8
manganese catalase family protein,8
tryptophan synthase subunit alpha,8
tryptophan synthase subunit beta,8
bifunctional indole-3-glycerol-phosphate synthase TrpC/phosphoribosylanthranilate isomerase TrpF,8
bifunctional anthranilate synthase glutamate amidotransferase component TrpG/anthranilate phosphoribosyltransferase TrpD,8
trp operon leader peptide,8
23S rRNA pseudouridine(2605) synthase RluB,8
"cob(I)yrinic acid a,c-diamide adenosyltransferase",8
YciK family oxidoreductase,8
protease SohB,8
YciN family protein,8
type I DNA topoisomerase,8
HTH-type transcriptional regulator CysB,8
YmiA family putative membrane protein,8
aconitate hydratase AcnA,8
GTP cyclohydrolase II,8
phosphatidylglycerophosphatase B,8
LapA family protein,8
lipopolysaccharide assembly protein LapB,8
orotidine-5'-phosphate decarboxylase,8
stress response translation initiation inhibitor YciH,8
osmotically-inducible lipoprotein OsmB,8
exoribonuclease II,8
CMD domain-containing protein,8
enoyl-ACP reductase FabI,8
SPI-2 type III secretion system effector kinase SteC,8
peptide ABC transporter ATP-binding protein SapF,8
peptide ABC transporter ATP-binding protein SapD,8
peptide ABC transporter permease SapC,8
peptide ABC transporter permease SapB,8
peptide ABC transporter substrate-binding protein SapA,8
phage shock protein operon transcriptional activator,8
phage shock protein PspA,8
envelope stress response membrane protein PspB,8
envelope stress response membrane protein PspC,8
phage shock protein PspD,8
thiosulfate sulfurtransferase PspE,8
YcjX family protein,8
transcriptional regulator TyrR,8
thiol peroxidase,8
L-Ala-D/L-Glu epimerase,8
murein tripeptide amidase MpaA,8
aromatic alcohol reductase,8
two-partner-like secretion system exoprotein ZirU,8
two-partner secretion translocator ZirT,8
two-partner-like secretion system exoprotein ZirS,8
B3/4 domain-containing protein,8
DUF2534 family protein,8
universal stress protein UspE,8
fumarate/nitrate reduction transcriptional regulator Fnr,8
methylated-DNA--[protein]-cysteine S-methyltransferase,8
DNA endonuclease SmrA,8
zinc transporter ZntB,8
ATP-dependent RNA helicase DbpA,8
tRNA 2-thiocytidine(32) synthetase TtcA,8
SMR family transporter,8
universal stress protein UspF,8
pyruvate:ferredoxin (flavodoxin) oxidoreductase,8
reverse transcriptase,8
heat shock protein HslJ,8
YdbH family protein,8
YnbE family lipoprotein,8
YdbL family protein,8
FMN-dependent NADH-azoreductase,8
ATP-dependent RNA helicase HrpA,8
cytochrome b561,8
glycosyltransferase family 39 protein,8
amino acid ABC transporter ATP-binding protein,8
transporter substrate-binding domain-containing protein,8
DUF1294 domain-containing protein,8
SPI-2 type III secretion system effector SseJ,8
metal/formaldehyde-sensitive transcriptional repressor,8
S-(hydroxymethyl)glutathione dehydrogenase/class III alcohol dehydrogenase,8
carboxylesterase/lipase family protein,8
cryptic aminoglycoside N-acetyltransferase AAC(6')-Iy/Iaa,8
ribulose-phosphate 3 epimerase family protein,8
SgcA family PTS sugar transporter subunit IIA,8
BtpA family protein SgcQ,8
PTS sugar transporter subunit IIC SgcC,8
PTS sugar transporter subunit IIB SgcB,8
M42 family metallopeptidase,8
50S ribosomal protein L7/L12-serine acetyltransferase,8
YdcK family protein,8
dicarboxylate transporter/tellurite-resistance protein TehA,8
tellurite resistance methyltransferase TehB,8
DUF3313 domain-containing protein,8
benzoate/H(+) symporter BenE family transporter,8
SPI-2 type III secretion system effector SifB,8
D-alanyl-D-alanine dipeptidase,8
M15 family metallopeptidase,8
GntR family transcriptional regulator YdcR,8
aminobutyraldehyde dehydrogenase,8
stress response membrane protein YncL,8
GhoT/OrtT family toxin,8
virulence-associated effector SrfC,8
virulence factor SrfB,8
virulence-associated effector SrfA,8
YdcY family protein,8
L-methionine sulfoximine/L-methionine sulfone acetyltransferase,8
NADP-dependent oxidoreductase,8
colanic acid/biofilm transcriptional regulator McbR,8
YncE family protein,8
L-asparagine permease,8
N-hydroxyarylamine O-acetyltransferase,8
PhzF family isomerase,8
NarK family nitrate/nitrite MFS transporter,8
TetR family transcriptional regulator,8
methyl viologen efflux MFS transporter SmvA,8
porin OmpD,8
aromatic amino acid efflux DMT transporter YddG,8
formate dehydrogenase-N subunit gamma,8
alcohol dehydrogenase AdhP,8
NAD-dependent malic enzyme,8
stationary-phase-induced ribosome-associated protein,8
biofilm-dependent modulation protein,8
acid-activated periplasmic chaperone HdeB,8
OBAP family protein,8
malto-oligosyltrehalose trehalohydrolase,8
malto-oligosyltrehalose synthase,8
Na+/H+ antiporter NhaC,8
S-adenosylmethionine:tRNA ribosyltransferase-isomerase,8
PhoPQ-activated pathogenicity-related family protein,8
hydrogenase small subunit,8
nickel-dependent hydrogenase large subunit,8
"Ni/Fe-hydrogenase, b-type cytochrome subunit",8
HypC/HybG/HupF family hydrogenase formation chaperone,8
hydrogenase,8
ATP/GTP-binding protein,8
bestrophin family protein,8
DUF4186 domain-containing protein,8
glutaminase B,8
succinate-semialdehyde dehydrogenase,8
sugar transporter,8
MarC family NAAT transporter,8
multiple antibiotic resistance transcriptional regulator MarR,8
MDR efflux pump AcrAB transcriptional activator MarA,8
multiple antibiotic resistance protein MarB,8
O-acetylserine/cysteine exporter,8
efflux MFS transporter YdeE,8
protein MgtS,8
YdeI family stress tolerance OB fold protein,8
2-oxo-tetronate isomerase,8
peptidyl-dipeptidase Dcp,8
bifunctional NADP-dependent 3-hydroxy acid dehydrogenase/3-hydroxypropionate dehydrogenase YdfG,8
putative selenium delivery protein YdfZ,8
Zn-dependent oxidoreductase,8
starvation-sensing protein RspA,8
YnfA family protein,8
DUF1283 family protein,8
spermidine N1-acetyltransferase,8
YnfC family lipoprotein,8
DUF1161 domain-containing protein,8
osmoprotectant ABC transporter permease OsmY,8
osmoprotectant ABC transporter substrate-binding protein OsmX,8
osmoprotectant ABC transporter permease OsmW,8
osmoprotectant ABC transporter ATP-binding protein OsmV,8
voltage-gated ClC-type chloride channel ClcB,8
KPN_01571 family protein,8
acid resistance repetitive basic protein Asr,8
multidrug/spermidine efflux SMR transporter subunit MdtI,8
multidrug/spermidine efflux SMR transporter subunit MdtJ,8
Re/Si-specific NAD(P)(+) transhydrogenase subunit beta,8
Re/Si-specific NAD(P)(+) transhydrogenase subunit alpha,8
DUF1471 family protein YdgH,8
GlpM family protein,8
two-component system response regulator RstA,8
two-component system sensor histidine kinase RstB,8
DNA replication terminus site-binding protein,8
class II fumarate hydratase,8
class I fumarate hydratase,8
mannose-6-phosphate isomerase,8
YdgA family protein,8
adenosine deaminase,8
division septum protein Blr,8
transcription modulator YdgT,8
DUF2569 domain-containing protein,8
electron transport complex subunit RsxA,8
electron transport complex subunit RsxB,8
electron transport complex subunit RsxC,8
electron transport complex subunit RsxD,8
electron transport complex subunit RsxG,8
electron transport complex subunit E,8
endonuclease III,8
dipeptide/tripeptide permease DtpA,8
glutathione transferase GstA,8
pyridoxal kinase PdxY,8
tyrosine--tRNA ligase,8
pyridoxamine 5'-phosphate oxidase,8
C-type lysozyme inhibitor,8
anhydro-N-acetylmuramic acid kinase,8
outer membrane lipoprotein SlyB,8
transcriptional regulator SlyA,8
DUF1656 domain-containing protein,8
superoxide dismutase [Cu-Zn] SodC2,8
DUF1289 domain-containing protein,8
alkene reductase,8
lactoylglutathione lyase,8
ribonuclease T,8
monothiol glutaredoxin 4,8
superoxide dismutase [Fe],8
YnhF family membrane protein,8
HTH-type transcriptional repressor PurR,8
cyclopropane fatty acyl phospholipid synthase,8
riboflavin synthase,8
multidrug efflux MATE transporter MdtK,8
SPI-2 type III secretion system apparatus protein SsaU,8
SPI-2 type III secretion system apparatus protein SsaT,8
SPI-2 type III secretion system apparatus protein SsaS,8
SPI-2 type III secretion system export apparatus protein SsaR,8
SPI-2 type III secretion system cytoplasmic ring protein SsaQ,8
SPI-2 type III secretion system apparatus protein SsaP,8
SPI-2 type III secretion system apparatus protein SsaO,8
SctN family type III secretion system ATPase SsaN,8
SPI-2 type III secretion system apparatus protein SsaV,8
SPI-2 type III secretion system apparatus protein SsaM,8
SPI-2 type III secretion system apparatus protein SsaL,8
SPI-2 type III secretion system apparatus protein SsaK,8
SPI-2 type III secretion system apparatus lipoprotein SsaJ,8
SctI family type III secretion system inner rod subunit SsaI,8
EscG/YscG/SsaH family type III secretion system needle protein co-chaperone,8
type III secretion system needle filament protein SsaG,8
pathogenicity island 2 effector protein SseG,8
type III secretion systems effector SseF,8
SycD/LcrH family type III secretion system chaperone SscB,8
LcrR family type III secretion system chaperone SseE,8
SPI-2 type III secretion system translocon protein SseD,8
SycD/LcrH family type III secretion system chaperone SscA,8
SPI-2 type III secretion system translocon protein SseB,8
SPI-2 type III secretion system chaperone SseA,8
YscE family type III secretion system co-chaperone SsaE,8
SctD family type III secretion system inner membrane ring subunit SsaD,8
SPI-2 type III secretion system protein SpiA,8
SPI-2 type III secretion system protein SpiC,8
two component system sensor kinase,8
two component system response regulator,8
fumarate hydratase FumD,8
tetrathionate reductase subunit TtrB,8
tetrathionate reductase subunit TtrC,8
tetrathionate reductase subunit TtrA,8
proline iminopeptidase-family hydrolase,8
pyruvate kinase PykF,8
murein lipoprotein Lpp,8
cysteine desulfuration protein SufE,8
cysteine desulfurase SufS,8
Fe-S cluster assembly protein SufD,8
Fe-S cluster assembly ATPase SufC,8
Fe-S cluster assembly protein SufB,8
Fe-S cluster assembly scaffold SufA,8
YdiH family protein,8
YdiL family protein,8
quinate/shikimate dehydrogenase,8
type I 3-dehydroquinate dehydratase,8
acyl CoA:acetate/3-ketoacid CoA transferase,8
acyl-CoA dehydrogenase,8
electron transfer flavoprotein,8
electron transfer flavoprotein subunit alpha,8
ferredoxin family protein,8
medium-chain fatty-acid--CoA ligase,8
phosphoenolpyruvate synthase,8
posphoenolpyruvate synthetase regulatory kinase/phosphorylase PpsR,8
3-deoxy-7-phosphoheptulonate synthase AroH,8
hemin uptake protein HemP,8
vitamin B12 ABC transporter ATP-binding protein BtuD,8
glutathione peroxidase,8
vitamin B12 ABC transporter permease BtuC,8
integration host factor subunit alpha,8
phenylalanine--tRNA ligase subunit beta,8
phenylalanine--tRNA ligase subunit alpha,8
pheST operon leader peptide PheM,8
50S ribosomal protein L20,8
50S ribosomal protein L35,8
translation initiation factor IF-3,8
threonine--tRNA ligase,8
DNA/RNA non-specific endonuclease,8
lipid A deacylase LpxR family protein,8
6-phosphofructokinase II,8
type V toxin-antitoxin system endoribonuclease antitoxin GhoS,8
fructosamine kinase family protein,8
YniB family protein,8
hexitol phosphatase HxpB,8
cystine/sulfocysteine:cation symporter,8
cell division activator CedA,8
catalase HPII,8
chitin disaccharide deacetylase,8
6-phospho-beta-glucosidase,8
transcriptional regulator ChbR,8
"PTS N,N'-diacetylchitobiose transporter subunit IIA",8
"PTS N,N'-diacetylchitobiose transporter subunit IIC",8
"PTS N,N'-diacetylchitobiose transporter subunit IIB",8
osmotically-inducible lipoprotein OsmE,8
ammonia-dependent NAD(+) synthetase,8
excinuclease Cho,8
ATP-independent periplasmic protein-refolding chaperone Spy,8
succinylglutamate desuccinylase,8
N-succinylarginine dihydrolase,8
succinylglutamate-semialdehyde dehydrogenase,8
arginine N-succinyltransferase,8
exodeoxyribonuclease III,8
pyrimidine (deoxy)nucleoside triphosphate diphosphatase,8
YnjH family protein,8
NADP-specific glutamate dehydrogenase,8
DNA topoisomerase III,8
"selenide, water dikinase SelD",8
NAD(P)H nitroreductase,8
signal peptide peptidase SppA,8
asparaginase,8
bifunctional nicotinamidase/pyrazinamidase,8
YeaC family protein,8
peptide-methionine (R)-S-oxide reductase MsrB,8
glyceraldehyde-3-phosphate dehydrogenase,8
D-hexose-6-phosphate mutarotase,8
MipA/OmpV family protein,8
protein kinase YeaG,8
YeaH/YhbH family protein,8
YbaK/prolyl-tRNA synthetase associated domain-containing protein,8
DUF441 domain-containing protein,8
CynX/NimT family MFS transporter,8
DUF488 domain-containing protein,8
YoaK family small membrane protein,8
DUF1869 domain-containing protein,8
DUF1971 domain-containing protein YeaR,8
leucine efflux protein LeuE,8
chorismate mutase,8
cryptic aminoglycoside nucleotidyltransferase ANT(3'')/ANT(9),8
metal-binding protein ZinT,8
four-helix bundle copper-binding protein,8
TRL-like family protein,8
Hsp20 family protein,8
c-type lysozyme inhibitor,8
virulence membrane protein PagC,8
virulence protein PagD,8
cold shock-like protein CspF,8
ricin-type beta-trefoil lectin domain protein,8
type III secretion system effector SopF,8
NADP-dependent isocitrate dehydrogenase,8
23S rRNA pseudouridine(2457) synthase RluE,8
NUDIX hydrolase,8
tRNA 2-thiouridine(34) synthase MnmA,8
high frequency lysogenization protein HflD,8
adenylosuccinate lyase,8
two-component system response regulator PhoP,8
two-component system sensor histidine kinase PhoQ,8
peptidase T,8
spermidine/putrescine ABC transporter ATP-binding protein PotA,8
spermidine/putrescine ABC transporter permease PotB,8
SPI-2 type III secretion system effector SifA,8
spermidine/putrescine ABC transporter permease PotC,8
spermidine/putrescine ABC transporter substrate-binding protein PotD,8
N-acetylglucosamine kinase,8
lipoprotein-releasing ABC transporter permease subunit LolE,8
lipoprotein-releasing ABC transporter ATP-binding protein LolD,8
lipoprotein-releasing ABC transporter permease subunit LolC,8
transcription-repair coupling factor,8
multiple stress resistance protein BhsA,8
TetR family copper-responsive transcriptional repressor ComR,8
glycine zipper 2TM domain-containing protein,8
NADH-quinone dehydrogenase,8
alpha/beta hydrolase YcfP,8
beta-N-acetylhexosaminidase,8
thiamine kinase,8
penicillin-binding protein activator LpoB,8
YcfL family protein,8
purine nucleoside phosphoramidase,8
ferric-rhodotorulic acid/ferric-coprogen receptor FhuE,8
PTS glucose transporter subunit IIBC,8
DNA polymerase III subunit delta',8
dTMP kinase,8
cell division protein YceG,8
aminodeoxychorismate lyase,8
beta-ketoacyl-ACP synthase II,8
3-oxoacyl-ACP reductase FabG,8
ACP S-malonyltransferase,8
beta-ketoacyl-ACP synthase III,8
phosphate acyltransferase PlsX,8
50S ribosomal protein L32,8
23S rRNA accumulation protein YceD,8
23S rRNA pseudouridine(955/2504/2580) synthase RluC,8
ribonuclease E,8
flagellar hook-associated protein FlgL,8
flagellar hook-associated protein FlgK,8
flagellar assembly peptidoglycan hydrolase FlgJ,8
flagellar basal body P-ring protein FlgI,8
flagellar basal body L-ring protein FlgH,8
flagellar basal-body rod protein FlgG,8
flagellar basal body rod protein FlgF,8
flagellar hook protein FlgE,8
flagellar hook assembly protein FlgD,8
flagellar basal body rod protein FlgC,8
flagellar basal body rod protein FlgB,8
flagella biosynthesis chaperone FlgN,8
murein biosynthesis integral membrane protein MurJ,8
YceH family protein,8
ribosomal protein S5-alanine N-acetyltransferase,8
multidrug efflux MFS transporter MdtH,8
glutaredoxin 2,8
dihydroorotase,8
DNA damage-inducible protein I,8
biofilm formation regulator BssS,8
N-methyl-L-tryptophan oxidase,8
YceO family protein,8
rhodanese-related sulfurtransferase,8
multidrug efflux MFS transporter MdtG,8
glucans biosynthesis glucosyltransferase MdoH,8
glucans biosynthesis protein MdoG,8
glucans biosynthesis protein MdoC,8
phospholipase D family protein,8
O-acetyl-ADP-ribose deacetylase,8
curli production assembly/transport protein CsgE,8
curli production assembly/transport protein CsgF,8
curli production assembly/transport protein CsgG,8
DUF1097 domain-containing protein,8
phosphatase,8
glyoxylate/hydroxypyruvate reductase GhrA,8
N-acetylneuraminate epimerase,8
sodium:solute symporter,8
phosphate starvation-inducible protein PhoH,8
sodium/proline symporter PutP,8
trifunctional transcriptional regulator/proline dehydrogenase/L-glutamate gamma-semialdehyde dehydrogenase,8
HTH-type transcriptional regulator RutR,8
NAD(P)H:quinone oxidoreductase,8
YccJ family protein,8
bifunctional glucose-1-phosphatase/inositol phosphatase,8
protein disulfide oxidoreductase,8
copper resistance protein,8
curved DNA-binding protein,8
chaperone modulator CbpM,8
anti-adapter protein IraM,8
4-hydroxyphenylacetate catabolism regulatory protein HpaA,8
4-hydroxyphenylacetate permease,8
4-hydroxy-2-oxoheptanedioate aldolase,8
5-carboxymethyl-2-hydroxymuconate Delta-isomerase,8
"3,4-dihydroxyphenylacetate 2,3-dioxygenase",8
5-carboxymethyl-2-hydroxymuconate semialdehyde dehydrogenase,8
4-hydroxyphenylacetate degradation bifunctional isomerase/decarboxylase,8
homoprotocatechuate degradation operon regulator HpaR,8
"4-hydroxyphenylacetate 3-monooxygenase, oxygenase component",8
4-hydroxyphenylacetate 3-monooxygenase reductase subunit,8
hydroxyisourate hydrolase,8
response regulator transcription factor HprR,8
heavy metal sensor histidine kinase,8
C69 family dipeptidase,8
SPI-1 type III secretion system effector inositol phosphate phosphatase SopB,8
type III secretion system chaperone SigE,8
SPI-2 type III secretion system effector PipB,8
type III secretion system effector protease PipA,8
FtsH protease modulator YccA,8
sulfurtransferase TusE,8
acylphosphatase,8
YbhB/YbcL family Raf kinase inhibitor-like protein,8
23S rRNA (cytosine(1962)-C(5))-methyltransferase RlmI,8
heat shock protein HspQ,8
CoA-binding protein,8
DUF2057 family protein,8
methylglyoxal synthase,8
DNA helicase IV,8
YccF domain-containing protein,8
YccS family putative transporter,8
TfoX/Sxy family DNA transformation protein,8
porin OmpA,8
macrodomain Ter protein MatP,8
bifunctional 3-hydroxydecanoyl-ACP dehydratase/trans-2-decenoyl-ACP isomerase,8
ribosome modulation factor,8
membrane integrity-associated transporter subunit PqiC,8
intermembrane transport protein PqiB,8
membrane integrity-associated transporter subunit PqiA,8
bifunctional 23S rRNA (guanine(2069)-N(7))-methyltransferase RlmK/23S rRNA (guanine(2445)-N(2))-methyltransferase RlmL,8
YcbX family protein,8
cell division protein ZapC,8
quinone-dependent dihydroorotate dehydrogenase,8
aminopeptidase N,8
DinI-like family protein,8
replication protein,8
nicotinate phosphoribosyltransferase,8
diaminopropionate ammonia-lyase,8
Lrp/AsnC family transcriptional regulator,8
asparagine--tRNA ligase,8
porin OmpF,8
aspartate transaminase,8
chromosome partition protein MukB,8
chromosome partition protein MukE,8
chromosome partition protein MukF,8
tRNA uridine 5-oxyacetic acid(34) methyltransferase CmoM,8
YcbJ family phosphotransferase,8
3-deoxy-manno-octulosonate cytidylyltransferase,8
protein YcaR,8
tetraacyldisaccharide 4'-kinase,8
lipid A ABC transporter ATP-binding protein/permease MsbA,8
ComEC family protein,8
integration host factor subunit beta,8
30S ribosomal protein S1,8
(d)CMP kinase,8
3-phosphoshikimate 1-carboxyvinyltransferase,8
3-phosphoserine/phosphohydroxythreonine transaminase,8
DUF421 domain-containing protein,8
formate transporter FocA,8
pyruvate formate lyase 1-activating protein,8
dimethylsulfoxide reductase subunit A,8
serine--tRNA ligase,8
replication-associated recombination protein RarA,8
outer membrane lipoprotein chaperone LolA,8
DNA translocase FtsK,8
leucine-responsive transcriptional regulator Lrp,8
thioredoxin-disulfide reductase,8
leucyl/phenylalanyl-tRNA--protein transferase,8
translation initiation factor IF-1,8
ATP-dependent Clp protease ATP-binding subunit ClpA,8
ATP-dependent Clp protease adapter ClpS,8
cold shock-like protein CspD,8
macrolide ABC transporter ATP-binding protein/permease MacB,8
macrolide transporter subunit MacA,8
VirK/YbjX family protein,8
ATP-dependent endonuclease,8
lysine exporter LysO family protein,8
hydroxylamine reductase,8
NADH oxidoreductase,8
ubiquinone-dependent pyruvate dehydrogenase,8
low-specificity L-threonine aldolase,8
N-acetylmuramoyl-L-alanine amidase,8
arginine ABC transporter ATP-binding protein ArtP,8
arginine ABC transporter permease ArtQ,8
arginine ABC transporter permease ArtM,8
23S rRNA (uracil(747)-C(5))-methyltransferase RlmC,8
YbjO family protein,8
putrescine ABC transporter permease PotI,8
putrescine ABC transporter permease PotH,8
putrescine ABC transporter ATP-binding subunit PotG,8
spermidine/putrescine ABC transporter substrate-binding protein PotF,8
YbjN domain-containing protein,8
30S ribosomal protein S6--L-glutamate ligase,8
nitroreductase NfsA,8
YbjC family protein,8
GrxA family glutaredoxin,8
inner membrane protein YbjM,8
aspartate:alanine antiporter,8
DNA-binding transcriptional repressor DeoR,8
PQQ-dependent sugar dehydrogenase,8
biofilm formation regulator BssR,8
30S ribosomal protein S12 methylthiotransferase RimO,8
glutathione ABC transporter permease GsiD,8
glutathione ABC transporter permease GsiC,8
glutathione ABC transporter substrate-binding protein GsiB,8
glutathione ABC transporter ATP-binding protein GsiA,8
molybdopterin molybdotransferase MoeA,8
molybdopterin-synthase adenylyltransferase MoeB,8
glycyl-radical enzyme activating protein,8
glycyl radical protein,8
DUF1479 domain-containing protein,8
ABC-F family ATPase,8
anion transporter,8
manganese-binding transcriptional regulator MntR,8
manganase accumulation protein MntS,8
phosphoethanolamine transferase,8
outer membrane protein OmpX,8
threonine/homoserine exporter RhtA,8
DNA starvation/stationary phase protection protein Dps,8
glutamine ABC transporter substrate-binding protein GlnH,8
glutamine ABC transporter permease GlnP,8
glutamine ABC transporter ATP-binding protein GlnQ,8
mechanosensitive channel protein,8
23S rRNA (adenine(1618)-N(6))-methyltransferase RlmF,8
DksA/TraR family C4-type zinc finger protein,8
DUF1471 family protein YbiJ,8
DNA-binding protein YbiB,8
ATP-dependent DNA helicase DinG,8
ATP-dependent RNA helicase RhlE,8
transcriptional regulator CecR,8
secretion protein HlyD,8
YbhQ family protein,8
cardiolipin synthase ClsB,8
molybdopterin synthase catalytic subunit MoaE,8
molybdopterin synthase sulfur carrier subunit,8
cyclic pyranopterin monophosphate synthase MoaC,8
molybdenum cofactor biosynthesis protein B,8
"GTP 3',8-cyclase MoaA",8
uridine diphosphate-N-acetylglucosamine-binding protein YvcK,8
SPI-1 type III secretion system effector E3 ubiquitin transferase SlrP,8
malonyl-ACP O-methyltransferase BioC,8
8-amino-7-oxononanoate synthase,8
biotin synthase BioB,8
adenosylmethionine--8-amino-7-oxononanoate transaminase,8
kinase inhibitor,8
histidine ammonia-lyase,8
urocanate hydratase,8
histidine utilization repressor,8
formimidoylglutamase,8
imidazolonepropionase,8
putative acyl-CoA thioester hydrolase,8
6-phosphogluconolactonase,8
pyridoxal phosphatase,8
molybdenum ABC transporter ATP-binding protein ModC,8
molybdate ABC transporter permease subunit,8
AcrZ family multidrug efflux pump-associated protein,8
molybdenum-dependent transcriptional regulator,8
molybdate ABC transporter ATP-binding protein ModF,8
DUF2167 domain-containing protein,8
UDP-glucose 4-epimerase GalE,8
galactose-1-phosphate uridylyltransferase,8
galactokinase,8
galactose-1-epimerase,8
"2,3-diphosphoglycerate-dependent phosphoglycerate mutase",8
3-deoxy-7-phosphoheptulonate synthase AroG,8
YbgS-like family protein,8
CDF family zinc transporter ZitB,8
quinolinate synthase NadA,8
cell division protein CpoB,8
peptidoglycan-associated lipoprotein Pal,8
Tol-Pal system beta propeller repeat protein TolB,8
cell envelope integrity protein TolA,8
colicin uptake protein TolR,8
Tol-Pal system protein TolQ,8
cyd operon protein YbgE,8
cytochrome bd-I oxidase subunit CydX,8
succinate--CoA ligase subunit alpha,8
ADP-forming succinate--CoA ligase subunit beta,8
2-oxoglutarate dehydrogenase complex dihydrolipoyllysine-residue succinyltransferase,8
2-oxoglutarate dehydrogenase E1 component,8
succinate dehydrogenase iron-sulfur subunit SdhB,8
succinate dehydrogenase flavoprotein subunit,8
succinate dehydrogenase membrane anchor subunit,8
succinate dehydrogenase cytochrome b556 subunit,8
citrate synthase,8
AbrB family transcriptional regulator,8
endonuclease VIII,8
5-oxoprolinase subunit PxpA,8
5-oxoprolinase subunit PxpB,8
radiation resistance protein YbgI,8
deoxyribodipyrimidine photo-lyase,8
YbfA family protein,8
K(+)-transporting ATPase subunit F,8
potassium-transporting ATPase subunit KdpA,8
potassium-transporting ATPase subunit KdpB,8
potassium-transporting ATPase subunit KdpC,8
two-component system sensor histidine kinase KdpD,8
two-component system response regulator KdpE,8
leader peptide SpeFL,8
ornithine decarboxylase SpeF,8
putrescine-ornithine antiporter,8
pyridoxamine 5'-phosphate oxidase family protein,8
"phosphoglucomutase (alpha-D-glucose-1,6-bisphosphate-dependent)",8
replication initiation negative regulator SeqA,8
LexA regulated protein,8
flavodoxin FldA,8
ryhB-regulated fur leader peptide,8
ferric iron uptake transcriptional regulator,8
tricarballylate utilization LysR family transcriptional regulator TcuR,8
FAD-dependent tricarballylate dehydrogenase TcuA,8
tricarballylate utilization protein TcuB,8
tricarballylate/proton symporter TcuC,8
glutamine--tRNA ligase,8
PTS N-acetyl glucosamine transporter subunit IIABC,8
glucosamine-6-phosphate deaminase,8
N-acetylglucosamine-6-phosphate deacetylase,8
DNA-binding transcriptional regulator NagC,8
ribonucleotide monophosphatase NagD,8
asparagine synthase B,8
tRNA (N6-isopentenyl adenosine(37)-C2)-methylthiotransferase MiaB,8
PhoH family protein,8
rRNA maturation RNase YbeY,8
CNNM family magnesium/cobalt transport protein CorC,8
apolipoprotein N-acyltransferase,8
amino acid ABC transporter substrate-binding protein,8
glutamate/aspartate ABC transporter permease GltJ,8
glutamate/aspartate ABC transporter permease GltK,8
glutamate/aspartate ABC transporter ATP-binding protein GltL,8
pyrimidine-specific ribonucleoside hydrolase RihA,8
molecular chaperone HscC,8
zinc ribbon-containing protein,8
2-keto-3-deoxygluconate permease 2,8
leucine--tRNA ligase,8
LPS assembly lipoprotein LptE,8
DNA polymerase III subunit delta,8
nicotinate-nucleotide adenylyltransferase,8
threonine-phosphate decarboxylase CobD,8
adenosylcobalamin/alpha-ribazole phosphatase,8
ribosome silencing factor,8
23S rRNA (pseudouridine(1915)-N(3))-methyltransferase RlmH,8
peptidoglycan DD-transpeptidase MrdA,8
peptidoglycan glycosyltransferase MrdB,8
endolytic peptidoglycan transglycosylase RlpA,8
D-alanyl-D-alanine carboxypeptidase DacA,8
DUF493 family protein YbeD,8
lipoyl(octanoyl) transferase LipB,8
YbeF family transcriptional regulator,8
lipoyl synthase,8
twin-arginine translocase subunit TatE,8
deaminated glutathione amidase,8
fluoride efflux transporter CrcB,8
lipid IV(A) palmitoyltransferase PagP,8
anaerobic C4-dicarboxylate transporter DcuC,8
two-component response regulator DpiA,8
sensor histidine kinase DpiB,8
citrate/succinate antiporter CitT,8
ribonuclease I,8
nucleoside diphosphate kinase regulator,8
universal stress protein UspG,8
alkyl hydroperoxide reductase subunit F,8
alkyl hydroperoxide reductase subunit C,8
thiol:disulfide interchange protein DsbG,8
proofreading thioesterase EntH,8
"2,3-dihydro-2,3-dihydroxybenzoate dehydrogenase EntA",8
"(2,3-dihydroxybenzoyl)adenylate synthase EntE",8
isochorismate synthase EntC,8
Fe2+-enterobactin ABC transporter substrate-binding protein,8
enterobactin transporter EntS,8
Fe(3+)-siderophore ABC transporter permease,8
iron-enterobactin ABC transporter permease,8
iron-enterobactin ABC transporter ATP-binding protein,8
LPS O-antigen length regulator Wzz(fepE),8
enterobactin non-ribosomal peptide synthetase EntF,8
MbtH family protein,8
enterochelin esterase,8
enterobactin synthase subunit EntD,8
YbdK family carboxylate-amine ligase,8
RamA family antibiotic efflux transcriptional regulator,8
oxygen-insensitive NAD(P)H nitroreductase,8
autotransporter domain-containing esterase,8
phenylalanine transporter,8
reactive chlorine resistance membrane protein RclC,8
reactive chlorine resistance periplasmic protein RclB,8
reactive chlorine resistance oxidoreductase RclA,8
reactive chlorine-specific transcriptional regulator RclR,8
DNA-binding protein,8
fimbria biosynthesis transcriptional regulator FimW,8
diguanylate cyclase,8
fimbria biosynthesis regulator FimY,8
fimbria biosynthesis transcriptional regulator FimZ,8
fimbria assembly protein,8
type 1 fimbria D-mannose specific adhesin FimH,8
fimbrial biogenesis usher protein,8
type 1 fimbria chaperone FimC,8
type 1 fimbrial protein subunit FimI,8
type 1 fimbrial protein subunit FimA,8
bifunctional methylenetetrahydrofolate dehydrogenase/methenyltetrahydrofolate cyclohydrolase FolD,8
ribosome-associated protein YbcJ,8
STM0539 family protein,8
DUF2145 domain-containing protein,8
cysteine--tRNA ligase,8
peptidylprolyl isomerase B,8
"UDP-2,3-diacylglucosamine diphosphatase",8
5-(carboxyamino)imidazole ribonucleotide mutase,8
5-(carboxyamino)imidazole ribonucleotide synthase,8
DUF2877 domain-containing protein,8
DUF1116 domain-containing protein,8
HTH-type transcriptional repressor AllR,8
ureidoglycolate lyase,8
HTH-type transcriptional activator AllS,8
tRNA 2-selenouridine(34) synthase MnmH,8
virulence-associated ABC transporter ATP-binding protein SfbB,8
MetQ/NlpA family ABC transporter substrate-binding protein,8
porin,8
multifunctional acyl-CoA thioesterase I/protease I/lysophospholipase L1,8
chaperedoxin,8
NfeD family protein,8
Cu(I)-responsive transcriptional regulator,8
copper-exporting P-type ATPase CopA,8
TraB/GumN family protein,8
Cys-tRNA(Pro)/Cys-tRNA(Cys) deacylase YbaK,8
bifunctional UDP-sugar hydrolase/5'-nucleotidase UshA,8
inosine/guanosine kinase,8
acetyl esterase,8
ferrochelatase,8
adenylate kinase,8
molecular chaperone HtpG,8
recombination mediator RecR,8
YbaB/EbfC family nucleoid-associated protein,8
DNA polymerase III subunit gamma/tau,8
adenine phosphoribosyltransferase,8
DUF454 family protein,8
primosomal replication protein N'',8
pleiotropic regulatory protein RsmS,8
mechanosensitive channel MscK,8
multidrug efflux transporter transcriptional repressor AcrR,8
multidrug efflux RND transporter periplasmic adaptor subunit AcrA,8
efflux RND transporter permease AcrB,8
Hha toxicity modulator TomB,8
maltose O-acetyltransferase,8
YlaC family protein,8
type B 50S ribosomal protein L36,8
type B 50S ribosomal protein L31,8
MGMT family protein,8
YbaY family lipoprotein,8
acyl-CoA thioesterase II,8
ammonium transporter AmtB,8
P-II family nitrogen regulator,8
SmdB family multidrug efflux ABC transporter permease/ATP-binding protein,8
SmdA family multidrug ABC transporter permease/ATP-binding protein,8
DNA-binding transcriptional regulator DecR,8
cysteine desulfhydrase,8
HMP-PP phosphatase,8
7-cyano-7-deazaguanine synthase QueC,8
endopeptidase La,8
ATP-dependent protease ATP-binding subunit ClpX,8
ATP-dependent Clp endopeptidase proteolytic subunit ClpP,8
trigger factor,8
transcriptional regulator BolA,8
muropeptide MFS transporter AmpG,8
cytochrome o ubiquinol oxidase subunit II,8
cytochrome o ubiquinol oxidase subunit I,8
cytochrome o ubiquinol oxidase subunit III,8
cytochrome o ubiquinol oxidase subunit IV,8
heme o synthase,8
YajQ family cyclic di-GMP-binding protein,8
2-dehydropantoate 2-reductase,8
protein deglycase YajL,8
phosphonoacetaldehyde hydrolase,8
2-aminoethylphosphonate--pyruvate transaminase,8
phosphonate utilization transcriptional regulator PhnR,8
2-aminoethylphosphonate ABC transporter substrate-binding protein,8
2-aminoethylphosphonate ABC transport system ATP-binding subunit PhnT,8
2-aminoethylphosphonate ABC transporter permease subunit,8
"2-aminoethylphosphonate ABC transport system, membrane component PhnV",8
exodeoxyribonuclease VII small subunit,8
"(2E,6E)-farnesyl diphosphate synthase",8
1-deoxy-D-xylulose-5-phosphate synthase,8
phosphatidylglycerophosphatase A,8
thiamine-phosphate kinase,8
transcription antitermination factor NusB,8
"6,7-dimethyl-8-ribityllumazine synthase",8
bifunctional diaminohydroxyphosphoribosylaminopyrimidine deaminase/5-amino-6-(5-phosphoribosylamino)uracil reductase RibD,8
transcriptional regulator NrdR,8
nucleoside-specific channel-forming protein Tsx,8
HNH nuclease YajD,8
protein translocase subunit SecF,8
protein translocase subunit SecD,8
preprotein translocase subunit YajC,8
tRNA guanosine(34) transglycosylase Tgt,8
tRNA preQ1(34) S-adenosylmethionine ribosyltransferase-isomerase QueA,8
ACP phosphodiesterase,8
maltodextrin glucosidase,8
proline-specific permease ProY,8
branched-chain amino acid transporter carrier protein BrnQ,8
phosphate regulon sensor histidine kinase PhoR,8
phosphate response regulator transcription factor PhoB,8
exonuclease subunit SbcD,8
exonuclease subunit SbcC,8
MFS transporter AraJ,8
fructokinase,8
pyrimidine/purine nucleoside phosphorylase,8
AroM family protein,8
protein YaiA,8
shikimate kinase AroL,8
YaiI/YqxD family protein,8
pyrroline-5-carboxylate reductase,8
diguanylate cyclase AdrA,8
phosphate starvation-inducible protein PsiF,8
anti-adapter protein IraP,8
multidrug efflux MFS transporter,8
extensin family protein,8
YaiY family protein,8
surface-exposed outer membrane lipoprotein YaiW,8
peptide antibiotic transporter SbmA,8
D-alanyl-D-alanine- carboxypeptidase/endopeptidase AmpH,8
hydrogen peroxide resistance inhibitor IprA,8
porphobilinogen synthase,8
propionate--CoA ligase,8
bifunctional 2-methylcitrate dehydratase/aconitate hydratase,8
methylisocitrate lyase,8
propionate catabolism operon regulatory protein PrpR,8
DUF1471 family periplasmic protein YahO,8
LysE family transporter,8
ferrioxamine B receptor FoxA,8
small effector SsaA,8
type III restriction-modification system endonuclease,8
site-specific DNA-methyltransferase,8
gold resistance metallochaperone GolB,8
Au(I) sensor transcriptional regulator GolS,8
gold/copper-translocating P-type ATPase GolT,8
multidrug efflux RND transporter periplasmic adaptor subunit MdsA,8
multidrug efflux RND transporter permease subunit MdsB,8
multidrug efflux transporter outer membrane subunit MdsC,8
fimbrial biogenesis chaperone StbB,8
fimbrial usher protein StbD,8
fimbrial biogenesis chaperone StbE,8
DUF1889 family protein,8
diol dehydratase reactivase ATPase-like domain-containing protein,8
glutamate-5-semialdehyde dehydrogenase,8
glutamate 5-kinase,8
phosphoporin PhoE,8
sigma factor-binding protein Crl,8
esterase FrsA,8
xanthine phosphoribosyltransferase,8
cytosol nonspecific dipeptidase,8
peptide chain release factor H,8
RNA ligase RtcB family protein,8
DNA polymerase IV,8
peptidoglycan meso-diaminopimelic acid protein amidase,8
class II glutamine amidotransferase,8
D-sedoheptulose 7-phosphate isomerase,8
acyl-CoA dehydrogenase FadE,8
Spy/CpxP family protein refolding chaperone,8
adhesin/invasin protein PagN,8
pili assembly chaperone SafB,8
RHS repeat-associated core domain-containing protein,8
type VI secretion system-associated protein TagK,8
DNA polymerase III subunit epsilon,8
ribonuclease HI,8
hydroxyacylglutathione hydrolase,8
murein transglycosylase D,8
"2,5-didehydrogluconate reductase DkgB",8
"D-glycero-beta-D-manno-heptose 1,7-bisphosphate 7-phosphatase",8
methionine ABC transporter ATP-binding protein MetN,8
methionine ABC transporter permease MetI,8
methionine ABC transporter substrate-binding lipoprotein MetQ,8
Rcs stress response system protein RcsF,8
tRNA (N6-threonylcarbamoyladenosine(37)-N6)-methyltransferase TrmO,8
proline--tRNA ligase,8
envelope stress response activation lipoprotein NlpE,8
YaeQ family protein,8
YaeP family protein,8
Rho-binding antiterminator,8
tRNA lysidine(34) synthetase TilS,8
lysine decarboxylase LdcC,8
acetyl-CoA carboxylase carboxyl transferase subunit alpha,8
DNA polymerase III subunit alpha,8
ribonuclease HII,8
lipid-A-disaccharide synthase,8
acyl-ACP--UDP-N-acetylglucosamine O-acyltransferase,8
3-hydroxyacyl-ACP dehydratase FabZ,8
UDP-3-O-(3-hydroxymyristoyl)glucosamine N-acyltransferase,8
molecular chaperone Skp,8
outer membrane protein assembly factor BamA,8
sigma E protease regulator RseP,8
phosphatidate cytidylyltransferase,8
"(2E,6E)-farnesyl-diphosphate-specific ditrans,polycis-undecaprenyl-diphosphate synthase",8
1-deoxy-D-xylulose-5-phosphate reductoisomerase,8
ribosome recycling factor,8
UMP kinase,8
translation elongation factor Ts,8
30S ribosomal protein S2,8
type I methionyl aminopeptidase,8
bifunctional uridylyltransferase/uridylyl-removing protein GlnD,8
"2,3,4,5-tetrahydropyridine-2,6-dicarboxylate N-succinyltransferase",8
DUF3461 family protein,8
DNA-binding transcriptional regulator CdaR,8
serine endoprotease DegP,8
dGTPase,8
5'-methylthioadenosine/S-adenosylhomocysteine nucleosidase,8
vitamin B12 ABC transporter substrate-binding protein BtuF,8
TRIC cation channel family protein,8
iron-sulfur cluster insertion protein ErpA,8
H(+)/Cl(-) exchange transporter ClcA,8
"glutamate-1-semialdehyde 2,1-aminomutase",8
fimbrial adhesin StfH,8
fimbrial minor subunit StfF,8
fimbrial chaperone StfD,8
Fe(3+)-hydroxamate ABC transporter permease FhuB,8
Fe(3+)-hydroxamate ABC transporter substrate-binding protein FhuD,8
Fe3+-hydroxamate ABC transporter ATP-binding protein FhuC,8
ferrichrome porin FhuA,8
bifunctional glycosyl transferase/transpeptidase,8
ATP-dependent helicase HrpB,8
"RNA 2',3'-cyclic phosphodiesterase",8
DNA/RNA nuclease SfsA,8
RNA polymerase-binding protein DksA,8
tRNA glutamyl-Q(34) synthetase GluQRS,8
polynucleotide adenylyltransferase PcnB,8
2-amino-4-hydroxy-6- hydroxymethyldihydropteridine diphosphokinase,8
3-methyl-2-oxobutanoate hydroxymethyltransferase,8
pantoate--beta-alanine ligase,8
aspartate 1-decarboxylase,8
fimbrial biogenesis chaperone StiB,8
carbonate dehydratase,8
hypoxanthine phosphoribosyltransferase,8
multicopper oxidase CueO,8
YacC family pilotin-like protein,8
polyamine aminopropyltransferase,8
adenosylmethionine decarboxylase,8
D-threonate 4-phosphate dehydrogenase,8
D-threonate kinase,8
2-keto-3-deoxygluconate permease 1,8
protein YacL,8
bifunctional aconitate hydratase 2/2-methylisocitrate dehydratase,8
DUF3300 domain-containing protein,8
dihydrolipoyl dehydrogenase,8
pyruvate dehydrogenase complex dihydrolipoyllysine-residue acetyltransferase,8
"pyruvate dehydrogenase (acetyl-transferring), homodimeric type",8
pyruvate dehydrogenase complex transcriptional repressor PdhR,8
aromatic amino acid transporter AroP,8
family 43 glycosylhydrolase,8
beta-lactamase regulator AmpE,8
"1,6-anhydro-N-acetylmuramyl-L-alanine amidase AmpD",8
carboxylating nicotinate-nucleotide diphosphorylase,8
prepilin peptidase-dependent pilin,8
type II secretion system protein GspE,8
protein transport protein HofC,8
GMP reductase,8
dephospho-CoA kinase,8
cell division protein ZapD,8
DNA gyrase inhibitor YacG,8
8-oxo-dGTP diphosphatase MutT,8
preprotein translocase subunit SecA,8
secA translation cis-regulator SecM,8
UDP-3-O-acyl-N-acetylglucosamine deacetylase,8
cell division protein FtsZ,8
cell division protein FtsA,8
cell division protein FtsQ,8
UDP-N-acetylmuramate--L-alanine ligase,8
undecaprenyldiphospho-muramoylpentapeptide beta-N-acetylglucosaminyltransferase,8
cell division protein FtsW,8
UDP-N-acetylmuramoyl-L-alanine--D-glutamate ligase,8
phospho-N-acetylmuramoyl-pentapeptide- transferase,8
UDP-N-acetylmuramoyl-tripeptide--D-alanyl-D- alanine ligase,8
"UDP-N-acetylmuramoyl-L-alanyl-D-glutamate--2, 6-diaminopimelate ligase",8
cell division protein FtsL,8
16S rRNA (cytosine(1402)-N(4))-methyltransferase RsmH,8
division/cell wall cluster transcriptional repressor MraZ,8
catabolite repressor/activator,8
acetolactate synthase 3 large subunit,8
transcriptional regulator LeuO,8
leu operon leader peptide,8
2-isopropylmalate synthase,8
3-isopropylmalate dehydrogenase,8
glucose uptake inhibitor SgrT,8
HTH-type transcriptional regulator SgrR,8
thiamine ABC transporter substrate binding subunit,8
thiamine/thiamine pyrophosphate ABC transporter permease ThiP,8
thiamine ABC transporter ATP-binding protein ThiQ,8
arabinose operon transcriptional regulator AraC,8
ribulokinase,8
L-arabinose isomerase,8
DUF4751 family protein,8
DNA polymerase II,8
RNA polymerase-associated protein RapA,8
bifunctional tRNA pseudouridine(32) synthase/23S rRNA pseudouridine(746) synthase RluA,8
co-chaperone DjlA,8
LPS assembly protein LptD,8
peptidylprolyl isomerase SurA,8
4-hydroxythreonine-4-phosphate dehydrogenase PdxA,8
16S rRNA (adenine(1518)-N(6)/adenine(1519)-N(6))- dimethyltransferase RsmA,8
Co2+/Mg2+ efflux protein ApaG,8
bis(5'-nucleosyl)-tetraphosphatase (symmetrical) ApaH,8
type 3 dihydrofolate reductase,8
glutathione-regulated potassium-efflux system protein KefC,8
glutathione-regulated potassium-efflux system oxidoreductase KefF,8
DUF1471 family virulence protein SrfN,8
ferredoxin-like protein FixX,8
electron transfer flavoprotein FixA,8
crotonobetainyl-CoA dehydrogenase,8
L-carnitine CoA-transferase,8
crotonobetaine/carnitine-CoA ligase,8
crotonobetainyl-CoA hydratase,8
carnitine operon protein CaiE,8
carnitine metabolism transcriptional regulator CaiF,8
carbamoyl-phosphate synthase large subunit,8
glutamine-hydrolyzing carbamoyl-phosphate synthase small subunit,8
4-hydroxy-tetrahydrodipicolinate reductase,8
citrate/sodium symporter CitS,8
ribonucleoside hydrolase RihC,8
4-hydroxy-3-methylbut-2-enyl diphosphate reductase,8
signal peptidase II,8
isoleucine--tRNA ligase,8
bifunctional riboflavin kinase/FAD synthetase,8
30S ribosomal protein S20,8
transcriptional activator NhaR,8
Na+/H+ antiporter NhaA,8
fimbrial chaperone BcfG,8
fimbrial protein BcfF,8
fimbrial protein BcfE,8
fimbrial protein BcfD,8
fimbrial usher BcfC,8
fimbrial biogenesis chaperone BcfB,8
fimbrial protein BcfA,8
glycosyl hydrolase family 18 protein,8
glycoside hydrolase family 108 protein,8
molecular chaperone DnaK,8
DUF2541 family protein,8
acidic protein MsyB,8
acetate uptake transporter,8
molybdopterin adenylyltransferase,8
peroxide stress protein YaaA,8
threonine synthase,8
homoserine kinase,8
bifunctional aspartate kinase/homoserine dehydrogenase I,8
thr operon leader peptide,8
two-component system response regulator ArcA,8
fimbrial biogenesis chaperone SthA,8
fimbrial major subunit SthE,8
cell envelope integrity protein CreD,8
two-component system sensor histidine kinase CreC,8
two-component system response regulator CreB,8
protein CreA,8
MDR efflux pump AcrAB transcriptional activator RobA,8
"2,3-diphosphoglycerate-dependent phosphoglycerate mutase GpmB",8
inosine/xanthosine triphosphatase,8
trp operon repressor,8
murein transglycosylase,8
energy-dependent translational throttle protein EttA,8
multifunctional transcriptional regulator/nicotinamide-nucleotide adenylyltransferase/ribosylnicotinamide kinase NadR,8
DNA repair protein RadA,8
phosphoserine phosphatase,8
YtjB family periplasmic protein,8
lipoate--protein ligase LplA,8
fimbrial biogenesis chaperone StjC,8
purine-nucleoside phosphorylase,8
phosphopentomutase,8
thymidine phosphorylase,8
deoxyribose-phosphate aldolase,8
YjjI family glycine radical enzyme,8
YjjW family glycine radical enzyme activase,8
DUF1328 domain-containing protein,8
molecular chaperone OsmY,8
peptide chain release factor 3,8
pyrimidine 5'-nucleotidase,8
ribosomal protein S18-alanine N-acetyltransferase,8
DNA polymerase III subunit psi,8
16S rRNA (guanine(1207)-N(2))-methyltransferase RsmC,8
DUF1435 domain-containing protein,8
siderophore-iron reductase FhuF,8
YbaK/EbsC family protein,8
DNA-binding transcriptional activator BglJ,8
threonine/serine exporter,8
primosomal protein DnaT,8
DNA replication protein DnaC,8
DUF2501 domain-containing protein,8
phosphatidylglycerol--membrane-oligosaccharide glycerophosphotransferase,8
pyruvate/proton symporter BtsT,8
GTPase,8
NAD-dependent succinate-semialdehyde dehydrogenase,8
multidrug efflux MFS transporter MdtM,8
DUF445 domain-containing protein,8
YjiG family protein,8
hypochlorite stress DNA-binding transcriptional regulator HypT,8
aspartate/glutamate racemase family protein,8
Uxu operon transcriptional regulator,8
DUF302 domain-containing protein,8
DUF1062 domain-containing protein,8
YjhX family toxin,8
gluconate 5-dehydrogenase,8
gnt-II system L-idonate transporter,8
LPS export ABC transporter permease LptG,8
LPS export ABC transporter permease LptF,8
leucyl aminopeptidase,8
DNA polymerase III subunit chi,8
valine--tRNA ligase,8
DUF3617 domain-containing protein,8
tRNA isopentenyl-2-thiomethyl-A-37 hydroxylase MiaE,8
ribonuclease E inhibitor RraB,8
arginine deiminase,8
YfcC family protein,8
arginine repressor,8
pyr operon leader peptide,8
aspartate carbamoyltransferase,8
aspartate carbamoyltransferase regulatory subunit,8
2-iminobutanoate/2-iminopropanoate deaminase,8
trehalose operon repressor TreR,8
PTS trehalose transporter subunit IIBC,8
"alpha,alpha-phosphotrehalase",8
anaerobic ribonucleoside-triphosphate reductase,8
anaerobic ribonucleoside-triphosphate reductase-activating protein,8
BglG family transcription antiterminator,8
DgaE family pyridoxal phosphate-dependent ammonia lyase,8
amidohydrolase/deacetylase family metallohydrolase,8
DUF4310 family protein,8
DUF4311 domain-containing protein,8
DUF4312 family protein,8
glycine dehydrogenase,8
cytochrome b562,8
metalloprotease PmbA,8
UDP-N-acetylmuramate:L-alanyl-gamma-D-glutamyl- meso-diaminopimelate ligase,8
class 1 fructose-bisphosphatase,8
inorganic diphosphatase,8
metallo-dependent hydrolase,8
autotransporter assembly complex protein TamB,8
autotransporter assembly complex protein TamA,8
peptide-methionine (S)-S-oxide reductase MsrA,8
hemolysin family protein,8
DUF1107 domain-containing protein,8
YtfJ family protein,8
"3'(2'),5'-bisphosphate nucleotidase CysQ",8
"bifunctional 2',3'-cyclic-nucleotide 2'-phosphodiesterase/3'-nucleotidase",8
iron-sulfur cluster repair protein YtfE,8
D-serine/D-alanine/glycine transporter,8
50S ribosomal protein L9,8
30S ribosomal protein S18,8
primosomal replication protein N,8
30S ribosomal protein S6,8
DUF1471 family protein YjfY,8
PTS ascorbate transporter subunit IIA,8
PTS ascorbate transporter subunit IIB,8
L-ascorbate 6-phosphate lactonase,8
HTH-type transcriptional regulator UlaR,8
biofilm peroxide resistance protein BsmA,8
DUF1471 family protease activator YjfN,8
isovaleryl-CoA dehydrogenase,8
DUF1190 domain-containing protein,8
DUF350 domain-containing protein,8
YjfK family protein,8
PspA/IM30 family protein,8
23S rRNA (guanosine(2251)-2'-O)-methyltransferase RlmB,8
ribonuclease R,8
nitric oxide-sensing transcriptional repressor NsrR,8
adenylosuccinate synthase,8
protease modulator HflC,8
FtsH protease activity modulator HflK,8
RNA chaperone Hfq,8
tRNA (adenosine(37)-N6)-dimethylallyltransferase MiaA,8
DNA mismatch repair endonuclease MutL,8
N-acetylmuramoyl-L-alanine amidase AmiB,8
tRNA (adenosine(37)-N6)-threonylcarbamoyltransferase complex ATPase subunit type 1 TsaE,8
bifunctional ADP-dependent NAD(P)H-hydrate dehydratase/NAD(P)H-hydrate epimerase,8
tRNA epoxyqueuosine(34) reductase QueG,8
oligoribonuclease,8
small ribosomal subunit biogenesis GTPase RsgA,8
archaetidylserine decarboxylase,8
miniconductance mechanosensitive channel MscM,8
glutamate/gamma-aminobutyrate family transporter YjeM,8
elongation factor P--(R)-beta-lysine ligase,8
fumarate reductase (quinol) flavoprotein subunit,8
fumarate reductase iron-sulfur protein,8
fumarate reductase subunit FrdC,8
fumarate reductase subunit FrdD,8
lipocalin family protein,8
quaternary ammonium compound efflux SMR transporter SugE,8
lipoprotein toxin entericidin B,8
entericidin A/B family lipoprotein,8
elongation factor P,8
EF-P beta-lysylation protein EpmB,8
YjeJ family protein,8
co-chaperone GroES,8
L-methionine/branched-chain amino acid transporter,8
aspartate ammonia-lyase,8
anaerobic C4-dicarboxylate transporter DcuA,8
divalent cation tolerance protein CutA,8
protein-disulfide reductase DsbD,8
non-specific acid phosphatase,8
two-component system response regulator DcuR,8
anaerobic C4-dicarboxylate transporter DcuB,8
melibiose:sodium transporter MelB,8
transcriptional regulator MelR,8
arginine decarboxylase,8
arginine/agmatine antiporter,8
phosphoethanolamine transferase EptA,8
two-component system response regulator PmrA,8
two-component system sensor histidine kinase PmrB,8
LpxT activity modulator PmrR,8
glycine betaine/L-proline transporter ProP,8
VOC family metalloprotein YjdN,8
aminoalkylphosphonate N-acetyltransferase,8
lipid A hydroxylase LpxO,8
glutamate/aspartate:proton symporter GltP,8
heme lyase NrfEFG subunit NrfG,8
cytochrome c nitrite reductase subunit NrfD,8
cytochrome c nitrite reductase Fe-S protein,8
cytochrome c nitrite reductase pentaheme subunit,8
ammonia-forming nitrite reductase cytochrome c552 subunit,8
acetate--CoA ligase,8
DUF485 domain-containing protein,8
cation/acetate symporter ActP,8
LrgB family protein,8
Na+/H+ antiporter,8
guanine/hypoxanthine transporter GhxP,8
redox-sensitive transcriptional activator SoxR,8
superoxide response transcriptional regulator SoxS,8
YjcB family protein,8
SPI-4 type I secretion system protein SiiF,8
non-fimbrial adhesin SiiE,8
SPI-4 type I secretion system protein SiiD,8
SPI-4 type I secretion system protein SiiC,8
MotA/TolQ/ExbB proton channel family protein,8
SPI-4 type I secretion system auxiliary protein SiiA,8
single-stranded DNA-binding protein SSB1,8
excinuclease ABC subunit UvrA,8
secondary thiamine-phosphate synthase enzyme YjbQ,8
acid phosphatase AphA,8
aromatic amino acid transaminase,8
quinone oxidoreductase,8
envelope stress response protein PspG,8
tRNA dihydrouridine(20/20a) synthase DusA,8
conjugal transfer protein TraF,8
zinc uptake transcriptional repressor Zur,8
CsbD family protein,8
MATE family efflux transporter DinF,8
transcriptional repressor LexA,8
diacylglycerol kinase,8
glycerol-3-phosphate 1-O-acyltransferase PlsB,8
4-hydroxybenzoate octaprenyltransferase,8
chorismate lyase,8
maltose operon protein MalM,8
maltoporin,8
maltose/maltodextrin ABC transporter ATP-binding protein MalK,8
maltose/maltodextrin ABC transporter substrate-binding protein MalE,8
maltose ABC transporter permease MalF,8
maltose ABC transporter permease MalG,8
phosphate-starvation-inducible protein PsiE,8
YjbH domain-containing protein,8
YjbF family lipoprotein,8
glucose-6-phosphate isomerase,8
lysine-sensitive aspartokinase 3,8
phage major tail tube protein,8
GpE family phage tail protein,8
phage late control D family protein,8
GPW/gp25 family protein,8
phage tail protein I,8
DUF3811 domain-containing protein,8
23S rRNA pseudouridine(2604) synthase RluF,8
DUF2058 domain-containing protein,8
dipeptidase PepE,8
Na/Pi cotransporter family protein,8
methionine synthase,8
glyoxylate bypass operon transcriptional repressor IclR,8
bifunctional isocitrate dehydrogenase kinase/phosphatase,8
isocitrate lyase,8
malate synthase A,8
acetyltransferase,8
bifunctional phosphoribosylaminoimidazolecarboxamide formyltransferase/IMP cyclohydrolase,8
phosphoribosylamine--glycine ligase,8
sigma-54-dependent response regulator transcription factor ZraR,8
two-component system sensor histidine kinase ZraS,8
zinc resistance sensor/chaperone ZraP,8
DUF1481 domain-containing protein,8
YjaG family protein,8
deoxyribonuclease V,8
uroporphyrinogen decarboxylase,8
NAD(+) diphosphatase,8
phosphomethylpyrimidine synthase ThiC,8
thiamine phosphate synthase,8
sulfur carrier protein ThiS,8
thiazole synthase,8
2-iminoacetate synthase ThiH,8
DNA-directed RNA polymerase subunit beta',8
DNA-directed RNA polymerase subunit beta,8
50S ribosomal protein L7/L12,8
50S ribosomal protein L10,8
50S ribosomal protein L1,8
50S ribosomal protein L11,8
transcription termination/antitermination protein NusG,8
preprotein translocase subunit SecE,8
type I pantothenate kinase,8
bifunctional biotin--[acetyl-CoA-carboxylase] ligase/biotin operon repressor BirA,8
UDP-N-acetylmuramate dehydrogenase,8
glutamate racemase,8
TonB-dependent vitamin B12 receptor BtuB,8
tRNA (uridine(54)-C5)-methyltransferase TrmA,8
YijD family membrane protein,8
HTH-type transcriptional repressor FabR,8
Si-specific NAD(P)(+) transhydrogenase,8
DNA-binding transcriptional regulator OxyR,8
argininosuccinate lyase,8
acetylglutamate kinase,8
N-acetyl-gamma-glutamyl-phosphate reductase,8
acetylornithine deacetylase,8
phosphoenolpyruvate carboxylase,8
phosphoethanolamine transferase CptA,8
fructose-6-phosphate aldolase,8
DUF1287 domain-containing protein,8
catalase/peroxidase HPI,8
methylenetetrahydrofolate reductase,8
bifunctional aspartate kinase/homoserine dehydrogenase II,8
cystathionine gamma-synthase,8
met regulon transcriptional regulator MetJ,8
TIGR02117 family protein,8
50S ribosomal protein L31,8
primosomal protein N',8
DNA-binding transcriptional regulator CytR,8
cell division protein FtsN,8
ATP-dependent protease subunit HslV,8
HslU--HslV peptidase ATPase subunit,8
"1,4-dihydroxy-2-naphthoate polyprenyltransferase",8
ribonuclease E activity regulator RraA,8
septal ring assembly protein ZapB,8
glycerol kinase GlpK,8
ferredoxin--NADP(+) reductase,8
YiiQ family protein,8
triose-phosphate isomerase,8
epimerase,8
"(4S)-4-hydroxy-5-phosphonooxypentane-2,3-dione isomerase",8
autoinducer 2 ABC transporter substrate-binding protein LsrB,8
autoinducer 2 ABC transporter permease LsrD,8
autoinducer 2 ABC transporter permease LsrC,8
autoinducer 2 ABC transporter ATP-binding protein LsrA,8
transcriptional regulator LsrR,8
autoinducer-2 kinase,8
aminoimidazole riboside kinase,8
sulfate ABC transporter substrate-binding protein,8
6-phosphofructokinase,8
CDF family cation-efflux transporter FieF,8
cell-envelope stress modulator CpxP,8
envelope stress response regulator transcription factor CpxR,8
envelope stress sensor histidine kinase CpxA,8
superoxide dismutase [Mn],8
L-rhamnose/proton symporter RhaT,8
HTH-type transcriptional activator RhaR,8
HTH-type transcriptional activator RhaS,8
rhamnulokinase,8
L-rhamnose isomerase,8
rhamnulose-1-phosphate aldolase,8
L-rhamnose mutarotase,8
AzlC family ABC transporter permease,8
AzlD domain-containing protein,8
DUF3829 domain-containing protein,8
formate dehydrogenase accessory sulfurtransferase FdhD,8
formate dehydrogenase cytochrome b556 subunit,8
formate dehydrogenase accessory protein FdhE,8
fatty acid biosynthesis protein FabY,8
virulence factor BrkB family protein,8
glucose-1-phosphatase,8
sulfolactaldehyde 3-reductase,8
sulfofructosephosphate aldolase,8
sulfoquinovose isomerase,8
aldose-1-epimerase,8
alpha-glucosidase,8
porin OmpL,8
STM4015 family protein,8
STM4014 family protein,8
STM4013/SEN3800 family hydrolase,8
STM4012 family radical SAM protein,8
STM4011 family radical SAM protein,8
ribosome-dependent GTPase TypA,8
glutamate--ammonia ligase,8
nitrogen regulation protein NR(II),8
nitrogen regulation protein NR(I),8
YshB family small membrane protein,8
oxygen-independent coproporphyrinogen III oxidase,8
Der GTPase-activating protein YihI,8
ribosome biogenesis GTP-binding protein YihA/YsxC,8
DNA polymerase I,8
thiol:disulfide interchange protein DsbA,8
serine/threonine protein kinase,8
YihD family protein,8
molybdenum cofactor guanylyltransferase MobA,8
molybdopterin-guanine dinucleotide biosynthesis protein MobB,8
menaquinone-dependent protoporphyrinogen IX dehydrogenase,8
Trk system potassium transporter TrkH,8
IMPACT family protein,8
Xaa-Pro dipeptidase,8
fatty acid oxidation complex subunit alpha FadB,8
acetyl-CoA C-acyltransferase FadA,8
NAD(P)H-flavin reductase,8
4-hydroxy-3-polyprenylbenzoate decarboxylase,8
transcription/translation regulatory transformer protein RfaH,8
3'-5' ssDNA/RNA exonuclease TatD,8
Sec-independent protein translocase subunit TatC,8
Sec-independent protein translocase protein TatB,8
Sec-independent protein translocase subunit TatA,8
ubiquinone biosynthesis regulatory protein kinase UbiB,8
ubiquinone biosynthesis protein UbiJ,8
"bifunctional demethylmenaquinone methyltransferase/2-methoxy-6-polyprenyl-1,4-benzoquinol methylase UbiE",8
DNA recombination protein RmuC,8
uridine phosphorylase,8
5-methyltetrahydropteroyltriglutamate-- homocysteine S-methyltransferase,8
HTH-type transcriptional regulator MetR,8
sugar/pyridoxal phosphate phosphatase YigL,8
lysophospholipase L2,8
homoserine/homoserine lactone efflux protein,8
threonine export protein RhtC,8
ATP-dependent DNA helicase RecQ,8
phospholipase A,8
magnesium/cobalt transporter CorA,8
protein YsgD,8
DNA helicase II,8
5-amino-6-(5-phospho-D-ribitylamino)uracil phosphatase YigB,8
tyrosine recombinase XerC,8
DUF484 domain-containing protein,8
diaminopimelate epimerase,8
DUF3021 family protein,8
iron donor protein CyaY,8
class I adenylate cyclase,8
hydroxymethylbilane synthase,8
uroporphyrinogen-III synthase,8
uroporphyrinogen-III C-methyltransferase,8
protoheme IX biogenesis protein HemY,8
lipopolysaccharide N-acetylmannosaminouronosyltransferase,8
ECA oligosaccharide polymerase,8
TDP-N-acetylfucosamine:lipid II N-acetylfucosaminyltransferase,8
lipid III flippase WzxE,8
"dTDP-4-amino-4,6-dideoxygalactose transaminase",8
"dTDP-4-amino-4,6-dideoxy-D-galactose acyltransferase",8
UDP-N-acetyl-D-mannosamine dehydrogenase,8
ECA polysaccharide chain length modulation protein,8
UDP-N-acetylglucosamine--undecaprenyl-phosphate N-acetylglucosaminephosphotransferase,8
transcription termination factor Rho,8
rho operon leader peptide,8
thioredoxin TrxA,8
ATP-dependent RNA helicase RhlB,8
"guanosine-5'-triphosphate,3'-diphosphate diphosphatase",8
DNA helicase Rep,8
Crp/Fnr family transcriptional regulator,8
peptidylprolyl isomerase PpiC,8
ketol-acid reductoisomerase,8
HTH-type transcriptional activator IlvY,8
"threonine ammonia-lyase, biosynthetic",8
branched-chain-amino-acid transaminase,8
acetolactate synthase 2 small subunit,8
acetolactate synthase 2 catalytic subunit,8
ilv operon leader peptide,8
YifB family Mg chelatase-like AAA ATPase,8
macrodomain Ori organization protein MaoP,8
HTH-type transcriptional regulator HdfR,8
ribose operon transcriptional repressor RbsR,8
ribose ABC transporter substrate-binding protein RbsB,8
ribose ABC transporter permease,8
ribose ABC transporter ATP-binding protein RbsA,8
D-ribose pyranase,8
low affinity potassium transporter Kup,8
ATPase RavA,8
ATPase RavA stimulator ViaA,8
aspartate--ammonia ligase,8
transcriptional regulator AsnC,8
FMN-binding protein MioC,8
tRNA uridine-5-carboxymethylaminomethyl(34) synthesis enzyme MnmG,8
16S rRNA (guanine(527)-N(7))-methyltransferase RsmG,8
F0F1 ATP synthase subunit I,8
F0F1 ATP synthase subunit A,8
F0F1 ATP synthase subunit C,8
F0F1 ATP synthase subunit B,8
F0F1 ATP synthase subunit delta,8
F0F1 ATP synthase subunit alpha,8
F0F1 ATP synthase subunit gamma,8
F0F1 ATP synthase subunit beta,8
F0F1 ATP synthase subunit epsilon,8
bifunctional UDP-N-acetylglucosamine diphosphorylase/glucosamine-1-phosphate N-acetyltransferase GlmU,8
glutamine--fructose-6-phosphate transaminase (isomerizing),8
shikimate 5-dehydrogenase,8
fructose-specific PTS transporter subunit EIIC,8
phosphate ABC transporter substrate-binding protein PstS,8
phosphate ABC transporter permease PstC,8
phosphate ABC transporter permease PstA,8
phosphate ABC transporter ATP-binding protein PstB,8
phosphate signaling complex protein PhoU,8
6-phosphogluconate phosphatase,8
adenine permease AdeP,8
HTH-type transcriptional regulator YidZ,8
tRNA uridine-5-carboxymethylaminomethyl(34) synthesis GTPase MnmE,8
membrane protein insertase YidC,8
membrane protein insertion efficiency factor YidD,8
ribonuclease P protein component,8
50S ribosomal protein L34,8
DNA transfer protein,8
recombinase family protein,8
site-specific integrase,8
IS110 family transposase,8
FadR family transcriptional regulator,8
small secreted glycoprotein GP: sGP,8
RNA-directed RNA polymerase,8
aromatic amino acid transport family protein,7
protein SlyX,7
integrase arm-type DNA-binding domain-containing protein,7
host specificity protein J,7
DinI family protein,7
terminase small subunit,7
alpha-2-macroglobulin family protein,7
YehE family protein,7
YodC family protein,7
transglycosylase SLT domain-containing protein,7
outer membrane protein OmpK,7
SdiA-regulated domain-containing protein,7
PTS galactitol transporter subunit IIC,7
DUF4942 domain-containing protein,7
TA system toxin CbtA family protein,7
RNA chaperone/antiterminator CspA,7
phosphotriesterase,7
LLM class flavin-dependent oxidoreductase,7
SCP2 domain-containing protein,7
YqjD family protein,7
vancomycin high temperature exclusion protein,7
inner membrane protein YpjD,7
OFA family MFS transporter,7
glycoside hydrolase family 105 protein,7
invasion regulator SirB2,7
aldo/keto reductase family oxidoreductase,7
"1,4-dihydroxy-2-naphthoyl-CoA hydrolase",7
AI-2E family transporter YdiK,7
YdiY family protein,7
exo-alpha-sialidase,7
YbhN family protein,7
2-methylcitrate synthase,7
DUF6531 domain-containing protein,7
patatin family protein,7
threonine/serine exporter ThrE family protein,7
sugar phosphate isomerase/epimerase IolH,7
2-keto-myo-inositol isomerase IolI2,7
D-chiro-inositol-2-dehydrogenase IolG2,7
"3D-(3,5/4)-trihydroxycyclohexane-1,2-dione acylhydrolase (decyclizing)",7
5-dehydro-2-deoxygluconokinase,7
2-keto-myo-inositol isomerase IolI1,7
lysosomal glucosyl ceramidase-like type III secretion effector SrfJ,7
inositol 2-dehydrogenase IolG1,7
myo-inosose-2 dehydratase,7
myo-inositol utilization transcriptional regulator ReiD,7
malonate-semialdehyde dehydrogenase IolA,7
5-deoxy-glucuronate isomerase,7
myo-inositol import MFS transporter IolT2,7
myo-inositol import MFS transporter IolT1,7
myo-inositol utilization transcriptional regulator IolR,7
gamma-glutamylcyclotransferase,7
L-ribulose-5-phosphate 3-epimerase UlaE,7
DUF1996 domain-containing protein,7
alpha-galactosidase,7
tail protein X,7
homoserine O-succinyltransferase,7
sigma D regulator,7
type III secretion system effector arginine glycosyltransferase SseK1,7
"3-hydroxy-5-phosphonooxypentane-2,4-dione thiolase",7
peptide IlvX,7
WYL domain-containing protein,7
small heat shock chaperone IbpA,6
small heat shock chaperone IbpB,6
YicS family protein,6
magnesium transporter protection protein MgtU,6
YicC/YloC family endoribonuclease,6
trimeric autotransporter adhesin SadA,6
"2,3-diketo-L-gulonate TRAP transporter substrate-binding protein YiaO",6
"2,3-diketo-L-gulonate TRAP transporter large permease YiaN",6
D-xylose utilization transcriptional activator XylR,6
cellulose biosynthesis c-di-GMP-binding protein BcsE,6
cellulose biosynthesis protein BcsR,6
cellulose synthase complex periplasmic endoglucanase BcsZ,6
cellulose synthase complex outer membrane protein BcsC,6
glycoside hydrolase family protein,6
STY4199 family HEPN domain-containing protein,6
anaerobic C4-dicarboxylate transporter family protein,6
Tex family protein,6
YheV family putative zinc ribbon protein,6
topoisomerase DNA-binding C4 zinc finger domain-containing protein,6
MDR family oxidoreductase,6
p-hydroxybenzoic acid efflux pump operon protein AaeX,6
Z-ring associated protein ZapG,6
stringent starvation protein SspA,6
N-acetylneuraminate anomerase,6
division/outer membrane stress-associated lipid-binding lipoprotein,6
DedA family general envelope maintenance protein YqjA,6
host cell division inhibitor Icd-like protein,6
TIGR04211 family SH3 domain-containing protein,6
putative quinol monooxygenase,6
quorum sensing histidine kinase QseC,6
quorum sensing response regulator transcription factor QseB,6
DASS family sodium-coupled anion symporter,6
DedA family general envelope maintenance protein YghB,6
DUF2623 family protein,6
energy-coupling factor transporter transmembrane component T,6
amidase activator ActS,6
enolase C-terminal domain-like protein,6
type I-E CRISPR-associated endoribonuclease Cas2e,6
non-oxidative hydroxyarylic acid decarboxylases subunit D,6
non-oxidative hydroxyarylic acid decarboxylases subunit C,6
non-oxidative hydroxyarylic acid decarboxylases subunit B,6
DNA-binding transcriptional repressor YgbI,6
YqaA family protein,6
glutarate dioxygenase GlaH,6
YmfL family putative regulatory protein,6
DUF4222 domain-containing protein,6
phage N-6-adenine-methyltransferase,6
purine nucleoside phosphorylase YfiH,6
YlcG family protein,6
g-type lysoyme inhibitor PliG,6
phage head-tail joining protein,6
S49 family peptidase,6
head decoration protein,6
major capsid protein,6
DNA-packaging protein FI,6
head-tail joining protein,6
vesicle-borne virulence factor PagK,6
PagK family vesicle-borne virulence factor,6
SinI family autotransporter-associated protein,6
bile acid:sodium symporter family protein,6
DUF2502 domain-containing protein YpeC,6
NlpC/P60 family protein,6
terminus macrodomain insulation protein YfbV,6
anaerobic glycerol-3-phosphate dehydrogenase subunit GlpC,6
class Ia ribonucleoside-diphosphate reductase subunit beta,6
class 1a ribonucleoside-diphosphate reductase subunit alpha,6
response regulator transcription factor RcsB,6
GNVR domain-containing protein,6
DNA-binding transcriptional regulator YeiE,6
DUF418 domain-containing protein YeiB,6
Yip1 family protein,6
colanic acid polymerase WcaD,6
dTDP-4-dehydrorhamnose reductase,6
"dTDP-4-dehydrorhamnose 3,5-epimerase",6
"CDP-6-deoxy-delta-3,4-glucoseen reductase",6
"CDP-glucose 4,6-dehydratase",6
lipopolysaccharide biosynthesis protein RfbH,6
CDP-abequose synthase,6
arsenite efflux transporter metallochaperone ArsD,6
arsenical pump-driving ATPase,6
ead/Ea22-like family protein,6
phage tail sheath subtilisin-like domain-containing protein,6
cellulose biosynthesis regulator diguanylate cyclase DgcQ,6
flagellar biosynthetic protein FliR,6
flagellar biosynthetic protein FliO,6
flagellar export protein FliJ,6
flagellar protein export ATPase FliI,6
flagellar basal-body MS-ring/collar protein FliF,6
lipoprotein YedD,6
L-cystine ABC transporter ATP-binding protein TcyN,6
flagellar biosynthesis protein FlhB,6
protein YebF,6
arsenic transporter,6
DUF2627 domain-containing protein,6
histone-like nucleoid-structuring protein H-NS,6
YciC family protein,6
L-threonylcarbamoyladenylate synthase,6
small membrane protein YmiC,6
DNA-binding transcriptional regulator YciT,6
TonB-dependent receptor PqqU,6
MalY/PatB family protein,6
hydrogenase expression/formation C-terminal domain-containing protein,6
DNA-binding transcriptional activator PunR,6
purine nucleoside transporter PunC,6
type III secretion system domain-containing protein,6
transcriptional regulator MlrB,6
tetrathionate respiration response regulator TtrR,6
tetrathionate respiration histidine kinase TtrS,6
FAD-binding and (Fe-S)-binding domain-containing protein,6
protein adenylyltransferase SelO,6
anti-FlhDC factor YdiV,6
diguanylate cyclase DgcJ,6
small membrane protein YoaI,6
biofilm/acid-resistance regulator YmgB/AriR,6
IS481 family transposase,6
[50S ribosomal protein L16]-arginine 3-hydroxylase,6
flagellar basal body P-ring formation chaperone FlgA,6
flagellar biosynthesis anti-sigma factor FlgM,6
Kdo(2)-lipid IV(A) acyltransferase,6
MysB family protein,6
curli assembly chaperone CsgC,6
curli major subunit CsgA,6
curli minor subunit CsgB,6
biofilm master transcriptional regulator CsgD,6
protein-disulfide reductase DsbD family protein,6
SOS-induced cell division inhibitor SulA,6
30S ribosomal protein S12 methylthiotransferase accessory factor YcaO,6
DUF2867 domain-containing protein,6
arginine ABC transporter substrate-binding protein ArtI,6
arginine ABC transporter substrate-binding protein ArtJ,6
DUF4261 domain-containing protein,6
excinuclease ABC subunit UvrB,6
FumA C-terminus/TtdB family hydratase beta subunit,6
ChiQ/YbfN family lipoprotein,6
3-demethoxyubiquinol 3-hydroxylase,6
zinc-dependent alcohol dehydrogenase,6
pyruvate/proton symporter CstA,6
DUF1158 family protein,6
acyl-CoA synthetase FdrA,6
allantoate deiminase,6
(S)-ureidoglycine aminohydrolase,6
glycerate 3-kinase,6
uracil/xanthine transporter,6
allantoinase AllB,6
glyoxylate carboligase,6
methionine ABC transporter permease,6
putative ABC transporter permease subunit YbbP,6
putative ABC transporter ATP-binding protein YbbA,6
SPFH domain-containing protein,6
YbaL family putative K(+) efflux transporter,6
HHA domain-containing protein,6
nucleoid-associated protein HU-beta,6
tRNA uracil 4-sulfurtransferase ThiI,6
DUF2754 family protein,6
ferrioxamine uptake transcriptional regulator FoxR,6
AfaD family invasin,6
type VI secretion system Vgr family protein,6
DUF2778 domain-containing protein,6
DUF2195 family protein,6
"type VI secretion system protein TssL, long form",6
type VI secretion system baseplate subunit TssK,6
type VI secretion system amidase immunity protein Tai4,6
type VI secretion system amidase effector protein Tae4,6
BPSL0067 family protein,6
type VI secretion system contractile sheath large subunit,6
type VI secretion system contractile sheath small subunit,6
type VI secretion system ATPase TssH,6
type VI secretion system baseplate subunit TssE,6
type VI secretion system baseplate subunit TssF,6
type VI secretion system baseplate subunit TssG,6
ImpA family type VI secretion system protein,6
DNA-binding transcriptional regulator YafC,6
alternative ribosome rescue aminoacyl-tRNA hydrolase ArfB,6
DUF2950 family protein,6
L-carnitine/gamma-butyrobetaine antiporter,6
protein YjjY,6
type I restriction endonuclease subunit R,6
nucleoside recognition domain-containing protein,6
YjgN family protein,6
SFCGS family glycine-rich protein,6
ribosome biogenesis factor YjgA,6
FxsA family protein,6
transcriptional regulator RtsB,6
class I fumarate hydratase FumA,6
zinc ribbon domain-containing protein YjdM,6
Sel1 family TPR-like repeat protein YjcO,6
heme lyase NrfEFG subunit NrfEF,6
exopolysaccharide production protein YjbE,6
Mor transcription activator family protein,6
Gp37 family protein,6
DUF6056 family protein,6
nucleoid-associated protein HU-alpha,6
MIP/aquaporin family protein,6
6-hydroxyaminopurine reductase,6
D-aminoacyl-tRNA deacylase,6
acyl-CoA thioesterase YigI,6
NADPH-dependent FMN reductase,6
lytic transglycosylase domain-containing protein,6
DUF4424 family protein,6
AlpA family phage regulatory protein,6
bacteriocin immunity protein,6
sensor domain-containing phosphodiesterase,6
putative DNA-binding transcriptional regulator,6
sigma-54-dependent Fis family transcriptional regulator,6
MHS family MFS transporter,6
sodium:alanine symporter family protein,6
sigma-54-dependent transcriptional regulator,6
DNA repair protein RadC,6
DNA-binding transcriptional regulator,6
D-galactonate utilization transcriptional regulator DgoR,5
2-dehydro-3-deoxygalactonokinase,5
2-dehydro-3-deoxy-6-phosphogalactonate aldolase,5
galactonate dehydratase,5
YiaA/YiaB family inner membrane protein,5
long polar fimbrial chaperone LpfB,5
dipeptide ABC transporter periplasmic-binding protein DppA,5
M16 family metallopeptidase,5
acid phosphatase,5
autotransporter adhesin BigA,5
putative bifunctional diguanylate cyclase/phosphodiesterase,5
galactitol-specific PTS transporter subunit IIC,5
PTS fructose transporter subunit IIC,5
OB-fold-containig protein,5
ESA_00282 family adhesion-associated protein,5
arylsulfatase,5
itaconate degradation transcriptional regulator RipR,5
itaconate degradation C-C-lyase RipC,5
(R)-specific enoyl-CoA hydratase RipB/Ich,5
itaconate CoA-transferase RipA/Ict,5
FCD domain-containing protein,5
PPC domain-containing DNA-binding protein,5
PAQR family membrane homeostasis protein TrhA,5
glutamine hydrolyzing CTP synthase,5
L-threonate dehydrogenase,5
D-erythronate dehydrogenase,5
Bug family tripartite tricarboxylate transporter substrate binding protein,5
SPI-2 type III secretion system effector PipB2,5
alpha/beta hydrolase-fold protein,5
flagellar phase variation DNA invertase Hin,5
phase 1 flagellin gene repressor FljA,5
ogr/Delta-like zinc finger family protein,5
phage polarity suppression protein,5
IS630 family transposase,5
type III secretion effector GogB,5
small toxic inner membrane protein TimP,5
DUF823/DUF824 repeat adhesin RatB,5
aldehyde dehydrogenase family protein,5
XapX domain-containing protein,5
sigma-54 interaction domain-containing protein,5
diaminopimelate decarboxylase family protein,5
bifunctional 2-polyprenyl-6-hydroxyphenol methylase/3-demethylubiquinol 3-O-methyltransferase UbiG,5
SPI-2 type III secretion system effector E3 ubiquitin transferase SspH2,5
CobW family GTP-binding protein,5
small membrane protein YohP,5
LytS/YhcK type 5TM receptor domain-containing protein,5
fimbrial protein YehD,5
fimbrial biogenesis chaperone StcB,5
putative fimbrial-like adhesin protein,5
transcriptional regulator PocR,5
phage integrase N-terminal domain-containing protein,5
Rha family transcriptional regulator,5
HK97 family phage prohead protease,5
YecH family metal-binding protein,5
exonuclease VIII,5
DUF2514 domain-containing protein,5
lytic enzyme,5
disulfide bond formation protein B,5
DUF5993 family protein,5
serine/threonine protein phosphatase,5
protein YoaL,5
GnsA/GnsB family addiction module toxin,5
Glu/Leu/Phe/Val family dehydrogenase,5
RNase RNM,5
TIGR01620 family protein,5
redoxin family protein,5
antibiotic biosynthesis monooxygenase family protein,5
multidrug transporter,5
type III secretion system effector SteB,5
glucan biosynthesis protein D,5
lactate oxidase,5
DUF2554 family protein,5
type III secretion system effector SteA,5
choloylglycine hydrolase family protein,5
YybH family protein,5
putrescine utilization regulator PtrR,5
selenate/tellurate reductase subunit YnfE,5
selenate/tellurate reductase subunit YnfF,5
sugar metabolism global transcriptional regulator Mlc,5
trypsin-like serine peptidase,5
SPI-2 type III secretion system translocon protein SseC,5
cation:dicarboxylate symporter family transporter,5
putative envelope lipoprotein EnvF,5
Sir2 family NAD+-dependent deacetylase,5
"2-oxo-hept-4-ene-1,7-dioate hydratase",5
CII family transcriptional regulator,5
DNA breaking-rejoining protein,5
DUF882 domain-containing protein,5
SPI-2 type III secretion system effector SopD2,5
heme ABC transporter permease/ATP-binding protein CydD,5
heme ABC transporter ATP-binding protein/permease CydC,5
NAD-dependent epimerase/dehydratase family protein,5
electron transfer flavoprotein-ubiquinone oxidoreductase,5
acyl-CoA dehydrogenase family protein,5
electron transfer flavoprotein subunit beta/FixA family protein,5
CoA ester lyase,5
IS4 family transposase,5
Bax inhibitor-1/YccA family protein,5
FecCD family ABC transporter permease,5
glycosyltransferase family A protein,5
5-oxoprolinase subunit PxpC,5
chitoporin ChiP,5
DNA-binding transcriptional repressor CitR,5
IbrB-like domain-containing protein,5
iron efflux ABC transporter permease subunit FetB,5
iron efflux ABC transporter ATP-binding subunit FetA,5
long-chain acyl-CoA thioesterase FadM,5
Sti fimbria major subunit StiA,5
glucose/quinate/shikimate family membrane-bound PQQ-dependent dehydrogenase,5
glycoside-pentoside-hexuronide (GPH):cation symporter,5
XAC2610-related protein,5
TIM-barrel domain-containing protein,5
BrnA antitoxin family protein,5
BrnT family toxin,5
DUF1127 domain-containing protein YjiS,5
STM4504/CBY_0614 family protein,5
methyltransferase domain-containing protein,5
putative translational regulatory protein ArgL,5
mgtA regulatory leader peptide MgtL,5
winged helix-turn-helix transcriptional regulator,5
LysM-like peptidoglycan-binding domain-containing protein,5
potassium channel family protein,5
YjfI family protein,5
DUF2065 domain-containing protein,5
ribosome rescue GTPase HflX,5
YjeO family protein,5
capsule biosynthesis GfcC D2 domain-containing protein,5
HesA/MoeB/ThiF family protein,5
[formate-C-acetyltransferase]-activating enzyme,5
PTS fructose transporter subunit EIIC,5
LPS translocon maturation chaperone LptM,5
bifunctional threonine/serine APC transporter ThrP,5
non-hydrolyzing UDP-N-acetylglucosamine 2-epimerase,5
4'-phosphopantetheinyl transferase family protein,5
quinone-dependent L-lactate dehydrogenase,5
glucose-1-phosphate cytidylyltransferase,5
porin OmpS1,5
copper-binding protein,5
portal protein,5
DUF4376 domain-containing protein,5
ketopantoate/pantoate/pantothenate transporter PanS,5
IS6-like element IS6100 family transposase,5
sulfonamide-resistant dihydropteroate synthase Sul1,5
PSE family carbenicillin-hydrolyzing class A beta-lactamase CARB-2,5
IS91 family transposase,5
tetracycline efflux MFS transporter Tet(G),5
tetracycline resistance transcriptional repressor TetR(G),5
DUF3363 domain-containing protein,5
chloramphenicol/florfenicol efflux MFS transporter FloR,5
S8 family peptidase,5
conjugal transfer protein TraH,5
conjugal transfer protein TraG N-terminal domain-containing protein,5
FlhC family transcriptional regulator,5
conjugal transfer mating pair stabilization protein TraN,5
fimbrial protein StkG,5
outer membrane usher protein,5
fimbrial chaperone,5
DUF932 domain-containing protein,5
inovirus Gp2 family protein,5
zinc-binding dehydrogenase,5
aminotransferase class I/II-fold pyridoxal phosphate-dependent enzyme,5
Mal regulon transcriptional regulator MalI,5
type 1 glutamine amidotransferase,5
DUF905 domain-containing protein,5
FAD-binding oxidoreductase,5
NP,5
VP35,5
VP40,5
GP,5
sGP,5
ssGP,5
VP30,5
VP24,5
L,5
polyprotein,5
HofP DNA utilization family protein,4
alternative ribosome-rescue factor A,4
PDDEXK nuclease domain-containing protein,4
ClpP-like prohead protease/major capsid protein fusion protein,4
primase-helicase zinc-binding domain-containing protein,4
DUF5375 domain-containing protein,4
glycoprotein 3,4
excisionase,4
HD family hydrolase,4
DUF1133 family protein,4
S24 family peptidase,4
DUF1376 domain-containing protein,4
replication protein P,4
RNA-guided endonuclease InsQ/TnpB family protein,4
sugar diacid recognition domain-containing protein,4
ISAs1 family transposase,4
GDP-L-fucose synthase,4
O-antigen polymerase,4
phosphomannomutase,4
arsenate reductase ArsC,4
ACR3 family arsenite efflux transporter,4
acyltransferase family protein,4
FimD/PapC N-terminal domain-containing protein,4
CZB domain-containing protein,4
anthranilate synthase component I,4
peptide ABC transporter substrate-binding protein,4
DUF29 family protein,4
SOS response-associated peptidase,4
DnaJ family molecular chaperone,4
Saf-pilin pilus formation protein SafA,4
DcrB-related protein,4
TagF domain-containing protein,4
Rap1a/Tai family immunity protein,4
type VI secretion system accessory protein TagJ,4
fimbrial major subunit StfA,4
DUF2575 family protein,4
DKNYY domain-containing protein,4
formate dehydrogenase subunit alpha,4
class II aldolase,4
glycosyltransferase family 8 protein,4
type II toxin-antitoxin system YafQ family toxin,4
DUF2531 family protein,4
alternative ribosome-rescue factor ArfA,4
YhcG family protein,4
"murein L,D-transpeptidase family protein",4
AraC family transcriptional regulator N-terminal domain-containing protein,4
DUF4435 domain-containing protein,4
DmsA/YnfE/YnfF family dimethyl sulfoxide reductase,4
lysostaphin resistance A-like protein,4
antiterminator Q family protein,4
GDP-L-fucose synthase family protein,4
cold shock domain-containing protein,4
anthranilate synthase component 1,4
type III secretion system effector protease GtgA,4
DNA repair protein,4
integrase,4
DUF2474 family protein,4
Arc family DNA-binding protein,4
DUF2824 family protein,4
packaged DNA stabilization protein gp10,4
packaged DNA stabilization gp4 family protein,4
DUF2560 family protein,4
NinE family protein,4
recombination protein NinB,4
sigma-70 family RNA polymerase sigma factor,4
DUF2737 family protein,4
Stf fimbria major subunit StfA,4
YaaY family protein,4
AAA domain-containing protein,4
"formate dehydrogenase H subunit alpha, selenocysteine-containing",4
inner membrane protein YigF,4
STM3941 family protein,4
glucose-1-phosphate thymidylyltransferase,4
antirestriction protein,4
YfjS/YafY family lipoprotein,4
GTPase family protein,4
DUF987 domain-containing protein,4
ND,4
Maf-like protein,4
dimethyl sulfoxide reductase subunit A,4
DUF4424 domain-containing protein,4
DUF5405 family protein,4
FMN-dependent L-lactate dehydrogenase LldD,3
type II toxin-antitoxin system death-on-curing family toxin,3
toxin-antitoxin system antitoxin VapB,3
fimbrial protein SteA,3
SIR2 family protein,3
ORF6N domain-containing protein,3
DUF2190 family protein,3
alkyl/aryl-sulfatase,3
GMP synthase,3
undecaprenyl-phosphate galactose phosphotransferase,3
DUF4224 domain-containing protein,3
phage terminase small subunit P27 family,3
terminase large subunit,3
protein YmfR,3
phage major capsid protein,3
head-tail connector protein,3
phage head closure protein,3
DUF2635 domain-containing protein,3
DNA circularization protein,3
phage baseplate assembly protein,3
phage GP46 family protein,3
YmfQ family protein,3
porin OmpS2,3
glucose PTS transporter subunit EIIB,3
DUF2612 domain-containing protein,3
Gp138 family membrane-puncturing spike protein,3
baseplate hub protein,3
phage baseplate protein,3
phage tail fiber protein,3
DUF3383 domain-containing protein,3
DUF4054 domain-containing protein,3
DUF2184 domain-containing protein,3
DUF2213 domain-containing protein,3
phage minor head protein,3
DUF1073 domain-containing protein,3
DUF826 domain-containing protein,3
HP1 family phage holin,3
DUF1364 family protein,3
Hok/Gef family protein,3
exodeoxyribonuclease VIII,3
recombination protein RecT,3
Eaa protein,3
TorD/DmsD family molecular chaperone,3
virulence effector protease GtgE,3
SPI-2 type III secretion system effector SseI,3
glycosyl transferase,3
UDP-galactopyranose mutase,3
transport protein,3
tyrosine-type DNA invertase,3
ureidoglycolate dehydrogenase AllD,3
allantoin transporter,3
hydroxypyruvate isomerase Gip,3
DUF927 domain-containing protein,3
immunity 26/phosphotriesterase HocA family protein,3
protein SciX,3
polymorphic toxin type 47 domain-containing protein,3
Type VI secretion protein IcmF,3
Shiga-like toxin A subunit SciR,3
STY0301 family protein,3
low molecular weight protein tyrosine phosphatase family protein,3
N-6 DNA methylase,3
DUF5655 domain-containing protein,3
phosphorothioated DNA-binding restriction endonuclease,3
baseplate assembly protein,3
PTS sugar transporter,3
histidine biosynthesis protein,3
type II toxin-antitoxin system HigB family toxin,3
retron St85 family effector protein,3
retron St85 family RNA-directed DNA polymerase,3
PBSX family phage terminase large subunit,3
P22 phage major capsid protein family protein,3
scaffolding protein,3
Decoration protein,3
phage NinH family protein,3
protein ninY,3
protein NinF,3
TCP-1/cpn60 chaperonin family protein,3
replication protein RepA,3
DapH/DapD/GlmU-related protein,3
fimbrial-like protein,3
DUF987 family protein,3
YfjI family protein,3
glycosyltransferase family 1 protein,3
TROVE domain-containing protein,3
"NADPH-dependent 2,4-dienoyl-CoA reductase",3
TRAP transporter large permease subunit,3
RNA helicase,3
polysaccharide deacetylase,3
DUF943 family protein,3
DUF3289 family protein,3
type VI secretion system PAAR protein,3
PAAR domain-containing protein,3
DUF1851 domain-containing protein,3
type VI secretion system tube protein Hcp,3
TerB N-terminal domain-containing protein,3
nucleotidyl transferase AbiEii/AbiGii toxin family protein,3
DUF6088 family protein,3
ferric reductase-like transmembrane domain-containing protein,3
DUF1471 domain-containing protein,3
PTS mannitol transporter subunit IIA,3
PTS mannitol transporter subunit IICB,3
nucleoside/nucleotide kinase family protein,3
hemolysin III family protein,3
CTP synthase (glutamine hydrolyzing),3
metalloregulator ArsR/SmtB family transcription factor,3
tripartite tricarboxylate transporter substrate binding protein,3
type III secretion system effector PipB2,3
esterase family protein,3
aldehyde dehydrogenase EutE,3
DUF1427 family protein,3
VWA domain-containing protein,3
bifunctional 3-demethylubiquinone 3-O-methyltransferase/2-octaprenyl-6-hydroxy phenol methylase,3
GTP-binding protein,3
aromatic acid/H+ symport family MFS transporter,3
HEAT repeat domain-containing protein,3
undecaprenyl-phosphate galactose phosphotransferase WbaP,3
regulatory protein PocR,3
YecH family protein,3
"addiction module toxin, GnsA/GnsB family",3
Glu/Leu/Phe/Val dehydrogenase,3
YcjF family protein,3
DUF4765 family protein,3
effector protein,3
glucan biosynthesis protein,3
D-galactonate dehydratase,3
YncJ family protein,3
effector protein steA,3
nitronate monooxygenase,3
linear amide C-N hydrolase,3
serine protease,3
type III secretion system translocon protein,3
L-cystine transporter,3
lipoprotein EnvF,3
NAD-dependent protein deacylase,3
"2-oxo-hepta-3-ene-1,7-dioic acid hydratase",3
Lon protease family protein,3
YcbK family protein,3
type III secretion system effector SopD2,3
cysteine/glutathione ABC transporter permease/ATP-binding protein CydD,3
cysteine/glutathione ABC transporter ATP-binding protein/permease CydC,3
glucose 1-dehydrogenase,3
iron ABC transporter permease,3
biotin-dependent carboxyltransferase family protein,3
chitoporin,3
ParB/RepB/Spo0J family partition protein,3
isochorismatase,3
ureidoglycolate dehydrogenase,3
putative allantoin permease,3
hydroxypyruvate isomerase,3
iron export ABC transporter permease subunit FetB,3
iron ABC transporter ATP-binding protein FetA,3
YbgC/FadM family acyl-CoA thioesterase,3
nucleoside efflux transporter ImpX,3
DUF4433 domain-containing protein,3
type I restriction-modification system subunit M,3
sugar tyrosine-protein kinase,3
type VI secretion system membrane subunit TssM,3
Shiga toxin A subunit,3
pyrroloquinoline quinone-dependent dehydrogenase,3
phosphotyrosine protein phosphatase,3
nitrite reductase,3
glycoside hydrolase family 31 protein,3
LysE family translocator,3
endonuclease NucS,3
DUF1127 domain-containing protein,3
LlaJI family restriction endonuclease,3
type II toxin-antitoxin system VapB family antitoxin,3
type II toxin-antitoxin system VapC family toxin,3
KDGP aldolase family protein,3
OapA family protein,3
ion channel,3
DUF2170 family protein,3
DUF2065 family protein,3
GTPase HflX,3
group II intron reverse transcriptase/maturase,3
reverse transcriptase/retron type,3
mannose/fructose/sorbose PTS transporter subunit IIA,3
porin family protein,3
YjiK family protein,3
capsule biosynthesis GfcC family protein,3
phage tail sheath family protein,3
thiazole biosynthesis adenylyltransferase ThiF,3
alanine racemase 3,3
UDP-N-acetylglucosamine 2-epimerase (non-hydrolyzing),3
nucleoside phosphorylase,3
WG repeat-containing protein,3
4'-phosphopantetheinyl transferase superfamily protein,3
trimethoprim-resistant dihydrofolate reductase DfrA1,3
ATP-dependent helicase,3
DUF4056 domain-containing protein,3
YiaA/YiaB family protein,3
long polar fimbrial biogenesis chaperone LpfB,3
HlyD family efflux transporter periplasmic adaptor subunit,3
terminase,3
major capsid protein L1,3
Cro/CI family transcriptional regulator,2
phage tail terminator protein,2
bacteriophage antitermination protein Q,2
type III secretion system effector protease GogA,2
phage attachment tail tip protein J,2
sugar phosphate nucleotidyltransferase,2
DUF2514 family protein,2
IS66 family transposase,2
DUF1202 family protein,2
virulence protein RhuM,2
glucose-specific PTS transporter subunit IIBC,2
glucose-6-phosphate isomerase family protein,2
6-phospho-3-hexuloisomerase,2
3-hexulose-6-phosphate synthase,2
DUF3883 domain-containing protein,2
PTS sorbitol transporter subunit IIB,2
AlpA family transcriptional regulator,2
SEC-C domain-containing protein,2
toxin ADP-ribosyltransferase subunit ArtA,2
ADP-ribosylating toxin subunit ArtB,2
KAP family NTPase,2
MATE family efflux transporter,2
abequosyltransferase RfbV,2
O antigen biosynthesis rhamnosyltransferase RfbN,2
O-antigen biosynthesis phosphomannomutase RfbK,2
YfdQ family protein,2
ClpX C4-type zinc finger protein,2
DUF2570 domain-containing protein,2
cold shock protein YdfK,2
YnaM/YnfT family protein,2
DUF1187 family protein,2
cell division inhibitor protein,2
LIC_12616 family protein,2
phage baseplate plug protein,2
SMEK domain-containing protein,2
PhoPQ-activated DMT family transporter PagO,2
O-antigen polymerase Rfc,2
JmjC domain-containing protein,2
phage tail tip protein,2
superoxide dismutase [Cu-Zn] SodC1,2
primosomal replication protein PriB/PriC domain protein,2
IS3-like element ISSen1 family transposase,2
putative glucosyltransferase GtrC1,2
thiamine pyrophosphate-binding protein,2
glucosyltransferase domain-containing protein,2
tail spike protein,2
terminase large subunit domain-containing protein,2
DNA-packaging protein,2
phage protein NinX family protein,2
protein NinD,2
P63C domain-containing protein,2
regulator,2
super-infection exclusion protein B,2
antirestriction Ral family protein,2
pentapeptide repeat-containing protein,2
superinfection exclusion protein,2
protease FtsH-inhibitory lysogeny factor CIII,2
DUF5444 family protein,2
Rad52/Rad22 family DNA repair protein,2
phage anti-RecBCD protein,2
Lar family restriction alleviation protein,2
DUF4752 family protein,2
Saf fimbria major subunit SafA,2
type I restriction-modification system endonuclease,2
type I restriction-modification system methyltransferase,2
endoribonuclease SymE,2
DUF1819 family protein,2
DUF1788 domain-containing protein,2
BREX system P-loop protein BrxC,2
BREX-1 system adenine-specific DNA-methyltransferase PglX,2
BREX-1 system phosphatase PglZ type A,2
protease Lon-related BREX system protein BrxL,2
EthD domain-containing protein,2
type II toxin-antitoxin system HigA family antitoxin,2
AadA family aminoglycoside 3''-O-nucleotidyltransferase,2
ATP-dependent nuclease,2
UvrD-helicase domain-containing protein,2
heme lyase NrfEFG subunit NrfF,2
Ig-like domain-containing protein,2
PapB/FocB family fimbrial expression transcriptional regulator,2
F4 (K88) fimbrial usher FaeD,2
DUF5462 family protein,2
F4 (K88) fimbria minor subunit FaeH,2
FaeA/PapI family transcriptional regulator,2
DNA-methyltransferase,2
class I SAM-dependent DNA methyltransferase,2
glutathione-regulated potassium-efflux system ancillary protein KefF,2
DUF957 domain-containing protein,2
DUF5983 family protein,2
antitoxin of toxin-antitoxin stability system,2
DUF905 family protein,2
DUF4339 domain-containing protein,2
C-terminal helicase domain-containing protein,2
Clp protease ClpB,2
pilus assembly protein,2
fimbrial chaperone TcfA,2
fimbrial protein TcfB,2
CfaE/CblD family pilus tip adhesin,2
Lrp/AsnC family transcriptional regulator TinR,2
protein TioA,2
T3SS effector NleG family protein,2
ketose-bisphosphate aldolase,2
DUF3696 domain-containing protein,2
EpsG family protein,2
zinc/iron-chelating domain-containing protein,2
Qat anti-phage system TatD family nuclease QatD,2
Qat anti-phage system QueC-like protein QatC,2
P-loop NTPase fold protein,2
adhesion protein,2
IrmA family protein,2
OmpP1/FadL family transporter,2
histidine phosphatase family protein,2
inovirus-type Gp2 protein,2
secretoglobin family protein,2
putative zinc ribbon protein,2
MgtC/SapB family protein,2
immunoglobulin-binding protein,2
arsenical resistance protein ArsH,2
arsenic metallochaperone ArsD family protein,2
glutaredoxin-dependent arsenate reductase,2
arsenite efflux transporter membrane subunit ArsB,2
arsenite efflux transporter ATPase subunit ArsA,2
As(III)-sensing metalloregulatory transcriptional repressor ArsR,2
PAS domain-containing protein,2
DUF3302 domain-containing protein,2
YadA-like family protein,2
RNA-binding transcriptional accessory protein,2
YheV family putative metal-binding protein,2
DNA topoisomerase,2
multidrug efflux RND transporter permease subunit,2
AaeX family protein,2
DUF1043 family protein,2
stringent starvation protein A,2
divisome-associated lipoprotein YraP,2
sodium:sulfate symporter,2
YqiJ family protein,2
antibiotic biosynthesis monooxygenase,2
two-component system sensor histidine kinase QseC,2
two-component system response regulator QseB,2
anion permease,2
DUF2623 domain-containing protein,2
energy-coupling factor transporter transmembrane protein EcfT,2
peptidoglycan DD-metalloendopeptidase family protein,2
glucarate dehydratase family protein,2
type I-E CRISPR-associated endoribonuclease Cas2,2
UbiD family decarboxylase,2
permease,2
carbon starvation induced protein CsiD,2
Polarity suppression protein,2
polyphenol oxidase,2
bile acid:sodium symporter,2
DUF2502 domain-containing protein,2
DUF551 domain-containing protein,2
siphovirus Gp157 family protein,2
host cell division inhibitory peptide Kil,2
lambda phage CII family protein,2
DUF2591 family protein,2
phage head-binding domain-containing protein,2
CPBP family intramembrane metalloprotease,2
DUF412 domain-containing protein,2
autotransporter-associated beta strand repeat-containing protein,2
anaerobic glycerol-3-phosphate dehydrogenase subunit C,2
ribonucleotide-diphosphate reductase subunit beta,2
ribonucleoside-diphosphate reductase subunit alpha,2
transcriptional regulator RcsB,2
DUF418 family protein,2
YIP1 family protein,2
RHS repeat protein,2
putative colanic acid polymerase WcaD,2
transferase,2
cellulose biosynthesis regulator YedQ,2
flagellar type III secretion system protein FliR,2
flagellar type III secretion system protein FliO,2
flagella biosynthesis chaperone FliJ,2
flagellum-specific ATP synthase FliI,2
flagellar M-ring protein FliF,2
L-cystine ABC transporter ATP-binding protein YecC,2
flagellar type III secretion system protein FlhB,2
E3 ubiquitin--protein ligase,2
YobF family protein,2
DNA-binding transcriptional regulator H-NS,2
5'-3' exoribonuclease,2
threonylcarbamoyl-AMP synthase,2
TonB-dependent receptor,2
DUF29 domain-containing protein,2
rubredoxin,2
DUF523 and DUF1722 domain-containing protein,2
two-component system response regulator TtrR,2
two-component system sensor histidine kinase TtrS,2
YdiU family protein,2
histidine kinase,2
flagellar basal body P-ring formation protein FlgA,2
anti-sigma-28 factor FlgM,2
LpxL/LpxP family Kdo(2)-lipid IV(A) lauroyl/palmitoleoyl acyltransferasee,2
secY/secA suppressor protein,2
curli assembly protein CsgC,2
curlin major subunit CsgA,2
curlin minor subunit CsgB,2
transcriptional regulator CsgD,2
thioredoxin family protein,2
cell division inhibitor SulA,2
YcaO-like family protein,2
ABC transporter substrate-binding protein ArtJ,2
excinuclease ABC subunit B,2
fumarate hydratase subunit beta,2
"2-octaprenyl-3-methyl-6-methoxy-1,4-benzoquinol hydroxylase",2
glutathione-dependent formaldehyde dehydrogenase,2
carbon starvation protein CstA,2
DUF1158 domain-containing protein,2
GHKL domain-containing protein,2
SPFH/Band 7/PHB domain protein,2
DUF1311 domain-containing protein,2
Kef family K(+) transporter,2
hemolysin expression modulator Hha,2
DNA-binding protein HU-beta,2
tRNA 4-thiouridine(8) synthase ThiI,2
DUF2754 domain-containing protein,2
YjzC family protein,2
diol dehydratase reactivase subunit alpha,2
toxin,2
DUF945 domain-containing protein,2
inhibitor of vertebrate lysozyme family protein,2
DUF3987 domain-containing protein,2
pilin structural protein SafD,2
type I toxin-antitoxin system SymE family toxin,2
DUF1795 domain-containing protein,2
type VI secretion system-associated protein TagF,2
impE family protein,2
PKD domain-containing protein,2
DUF2950 domain-containing protein,2
L-carnitine/gamma-butyrobetaine antiport BCCT transporter,2
fimbrial protein SthA,2
fimbrial protein SthD,2
DUF898 domain-containing protein,2
ribosome-associated protein,2
membrane protein FxsA,2
phnA family protein,2
DNA-binding protein HU-alpha,2
sugar porter family MFS transporter,2
aquaporin,2
prophage transcriptional regulator OgrK,2
phage tail sheath protein,2
tail assembly chaperone,2
phage virion morphogenesis protein,2
Rz1-like lysis system protein LysC,2
Rz-like lysis system protein LysB,2
DNZ54_00345 family protein,2
glycoside hydrolase family 104 protein,2
head completion/stabilization protein,2
terminase endonuclease subunit,2
"phage major capsid protein, P2 family",2
GPO family capsid scaffolding protein,2
terminase ATPase subunit family protein,2
DNA adenine methylase,2
ParB N-terminal domain-containing protein,2
DUF3850 domain-containing protein,2
replication endonuclease,2
TraR/DksA C4-type zinc finger protein,2
DUF2732 domain-containing protein,2
replication protein B,2
regulatory phage cox family protein,2
6-N-hydroxylaminopurine resistance protein,2
D-tyrosyl-tRNA(Tyr) deacylase,2
thioesterase family protein,2
outer membrane protein assembly factor,2
heat shock chaperone IbpA,2
heat shock chaperone IbpB,2
YicC family protein,2
carbohydrate kinase,2
"2,3-diketo-L-gulonate transporter large permease YiaN",2
XylR family transcriptional regulator,2
cellulose biosynthesis protein BcsE,2
YhjR family protein,2
cellulase,2
cellulose biosynthesis protein BcsC,2
insulinase family protein,2
anaerobic C4-dicarboxylate transporter,2
sugar phosphate isomerase/epimerase,2
bifunctional UDP-sugar hydrolase/5'-nucleotidase,2
nucleoside triphosphate pyrophosphatase,2
cyclic diguanylate phosphodiesterase,2
small secreted glycoprotein GP,2
RNA-directed RNA polymerase L,2
phosphotriesterase family protein,1
bifunctional acetylornithine/succinyldiaminopimelate transaminase,1
barstar family protein,1
luciferase-like monooxygenase,1
ubiquinone anaerobic biosynthesis protein UbiU,1
ubiquinone anaerobic biosynthesis accessory factor UbiT,1
DUF883 family protein,1
SanA/YdcF family protein,1
toxin-antitoxin system HicB family antitoxin,1
DNA primase family protein,1
IclR family transcriptional regulator domain-containing protein,1
LexA family protein,1
conserved phage C-terminal domain-containing protein,1
IS200/IS605 family transposase,1
Fur-regulated protein,1
DUF6453 family protein,1
tail fiber domain-containing protein,1
DUF4236 domain-containing protein,1
DUF6630 family protein,1
cytochrome C assembly family protein,1
membrane-associated sensor domain-containing protein,1
L-lactate MFS transporter,1
bifunctional diguanylate cyclase/phosphodiesterase,1
CPBP family intramembrane glutamic endopeptidase,1
STM2329 family putative cytoplasmic protein,1
glycine betaine ABC transporter substrate-binding protein OsmF,1
DUF262 domain-containing protein,1
ECs1072 family phage-associated protein,1
type III secretion system effector arginine glycosyltransferase SseK3,1
glycoside hydrolase family 88/105 protein,1
SirB2 family protein,1
2-oxoadipate dioxygenase/decarboxylase HglS,1
"L,D-transpeptidase LdtE",1
thioesterase,1
DUF481 domain-containing protein,1
succinylornithine/acetylornithine transaminase,1
sialidase family protein,1
isocitrate/isopropylmalate family dehydrogenase,1
type III secretion system effector E3 ubiquitin transferase SspH1,1
phage baseplate plug family protein,1
phage neck terminator protein,1
phage collar protein,1
structural cement protein Gp24,1
TerL protein,1
gas vesicle protein,1
DUF2441 domain-containing protein,1
phage integrase Arm DNA-binding domain-containing protein,1
"L,D-transpeptidase LdtC",1
FimB-specific integrase Int,1
SDR family NAD(P)-dependent oxidoreductase,1
lysylphosphatidylglycerol synthase transmembrane domain-containing protein,1
bifunctional 2-methylcitrate synthase/citrate synthase,1
DUF2474 domain-containing protein,1
antiviral reverse transcriptase Drt3b,1
antiviral reverse transcriptase Drt3a,1
septation initiation protein,1
DUF5375 family protein,1
glucosaminidase domain-containing protein,1
DUF5339 family protein,1
patatin-like phospholipase family protein,1
threonine/serine ThrE exporter family protein,1
HsdM family class I SAM-dependent methyltransferase,1
NADPH-dependent aldehyde reductase Ahr,1
DNA-binding transcriptional regulator IdnR,1
gamma-glutamylcyclotransferase family protein,1
DUF7594 domain-containing protein,1
alpha-glucosidase/alpha-galactosidase,1
homoserine O-succinyltransferase MetA,1
Rsd/AlgQ family anti-sigma factor,1
"bifunctional L-1,2-propanediol dehydrogenase/glycerol dehydrogenase",1
"3-hydroxy-5-phosphonooxypentane-2,4-dione thiolase LsrF",1
fimbrial outer membrane usher protein TcfC,1
recombinase RecT,1
protein ninF,1
DUF1737 domain-containing protein,1
ubiquitin carboxyl-hydrolase,1
phage capsid protein,1
head protein,1
bacteriocin class II family protein,1
IS66-like element accessory protein TnpA,1
IS66 family insertion sequence element accessory protein TnpB,1
IS6 family transposase,1
IS6-like element IS26 family transposase,1
BamA/TamA family outer membrane protein,1
pitrilysin family protein,1
sugar phosphate isomerase/epimerase family protein,1
SlyX family protein,1
YwqG family protein,1
DUF1449 family protein,1
MltR family transcriptional regulator,1
gluconate:H+ symporter,1
alpha-2-macroglobulin,1
MT-A70 family methyltransferase,1
DUF1317 family protein,1
PD-(D/E)XK nuclease-like domain-containing protein,1
DnaT-like ssDNA-binding domain-containing protein,1
DUF1064 domain-containing protein,1
lF-82,1
DUF2335 domain-containing protein,1
BRO family protein,1
ash family protein,1
DUF1364 domain-containing protein,1
protein ninH,1
DUF4065 domain-containing protein,1
phage antirepressor Ant,1
type II CAAX endopeptidase family protein,1
DUF2574 family protein,1
IS1-like element transposase,1
DUF2158 domain-containing protein,1
type III secretion system effector SspH3,1
RNase AM,1
ROK family transcriptional regulator,1
transketolase C-terminal domain-containing protein,1
mechanosensitive ion channel,1
D-allulose 6-phosphate 3-epimerase,1
CS1-pili formation C-terminal domain-containing protein,1
transforming protein E6,1
transforming protein E7,1
replication protein E1,1
regulatory protein E2,1
minor capsid protein L2,1
