"category","over_represented_pvalue","under_represented_pvalue","numDEInCat","numInCat","term","ontology","p_adj"
"GO:0002700",0.00753441476091974,0.99889136656148,13,15,"regulation of production of molecular mediator of immune response","BP",1
"GO:0030509",0.0114220808703495,1,7,7,"BMP signaling pathway","BP",1
"GO:0071772",0.0114220808703495,1,7,7,"response to BMP","BP",1
"GO:0071773",0.0114220808703495,1,7,7,"cellular response to BMP stimulus","BP",1
"GO:0019218",0.0120948340707173,1,7,7,"regulation of steroid metabolic process","BP",1
"GO:0042632",0.0124247243395945,1,7,7,"cholesterol homeostasis","BP",1
"GO:0055092",0.0124247243395945,1,7,7,"sterol homeostasis","BP",1
"GO:0044409",0.0127918680145183,1,7,7,"entry into host","BP",1
"GO:0046718",0.0127918680145183,1,7,7,"viral entry into host cell","BP",1
"GO:0007179",0.0189743611049527,0.996829455850538,11,13,"transforming growth factor beta receptor signaling pathway","BP",1
"GO:0097581",0.0214950829790668,1,6,6,"lamellipodium organization","BP",1
"GO:0030168",0.0215329558296708,1,6,6,"platelet activation","BP",1
"GO:0030510",0.0217498237788343,1,6,6,"regulation of BMP signaling pathway","BP",1
"GO:0007155",0.0225795515039873,0.987700966144132,50,77,"cell adhesion","BP",1
"GO:0006066",0.0227244513035684,0.992205692989971,20,27,"alcohol metabolic process","BP",1
"GO:0046890",0.0229119645831061,1,6,6,"regulation of lipid biosynthetic process","BP",1
"GO:1901135",0.0253338897147047,0.986461517848733,46,70,"carbohydrate derivative metabolic process","BP",1
"GO:0007178",0.0277250742264957,0.992591799673452,14,18,"transmembrane receptor protein serine/threonine kinase signaling pathway","BP",1
"GO:1901615",0.0356832438761039,0.984540196168621,25,36,"organic hydroxy compound metabolic process","BP",1
"GO:0051090",0.0368291737614847,0.98511220566819,22,31,"regulation of DNA-binding transcription factor activity","BP",1
"GO:0030032",0.0407880192535642,1,5,5,"lamellipodium assembly","BP",1
"GO:0090287",0.0413269001634655,0.988282961945827,13,17,"regulation of cellular response to growth factor stimulus","BP",1
"GO:0035107",0.0416000412564316,1,5,5,"appendage morphogenesis","BP",1
"GO:0035108",0.0416000412564316,1,5,5,"limb morphogenesis","BP",1
"GO:0050435",0.0416671629225339,1,5,5,"amyloid-beta metabolic process","BP",1
"GO:0046686",0.0424046220725102,1,5,5,"response to cadmium ion","BP",1
"GO:0061082",0.0424825692624657,1,5,5,"myeloid leukocyte cytokine production","BP",1
"GO:0034204",0.0430502213488452,1,5,5,"lipid translocation","BP",1
"GO:0097035",0.0430502213488452,1,5,5,"regulation of membrane lipid distribution","BP",1
"GO:0015914",0.0433757458757097,1,5,5,"phospholipid transport","BP",1
"GO:0060021",0.0438158127598812,1,5,5,"roof of mouth development","BP",1
"GO:0002637",0.0438249689079191,1,5,5,"regulation of immunoglobulin production","BP",1
"GO:0070918",0.0439575159733549,1,5,5,"regulatory ncRNA processing","BP",1
"GO:0008299",0.0440726943596353,1,5,5,"isoprenoid biosynthetic process","BP",1
"GO:0014014",0.0442061067918871,1,5,5,"negative regulation of gliogenesis","BP",1
"GO:0032613",0.0451096660549663,1,5,5,"interleukin-10 production","BP",1
"GO:0032653",0.0451096660549663,1,5,5,"regulation of interleukin-10 production","BP",1
"GO:0032733",0.0451096660549663,1,5,5,"positive regulation of interleukin-10 production","BP",1
"GO:0090092",0.0452847553243445,0.988848628762684,11,14,"regulation of transmembrane receptor protein serine/threonine kinase signaling pathway","BP",1
"GO:0032989",0.0455017767300959,0.979738845230981,24,35,"cellular component morphogenesis","BP",1
"GO:0045685",0.0458063756243535,1,5,5,"regulation of glial cell differentiation","BP",1
"GO:0006022",0.046012856201262,1,5,5,"aminoglycan metabolic process","BP",1
"GO:0071559",0.0466861782958988,0.988423516058424,11,14,"response to transforming growth factor beta","BP",1
"GO:0071560",0.0466861782958988,0.988423516058424,11,14,"cellular response to transforming growth factor beta stimulus","BP",1
"GO:0048006",0.0480037249767439,1,5,5,"antigen processing and presentation, endogenous lipid antigen via MHC class Ib","BP",1
"GO:0017015",0.0490870514525672,0.990370332114347,9,11,"regulation of transforming growth factor beta receptor signaling pathway","BP",1
"GO:1903844",0.0490870514525672,0.990370332114347,9,11,"regulation of cellular response to transforming growth factor beta stimulus","BP",1
"GO:0034446",0.0492283503542334,0.994013757311082,7,8,"substrate adhesion-dependent cell spreading","BP",1
"GO:0010810",0.0495699824490174,0.990250854894688,9,11,"regulation of cell-substrate adhesion","BP",1
"GO:0010565",0.0523480894219247,0.993513587620869,7,8,"regulation of cellular ketone metabolic process","BP",1
"GO:0055088",0.0525546911570401,0.993480087290171,7,8,"lipid homeostasis","BP",1
"GO:0006575",0.0527214028827515,0.993453021271556,7,8,"cellular modified amino acid metabolic process","BP",1
"GO:0014013",0.0536182856958856,0.993306893617126,7,8,"regulation of gliogenesis","BP",1
"GO:0044000",0.0537438357823576,0.99328636862475,7,8,"movement in host","BP",1
"GO:0045185",0.0541859799037243,0.993213951639263,7,8,"maintenance of protein location","BP",1
"GO:0002703",0.0554345359486885,0.979926539638172,16,22,"regulation of leukocyte mediated immunity","BP",1
"GO:0051962",0.0563595477156646,0.981236491452972,14,19,"positive regulation of nervous system development","BP",1
"GO:0042221",0.0566283845690446,0.959625046577765,117,199,"response to chemical","BP",1
"GO:0070663",0.0636104454337409,0.980607042868328,12,16,"regulation of leukocyte proliferation","BP",1
"GO:0007423",0.0639552178655233,0.980478243624078,12,16,"sensory organ development","BP",1
"GO:0019216",0.0657571614309621,0.979802154453406,12,16,"regulation of lipid metabolic process","BP",1
"GO:0042886",0.065937192042574,0.979734338921321,12,16,"amide transport","BP",1
"GO:0044281",0.0670937660637195,0.955338200277772,71,117,"small molecule metabolic process","BP",1
"GO:0030029",0.0678371430224282,0.965683501632543,27,41,"actin filament-based process","BP",1
"GO:0030036",0.0678371430224282,0.965683501632543,27,41,"actin cytoskeleton organization","BP",1
"GO:0043122",0.0685821057953742,0.978732481284921,12,16,"regulation of canonical NF-kappaB signal transduction","BP",1
"GO:0048545",0.0690462005207722,0.978555625705335,12,16,"response to steroid hormone","BP",1
"GO:0033500",0.0713672180855235,0.980889592022657,10,13,"carbohydrate homeostasis","BP",1
"GO:0042593",0.0713672180855235,0.980889592022657,10,13,"glucose homeostasis","BP",1
"GO:0048598",0.0717828445889135,0.97302737548993,15,21,"embryonic morphogenesis","BP",1
"GO:0050768",0.0725555037446263,0.980489619857549,10,13,"negative regulation of neurogenesis","BP",1
"GO:0051961",0.0725555037446263,0.980489619857549,10,13,"negative regulation of nervous system development","BP",1
"GO:0034109",0.0775218562193047,1,4,4,"homotypic cell-cell adhesion","BP",1
"GO:0070527",0.0775218562193047,1,4,4,"platelet aggregation","BP",1
"GO:2001233",0.0783891158974017,0.97001573276771,15,21,"regulation of apoptotic signaling pathway","BP",1
"GO:0043433",0.0784883935422119,0.978463888540391,10,13,"negative regulation of DNA-binding transcription factor activity","BP",1
"GO:0050772",0.0785648576168515,1,4,4,"positive regulation of axonogenesis","BP",1
"GO:0038093",0.0786060626523723,1,4,4,"Fc receptor signaling pathway","BP",1
"GO:0030514",0.078617473978644,1,4,4,"negative regulation of BMP signaling pathway","BP",1
"GO:0034103",0.0787058454674964,1,4,4,"regulation of tissue remodeling","BP",1
"GO:0051965",0.0787097406372171,1,4,4,"positive regulation of synapse assembly","BP",1
"GO:1901890",0.0787097406372171,1,4,4,"positive regulation of cell junction assembly","BP",1
"GO:0005975",0.0788641518267552,0.956983381347913,31,48,"carbohydrate metabolic process","BP",1
"GO:0030326",0.0790482758900373,1,4,4,"embryonic limb morphogenesis","BP",1
"GO:0035113",0.0790482758900373,1,4,4,"embryonic appendage morphogenesis","BP",1
"GO:0018210",0.0793077609733565,1,4,4,"peptidyl-threonine modification","BP",1
"GO:0045058",0.0796619887024293,1,4,4,"T cell selection","BP",1
"GO:0045576",0.0797179195583099,0.982733660966876,8,10,"mast cell activation","BP",1
"GO:1902895",0.0803277371872391,1,4,4,"positive regulation of miRNA transcription","BP",1
"GO:0061081",0.0803298983611752,1,4,4,"positive regulation of myeloid leukocyte cytokine production involved in immune response","BP",1
"GO:0045833",0.0805848667313484,1,4,4,"negative regulation of lipid metabolic process","BP",1
"GO:0032507",0.0806244707497196,1,4,4,"maintenance of protein location in cell","BP",1
"GO:0016114",0.0812322265688271,1,4,4,"terpenoid biosynthetic process","BP",1
"GO:0050810",0.0813118792932451,1,4,4,"regulation of steroid biosynthetic process","BP",1
"GO:0051960",0.081616233386528,0.960791527480668,22,33,"regulation of nervous system development","BP",1
"GO:0002702",0.0816421830378757,0.982191602161536,8,10,"positive regulation of production of molecular mediator of immune response","BP",1
"GO:0046835",0.0823874330023661,1,4,4,"carbohydrate phosphorylation","BP",1
"GO:0032570",0.08292631810413,1,4,4,"response to progesterone","BP",1
"GO:0002367",0.0830019879644371,0.981805876877279,8,10,"cytokine production involved in immune response","BP",1
"GO:0002718",0.0830019879644371,0.981805876877279,8,10,"regulation of cytokine production involved in immune response","BP",1
"GO:0002706",0.0830699657571648,0.976867513654255,10,13,"regulation of lymphocyte mediated immunity","BP",1
"GO:1900024",0.0833308479590702,0.988590760616391,6,7,"regulation of substrate adhesion-dependent cell spreading","BP",1
"GO:0019637",0.0838001261051346,0.949375670424252,42,67,"organophosphate metabolic process","BP",1
"GO:0045686",0.0839675306838594,1,4,4,"negative regulation of glial cell differentiation","BP",1
"GO:0010927",0.0844908020257971,1,4,4,"cellular component assembly involved in morphogenesis","BP",1
"GO:0048736",0.0846903882312977,0.988337687902985,6,7,"appendage development","BP",1
"GO:0060173",0.0846903882312977,0.988337687902985,6,7,"limb development","BP",1
"GO:0034198",0.0856712261158302,1,4,4,"cellular response to amino acid starvation","BP",1
"GO:1990928",0.0856712261158302,1,4,4,"response to amino acid starvation","BP",1
"GO:0002440",0.0858772577091625,0.96923213438852,13,18,"production of molecular mediator of immune response","BP",1
"GO:0032760",0.0858895745127694,0.988113064246033,6,7,"positive regulation of tumor necrosis factor production","BP",1
"GO:1903557",0.0858895745127694,0.988113064246033,6,7,"positive regulation of tumor necrosis factor superfamily cytokine production","BP",1
"GO:0007043",0.0861233888468374,0.988069115313702,6,7,"cell-cell junction assembly","BP",1
"GO:0097435",0.086966923449081,0.952817252416137,29,45,"supramolecular fiber organization","BP",1
"GO:2001235",0.0879265277808243,0.980390682689173,8,10,"positive regulation of apoptotic signaling pathway","BP",1
"GO:0045639",0.0885734458783227,1,4,4,"positive regulation of myeloid cell differentiation","BP",1
"GO:0030225",0.0887350377342898,1,4,4,"macrophage differentiation","BP",1
"GO:2001236",0.0889555221180711,0.987532844027362,6,7,"regulation of extrinsic apoptotic signaling pathway","BP",1
"GO:0015748",0.0906420428944784,0.987210067505532,6,7,"organophosphate ester transport","BP",1
"GO:0001822",0.0912796676958148,0.970316428998248,11,15,"kidney development","BP",1
"GO:0072001",0.0912796676958148,0.970316428998248,11,15,"renal system development","BP",1
"GO:0048858",0.0920986020065391,0.95642444085775,20,30,"cell projection morphogenesis","BP",1
"GO:0120039",0.0920986020065391,0.95642444085775,20,30,"plasma membrane bounded cell projection morphogenesis","BP",1
"GO:0061564",0.0938071106848281,0.963248194383629,14,20,"axon development","BP",1
"GO:0031589",0.0944006003014192,0.962965227591123,14,20,"cell-substrate adhesion","BP",1
"GO:1990845",0.0946093467303209,0.968958327132731,11,15,"adaptive thermogenesis","BP",1
"GO:0050767",0.0956765701239048,0.95442492925393,20,30,"regulation of neurogenesis","BP",1
"GO:0007015",0.095755952166048,0.95438038738566,20,30,"actin filament organization","BP",1
"GO:0015833",0.0967225552092218,0.968089073029203,11,15,"peptide transport","BP",1
"GO:0001913",0.0983308166139536,0.985706522507819,6,7,"T cell mediated cytotoxicity","BP",1
"GO:0001914",0.0983308166139536,0.985706522507819,6,7,"regulation of T cell mediated cytotoxicity","BP",1
"GO:0001916",0.0983308166139536,0.985706522507819,6,7,"positive regulation of T cell mediated cytotoxicity","BP",1
"GO:0032880",0.0988905429529915,0.943810129537307,31,49,"regulation of protein localization","BP",1
"GO:1902652",0.100606445523857,0.966476834415834,11,15,"secondary alcohol metabolic process","BP",1
"GO:0002697",0.100987916476481,0.948493798399228,23,35,"regulation of immune effector process","BP",1
"GO:0005996",0.102857490197081,0.950364640538034,20,30,"monosaccharide metabolic process","BP",1
"GO:0008202",0.104522089769627,0.958070730724324,14,20,"steroid metabolic process","BP",1
"Other",0.104532976149072,0.940910132897883,30,47,NA,NA,1
"GO:0032990",0.104684724783786,0.947911467262193,21,32,"cell part morphogenesis","BP",1
"GO:0007154",0.105803456991462,0.918464104978876,159,280,"cell communication","BP",1
"GO:0060341",0.106548255151268,0.938070665488336,32,51,"regulation of cellular localization","BP",1
"GO:0023052",0.107981896470403,0.916622469835957,160,282,"signaling","BP",1
"GO:0001654",0.109111209100039,0.968114649043181,9,12,"eye development","BP",1
"GO:0043010",0.109111209100039,0.968114649043181,9,12,"camera-type eye development","BP",1
"GO:0048880",0.109111209100039,0.968114649043181,9,12,"sensory system development","BP",1
"GO:0150063",0.109111209100039,0.968114649043181,9,12,"visual system development","BP",1
"GO:0050796",0.109276222075968,0.968052564534245,9,12,"regulation of insulin secretion","BP",1
"GO:0097191",0.112492136975441,0.966836274737508,9,12,"extrinsic apoptotic signaling pathway","BP",1
"GO:0007507",0.117382846704013,0.955501874931976,12,17,"heart development","BP",1
"GO:0072331",0.117549296894605,0.955423261400479,12,17,"signal transduction by p53 class mediator","BP",1
"GO:0050777",0.118655373108983,0.954900041141559,12,17,"negative regulation of immune response","BP",1
"GO:0006090",0.11995681925152,0.954282568422145,12,17,"pyruvate metabolic process","BP",1
"GO:0044282",0.120874867471731,0.947176062483626,15,22,"small molecule catabolic process","BP",1
"GO:0007596",0.121022896588091,0.971240789310621,7,9,"blood coagulation","BP",1
"GO:0050817",0.121022896588091,0.971240789310621,7,9,"coagulation","BP",1
"GO:0048812",0.121235197234869,0.940166049676508,19,29,"neuron projection morphogenesis","BP",1
"GO:0035556",0.121940567488036,0.91048218271112,90,155,"intracellular signal transduction","BP",1
"GO:0002824",0.122301100952949,0.96305301867666,9,12,"positive regulation of adaptive immune response based on somatic recombination of immune receptors built from immunoglobulin superfamily domains","BP",1
"GO:0050770",0.122985782318391,0.970614478917204,7,9,"regulation of axonogenesis","BP",1
"GO:0032418",0.123075689840979,0.970585694691884,7,9,"lysosome localization","BP",1
"GO:1990849",0.123075689840979,0.970585694691884,7,9,"vacuolar localization","BP",1
"GO:0002448",0.124878233407388,0.970006818612165,7,9,"mast cell mediated immunity","BP",1
"GO:0003007",0.124954477598419,0.969982258394348,7,9,"heart morphogenesis","BP",1
"GO:0042180",0.126690036137055,0.969421551482618,7,9,"cellular ketone metabolic process","BP",1
"GO:0006720",0.127667596616128,0.969104351503295,7,9,"isoprenoid metabolic process","BP",1
"GO:0051701",0.129411847113379,0.968535913411371,7,9,"biological process involved in interaction with host","BP",1
"GO:0045824",0.130043288644656,0.968329355339592,7,9,"negative regulation of innate immune response","BP",1
"GO:0009628",0.131258117685525,0.915380829298439,42,69,"response to abiotic stimulus","BP",1
"GO:0071383",0.131277857151281,0.967924312624328,7,9,"cellular response to steroid hormone stimulus","BP",1
"GO:0032944",0.131430503244212,0.953999409063189,10,14,"regulation of mononuclear cell proliferation","BP",1
"GO:0071363",0.132646363939935,0.931599350312982,20,31,"cellular response to growth factor stimulus","BP",1
"GO:0007399",0.132852182005821,0.905847609528302,67,114,"nervous system development","BP",1
"GO:0021782",0.1328969392428,0.967390738055873,7,9,"glial cell development","BP",1
"GO:0070665",0.134720298209311,0.952522701678995,10,14,"positive regulation of leukocyte proliferation","BP",1
"GO:0046883",0.135355618812222,0.952236124672466,10,14,"regulation of hormone secretion","BP",1
"GO:0006839",0.13561628199883,0.96648851558704,7,9,"mitochondrial transport","BP",1
"GO:0001659",0.13645755295834,0.95173800194051,10,14,"temperature homeostasis","BP",1
"GO:0106106",0.13645755295834,0.95173800194051,10,14,"cold-induced thermogenesis","BP",1
"GO:0120161",0.13645755295834,0.95173800194051,10,14,"regulation of cold-induced thermogenesis","BP",1
"GO:0031343",0.139156934902241,0.965302482389505,7,9,"positive regulation of cell killing","BP",1
"GO:0043524",0.139179240322252,0.950501893603999,10,14,"negative regulation of neuron apoptotic process","BP",1
"GO:0002709",0.139234440007542,0.965276377408384,7,9,"regulation of T cell mediated immunity","BP",1
"GO:0002790",0.13930254471693,0.950445698045638,10,14,"peptide secretion","BP",1
"GO:0002791",0.13930254471693,0.950445698045638,10,14,"regulation of peptide secretion","BP",1
"GO:0090087",0.13930254471693,0.950445698045638,10,14,"regulation of peptide transport","BP",1
"GO:0048771",0.139508866006634,0.978111016720014,5,6,"tissue remodeling","BP",1
"GO:0090288",0.139543120731399,0.978103347867527,5,6,"negative regulation of cellular response to growth factor stimulus","BP",1
"GO:0001764",0.140577945453397,0.977871224409183,5,6,"neuron migration","BP",1
"GO:0003205",0.140823971252323,0.977815909846992,5,6,"cardiac chamber development","BP",1
"GO:0003231",0.140823971252323,0.977815909846992,5,6,"cardiac ventricle development","BP",1
"GO:0032715",0.142334059149832,0.977475316566209,5,6,"negative regulation of interleukin-6 production","BP",1
"GO:0061614",0.142517844985855,0.977433738219267,5,6,"miRNA transcription","BP",1
"GO:1902893",0.142517844985855,0.977433738219267,5,6,"regulation of miRNA transcription","BP",1
"GO:0008203",0.142892824320417,0.948802088032896,10,14,"cholesterol metabolic process","BP",1
"GO:0016125",0.142892824320417,0.948802088032896,10,14,"sterol metabolic process","BP",1
"GO:0033003",0.142934923728931,0.977339279801647,5,6,"regulation of mast cell activation","BP",1
"GO:0140029",0.143122655100592,0.977296717085367,5,6,"exocytic process","BP",1
"GO:0007249",0.144104974218101,0.938585822847565,13,19,"canonical NF-kappaB signal transduction","BP",1
"GO:0007626",0.144220146860278,0.977047320780974,5,6,"locomotory behavior","BP",1
"GO:0008630",0.144774705381517,0.976920930794101,5,6,"intrinsic apoptotic signaling pathway in response to DNA damage","BP",1
"GO:0072577",0.144810021982672,0.976912873321434,5,6,"endothelial cell apoptotic process","BP",1
"GO:0007165",0.144851078395043,0.88630287116077,148,262,"signal transduction","BP",1
"GO:0030330",0.144926574369471,0.976886274765112,5,6,"DNA damage response, signal transduction by p53 class mediator","BP",1
"GO:0031047",0.144930932422204,0.976885279995613,5,6,"regulatory ncRNA-mediated gene silencing","BP",1
"GO:0010646",0.145783476833904,0.890247553298337,96,167,"regulation of cell communication","BP",1
"GO:0048565",0.14648968913504,0.976528492750163,5,6,"digestive tract development","BP",1
"GO:0055123",0.14648968913504,0.976528492750163,5,6,"digestive system development","BP",1
"GO:0007272",0.146703444455115,0.976479412688686,5,6,"ensheathment of neurons","BP",1
"GO:0008366",0.146703444455115,0.976479412688686,5,6,"axon ensheathment","BP",1
"GO:0042552",0.146703444455115,0.976479412688686,5,6,"myelination","BP",1
"GO:0034205",0.147086537061264,1,3,3,"amyloid-beta formation","BP",1
"GO:0042987",0.147086537061264,1,3,3,"amyloid precursor protein catabolic process","BP",1
"GO:1902003",0.147086537061264,1,3,3,"regulation of amyloid-beta formation","BP",1
"GO:1902991",0.147086537061264,1,3,3,"regulation of amyloid precursor protein catabolic process","BP",1
"GO:0001941",0.147086537061452,1,3,3,"postsynaptic membrane organization","BP",1
"GO:0035329",0.147086537061552,1,3,3,"hippo signaling","BP",1
"GO:0045124",0.147161297542965,1,3,3,"regulation of bone resorption","BP",1
"GO:0046850",0.147161297542965,1,3,3,"regulation of bone remodeling","BP",1
"GO:0035019",0.147205846932205,1,3,3,"somatic stem cell population maintenance","BP",1
"GO:0034314",0.147495770586807,1,3,3,"Arp2/3 complex-mediated actin nucleation","BP",1
"GO:0006084",0.147678336773551,0.976255101025304,5,6,"acetyl-CoA metabolic process","BP",1
"GO:0010817",0.147723880738515,0.927082442985048,17,26,"regulation of hormone levels","BP",1
"GO:0042762",0.147883613320922,1,3,3,"regulation of sulfur metabolic process","BP",1
"GO:0002320",0.148669049616553,1,3,3,"lymphoid progenitor cell differentiation","BP",1
"GO:0060563",0.148760113617801,1,3,3,"neuroepithelial cell differentiation","BP",1
"GO:1901983",0.148823601570586,1,3,3,"regulation of protein acetylation","BP",1
"GO:2000756",0.148823601570586,1,3,3,"regulation of peptidyl-lysine acetylation","BP",1
"GO:0034101",0.149024846427918,0.975944022935538,5,6,"erythrocyte homeostasis","BP",1
"GO:1903649",0.149106280959149,1,3,3,"regulation of cytoplasmic transport","BP",1
"GO:0002431",0.149210929385199,1,3,3,"Fc receptor mediated stimulatory signaling pathway","BP",1
"GO:0002433",0.149210929385199,1,3,3,"immune response-regulating cell surface receptor signaling pathway involved in phagocytosis","BP",1
"GO:0038094",0.149210929385199,1,3,3,"Fc-gamma receptor signaling pathway","BP",1
"GO:0038096",0.149210929385199,1,3,3,"Fc-gamma receptor signaling pathway involved in phagocytosis","BP",1
"GO:0060993",0.149289285602778,1,3,3,"kidney morphogenesis","BP",1
"GO:0034104",0.14932802752499,1,3,3,"negative regulation of tissue remodeling","BP",1
"GO:0006002",0.149374645108812,1,3,3,"fructose 6-phosphate metabolic process","BP",1
"GO:0023051",0.149394424298791,0.887125531994723,97,169,"regulation of signaling","BP",1
"GO:0007286",0.149518119348097,0.975829698333522,5,6,"spermatid development","BP",1
"GO:0048515",0.149518119348097,0.975829698333522,5,6,"spermatid differentiation","BP",1
"GO:1903306",0.14994855175781,1,3,3,"negative regulation of regulated secretory pathway","BP",1
"GO:0070849",0.150139508697519,1,3,3,"response to epidermal growth factor","BP",1
"GO:0071364",0.150139508697519,1,3,3,"cellular response to epidermal growth factor stimulus","BP",1
"GO:0010799",0.150156710196816,1,3,3,"regulation of peptidyl-threonine phosphorylation","BP",1
"GO:0018107",0.150156710196816,1,3,3,"peptidyl-threonine phosphorylation","BP",1
"GO:0032350",0.150201694500842,1,3,3,"regulation of hormone metabolic process","BP",1
"GO:0032945",0.150522688386287,1,3,3,"negative regulation of mononuclear cell proliferation","BP",1
"GO:0050672",0.150522688386287,1,3,3,"negative regulation of lymphocyte proliferation","BP",1
"GO:0070664",0.150522688386287,1,3,3,"negative regulation of leukocyte proliferation","BP",1
"GO:0046633",0.150597609164597,1,3,3,"alpha-beta T cell proliferation","BP",1
"GO:0046640",0.150597609164597,1,3,3,"regulation of alpha-beta T cell proliferation","BP",1
"GO:0090181",0.150779883059965,1,3,3,"regulation of cholesterol metabolic process","BP",1
"GO:0043436",0.151226902641335,0.903963048677519,36,59,"oxoacid metabolic process","BP",1
"GO:0035886",0.151893859894609,1,3,3,"vascular associated smooth muscle cell differentiation","BP",1
"GO:0006821",0.151940177821247,1,3,3,"chloride transport","BP",1
"GO:0098661",0.151940177821247,1,3,3,"inorganic anion transmembrane transport","BP",1
"GO:1902476",0.151940177821247,1,3,3,"chloride transmembrane transport","BP",1
"GO:0051385",0.151951887361222,1,3,3,"response to mineralocorticoid","BP",1
"GO:0035196",0.152388064135638,1,3,3,"miRNA processing","BP",1
"GO:0032688",0.152673677257608,1,3,3,"negative regulation of interferon-beta production","BP",1
"GO:0009966",0.152676135702789,0.886116912577598,86,149,"regulation of signal transduction","BP",1
"GO:2001135",0.152814132618485,1,3,3,"regulation of endocytic recycling","BP",1
"GO:0051055",0.152948176029343,1,3,3,"negative regulation of lipid biosynthetic process","BP",1
"GO:0030166",0.152982106407972,1,3,3,"proteoglycan biosynthetic process","BP",1
"GO:0032527",0.15363397882522,1,3,3,"protein exit from endoplasmic reticulum","BP",1
"GO:0007599",0.154092385122156,0.95143146075432,8,11,"hemostasis","BP",1
"GO:0042219",0.154182856320772,1,3,3,"cellular modified amino acid catabolic process","BP",1
"GO:0002475",0.154193909089202,0.974736272102805,5,6,"antigen processing and presentation via MHC class Ib","BP",1
"GO:0048003",0.154193909089202,0.974736272102805,5,6,"antigen processing and presentation of lipid antigen via MHC class Ib","BP",1
"GO:0048007",0.154193909089202,0.974736272102805,5,6,"antigen processing and presentation, exogenous lipid antigen via MHC class Ib","BP",1
"GO:1904705",0.154234470238086,1,3,3,"regulation of vascular associated smooth muscle cell proliferation","BP",1
"GO:0008217",0.154419385243917,1,3,3,"regulation of blood pressure","BP",1
"GO:0002639",0.154504569455175,1,3,3,"positive regulation of immunoglobulin production","BP",1
"GO:0048278",0.15502110027092,1,3,3,"vesicle docking","BP",1
"GO:0045332",0.155213675685893,1,3,3,"phospholipid translocation","BP",1
"GO:2000273",0.155233319019879,1,3,3,"positive regulation of signaling receptor activity","BP",1
"GO:0006023",0.155264211298663,1,3,3,"aminoglycan biosynthetic process","BP",1
"GO:0006024",0.155264211298663,1,3,3,"glycosaminoglycan biosynthetic process","BP",1
"GO:0030203",0.155264211298663,1,3,3,"glycosaminoglycan metabolic process","BP",1
"GO:1903510",0.155264211298663,1,3,3,"mucopolysaccharide metabolic process","BP",1
"GO:0002699",0.155306982360727,0.922522929484892,17,26,"positive regulation of immune effector process","BP",1
"GO:0048713",0.155388266668639,1,3,3,"regulation of oligodendrocyte differentiation","BP",1
"GO:0048715",0.155388266668639,1,3,3,"negative regulation of oligodendrocyte differentiation","BP",1
"GO:0014003",0.15540139108541,1,3,3,"oligodendrocyte development","BP",1
"GO:0006000",0.155508817172078,1,3,3,"fructose metabolic process","BP",1
"GO:0051049",0.155722826317695,0.894439018213942,47,79,"regulation of transport","BP",1
"GO:0030388",0.155800290103589,1,3,3,"fructose 1,6-bisphosphate metabolic process","BP",1
"GO:0002371",0.15581883309192,1,3,3,"dendritic cell cytokine production","BP",1
"GO:0002730",0.15581883309192,1,3,3,"regulation of dendritic cell cytokine production","BP",1
"GO:0032482",0.155829928747602,1,3,3,"Rab protein signal transduction","BP",1
"GO:0043570",0.15598572508265,1,3,3,"maintenance of DNA repeat elements","BP",1
"GO:0120009",0.156342557822626,1,3,3,"intermembrane lipid transfer","BP",1
"GO:0021675",0.15640292888437,1,3,3,"nerve development","BP",1
"GO:0043903",0.156478328078688,1,3,3,"regulation of biological process involved in symbiotic interaction","BP",1
"GO:0046596",0.156478328078688,1,3,3,"regulation of viral entry into host cell","BP",1
"GO:0052372",0.156478328078688,1,3,3,"modulation by symbiont of entry into host","BP",1
"GO:0003229",0.156817773577559,1,3,3,"ventricular cardiac muscle tissue development","BP",1
"GO:0045338",0.156958498664127,1,3,3,"farnesyl diphosphate metabolic process","BP",1
"GO:0010951",0.157159315086093,0.974033711746672,5,6,"negative regulation of endopeptidase activity","BP",1
"GO:0051602",0.157232874700102,1,3,3,"response to electrical stimulus","BP",1
"GO:0048704",0.157290988262819,1,3,3,"embryonic skeletal system morphogenesis","BP",1
"GO:0048706",0.157290988262819,1,3,3,"embryonic skeletal system development","BP",1
"GO:0006040",0.157383312588924,1,3,3,"amino sugar metabolic process","BP",1
"GO:0048731",0.157399377922308,0.880200527365938,99,173,"system development","BP",1
"GO:0009263",0.15799664113236,1,3,3,"deoxyribonucleotide biosynthetic process","BP",1
"GO:0009265",0.15799664113236,1,3,3,"2'-deoxyribonucleotide biosynthetic process","BP",1
"GO:0046385",0.15799664113236,1,3,3,"deoxyribose phosphate biosynthetic process","BP",1
"GO:0002763",0.158435304898077,1,3,3,"positive regulation of myeloid leukocyte differentiation","BP",1
"GO:0002701",0.158548747531343,1,3,3,"negative regulation of production of molecular mediator of immune response","BP",1
"GO:0002719",0.158548747531343,1,3,3,"negative regulation of cytokine production involved in immune response","BP",1
"GO:0009914",0.159253312871054,0.935828564654283,11,16,"hormone transport","BP",1
"GO:0046879",0.159253312871054,0.935828564654283,11,16,"hormone secretion","BP",1
"GO:0071384",0.159569672662996,1,3,3,"cellular response to corticosteroid stimulus","BP",1
"GO:0019883",0.159605683441562,0.973448813214213,5,6,"antigen processing and presentation of endogenous antigen","BP",1
"GO:0048585",0.159959842203319,0.889519046516356,51,86,"negative regulation of response to stimulus","BP",1
"GO:0050769",0.159991888071971,0.935449666040365,11,16,"positive regulation of neurogenesis","BP",1
"GO:0044089",0.160025164957144,0.926348861107395,14,21,"positive regulation of cellular component biogenesis","BP",1
"GO:1903055",0.160670371382213,1,3,3,"positive regulation of extracellular matrix organization","BP",1
"GO:1902043",0.160778411539951,1,3,3,"positive regulation of extrinsic apoptotic signaling pathway via death domain receptors","BP",1
"GO:2001238",0.160778411539951,1,3,3,"positive regulation of extrinsic apoptotic signaling pathway","BP",1
"GO:0002712",0.160843515580204,1,3,3,"regulation of B cell mediated immunity","BP",1
"GO:0002889",0.160843515580204,1,3,3,"regulation of immunoglobulin mediated immune response","BP",1
"GO:0010648",0.160872499294978,0.893047639258651,42,70,"negative regulation of cell communication","BP",1
"GO:0009101",0.161773938846064,0.934533066812038,11,16,"glycoprotein biosynthetic process","BP",1
"GO:0060627",0.161986544643445,0.916007953579236,18,28,"regulation of vesicle-mediated transport","BP",1
"GO:0009219",0.163289198386817,1,3,3,"pyrimidine deoxyribonucleotide metabolic process","BP",1
"GO:0032635",0.163781285357947,0.947336726755151,8,11,"interleukin-6 production","BP",1
"GO:0032675",0.163781285357947,0.947336726755151,8,11,"regulation of interleukin-6 production","BP",1
"GO:0044272",0.163783234236962,0.947335893207845,8,11,"sulfur compound biosynthetic process","BP",1
"GO:0002832",0.166348515639701,0.946235271729927,8,11,"negative regulation of response to biotic stimulus","BP",1
"GO:0043523",0.166921920323366,0.931866353590464,11,16,"regulation of neuron apoptotic process","BP",1
"GO:0023061",0.169569650587315,0.91751698704437,15,23,"signal release","BP",1
"GO:1901874",0.169619160261015,0.944822087780632,8,11,"negative regulation of post-translational protein modification","BP",1
"GO:0050896",0.171007985422426,0.86123228864021,236,426,"response to stimulus","BP",1
"GO:0019318",0.171981695380474,0.909701094116757,18,28,"hexose metabolic process","BP",1
"GO:0048871",0.174601576804707,0.89431401759719,27,44,"multicellular organismal-level homeostasis","BP",1
"GO:0007409",0.175699745655384,0.922420636337946,12,18,"axonogenesis","BP",1
"GO:0031341",0.175910573144788,0.942072553223374,8,11,"regulation of cell killing","BP",1
"GO:0002822",0.177526726157806,0.926285608457589,11,16,"regulation of adaptive immune response based on somatic recombination of immune receptors built from immunoglobulin superfamily domains","BP",1
"GO:0019752",0.180189468913856,0.882911594723149,35,58,"carboxylic acid metabolic process","BP",1
"GO:0019882",0.180557089769292,0.940015734747698,8,11,"antigen processing and presentation","BP",1
"GO:0009100",0.184222517623226,0.91762899851863,12,18,"glycoprotein metabolic process","BP",1
"GO:0070371",0.185419803132067,0.916949960443112,12,18,"ERK1 and ERK2 cascade","BP",1
"GO:0070372",0.185419803132067,0.916949960443112,12,18,"regulation of ERK1 and ERK2 cascade","BP",1
"GO:0070848",0.185893757585119,0.89600989780474,20,32,"response to growth factor","BP",1
"GO:0050670",0.186207811005688,0.929443670142079,9,13,"regulation of lymphocyte proliferation","BP",1
"GO:0051047",0.186587151649267,0.916286508288142,12,18,"positive regulation of secretion","BP",1
"GO:0006814",0.186657136689113,0.950249749394978,6,8,"sodium ion transport","BP",1
"GO:0007610",0.187050665797667,0.903676319258028,16,25,"behavior","BP",1
"GO:0002279",0.18742930083745,0.94996133244624,6,8,"mast cell activation involved in immune response","BP",1
"GO:0043303",0.18742930083745,0.94996133244624,6,8,"mast cell degranulation","BP",1
"GO:0009314",0.188040262484833,0.896844858890463,19,30,"response to radiation","BP",1
"GO:0048675",0.188317613669397,0.949628814661954,6,8,"axon extension","BP",1
"GO:0051046",0.188788316464189,0.887745400829489,24,39,"regulation of secretion","BP",1
"GO:0007612",0.189175582977285,0.949306927021908,6,8,"learning","BP",1
"GO:0006082",0.189497310776105,0.874986877260145,36,60,"organic acid metabolic process","BP",1
"GO:0045216",0.18984400116992,0.949055658344833,6,8,"cell-cell junction organization","BP",1
"GO:0030072",0.191397526705146,0.926844834616666,9,13,"peptide hormone secretion","BP",1
"GO:0030073",0.191397526705146,0.926844834616666,9,13,"insulin secretion","BP",1
"GO:0090276",0.191397526705146,0.926844834616666,9,13,"regulation of peptide hormone secretion","BP",1
"GO:0007166",0.192006671621123,0.856274352289641,73,127,"cell surface receptor signaling pathway","BP",1
"GO:0046847",0.193014685826535,0.947857840600497,6,8,"filopodium assembly","BP",1
"GO:1901654",0.193187238072107,0.947792374175593,6,8,"response to ketone","BP",1
"GO:0019751",0.193889171765912,0.94752576256224,6,8,"polyol metabolic process","BP",1
"GO:0002460",0.195111317842877,0.89213215588235,19,30,"adaptive immune response based on somatic recombination of immune receptors built from immunoglobulin superfamily domains","BP",1
"GO:0032879",0.195161321159913,0.858388650739089,58,100,"regulation of localization","BP",1
"GO:0070373",0.195347254236372,0.946970420989193,6,8,"negative regulation of ERK1 and ERK2 cascade","BP",1
"GO:0031032",0.195375846345758,0.92483391367658,9,13,"actomyosin structure organization","BP",1
"GO:0050866",0.19541301430604,0.924815050072773,9,13,"negative regulation of cell activation","BP",1
"GO:0002262",0.195926361036484,0.946749284481986,6,8,"myeloid cell homeostasis","BP",1
"GO:0016054",0.197428412237801,0.923790077790297,9,13,"organic acid catabolic process","BP",1
"GO:0046395",0.197428412237801,0.923790077790297,9,13,"carboxylic acid catabolic process","BP",1
"GO:0019320",0.198422586215915,0.945792365365481,6,8,"hexose catabolic process","BP",1
"GO:0046365",0.198422586215915,0.945792365365481,6,8,"monosaccharide catabolic process","BP",1
"GO:0023057",0.198461590187732,0.863700685859407,42,71,"negative regulation of signaling","BP",1
"GO:0006357",0.200318435130976,0.849060702174917,74,129,"regulation of transcription by RNA polymerase II","BP",1
"GO:0002698",0.200719140183337,0.944906665756516,6,8,"negative regulation of immune effector process","BP",1
"GO:0016064",0.202746380805691,0.94412059493458,6,8,"immunoglobulin mediated immune response","BP",1
"GO:0010033",0.203191500978081,0.843048843473537,90,158,"response to organic substance","BP",1
"GO:0048660",0.204596938034024,0.943399568540392,6,8,"regulation of smooth muscle cell proliferation","BP",1
"GO:0007167",0.204671282280722,0.868529810931749,30,50,"enzyme-linked receptor protein signaling pathway","BP",1
"GO:0002456",0.204793631464609,0.920009192881318,9,13,"T cell mediated immunity","BP",1
"GO:0052548",0.205605231560352,0.919589197801052,9,13,"regulation of endopeptidase activity","BP",1
"GO:0002705",0.206374688563287,0.919190395975795,9,13,"positive regulation of leukocyte mediated immunity","BP",1
"GO:0010721",0.207008007128076,0.899656132768907,13,20,"negative regulation of cell development","BP",1
"GO:0019884",0.20891279788793,0.941705154332305,6,8,"antigen processing and presentation of exogenous antigen","BP",1
"GO:0002711",0.209594971195579,0.941435687959715,6,8,"positive regulation of T cell mediated immunity","BP",1
"GO:0001912",0.210964555507711,0.940893332117642,6,8,"positive regulation of leukocyte mediated cytotoxicity","BP",1
"GO:0002821",0.211648614281529,0.916440881339942,9,13,"positive regulation of adaptive immune response","BP",1
"GO:0009968",0.213682023511132,0.853630075914746,39,66,"negative regulation of signal transduction","BP",1
"GO:0050878",0.213776358633988,0.907982094653671,10,15,"regulation of body fluid levels","BP",1
"GO:0061024",0.214456524116591,0.867612751999549,25,41,"membrane organization","BP",1
"GO:1903530",0.216009560425492,0.87086972572183,22,36,"regulation of secretion by cell","BP",1
"GO:0019722",0.218400668102783,0.905373406522649,10,15,"calcium-mediated signaling","BP",1
"GO:0034612",0.221342683036179,0.903702668743388,10,15,"response to tumor necrosis factor","BP",1
"GO:0071356",0.221342683036179,0.903702668743388,10,15,"cellular response to tumor necrosis factor","BP",1
"GO:0072330",0.222545647431634,0.90301704386009,10,15,"monocarboxylic acid biosynthetic process","BP",1
"GO:1990778",0.223679779334823,0.902369336088045,10,15,"protein localization to cell periphery","BP",1
"GO:0002819",0.225028293475157,0.888474497569179,13,20,"regulation of adaptive immune response","BP",1
"GO:0045453",0.225164000863452,0.958989370223939,4,5,"bone resorption","BP",1
"GO:0046849",0.225164000863452,0.958989370223939,4,5,"bone remodeling","BP",1
"GO:0062012",0.225654180626257,0.883595557543055,14,22,"regulation of small molecule metabolic process","BP",1
"GO:0090100",0.225775145966881,0.958818679956491,4,5,"positive regulation of transmembrane receptor protein serine/threonine kinase signaling pathway","BP",1
"GO:0007162",0.226126299725385,0.900967780801689,10,15,"negative regulation of cell adhesion","BP",1
"GO:0006366",0.226300539149467,0.825644024819212,79,139,"transcription by RNA polymerase II","BP",1
"GO:0030512",0.226458939567367,0.958627341689454,4,5,"negative regulation of transforming growth factor beta receptor signaling pathway","BP",1
"GO:0031016",0.226627244658983,0.958580188841267,4,5,"pancreas development","BP",1
"GO:0006096",0.227139528397794,0.900385591948323,10,15,"glycolytic process","BP",1
"GO:0003206",0.227300890753393,0.958391229014613,4,5,"cardiac chamber morphogenesis","BP",1
"GO:0003279",0.227300890753393,0.958391229014613,4,5,"cardiac septum development","BP",1
"GO:0003281",0.227300890753393,0.958391229014613,4,5,"ventricular septum development","BP",1
"GO:0060411",0.227300890753393,0.958391229014613,4,5,"cardiac septum morphogenesis","BP",1
"GO:0030155",0.227712553458695,0.854470506328878,27,45,"regulation of cell adhesion","BP",1
"GO:0035725",0.227995631359135,0.958195967900332,4,5,"sodium ion transmembrane transport","BP",1
"GO:0006486",0.228217840784291,0.920080842603733,7,10,"protein glycosylation","BP",1
"GO:0043413",0.228217840784291,0.920080842603733,7,10,"macromolecule glycosylation","BP",1
"GO:0010232",0.228467113435535,0.958063232673112,4,5,"vascular transport","BP",1
"GO:0150104",0.228467113435535,0.958063232673112,4,5,"transport across blood-brain barrier","BP",1
"GO:0045920",0.228611784149438,0.958022467825657,4,5,"negative regulation of exocytosis","BP",1
"GO:0033006",0.228878362013621,0.95794730803586,4,5,"regulation of mast cell activation involved in immune response","BP",1
"GO:0043304",0.228878362013621,0.95794730803586,4,5,"regulation of mast cell degranulation","BP",1
"GO:0071470",0.229157858834913,0.957868444099615,4,5,"cellular response to osmotic stress","BP",1
"GO:0042982",0.229477653825467,0.957778131938635,4,5,"amyloid precursor protein metabolic process","BP",1
"GO:0030488",0.230596829768557,0.95746141773422,4,5,"tRNA methylation","BP",1
"GO:0048259",0.230691327544197,0.957434629500576,4,5,"regulation of receptor-mediated endocytosis","BP",1
"GO:0006997",0.23079769593398,0.957404467533745,4,5,"nucleus organization","BP",1
"GO:1903307",0.230849729345181,0.957389709530735,4,5,"positive regulation of regulated secretory pathway","BP",1
"GO:0032456",0.231111674461167,0.957315381907423,4,5,"endocytic recycling","BP",1
"GO:0006941",0.231221305528769,0.957284257302969,4,5,"striated muscle contraction","BP",1
"GO:0008306",0.231976665859035,0.957069543468675,4,5,"associative learning","BP",1
"GO:1900180",0.232314322021646,0.918091434261137,7,10,"regulation of protein localization to nucleus","BP",1
"GO:1901362",0.23241118857111,0.811522580412439,133,238,"organic cyclic compound biosynthetic process","BP",1
"GO:0043124",0.232479904100024,0.956926239598283,4,5,"negative regulation of canonical NF-kappaB signal transduction","BP",1
"GO:0006638",0.232702184431142,0.956862876917917,4,5,"neutral lipid metabolic process","BP",1
"GO:0006639",0.232702184431142,0.956862876917917,4,5,"acylglycerol metabolic process","BP",1
"GO:0048639",0.232976107047289,0.956784738117233,4,5,"positive regulation of developmental growth","BP",1
"GO:0048667",0.233097332729866,0.87470944584692,15,24,"cell morphogenesis involved in neuron differentiation","BP",1
"GO:0051050",0.233159976755318,0.85634877111551,23,38,"positive regulation of transport","BP",1
"GO:0051438",0.233235210258366,0.956710770686745,4,5,"regulation of ubiquitin-protein transferase activity","BP",1
"GO:0016266",0.233235611820546,0.956710656008619,4,5,"O-glycan processing","BP",1
"GO:0009063",0.23427270104616,0.956414047681706,4,5,"amino acid catabolic process","BP",1
"GO:0072332",0.235333150321167,0.956109855841561,4,5,"intrinsic apoptotic signaling pathway by p53 class mediator","BP",1
"GO:2000351",0.235386164680999,0.956094624612564,4,5,"regulation of endothelial cell apoptotic process","BP",1
"GO:0006520",0.237930213931127,0.915336786022687,7,10,"amino acid metabolic process","BP",1
"GO:0048562",0.237977697352201,0.915313360184166,7,10,"embryonic organ morphogenesis","BP",1
"GO:0120163",0.238117134316953,0.955306917858538,4,5,"negative regulation of cold-induced thermogenesis","BP",1
"GO:0030031",0.238889799971128,0.860016111220188,19,31,"cell projection assembly","BP",1
"GO:0120031",0.238889799971128,0.860016111220188,19,31,"plasma membrane bounded cell projection assembly","BP",1
"GO:0032787",0.239040777227996,0.84586606337046,27,45,"monocarboxylic acid metabolic process","BP",1
"GO:0030038",0.239109025389871,0.914754553998538,7,10,"contractile actin filament bundle assembly","BP",1
"GO:0043149",0.239109025389871,0.914754553998538,7,10,"stress fiber assembly","BP",1
"GO:1903053",0.240054362589653,0.954744476226269,4,5,"regulation of extracellular matrix organization","BP",1
"GO:0002704",0.240183310902306,0.954706929796014,4,5,"negative regulation of leukocyte mediated immunity","BP",1
"GO:0006626",0.24132506458391,0.954373889488761,4,5,"protein targeting to mitochondrion","BP",1
"GO:0009262",0.241840894607865,0.954223077596311,4,5,"deoxyribonucleotide metabolic process","BP",1
"GO:0009394",0.241840894607865,0.954223077596311,4,5,"2'-deoxyribonucleotide metabolic process","BP",1
"GO:0019692",0.241840894607865,0.954223077596311,4,5,"deoxyribose phosphate metabolic process","BP",1
"GO:1903532",0.242595930593831,0.884557493372734,11,17,"positive regulation of secretion by cell","BP",1
"GO:0010720",0.242754899212433,0.857244289643031,19,31,"positive regulation of cell development","BP",1
"GO:0033865",0.243268289836396,0.912689114541934,7,10,"nucleoside bisphosphate metabolic process","BP",1
"GO:0033875",0.243268289836396,0.912689114541934,7,10,"ribonucleoside bisphosphate metabolic process","BP",1
"GO:0034032",0.243268289836396,0.912689114541934,7,10,"purine nucleoside bisphosphate metabolic process","BP",1
"GO:0050830",0.243379728382313,0.953771883284974,4,5,"defense response to Gram-positive bacterium","BP",1
"GO:1901137",0.244075370887683,0.842010821228668,27,45,"carbohydrate derivative biosynthetic process","BP",1
"GO:0014070",0.244294695392673,0.840238420735842,28,47,"response to organic cyclic compound","BP",1
"GO:0002376",0.245929649937684,0.805631398900532,92,163,"immune system process","BP",1
"GO:0016053",0.249591616449454,0.880210365782725,11,17,"organic acid biosynthetic process","BP",1
"GO:0046394",0.249591616449454,0.880210365782725,11,17,"carboxylic acid biosynthetic process","BP",1
"GO:0002443",0.24993531651826,0.843848383239721,23,38,"leukocyte mediated immunity","BP",1
"GO:0018130",0.250335191495033,0.796452626973456,125,224,"heterocycle biosynthetic process","BP",1
"GO:0046165",0.250747187592451,0.87948777250817,11,17,"alcohol biosynthetic process","BP",1
"GO:0032102",0.251111132011102,0.862474074359792,15,24,"negative regulation of response to external stimulus","BP",1
"GO:0001910",0.251618661021517,0.908490142626589,7,10,"regulation of leukocyte mediated cytotoxicity","BP",1
"GO:0010001",0.252909728289877,0.878132071600674,11,17,"glial cell differentiation","BP",1
"GO:0006753",0.252919591005536,0.843854048226834,22,36,"nucleoside phosphate metabolic process","BP",1
"GO:0002708",0.252946713310569,0.907815903205687,7,10,"positive regulation of lymphocyte mediated immunity","BP",1
"GO:0022008",0.253000660765605,0.813304109527291,51,89,"neurogenesis","BP",1
"GO:0031348",0.253620982180269,0.877685206852767,11,17,"negative regulation of defense response","BP",1
"GO:0001501",0.253648005623439,0.877668219089614,11,17,"skeletal system development","BP",1
"GO:0033993",0.256672754993069,0.824429031636032,33,56,"response to lipid","BP",1
"GO:0032946",0.257651450140885,0.893769604391372,8,12,"positive regulation of mononuclear cell proliferation","BP",1
"GO:0009743",0.258612691374357,0.893229167844444,8,12,"response to carbohydrate","BP",1
"GO:0009617",0.260475400436928,0.827633863918324,28,47,"response to bacterium","BP",1
"GO:0007010",0.260514895646216,0.806984312703354,51,89,"cytoskeleton organization","BP",1
"GO:0043068",0.260808315334043,0.841323616598581,20,33,"positive regulation of programmed cell death","BP",1
"GO:0070085",0.26184931287056,0.891402658934789,8,12,"glycosylation","BP",1
"GO:1903305",0.262106613680723,0.891257008268948,8,12,"regulation of regulated secretory pathway","BP",1
"GO:0003013",0.263481652661654,0.865242312087175,12,19,"circulatory system process","BP",1
"GO:0007264",0.264489133004714,0.835990002652362,21,35,"small GTPase mediated signal transduction","BP",1
"GO:0032640",0.26490220717988,0.889670239086627,8,12,"tumor necrosis factor production","BP",1
"GO:0032680",0.26490220717988,0.889670239086627,8,12,"regulation of tumor necrosis factor production","BP",1
"GO:0071706",0.26490220717988,0.889670239086627,8,12,"tumor necrosis factor superfamily cytokine production","BP",1
"GO:1903555",0.26490220717988,0.889670239086627,8,12,"regulation of tumor necrosis factor superfamily cytokine production","BP",1
"GO:0019932",0.265204990011109,0.864103182337989,12,19,"second-messenger-mediated signaling","BP",1
"GO:0055086",0.267590269041593,0.830453809049126,23,38,"nucleobase-containing small molecule metabolic process","BP",1
"GO:0000902",0.26772397710699,0.822525537955563,27,46,"cell morphogenesis","BP",1
"GO:0006351",0.269495890097396,0.782017909315227,106,190,"DNA-templated transcription","BP",1
"GO:0002695",0.269514125393798,0.887035469569002,8,12,"negative regulation of leukocyte activation","BP",1
"GO:0006120",0.269679234520072,0.945760009193064,4,5,"mitochondrial electron transport, NADH to ubiquinone","BP",1
"GO:1901796",0.269764221768582,0.886891983437997,8,12,"regulation of signal transduction by p53 class mediator","BP",1
"GO:0098657",0.270151516475506,0.82237453919514,26,44,"import into cell","BP",1
"GO:0016052",0.272283339041197,0.859395371687011,12,19,"carbohydrate catabolic process","BP",1
"GO:0071495",0.273035046381077,0.806507605339152,37,64,"cellular response to endogenous stimulus","BP",1
"GO:0034654",0.273827732083038,0.775492589644487,124,223,"nucleobase-containing compound biosynthetic process","BP",1
"GO:0032774",0.27394066737876,0.777862608141572,107,192,"RNA biosynthetic process","BP",1
"GO:0051094",0.275350256336381,0.805698222266835,36,62,"positive regulation of developmental process","BP",1
"GO:0019646",0.276820342189873,0.895394465951505,7,10,"aerobic electron transport chain","BP",1
"GO:0090101",0.276894589486757,0.916599943026224,5,7,"negative regulation of transmembrane receptor protein serine/threonine kinase signaling pathway","BP",1
"GO:0019438",0.277368570394907,0.772164490396321,125,225,"aromatic compound biosynthetic process","BP",1
"GO:0034329",0.277764873944175,0.850147600437346,13,21,"cell junction assembly","BP",1
"GO:0003018",0.278771590231886,0.915758287032983,5,7,"vascular process in circulatory system","BP",1
"GO:0008589",0.278929298441698,1,2,2,"regulation of smoothened signaling pathway","BP",1
"GO:2000008",0.278929298441909,1,2,2,"regulation of protein localization to cell surface","BP",1
"GO:1902004",0.278929298441948,1,2,2,"positive regulation of amyloid-beta formation","BP",1
"GO:1902993",0.278929298441948,1,2,2,"positive regulation of amyloid precursor protein catabolic process","BP",1
"GO:0030513",0.278929298442096,1,2,2,"positive regulation of BMP signaling pathway","BP",1
"GO:0016601",0.278929298442186,1,2,2,"Rac protein signal transduction","BP",1
"GO:0043576",0.278929298442213,1,2,2,"regulation of respiratory gaseous exchange","BP",1
"GO:0097104",0.278929298442224,1,2,2,"postsynaptic membrane assembly","BP",1
"GO:0021516",0.278929298442516,1,2,2,"dorsal spinal cord development","BP",1
"GO:0090128",0.27892933019513,1,2,2,"regulation of synapse maturation","BP",1
"GO:0071805",0.278929358855018,1,2,2,"potassium ion transmembrane transport","BP",1
"GO:0030048",0.278929430632216,1,2,2,"actin filament-based movement","BP",1
"GO:0030050",0.278929430632216,1,2,2,"vesicle transport along actin filament","BP",1
"GO:0099515",0.278929430632216,1,2,2,"actin filament-based transport","BP",1
"GO:0045779",0.278929950991673,1,2,2,"negative regulation of bone resorption","BP",1
"GO:0046851",0.278929950991673,1,2,2,"negative regulation of bone remodeling","BP",1
"GO:0002318",0.278935232727171,1,2,2,"myeloid progenitor cell differentiation","BP",1
"GO:0090136",0.278935232727378,1,2,2,"epithelial cell-cell adhesion","BP",1
"GO:0036010",0.278938373071359,1,2,2,"protein localization to endosome","BP",1
"GO:0035162",0.278949827094913,1,2,2,"embryonic hemopoiesis","BP",1
"GO:2000352",0.278960433422711,1,2,2,"negative regulation of endothelial cell apoptotic process","BP",1
"GO:0072089",0.278960433422785,1,2,2,"stem cell proliferation","BP",1
"GO:0072091",0.278960433422785,1,2,2,"regulation of stem cell proliferation","BP",1
"GO:2000648",0.278960433422785,1,2,2,"positive regulation of stem cell proliferation","BP",1
"GO:0045341",0.278970566183093,1,2,2,"MHC class I biosynthetic process","BP",1
"GO:0045343",0.278970566183093,1,2,2,"regulation of MHC class I biosynthetic process","BP",1
"GO:0045345",0.278970566183093,1,2,2,"positive regulation of MHC class I biosynthetic process","BP",1
"GO:0060976",0.278982981921217,1,2,2,"coronary vasculature development","BP",1
"GO:0003151",0.278982981921327,1,2,2,"outflow tract morphogenesis","BP",1
"GO:0072337",0.278991963581767,1,2,2,"modified amino acid transport","BP",1
"GO:0006369",0.279006667953789,1,2,2,"termination of RNA polymerase II transcription","BP",1
"GO:0006378",0.279006667953789,1,2,2,"mRNA polyadenylation","BP",1
"GO:0051127",0.279016832405602,1,2,2,"positive regulation of actin nucleation","BP",1
"GO:0032303",0.279070246928743,1,2,2,"regulation of icosanoid secretion","BP",1
"GO:0032309",0.279070246928743,1,2,2,"icosanoid secretion","BP",1
"GO:0032604",0.279070246928964,1,2,2,"granulocyte macrophage colony-stimulating factor production","BP",1
"GO:0032645",0.279070246928964,1,2,2,"regulation of granulocyte macrophage colony-stimulating factor production","BP",1
"GO:0002092",0.279070246929099,1,2,2,"positive regulation of receptor internalization","BP",1
"GO:0010543",0.279070246929191,1,2,2,"regulation of platelet activation","BP",1
"GO:0034110",0.279070246929191,1,2,2,"regulation of homotypic cell-cell adhesion","BP",1
"GO:0038063",0.279070246929191,1,2,2,"collagen-activated tyrosine kinase receptor signaling pathway","BP",1
"GO:0038065",0.279070246929191,1,2,2,"collagen-activated signaling pathway","BP",1
"GO:0090330",0.279070246929191,1,2,2,"regulation of platelet aggregation","BP",1
"GO:0032762",0.279076181039969,1,2,2,"mast cell cytokine production","BP",1
"GO:0032763",0.279076181039969,1,2,2,"regulation of mast cell cytokine production","BP",1
"GO:0032765",0.279076181039969,1,2,2,"positive regulation of mast cell cytokine production","BP",1
"GO:0048066",0.279088255830282,1,2,2,"developmental pigmentation","BP",1
"GO:0003357",0.279149332662208,1,2,2,"noradrenergic neuron differentiation","BP",1
"GO:0048483",0.279149332662208,1,2,2,"autonomic nervous system development","BP",1
"GO:0048485",0.279149332662208,1,2,2,"sympathetic nervous system development","BP",1
"GO:0003170",0.279203013676356,1,2,2,"heart valve development","BP",1
"GO:0003171",0.279203013676356,1,2,2,"atrioventricular valve development","BP",1
"GO:0003174",0.279203013676356,1,2,2,"mitral valve development","BP",1
"GO:0003179",0.279203013676356,1,2,2,"heart valve morphogenesis","BP",1
"GO:0003181",0.279203013676356,1,2,2,"atrioventricular valve morphogenesis","BP",1
"GO:0003183",0.279203013676356,1,2,2,"mitral valve morphogenesis","BP",1
"GO:0002732",0.279232949010168,1,2,2,"positive regulation of dendritic cell cytokine production","BP",1
"GO:0045588",0.279290274667328,1,2,2,"positive regulation of gamma-delta T cell differentiation","BP",1
"GO:0046645",0.279290274667328,1,2,2,"positive regulation of gamma-delta T cell activation","BP",1
"GO:0099054",0.279332277338864,1,2,2,"presynapse assembly","BP",1
"GO:0099172",0.279332277338864,1,2,2,"presynapse organization","BP",1
"GO:0006654",0.279359925942875,1,2,2,"phosphatidic acid biosynthetic process","BP",1
"GO:0046473",0.279359925942875,1,2,2,"phosphatidic acid metabolic process","BP",1
"GO:1903421",0.279359925942906,1,2,2,"regulation of synaptic vesicle recycling","BP",1
"GO:1901985",0.279447035588003,1,2,2,"positive regulation of protein acetylation","BP",1
"GO:2000758",0.279447035588003,1,2,2,"positive regulation of peptidyl-lysine acetylation","BP",1
"GO:0034315",0.279616579274472,1,2,2,"regulation of Arp2/3 complex-mediated actin nucleation","BP",1
"GO:1902743",0.279616579274472,1,2,2,"regulation of lamellipodium organization","BP",1
"GO:1902745",0.279616579274472,1,2,2,"positive regulation of lamellipodium organization","BP",1
"GO:0002449",0.279835283762227,0.838177210547012,16,26,"lymphocyte mediated immunity","BP",1
"GO:0061484",0.28022565902434,1,2,2,"hematopoietic stem cell homeostasis","BP",1
"GO:0045736",0.280287844097876,1,2,2,"negative regulation of cyclin-dependent protein serine/threonine kinase activity","BP",1
"GO:1904030",0.280287844097876,1,2,2,"negative regulation of cyclin-dependent protein kinase activity","BP",1
"GO:0007062",0.280287844098141,1,2,2,"sister chromatid cohesion","BP",1
"GO:0060251",0.280422072034639,1,2,2,"regulation of glial cell proliferation","BP",1
"GO:0010812",0.280432481059667,1,2,2,"negative regulation of cell-substrate adhesion","BP",1
"GO:1900025",0.280432481059667,1,2,2,"negative regulation of substrate adhesion-dependent cell spreading","BP",1
"GO:0070528",0.280436203878355,1,2,2,"protein kinase C signaling","BP",1
"GO:0010560",0.280437700102483,1,2,2,"positive regulation of glycoprotein biosynthetic process","BP",1
"GO:1903020",0.280437700102483,1,2,2,"positive regulation of glycoprotein metabolic process","BP",1
"GO:2001237",0.280468825079947,1,2,2,"negative regulation of extrinsic apoptotic signaling pathway","BP",1
"GO:0008631",0.28053059147223,1,2,2,"intrinsic apoptotic signaling pathway in response to oxidative stress","BP",1
"GO:0051341",0.280643658050539,1,2,2,"regulation of oxidoreductase activity","BP",1
"GO:0007422",0.280690919274172,1,2,2,"peripheral nervous system development","BP",1
"GO:0010811",0.281030268565126,0.91474085985831,5,7,"positive regulation of cell-substrate adhesion","BP",1
"GO:0005984",0.281163332095246,1,2,2,"disaccharide metabolic process","BP",1
"GO:0003009",0.281172402358517,1,2,2,"skeletal muscle contraction","BP",1
"GO:0050879",0.281172402358517,1,2,2,"multicellular organismal movement","BP",1
"GO:0050881",0.281172402358517,1,2,2,"musculoskeletal movement","BP",1
"GO:0035136",0.281580765876648,1,2,2,"forelimb morphogenesis","BP",1
"GO:0097009",0.281695417480449,1,2,2,"energy homeostasis","BP",1
"GO:1900181",0.28169541748082,1,2,2,"negative regulation of protein localization to nucleus","BP",1
"GO:0048011",0.281790810312375,1,2,2,"neurotrophin TRK receptor signaling pathway","BP",1
"GO:0042733",0.281873179463007,1,2,2,"embryonic digit morphogenesis","BP",1
"GO:0002328",0.281915319086978,1,2,2,"pro-B cell differentiation","BP",1
"GO:0035065",0.281992954483731,1,2,2,"regulation of histone acetylation","BP",1
"GO:0031102",0.282066791514081,1,2,2,"neuron projection regeneration","BP",1
"GO:0031103",0.282066791514081,1,2,2,"axon regeneration","BP",1
"GO:0002115",0.282269373194246,1,2,2,"store-operated calcium entry","BP",1
"GO:2001256",0.282269373194246,1,2,2,"regulation of store-operated calcium entry","BP",1
"GO:0071389",0.282410018712248,1,2,2,"cellular response to mineralocorticoid stimulus","BP",1
"GO:0110096",0.282410018712248,1,2,2,"cellular response to aldehyde","BP",1
"GO:1904044",0.282410018712248,1,2,2,"response to aldosterone","BP",1
"GO:1904045",0.282410018712248,1,2,2,"cellular response to aldosterone","BP",1
"GO:0002720",0.28243859301165,0.914103917033018,5,7,"positive regulation of cytokine production involved in immune response","BP",1
"GO:1903651",0.282745889599993,1,2,2,"positive regulation of cytoplasmic transport","BP",1
"GO:0030520",0.282745889600356,1,2,2,"intracellular estrogen receptor signaling pathway","BP",1
"GO:0033146",0.282745889600356,1,2,2,"regulation of intracellular estrogen receptor signaling pathway","BP",1
"GO:0000096",0.282761938045907,1,2,2,"sulfur amino acid metabolic process","BP",1
"GO:1903214",0.282786144750995,1,2,2,"regulation of protein targeting to mitochondrion","BP",1
"GO:1903749",0.282786144750995,1,2,2,"positive regulation of establishment of protein localization to mitochondrion","BP",1
"GO:1903955",0.282786144750995,1,2,2,"positive regulation of protein targeting to mitochondrion","BP",1
"GO:0045773",0.282802173621557,1,2,2,"positive regulation of axon extension","BP",1
"GO:0048538",0.282870946689009,1,2,2,"thymus development","BP",1
"GO:0033262",0.282870946689511,1,2,2,"regulation of nuclear cell cycle DNA replication","BP",1
"GO:0034332",0.2829360986104,1,2,2,"adherens junction organization","BP",1
"GO:0034333",0.2829360986104,1,2,2,"adherens junction assembly","BP",1
"GO:0031554",0.282948248694848,1,2,2,"regulation of termination of DNA-templated transcription","BP",1
"GO:0031346",0.282955258032297,0.846545569180439,13,21,"positive regulation of cell projection organization","BP",1
"GO:0032924",0.282989734446016,1,2,2,"activin receptor signaling pathway","BP",1
"GO:0032925",0.282989734446016,1,2,2,"regulation of activin receptor signaling pathway","BP",1
"GO:0032926",0.282989734446016,1,2,2,"negative regulation of activin receptor signaling pathway","BP",1
"GO:0034616",0.282989734446016,1,2,2,"response to laminar fluid shear stress","BP",1
"GO:0042129",0.283027760660466,0.913836870450918,5,7,"regulation of T cell proliferation","BP",1
"GO:0033033",0.283069171562606,1,2,2,"negative regulation of myeloid cell apoptotic process","BP",1
"GO:2000110",0.283069171562606,1,2,2,"negative regulation of macrophage apoptotic process","BP",1
"GO:0030327",0.28307752832051,1,2,2,"prenylated protein catabolic process","BP",1
"GO:0043516",0.283090788510344,1,2,2,"regulation of DNA damage response, signal transduction by p53 class mediator","BP",1
"GO:0003208",0.283155937058656,1,2,2,"cardiac ventricle morphogenesis","BP",1
"GO:0019835",0.283159233546309,1,2,2,"cytolysis","BP",1
"GO:0051715",0.283159233546309,1,2,2,"cytolysis in another organism","BP",1
"GO:0140639",0.283159233546309,1,2,2,"positive regulation of pyroptosis","BP",1
"GO:0099188",0.283310024205926,1,2,2,"postsynaptic cytoskeleton organization","BP",1
"GO:1904707",0.283315816736751,1,2,2,"positive regulation of vascular associated smooth muscle cell proliferation","BP",1
"GO:0010801",0.283366341745618,1,2,2,"negative regulation of peptidyl-threonine phosphorylation","BP",1
"GO:0006904",0.283858336791669,1,2,2,"vesicle docking involved in exocytosis","BP",1
"GO:0033004",0.284332016326868,1,2,2,"negative regulation of mast cell activation","BP",1
"GO:0033007",0.284332016326868,1,2,2,"negative regulation of mast cell activation involved in immune response","BP",1
"GO:0043301",0.284332016326868,1,2,2,"negative regulation of leukocyte degranulation","BP",1
"GO:0043305",0.284332016326868,1,2,2,"negative regulation of mast cell degranulation","BP",1
"GO:0007265",0.284388077738316,0.84554692437379,13,21,"Ras protein signal transduction","BP",1
"GO:0046641",0.284472792361957,1,2,2,"positive regulation of alpha-beta T cell proliferation","BP",1
"GO:0032007",0.284555134498579,1,2,2,"negative regulation of TOR signaling","BP",1
"GO:0006493",0.284557341082563,0.913141963026522,5,7,"protein O-linked glycosylation","BP",1
"GO:0007611",0.28481395972691,0.868048504138017,9,14,"learning or memory","BP",1
"GO:0002065",0.284828917205557,0.913018339702426,5,7,"columnar/cuboidal epithelial cell differentiation","BP",1
"GO:0070861",0.284838543271597,1,2,2,"regulation of protein exit from endoplasmic reticulum","BP",1
"GO:0032387",0.284838543271839,1,2,2,"negative regulation of intracellular transport","BP",1
"GO:0045939",0.284838543271839,1,2,2,"negative regulation of steroid metabolic process","BP",1
"GO:0072595",0.284839106210123,1,2,2,"maintenance of protein localization in organelle","BP",1
"GO:1901605",0.284863008233848,0.913002816054579,5,7,"alpha-amino acid metabolic process","BP",1
"GO:0031053",0.284972058011894,1,2,2,"primary miRNA processing","BP",1
"GO:0007076",0.285066122386245,1,2,2,"mitotic chromosome condensation","BP",1
"GO:0045945",0.285173242240878,1,2,2,"positive regulation of transcription by RNA polymerase III","BP",1
"GO:0060395",0.285371673653791,0.912771053635073,5,7,"SMAD protein signal transduction","BP",1
"GO:0042130",0.285411368903676,1,2,2,"negative regulation of T cell proliferation","BP",1
"GO:0046642",0.285411368903676,1,2,2,"negative regulation of alpha-beta T cell proliferation","BP",1
"GO:0046459",0.285442490365673,1,2,2,"short-chain fatty acid metabolic process","BP",1
"GO:0006721",0.285469289223286,0.912726547798906,5,7,"terpenoid metabolic process","BP",1
"GO:0032623",0.285693257759737,1,2,2,"interleukin-2 production","BP",1
"GO:0032663",0.285693257759737,1,2,2,"regulation of interleukin-2 production","BP",1
"GO:0006646",0.285857072288212,1,2,2,"phosphatidylethanolamine biosynthetic process","BP",1
"GO:0046337",0.285857072288212,1,2,2,"phosphatidylethanolamine metabolic process","BP",1
"GO:0033555",0.285857492490652,1,2,2,"multicellular organismal response to stress","BP",1
"GO:0007289",0.285881967741256,1,2,2,"spermatid nucleus differentiation","BP",1
"GO:0033005",0.286022689245511,1,2,2,"positive regulation of mast cell activation","BP",1
"GO:0050795",0.286177515999417,1,2,2,"regulation of behavior","BP",1
"GO:0010893",0.286177515999456,1,2,2,"positive regulation of steroid biosynthetic process","BP",1
"GO:0045940",0.286177515999456,1,2,2,"positive regulation of steroid metabolic process","BP",1
"GO:0046889",0.286177515999456,1,2,2,"positive regulation of lipid biosynthetic process","BP",1
"GO:0034143",0.286177515999887,1,2,2,"regulation of toll-like receptor 4 signaling pathway","BP",1
"GO:0034144",0.286177515999887,1,2,2,"negative regulation of toll-like receptor 4 signaling pathway","BP",1
"GO:0008206",0.286183440299268,1,2,2,"bile acid metabolic process","BP",1
"GO:1904251",0.286183440299268,1,2,2,"regulation of bile acid metabolic process","BP",1
"GO:0062014",0.28632511528138,0.912335945697527,5,7,"negative regulation of small molecule metabolic process","BP",1
"GO:0006521",0.286536496551089,1,2,2,"regulation of cellular amino acid metabolic process","BP",1
"GO:0006855",0.286783355932304,1,2,2,"xenobiotic transmembrane transport","BP",1
"GO:0070296",0.286804900722225,1,2,2,"sarcoplasmic reticulum calcium ion transport","BP",1
"GO:0051444",0.286805338583282,1,2,2,"negative regulation of ubiquitin-protein transferase activity","BP",1
"GO:1904375",0.287022250367473,0.912017232418329,5,7,"regulation of protein localization to cell periphery","BP",1
"GO:0021544",0.2870627715953,1,2,2,"subpallium development","BP",1
"GO:0051489",0.287203970605091,0.911934074888406,5,7,"regulation of filopodium assembly","BP",1
"GO:0045740",0.287277722585076,1,2,2,"positive regulation of DNA replication","BP",1
"GO:0046825",0.287375938866061,1,2,2,"regulation of protein export from nucleus","BP",1
"GO:0098876",0.287737623996823,0.911689678254253,5,7,"vesicle-mediated transport to the plasma membrane","BP",1
"GO:0022604",0.287764832793716,0.866201135675248,9,14,"regulation of cell morphogenesis","BP",1
"GO:0021895",0.287764901645535,1,2,2,"cerebral cortex neuron differentiation","BP",1
"GO:0002377",0.287887985701662,0.911620766094736,5,7,"immunoglobulin production","BP",1
"GO:0072348",0.287893623238251,1,2,2,"sulfur compound transport","BP",1
"GO:0002792",0.287893623238818,1,2,2,"negative regulation of peptide secretion","BP",1
"GO:0046676",0.287893623238818,1,2,2,"negative regulation of insulin secretion","BP",1
"GO:0046888",0.287893623238818,1,2,2,"negative regulation of hormone secretion","BP",1
"GO:0090278",0.287893623238818,1,2,2,"negative regulation of peptide hormone secretion","BP",1
"GO:0042770",0.287921372841083,0.866102896447776,9,14,"signal transduction in response to DNA damage","BP",1
"GO:0097084",0.287977188875334,1,2,2,"vascular associated smooth muscle cell development","BP",1
"GO:1905063",0.287983078691658,1,2,2,"regulation of vascular associated smooth muscle cell differentiation","BP",1
"GO:1905065",0.287983078691658,1,2,2,"positive regulation of vascular associated smooth muscle cell differentiation","BP",1
"GO:0002761",0.287991057157481,0.911573514492453,5,7,"regulation of myeloid leukocyte differentiation","BP",1
"GO:0030278",0.288060662490672,0.911541598962379,5,7,"regulation of ossification","BP",1
"GO:0046461",0.288066088609062,1,2,2,"neutral lipid catabolic process","BP",1
"GO:0046464",0.288066088609062,1,2,2,"acylglycerol catabolic process","BP",1
"GO:0046503",0.288066088609062,1,2,2,"glycerolipid catabolic process","BP",1
"GO:0030111",0.28819430222464,0.865931557703692,9,14,"regulation of Wnt signaling pathway","BP",1
"GO:0002407",0.288264519746725,1,2,2,"dendritic cell chemotaxis","BP",1
"GO:0036336",0.288264519746725,1,2,2,"dendritic cell migration","BP",1
"GO:0032330",0.288306451364554,1,2,2,"regulation of chondrocyte differentiation","BP",1
"GO:0002707",0.288333635697163,1,2,2,"negative regulation of lymphocyte mediated immunity","BP",1
"GO:0030205",0.288513338280848,1,2,2,"dermatan sulfate metabolic process","BP",1
"GO:0030208",0.288513338280848,1,2,2,"dermatan sulfate biosynthetic process","BP",1
"GO:0050651",0.288513338280848,1,2,2,"dermatan sulfate proteoglycan biosynthetic process","BP",1
"GO:0050655",0.288513338280848,1,2,2,"dermatan sulfate proteoglycan metabolic process","BP",1
"GO:0052779",0.288513338280848,1,2,2,"amino disaccharide metabolic process","BP",1
"GO:0042551",0.288719902031497,1,2,2,"neuron maturation","BP",1
"GO:0048026",0.288881306023138,1,2,2,"positive regulation of mRNA splicing, via spliceosome","BP",1
"GO:0050685",0.288881306023138,1,2,2,"positive regulation of mRNA processing","BP",1
"GO:0017156",0.288900626382536,1,2,2,"calcium-ion regulated exocytosis","BP",1
"GO:0071276",0.28896519458276,1,2,2,"cellular response to cadmium ion","BP",1
"GO:0015844",0.2890412353241,1,2,2,"monoamine transport","BP",1
"GO:0090335",0.28914250556274,1,2,2,"regulation of brown fat cell differentiation","BP",1
"GO:0048546",0.289226267401793,1,2,2,"digestive tract morphogenesis","BP",1
"GO:0048557",0.289226267401793,1,2,2,"embryonic digestive tract morphogenesis","BP",1
"GO:0060644",0.289226267402022,1,2,2,"mammary gland epithelial cell differentiation","BP",1
"GO:0045337",0.289375065254526,1,2,2,"farnesyl diphosphate biosynthetic process","BP",1
"GO:0030030",0.289417534753959,0.785912270332572,45,79,"cell projection organization","BP",1
"GO:0120036",0.289417534753959,0.785912270332572,45,79,"plasma membrane bounded cell projection organization","BP",1
"GO:0046598",0.289587694539368,1,2,2,"positive regulation of viral entry into host cell","BP",1
"GO:0075294",0.289587694539368,1,2,2,"positive regulation by symbiont of entry into host","BP",1
"GO:0099638",0.289704424629697,1,2,2,"endosome to plasma membrane protein transport","BP",1
"GO:0009954",0.289708980410775,1,2,2,"proximal/distal pattern formation","BP",1
"GO:0042304",0.28995482852017,1,2,2,"regulation of fatty acid biosynthetic process","BP",1
"GO:0045717",0.28995482852017,1,2,2,"negative regulation of fatty acid biosynthetic process","BP",1
"GO:0045922",0.28995482852017,1,2,2,"negative regulation of fatty acid metabolic process","BP",1
"GO:0010934",0.289979062320948,1,2,2,"macrophage cytokine production","BP",1
"GO:0010935",0.289979062320948,1,2,2,"regulation of macrophage cytokine production","BP",1
"GO:0030422",0.290157379680537,1,2,2,"siRNA processing","BP",1
"GO:0014015",0.290715242548936,1,2,2,"positive regulation of gliogenesis","BP",1
"GO:0002220",0.290987933989154,0.910195013159771,5,7,"innate immune response activating cell surface receptor signaling pathway","BP",1
"GO:1901617",0.291419929818444,0.840618981335892,13,21,"organic hydroxy compound biosynthetic process","BP",1
"GO:0006020",0.291539355994905,1,2,2,"inositol metabolic process","BP",1
"GO:0010226",0.291539387647906,1,2,2,"response to lithium ion","BP",1
"GO:0070914",0.291544881664826,1,2,2,"UV-damage excision repair","BP",1
"GO:0002069",0.291555934072519,1,2,2,"columnar/cuboidal epithelial cell maturation","BP",1
"GO:0051223",0.292026053672581,0.821921450319824,18,30,"regulation of protein transport","BP",1
"GO:0070201",0.292026053672581,0.821921450319824,18,30,"regulation of establishment of protein localization","BP",1
"GO:0032231",0.292238801641792,0.909616991177144,5,7,"regulation of actin filament bundle assembly","BP",1
"GO:0051492",0.292238801641792,0.909616991177144,5,7,"regulation of stress fiber assembly","BP",1
"GO:0110020",0.292238801641792,0.909616991177144,5,7,"regulation of actomyosin structure organization","BP",1
"GO:0008625",0.292367094268402,0.909557619274215,5,7,"extrinsic apoptotic signaling pathway via death domain receptors","BP",1
"GO:0044283",0.292417725684942,0.802831804660444,27,46,"small molecule biosynthetic process","BP",1
"GO:0019065",0.292418676120581,1,2,2,"receptor-mediated endocytosis of virus by host cell","BP",1
"GO:0075509",0.292418676120581,1,2,2,"endocytosis involved in viral entry into host cell","BP",1
"GO:0045063",0.292455586140777,1,2,2,"T-helper 1 cell differentiation","BP",1
"GO:0035721",0.292875205925785,1,2,2,"intraciliary retrograde transport","BP",1
"GO:0019400",0.292885237311025,1,2,2,"alditol metabolic process","BP",1
"GO:1904888",0.292959783839658,1,2,2,"cranial skeletal system development","BP",1
"GO:0006888",0.292978424713146,0.909274479005531,5,7,"endoplasmic reticulum to Golgi vesicle-mediated transport","BP",1
"GO:0007020",0.293331233933342,1,2,2,"microtubule nucleation","BP",1
"GO:0010968",0.293331233933342,1,2,2,"regulation of microtubule nucleation","BP",1
"GO:0097028",0.293466621441606,1,2,2,"dendritic cell differentiation","BP",1
"GO:0006955",0.294012893058243,0.769312798129417,70,124,"immune response","BP",1
"GO:1901992",0.294074105368226,0.908766075870318,5,7,"positive regulation of mitotic cell cycle phase transition","BP",1
"GO:0043007",0.294105379873436,1,2,2,"maintenance of rDNA","BP",1
"GO:1902253",0.294131998784929,1,2,2,"regulation of intrinsic apoptotic signaling pathway by p53 class mediator","BP",1
"GO:1902229",0.294131998785149,1,2,2,"regulation of intrinsic apoptotic signaling pathway in response to DNA damage","BP",1
"GO:0061620",0.294232117448122,0.908692658241739,5,7,"glycolytic process through glucose-6-phosphate","BP",1
"GO:0022010",0.294523488281338,1,2,2,"central nervous system myelination","BP",1
"GO:0032291",0.294523488281338,1,2,2,"axon ensheathment in central nervous system","BP",1
"GO:0006730",0.295375879536295,1,2,2,"one-carbon metabolic process","BP",1
"GO:0051262",0.296307636625288,0.907725985799984,5,7,"protein tetramerization","BP",1
"GO:0021545",0.296380988452553,1,2,2,"cranial nerve development","BP",1
"GO:0021554",0.296380988452553,1,2,2,"optic nerve development","BP",1
"GO:0048710",0.296454643614882,1,2,2,"regulation of astrocyte differentiation","BP",1
"GO:0006221",0.296595856861435,1,2,2,"pyrimidine nucleotide biosynthetic process","BP",1
"GO:0006235",0.296595856861435,1,2,2,"dTTP biosynthetic process","BP",1
"GO:0009147",0.296595856861435,1,2,2,"pyrimidine nucleoside triphosphate metabolic process","BP",1
"GO:0009148",0.296595856861435,1,2,2,"pyrimidine nucleoside triphosphate biosynthetic process","BP",1
"GO:0009211",0.296595856861435,1,2,2,"pyrimidine deoxyribonucleoside triphosphate metabolic process","BP",1
"GO:0009212",0.296595856861435,1,2,2,"pyrimidine deoxyribonucleoside triphosphate biosynthetic process","BP",1
"GO:0009221",0.296595856861435,1,2,2,"pyrimidine deoxyribonucleotide biosynthetic process","BP",1
"GO:0046075",0.296595856861435,1,2,2,"dTTP metabolic process","BP",1
"GO:0051017",0.296778143164223,0.86050551812993,9,14,"actin filament bundle assembly","BP",1
"GO:0061572",0.296778143164223,0.86050551812993,9,14,"actin filament bundle organization","BP",1
"GO:0021762",0.297239539270547,1,2,2,"substantia nigra development","BP",1
"GO:0048857",0.297239539270547,1,2,2,"neural nucleus development","BP",1
"GO:0002544",0.297446226653085,1,2,2,"chronic inflammatory response","BP",1
"GO:0045191",0.29764884728104,1,2,2,"regulation of isotype switching","BP",1
"GO:0006026",0.297993551506122,1,2,2,"aminoglycan catabolic process","BP",1
"GO:0006030",0.297993551506122,1,2,2,"chitin metabolic process","BP",1
"GO:0006032",0.297993551506122,1,2,2,"chitin catabolic process","BP",1
"GO:0046348",0.297993551506122,1,2,2,"amino sugar catabolic process","BP",1
"GO:1901071",0.297993551506122,1,2,2,"glucosamine-containing compound metabolic process","BP",1
"GO:1901072",0.297993551506122,1,2,2,"glucosamine-containing compound catabolic process","BP",1
"GO:0010038",0.298665636214271,0.835494502389371,13,21,"response to metal ion","BP",1
"GO:0043154",0.29872805689766,1,2,2,"negative regulation of cysteine-type endopeptidase activity involved in apoptotic process","BP",1
"GO:0002714",0.298882643355344,1,2,2,"positive regulation of B cell mediated immunity","BP",1
"GO:0002891",0.298882643355344,1,2,2,"positive regulation of immunoglobulin mediated immune response","BP",1
"GO:0035455",0.299590628578419,1,2,2,"response to interferon-alpha","BP",1
"GO:0001944",0.299990262761415,0.801430062686815,24,41,"vasculature development","BP",1
"GO:0072359",0.300183525500069,0.793078660007764,29,50,"circulatory system development","BP",1
"GO:0072530",0.300280254658593,1,2,2,"purine-containing compound transmembrane transport","BP",1
"GO:0061795",0.300481413533324,1,2,2,"Golgi lumen acidification","BP",1
"GO:0000079",0.300857987431095,0.905591563827257,5,7,"regulation of cyclin-dependent protein serine/threonine kinase activity","BP",1
"GO:1904029",0.300857987431095,0.905591563827257,5,7,"regulation of cyclin-dependent protein kinase activity","BP",1
"GO:1901569",0.301479785110918,1,2,2,"fatty acid derivative catabolic process","BP",1
"GO:0010466",0.302284168529783,0.904918312330617,5,7,"negative regulation of peptidase activity","BP",1
"GO:0031960",0.303354711236653,0.90441160239005,5,7,"response to corticosteroid","BP",1
"GO:0001675",0.303510907719761,1,2,2,"acrosome assembly","BP",1
"GO:0009117",0.303727958708511,0.805806642733527,21,35,"nucleotide metabolic process","BP",1
"GO:0009129",0.304015285469117,1,2,2,"pyrimidine nucleoside monophosphate metabolic process","BP",1
"GO:0009176",0.304015285469117,1,2,2,"pyrimidine deoxyribonucleoside monophosphate metabolic process","BP",1
"GO:0006091",0.304136053781273,0.795264626899697,26,44,"generation of precursor metabolites and energy","BP",1
"GO:0085029",0.304246129426318,1,2,2,"extracellular matrix assembly","BP",1
"GO:0042273",0.304724985763005,0.903761340815334,5,7,"ribosomal large subunit biogenesis","BP",1
"GO:0006644",0.306948948182627,0.824292345788723,14,23,"phospholipid metabolic process","BP",1
"GO:0007096",0.30833481413173,1,2,2,"regulation of exit from mitosis","BP",1
"GO:1902600",0.309899930182502,0.86305551342122,8,12,"proton transmembrane transport","BP",1
"GO:0050708",0.311768089517534,0.841910442638417,10,16,"regulation of protein secretion","BP",1
"GO:0022900",0.313150919516572,0.86105416155635,8,12,"electron transport chain","BP",1
"GO:0000122",0.313615831496934,0.781998339461222,29,50,"negative regulation of transcription by RNA polymerase II","BP",1
"GO:0051235",0.314058796979864,0.81906051950578,14,23,"maintenance of location","BP",1
"GO:1901888",0.314273314776355,0.87882170571193,6,9,"regulation of cell junction assembly","BP",1
"GO:0048638",0.316236736601334,0.838870280398406,10,16,"regulation of developmental growth","BP",1
"GO:0002274",0.31623830045052,0.838869213109436,10,16,"myeloid leukocyte activation","BP",1
"GO:1901700",0.317134419535849,0.757884383541581,51,90,"response to oxygen-containing compound","BP",1
"GO:0030100",0.317651945148559,0.876925601352477,6,9,"regulation of endocytosis","BP",1
"GO:0010257",0.318251166027368,0.897240742809207,5,7,"NADH dehydrogenase complex assembly","BP",1
"GO:0032981",0.318251166027368,0.897240742809207,5,7,"mitochondrial respiratory chain complex I assembly","BP",1
"GO:0033108",0.318251166027368,0.897240742809207,5,7,"mitochondrial respiratory chain complex assembly","BP",1
"GO:0120162",0.318454805955092,0.876473291615293,6,9,"positive regulation of cold-induced thermogenesis","BP",1
"GO:0008361",0.318812867846988,0.876271353716756,6,9,"regulation of cell size","BP",1
"GO:0071322",0.319776397400661,0.875727286374032,6,9,"cellular response to carbohydrate stimulus","BP",1
"GO:0001678",0.319776657201474,0.875727139544712,6,9,"intracellular glucose homeostasis","BP",1
"GO:0060828",0.320292013494942,0.875435742208344,6,9,"regulation of canonical Wnt signaling pathway","BP",1
"GO:0099003",0.320295931961975,0.875433525537115,6,9,"vesicle-mediated transport in synapse","BP",1
"GO:0099504",0.320295931961975,0.875433525537115,6,9,"synaptic vesicle cycle","BP",1
"GO:0003002",0.320404634897443,0.836017460575602,10,16,"regionalization","BP",1
"GO:0007389",0.320404634897443,0.836017460575602,10,16,"pattern specification process","BP",1
"GO:1903531",0.320652197138456,0.875231920177633,6,9,"negative regulation of secretion by cell","BP",1
"GO:0044782",0.323095246986085,0.83416694967755,10,16,"cilium organization","BP",1
"GO:0001701",0.323234699694008,0.807388009930731,15,25,"in utero embryonic development","BP",1
"GO:0051651",0.323322938014671,0.834010032600764,10,16,"maintenance of location in cell","BP",1
"GO:0060537",0.323766972095573,0.833703875884874,10,16,"muscle tissue development","BP",1
"GO:0009719",0.32449284165865,0.756927856028263,43,76,"response to endogenous stimulus","BP",1
"GO:0030178",0.325266159596726,0.872609020838611,6,9,"negative regulation of Wnt signaling pathway","BP",1
"GO:0098781",0.325299561065599,0.872589952308858,6,9,"ncRNA transcription","BP",1
"GO:0140747",0.325299561065599,0.872589952308858,6,9,"regulation of ncRNA transcription","BP",1
"GO:0072659",0.325889357581282,0.872253052468933,6,9,"protein localization to plasma membrane","BP",1
"GO:0009755",0.32596755645017,0.872208356982566,6,9,"hormone-mediated signaling pathway","BP",1
"GO:0007417",0.326438829086218,0.777787340613531,25,43,"central nervous system development","BP",1
"GO:0019221",0.326527131019472,0.8048832470862,15,25,"cytokine-mediated signaling pathway","BP",1
"GO:0030182",0.328324772654448,0.758067135759059,38,67,"neuron differentiation","BP",1
"GO:0048709",0.32870151515713,0.870641721032697,6,9,"oligodendrocyte differentiation","BP",1
"GO:1904019",0.328779255578759,0.870597059498934,6,9,"epithelial cell apoptotic process","BP",1
"GO:0002250",0.329421747152504,0.76880255137507,29,50,"adaptive immune response","BP",1
"GO:0070555",0.330176815380165,0.869793090550915,6,9,"response to interleukin-1","BP",1
"GO:0006360",0.330690431531162,0.869497111589343,6,9,"transcription by RNA polymerase I","BP",1
"GO:0048705",0.331045717535294,0.869292211338353,6,9,"skeletal system morphogenesis","BP",1
"GO:0050728",0.33165581918769,0.868940045987807,6,9,"negative regulation of inflammatory response","BP",1
"GO:0050890",0.331878458074302,0.820179374316609,11,18,"cognition","BP",1
"GO:0043281",0.334313887078006,0.867401198367287,6,9,"regulation of cysteine-type endopeptidase activity involved in apoptotic process","BP",1
"GO:0043123",0.334468404375797,0.867311515299337,6,9,"positive regulation of canonical NF-kappaB signal transduction","BP",1
"GO:0030198",0.335266777093483,0.866847734591506,6,9,"extracellular matrix organization","BP",1
"GO:0043062",0.335266777093483,0.866847734591506,6,9,"extracellular structure organization","BP",1
"GO:0045229",0.335266777093483,0.866847734591506,6,9,"external encapsulating structure organization","BP",1
"GO:0006637",0.335380910644364,0.866781378940758,6,9,"acyl-CoA metabolic process","BP",1
"GO:0035383",0.335380910644364,0.866781378940758,6,9,"thioester metabolic process","BP",1
"GO:0009416",0.336145721385275,0.797512733533138,15,25,"response to light stimulus","BP",1
"GO:0015986",0.336498308612094,0.888148744347745,5,7,"proton motive force-driven ATP synthesis","BP",1
"GO:0042776",0.336498308612094,0.888148744347745,5,7,"proton motive force-driven mitochondrial ATP synthesis","BP",1
"GO:0006897",0.338488698189542,0.776184644171132,21,36,"endocytosis","BP",1
"GO:0019724",0.338515460460705,0.864953650463994,6,9,"B cell mediated immunity","BP",1
"GO:0031397",0.338662149638007,0.864867864446948,6,9,"negative regulation of protein ubiquitination","BP",1
"GO:1903321",0.338662149638007,0.864867864446948,6,9,"negative regulation of protein modification by small protein conjugation or removal","BP",1
"GO:0016032",0.341836625488651,0.788603262368979,16,27,"viral process","BP",1
"GO:0006954",0.343225563508043,0.772312084781918,21,36,"inflammatory response","BP",1
"GO:0048699",0.343794930888736,0.742436092882409,40,71,"generation of neurons","BP",1
"GO:0018193",0.344333894819168,0.758761301285269,27,47,"peptidyl-amino acid modification","BP",1
"GO:0048659",0.344962722907242,0.861161806282982,6,9,"smooth muscle cell proliferation","BP",1
"GO:0008284",0.347164660495803,0.740563828029606,39,69,"positive regulation of cell population proliferation","BP",1
"GO:0050671",0.347802605970256,0.842975943077701,7,11,"positive regulation of lymphocyte proliferation","BP",1
"GO:0009746",0.349043179099579,0.842176310030523,7,11,"response to hexose","BP",1
"GO:0009749",0.349043179099579,0.842176310030523,7,11,"response to glucose","BP",1
"GO:0034284",0.349043179099579,0.842176310030523,7,11,"response to monosaccharide","BP",1
"GO:0009725",0.349264356795137,0.764577688876023,22,38,"response to hormone","BP",1
"GO:0071396",0.349386898887573,0.767249548322627,21,36,"cellular response to lipid","BP",1
"GO:0031929",0.352162628308906,0.840158533860981,7,11,"TOR signaling","BP",1
"GO:0032006",0.352162628308906,0.840158533860981,7,11,"regulation of TOR signaling","BP",1
"GO:0018108",0.3544401998932,0.796611874834514,12,20,"peptidyl-tyrosine phosphorylation","BP",1
"GO:0018212",0.3544401998932,0.796611874834514,12,20,"peptidyl-tyrosine modification","BP",1
"GO:0034394",0.355898619249675,0.922517390665821,3,4,"protein localization to cell surface","BP",1
"GO:0032411",0.355903532775083,0.922515562998982,3,4,"positive regulation of transporter activity","BP",1
"GO:0071715",0.356004117609442,0.922478143780696,3,4,"icosanoid transport","BP",1
"GO:0043473",0.356017597069434,0.922473128470309,3,4,"pigmentation","BP",1
"GO:0042592",0.356022557913196,0.725612726088087,47,84,"homeostatic process","BP",1
"GO:0030177",0.356086615506004,0.922447446041917,3,4,"positive regulation of Wnt signaling pathway","BP",1
"GO:0070661",0.356422229540311,0.795110181665271,12,20,"leukocyte proliferation","BP",1
"GO:0014910",0.356436342128048,0.922317239938808,3,4,"regulation of smooth muscle cell migration","BP",1
"GO:0048588",0.356824394377385,0.837124208978991,7,11,"developmental cell growth","BP",1
"GO:2001222",0.357005832154709,0.922104965750477,3,4,"regulation of neuron migration","BP",1
"GO:0032024",0.35719277095182,0.922035218242177,3,4,"positive regulation of insulin secretion","BP",1
"GO:0002683",0.357249483067341,0.75793018917283,22,38,"negative regulation of immune system process","BP",1
"GO:0042445",0.357416765234955,0.836737010799914,7,11,"hormone metabolic process","BP",1
"GO:1900026",0.357427464687824,0.921947606200538,3,4,"positive regulation of substrate adhesion-dependent cell spreading","BP",1
"GO:0007585",0.357570772210439,0.921894083233314,3,4,"respiratory gaseous exchange by respiratory system","BP",1
"GO:0046580",0.357970790196792,0.921744579885458,3,4,"negative regulation of Ras protein signal transduction","BP",1
"GO:0051058",0.357970790196792,0.921744579885458,3,4,"negative regulation of small GTPase mediated signal transduction","BP",1
"GO:0007095",0.358304632273876,0.921619692716622,3,4,"mitotic G2 DNA damage checkpoint signaling","BP",1
"GO:0006353",0.358906782890216,0.92139416563014,3,4,"DNA-templated transcription termination","BP",1
"GO:0007368",0.359810752952008,0.92105494769107,3,4,"determination of left/right symmetry","BP",1
"GO:0060972",0.359810752952008,0.92105494769107,3,4,"left/right pattern formation","BP",1
"GO:0048592",0.359922184896163,0.921013078511582,3,4,"eye morphogenesis","BP",1
"GO:0071605",0.360047928281301,0.92096581775528,3,4,"monocyte chemotactic protein-1 production","BP",1
"GO:0071637",0.360047928281301,0.92096581775528,3,4,"regulation of monocyte chemotactic protein-1 production","BP",1
"GO:0071639",0.360047928281301,0.92096581775528,3,4,"positive regulation of monocyte chemotactic protein-1 production","BP",1
"GO:0060412",0.360089264063883,0.920950278371208,3,4,"ventricular septum morphogenesis","BP",1
"GO:0006636",0.360482393366978,0.920802407519833,3,4,"unsaturated fatty acid biosynthetic process","BP",1
"GO:0033559",0.360482393366978,0.920802407519833,3,4,"unsaturated fatty acid metabolic process","BP",1
"GO:0050905",0.360526416168631,0.920785839684581,3,4,"neuromuscular process","BP",1
"GO:0045670",0.360837023295576,0.920668891108116,3,4,"regulation of osteoclast differentiation","BP",1
"GO:0045010",0.360960404821409,0.920622410396113,3,4,"actin nucleation","BP",1
"GO:0051125",0.360960404821409,0.920622410396113,3,4,"regulation of actin nucleation","BP",1
"GO:0002252",0.361636380806254,0.734783535206779,33,58,"immune effector process","BP",1
"GO:0007632",0.362472791487293,0.92005147559111,3,4,"visual behavior","BP",1
"GO:0008542",0.362472791487293,0.92005147559111,3,4,"visual learning","BP",1
"GO:0038179",0.362520191636954,0.920033546360608,3,4,"neurotrophin signaling pathway","BP",1
"GO:0034308",0.362566148810307,0.920016160883714,3,4,"primary alcohol metabolic process","BP",1
"GO:0006835",0.362608601710198,0.920000099265496,3,4,"dicarboxylic acid transport","BP",1
"GO:0033135",0.362826478276542,0.919917640720202,3,4,"regulation of peptidyl-serine phosphorylation","BP",1
"GO:0043297",0.363007756667556,0.919848998594175,3,4,"apical junction assembly","BP",1
"GO:0060074",0.363643165169993,0.919608148501967,3,4,"synapse maturation","BP",1
"GO:0048488",0.363684035017895,0.919592643617356,3,4,"synaptic vesicle endocytosis","BP",1
"GO:0140238",0.363684035017895,0.919592643617356,3,4,"presynaptic endocytosis","BP",1
"GO:0032753",0.363769080933981,0.919560374418342,3,4,"positive regulation of interleukin-4 production","BP",1
"GO:0019217",0.364151639540429,0.919415133268639,3,4,"regulation of fatty acid metabolic process","BP",1
"GO:0006029",0.364233130073575,0.919384176628792,3,4,"proteoglycan metabolic process","BP",1
"GO:1902905",0.364240765508357,0.832250043728504,7,11,"positive regulation of supramolecular fiber organization","BP",1
"GO:1901606",0.364261880128908,0.919373253528985,3,4,"alpha-amino acid catabolic process","BP",1
"GO:1901184",0.364565430042446,0.919257876360525,3,4,"regulation of ERBB signaling pathway","BP",1
"GO:0033260",0.364830458255073,0.919157068559788,3,4,"nuclear DNA replication","BP",1
"GO:0044786",0.364830458255073,0.919157068559788,3,4,"cell cycle DNA replication","BP",1
"GO:0002090",0.364913022892017,0.919125649949651,3,4,"regulation of receptor internalization","BP",1
"GO:1903076",0.365086519403241,0.919059607339392,3,4,"regulation of protein localization to plasma membrane","BP",1
"GO:0048566",0.36558611769284,0.918869270028827,3,4,"embryonic digestive tract development","BP",1
"GO:0060048",0.365651892435024,0.918844193212775,3,4,"cardiac muscle contraction","BP",1
"GO:0046173",0.365803802472456,0.918786261128121,3,4,"polyol biosynthetic process","BP",1
"GO:0042303",0.366315367577499,0.918591008178713,3,4,"molting cycle","BP",1
"GO:0042633",0.366315367577499,0.918591008178713,3,4,"hair cycle","BP",1
"GO:0045785",0.366385564837224,0.760959840171233,18,31,"positive regulation of cell adhesion","BP",1
"GO:0006355",0.366498152744453,0.694377575684455,100,182,"regulation of DNA-templated transcription","BP",1
"GO:0006695",0.366665817583232,0.830643726502722,7,11,"cholesterol biosynthetic process","BP",1
"GO:0016126",0.366665817583232,0.830643726502722,7,11,"sterol biosynthetic process","BP",1
"GO:1902653",0.366665817583232,0.830643726502722,7,11,"secondary alcohol biosynthetic process","BP",1
"GO:0051289",0.366743508612385,0.918427402303138,3,4,"protein homotetramerization","BP",1
"GO:0050873",0.36741616475342,0.91817000225335,3,4,"brown fat cell differentiation","BP",1
"GO:0010469",0.367602008154657,0.918098809946522,3,4,"regulation of signaling receptor activity","BP",1
"GO:0046636",0.368823323600342,0.917630121096808,3,4,"negative regulation of alpha-beta T cell activation","BP",1
"GO:0046928",0.369193373032757,0.917487826793016,3,4,"regulation of neurotransmitter secretion","BP",1
"GO:2000116",0.369399949691639,0.828825250230142,7,11,"regulation of cysteine-type endopeptidase activity","BP",1
"GO:1900087",0.370179446353964,0.917108005815338,3,4,"positive regulation of G1/S transition of mitotic cell cycle","BP",1
"GO:0006805",0.370236095039469,0.917086156910423,3,4,"xenobiotic metabolic process","BP",1
"GO:0042073",0.370237073180844,0.917085779622436,3,4,"intraciliary transport","BP",1
"GO:0002204",0.370433149409739,0.917010130479181,3,4,"somatic recombination of immunoglobulin genes involved in immune response","BP",1
"GO:0002208",0.370433149409739,0.917010130479181,3,4,"somatic diversification of immunoglobulins involved in immune response","BP",1
"GO:0002381",0.370433149409739,0.917010130479181,3,4,"immunoglobulin production involved in immunoglobulin-mediated immune response","BP",1
"GO:0016447",0.370433149409739,0.917010130479181,3,4,"somatic recombination of immunoglobulin gene segments","BP",1
"GO:0045190",0.370433149409739,0.917010130479181,3,4,"isotype switching","BP",1
"GO:0033273",0.370634670560757,0.916932341686306,3,4,"response to vitamin","BP",1
"GO:0035914",0.370768079398699,0.916880823087244,3,4,"skeletal muscle cell differentiation","BP",1
"GO:0042771",0.371424431944747,0.916627106897514,3,4,"intrinsic apoptotic signaling pathway in response to DNA damage by p53 class mediator","BP",1
"GO:0035335",0.371479193352406,0.916605919675417,3,4,"peptidyl-tyrosine dephosphorylation","BP",1
"GO:0045103",0.371665891322017,0.916533664179643,3,4,"intermediate filament-based process","BP",1
"GO:0045104",0.371665891322017,0.916533664179643,3,4,"intermediate filament cytoskeleton organization","BP",1
"GO:0006885",0.372148060220446,0.916346899075952,3,4,"regulation of pH","BP",1
"GO:0030641",0.372148060220446,0.916346899075952,3,4,"regulation of cellular pH","BP",1
"GO:0051452",0.372148060220446,0.916346899075952,3,4,"intracellular pH reduction","BP",1
"GO:0051453",0.372148060220446,0.916346899075952,3,4,"regulation of intracellular pH","BP",1
"GO:0015698",0.373189883581388,0.915942581592712,3,4,"inorganic anion transport","BP",1
"GO:0072528",0.373327095294349,0.91588925267914,3,4,"pyrimidine-containing compound biosynthetic process","BP",1
"GO:0006754",0.373804470376047,0.843658069903604,6,9,"ATP biosynthetic process","BP",1
"GO:0060337",0.374961447418245,0.915252628247633,3,4,"type I interferon-mediated signaling pathway","BP",1
"GO:0140888",0.374961447418245,0.915252628247633,3,4,"interferon-mediated signaling pathway","BP",1
"GO:1902041",0.375560768240521,0.91501852157256,3,4,"regulation of extrinsic apoptotic signaling pathway via death domain receptors","BP",1
"GO:0045730",0.37598464080182,0.914852735961129,3,4,"respiratory burst","BP",1
"GO:0046785",0.376415519715967,0.914684029384721,3,4,"microtubule polymerization","BP",1
"GO:0030218",0.376520847899,0.914642761412404,3,4,"erythrocyte differentiation","BP",1
"GO:0006749",0.376787215518342,0.914538348983292,3,4,"glutathione metabolic process","BP",1
"GO:0051220",0.376831341544063,0.914521045462182,3,4,"cytoplasmic sequestering of protein","BP",1
"GO:0070269",0.377078397858759,0.914424129787818,3,4,"pyroptosis","BP",1
"GO:1990874",0.377653017284609,0.914198485034525,3,4,"vascular associated smooth muscle cell proliferation","BP",1
"GO:0006898",0.378240277014226,0.809060629418967,8,13,"receptor-mediated endocytosis","BP",1
"GO:0042088",0.378364777351991,0.913918536711033,3,4,"T-helper 1 type immune response","BP",1
"GO:0006220",0.378469664614878,0.913877240449041,3,4,"pyrimidine nucleotide metabolic process","BP",1
"GO:0046794",0.379061798374131,0.913643901892179,3,4,"transport of virus","BP",1
"GO:0042742",0.379622930677576,0.77726452109073,12,20,"defense response to bacterium","BP",1
"GO:0002752",0.380010962137852,0.913269149097894,3,4,"cell surface pattern recognition receptor signaling pathway","BP",1
"GO:0034142",0.380010962137852,0.913269149097894,3,4,"toll-like receptor 4 signaling pathway","BP",1
"GO:0140895",0.380010962137852,0.913269149097894,3,4,"cell surface toll-like receptor signaling pathway","BP",1
"GO:0034330",0.380386036438914,0.742502295342233,20,35,"cell junction organization","BP",1
"GO:0002444",0.380934011383339,0.807142728274221,8,13,"myeloid leukocyte mediated immunity","BP",1
"GO:0048568",0.381422392861135,0.769336675478341,13,22,"embryonic organ development","BP",1
"GO:0045944",0.382019729305425,0.705340754396644,43,77,"positive regulation of transcription by RNA polymerase II","BP",1
"GO:1901568",0.382238526537844,0.912386154574719,3,4,"fatty acid derivative metabolic process","BP",1
"GO:0010557",0.382451066610546,0.683884347859088,83,151,"positive regulation of macromolecule biosynthetic process","BP",1
"GO:0071216",0.38257357826554,0.774959476577766,12,20,"cellular response to biotic stimulus","BP",1
"GO:0010823",0.383269090402623,0.911975980503649,3,4,"negative regulation of mitochondrion organization","BP",1
"GO:2000117",0.383763984941769,0.91177863283918,3,4,"negative regulation of cysteine-type endopeptidase activity","BP",1
"GO:0001906",0.383866245623171,0.773947116782774,12,20,"cell killing","BP",1
"GO:0006979",0.383980957427244,0.773857205109222,12,20,"response to oxidative stress","BP",1
"GO:0048583",0.384688869741611,0.674186524965839,116,212,"regulation of response to stimulus","BP",1
"GO:0031668",0.384818267863995,0.804364003627598,8,13,"cellular response to extracellular stimulus","BP",1
"GO:0060271",0.384960389688701,0.804262036489276,8,13,"cilium assembly","BP",1
"GO:0050803",0.386620375441652,0.791735420610953,9,15,"regulation of synapse structure or activity","BP",1
"GO:0050807",0.386620375441652,0.791735420610953,9,15,"regulation of synapse organization","BP",1
"GO:0006959",0.387377389853664,0.816671150972534,7,11,"humoral immune response","BP",1
"GO:0010647",0.387567067857617,0.699342252528194,44,79,"positive regulation of cell communication","BP",1
"GO:0006790",0.390036876397218,0.762455751248443,13,22,"sulfur compound metabolic process","BP",1
"GO:0008283",0.391232829177343,0.673329221247958,91,166,"cell population proliferation","BP",1
"GO:0009891",0.391359012850139,0.674889392614503,85,155,"positive regulation of biosynthetic process","BP",1
"GO:0006123",0.391836599731455,0.908524982910725,3,4,"mitochondrial electron transport, cytochrome c to oxygen","BP",1
"GO:0006163",0.393319907550193,0.742567269692495,17,29,"purine nucleotide metabolic process","BP",1
"GO:0045597",0.394560410433019,0.718486882910118,25,44,"positive regulation of cell differentiation","BP",1
"GO:1902903",0.396100596960203,0.751697648624882,14,24,"regulation of supramolecular fiber organization","BP",1
"GO:0006811",0.397060205962224,0.716296179951839,25,44,"monoatomic ion transport","BP",1
"GO:0098609",0.397070389278764,0.714040146367471,26,46,"cell-cell adhesion","BP",1
"GO:0015718",0.398994067920839,0.861974640627244,4,6,"monocarboxylic acid transport","BP",1
"GO:0050714",0.39908033721953,0.861926392838542,4,6,"positive regulation of protein secretion","BP",1
"GO:0007030",0.399613993920987,0.861627745566335,4,6,"Golgi organization","BP",1
"GO:0051716",0.400105280951908,0.652230551227313,191,352,"cellular response to stimulus","BP",1
"GO:0035270",0.40041254906688,0.861180245376381,4,6,"endocrine system development","BP",1
"GO:0043408",0.401010268218919,0.724895887167927,20,35,"regulation of MAPK cascade","BP",1
"GO:2001141",0.401016747158715,0.661839666476964,100,183,"regulation of RNA biosynthetic process","BP",1
"GO:0048870",0.401452909584423,0.68480111085052,46,83,"cell motility","BP",1
"GO:0046887",0.401560876195406,0.860535455419841,4,6,"positive regulation of hormone secretion","BP",1
"GO:0006006",0.402947428719646,0.746069036793271,14,24,"glucose metabolic process","BP",1
"GO:0006925",0.403040010737729,0.85970268363797,4,6,"inflammatory cell apoptotic process","BP",1
"GO:0043300",0.403558153555931,0.859410367248429,4,6,"regulation of leukocyte degranulation","BP",1
"GO:0006820",0.403694160576838,0.859333586048563,4,6,"monoatomic anion transport","BP",1
"GO:0098656",0.403694160576838,0.859333586048563,4,6,"monoatomic anion transmembrane transport","BP",1
"GO:0032386",0.403889808888501,0.778716081273512,9,15,"regulation of intracellular transport","BP",1
"GO:0006970",0.403923491820323,0.8592040714641,4,6,"response to osmotic stress","BP",1
"GO:0016570",0.404163275369134,0.859068589128503,4,6,"histone modification","BP",1
"GO:0018394",0.404299943058271,0.858991339587694,4,6,"peptidyl-lysine acetylation","BP",1
"GO:0120254",0.404584324313291,0.858830527930692,4,6,"olefinic compound metabolic process","BP",1
"GO:0043648",0.405002414542329,0.858593937219201,4,6,"dicarboxylic acid metabolic process","BP",1
"GO:0090596",0.405024323149264,0.8585815339189,4,6,"sensory organ morphogenesis","BP",1
"GO:0035904",0.405194264952768,0.858485304544027,4,6,"aorta development","BP",1
"GO:0030516",0.405556121986726,0.858280292250818,4,6,"regulation of axon extension","BP",1
"GO:0061387",0.405556121986726,0.858280292250818,4,6,"regulation of extent of cell growth","BP",1
"GO:0055001",0.407257491837928,0.857314341760996,4,6,"muscle cell development","BP",1
"GO:0042102",0.407561132414587,0.857141597899188,4,6,"positive regulation of T cell proliferation","BP",1
"GO:0007224",0.407852171832043,0.856975922674558,4,6,"smoothened signaling pathway","BP",1
"GO:0120034",0.408479425413474,0.856618522413908,4,6,"positive regulation of plasma membrane bounded cell projection assembly","BP",1
"GO:0010212",0.408490551735386,0.856612178672681,4,6,"response to ionizing radiation","BP",1
"GO:0010972",0.408574306884601,0.856564420545754,4,6,"negative regulation of G2/M transition of mitotic cell cycle","BP",1
"GO:0051648",0.408705252852546,0.856489737369911,4,6,"vesicle localization","BP",1
"GO:0051650",0.408705252852546,0.856489737369911,4,6,"establishment of vesicle localization","BP",1
"GO:0007601",0.408744795666225,0.856467180774451,4,6,"visual perception","BP",1
"GO:0050953",0.408744795666225,0.856467180774451,4,6,"sensory perception of light stimulus","BP",1
"GO:0090090",0.409186461159645,0.856215116043445,4,6,"negative regulation of canonical Wnt signaling pathway","BP",1
"GO:0036465",0.409328132312824,0.85613421432601,4,6,"synaptic vesicle recycling","BP",1
"GO:0001568",0.409535921003916,0.711448463721938,22,39,"blood vessel development","BP",1
"GO:0022904",0.410012713483938,0.800874927255767,7,11,"respiratory electron transport chain","BP",1
"GO:0042773",0.410012713483938,0.800874927255767,7,11,"ATP synthesis coupled electron transport","BP",1
"GO:0042775",0.410012713483938,0.800874927255767,7,11,"mitochondrial ATP synthesis coupled electron transport","BP",1
"GO:0032615",0.410238388577649,0.855613853425268,4,6,"interleukin-12 production","BP",1
"GO:0032655",0.410238388577649,0.855613853425268,4,6,"regulation of interleukin-12 production","BP",1
"GO:0048144",0.410588918965501,0.855413210746028,4,6,"fibroblast proliferation","BP",1
"GO:0043401",0.410591571023426,0.85541169216996,4,6,"steroid hormone mediated signaling pathway","BP",1
"GO:0043409",0.4112742850433,0.773056906584746,9,15,"negative regulation of MAPK cascade","BP",1
"GO:0001503",0.41149396290452,0.772887704229341,9,15,"ossification","BP",1
"GO:0010717",0.412077605261638,0.854559496093508,4,6,"regulation of epithelial to mesenchymal transition","BP",1
"GO:0002793",0.412562051889972,0.854281123911018,4,6,"positive regulation of peptide secretion","BP",1
"GO:0009799",0.412656943711281,0.854226565192283,4,6,"specification of symmetry","BP",1
"GO:0009855",0.412656943711281,0.854226565192283,4,6,"determination of bilateral symmetry","BP",1
"GO:0032943",0.412785295201683,0.761985187182642,10,17,"mononuclear cell proliferation","BP",1
"GO:1903018",0.412995332314533,0.854031920676266,4,6,"regulation of glycoprotein metabolic process","BP",1
"GO:0006007",0.413776246540481,0.853582220275014,4,6,"glucose catabolic process","BP",1
"GO:0006735",0.413776246540481,0.853582220275014,4,6,"NADH regeneration","BP",1
"GO:0061621",0.413776246540481,0.853582220275014,4,6,"canonical glycolysis","BP",1
"GO:0061718",0.413776246540481,0.853582220275014,4,6,"glucose catabolic process to pyruvate","BP",1
"GO:0002684",0.414377190479822,0.672887291756541,46,83,"positive regulation of immune system process","BP",1
"GO:2000630",0.415252405991066,0.852730203864496,4,6,"positive regulation of miRNA metabolic process","BP",1
"GO:0016192",0.415426363723957,0.675258278318173,42,76,"vesicle-mediated transport","BP",1
"GO:0032608",0.415427498640779,0.852628973729898,4,6,"interferon-beta production","BP",1
"GO:0032648",0.415427498640779,0.852628973729898,4,6,"regulation of interferon-beta production","BP",1
"GO:0034097",0.416109377856733,0.683798607746499,34,61,"response to cytokine","BP",1
"GO:0001959",0.416211494068752,0.852175264326409,4,6,"regulation of cytokine-mediated signaling pathway","BP",1
"GO:0060759",0.416211494068752,0.852175264326409,4,6,"regulation of response to cytokine stimulus","BP",1
"GO:0009308",0.416326652329029,0.852108559823848,4,6,"amine metabolic process","BP",1
"GO:0009967",0.416441024046318,0.675394250510964,41,74,"positive regulation of signal transduction","BP",1
"GO:0006694",0.41670523349578,0.76885938404845,9,15,"steroid biosynthetic process","BP",1
"GO:0031214",0.416718805341654,0.851881291496098,4,6,"biomineral tissue development","BP",1
"GO:0052547",0.416745721683004,0.768827977924289,9,15,"regulation of peptidase activity","BP",1
"GO:0032922",0.417558179709438,0.851394233080592,4,6,"circadian regulation of gene expression","BP",1
"GO:0032233",0.418050039828857,0.851108439420505,4,6,"positive regulation of actin filament bundle assembly","BP",1
"GO:0051496",0.418050039828857,0.851108439420505,4,6,"positive regulation of stress fiber assembly","BP",1
"GO:0017157",0.418652768981771,0.757325975356077,10,17,"regulation of exocytosis","BP",1
"GO:0051641",0.418671893274859,0.644343849886057,103,189,"cellular localization","BP",1
"GO:0014706",0.418788291684001,0.850678945964315,4,6,"striated muscle tissue development","BP",1
"GO:0048738",0.418788291684001,0.850678945964315,4,6,"cardiac muscle tissue development","BP",1
"GO:0048468",0.420200246430348,0.650592544527037,76,139,"cell development","BP",1
"GO:0072527",0.420262593211613,0.849819316852819,4,6,"pyrimidine-containing compound metabolic process","BP",1
"GO:2001244",0.421441657614033,0.849129985342983,4,6,"positive regulation of intrinsic apoptotic signaling pathway","BP",1
"GO:0051056",0.421693367720501,0.746387476099883,11,19,"regulation of small GTPase mediated signal transduction","BP",1
"GO:0008610",0.421875529683788,0.700566546150964,22,39,"lipid biosynthetic process","BP",1
"GO:0009142",0.425959357891958,0.773964486618762,8,13,"nucleoside triphosphate biosynthetic process","BP",1
"GO:0048661",0.426003158322072,0.84644761054813,4,6,"positive regulation of smooth muscle cell proliferation","BP",1
"GO:0048514",0.42707913129896,0.711135188332271,17,30,"blood vessel morphogenesis","BP",1
"GO:0006812",0.427593062727652,0.698476809695668,21,37,"monoatomic cation transport","BP",1
"GO:0009162",0.427628147359599,0.845486057210563,4,6,"deoxyribonucleoside monophosphate metabolic process","BP",1
"GO:0051963",0.429380835010044,0.814247793895565,5,8,"regulation of synapse assembly","BP",1
"GO:0021953",0.431991289880938,0.812486432551695,5,8,"central nervous system neuron differentiation","BP",1
"GO:0044403",0.432620990836695,0.746096855671493,10,17,"biological process involved in symbiotic interaction","BP",1
"GO:1990823",0.433847585641866,0.811228998465223,5,8,"response to leukemia inhibitory factor","BP",1
"GO:1990830",0.433847585641866,0.811228998465223,5,8,"cellular response to leukemia inhibitory factor","BP",1
"GO:0002886",0.433962982301866,0.811150694510296,5,8,"regulation of myeloid leukocyte mediated immunity","BP",1
"GO:0071326",0.435862709210542,0.809859324696752,5,8,"cellular response to monosaccharide stimulus","BP",1
"GO:0071331",0.435862709210542,0.809859324696752,5,8,"cellular response to hexose stimulus","BP",1
"GO:0071333",0.435862709210542,0.809859324696752,5,8,"cellular response to glucose stimulus","BP",1
"GO:0110053",0.436010691287917,0.734614342900799,11,19,"regulation of actin filament organization","BP",1
"GO:0046486",0.436202033296381,0.734455663757655,11,19,"glycerolipid metabolic process","BP",1
"GO:0016477",0.436412281894157,0.653720764550996,44,80,"cell migration","BP",1
"GO:0065008",0.436681839276075,0.63595764066196,73,134,"regulation of biological quality","BP",1
"GO:0008654",0.437013654132119,0.733782195867402,11,19,"phospholipid biosynthetic process","BP",1
"GO:0023056",0.437105714060079,0.653071483508918,44,80,"positive regulation of signaling","BP",1
"GO:0042098",0.437466188401636,0.808765976102549,5,8,"T cell proliferation","BP",1
"GO:1902074",0.43828387593058,0.741488970899375,10,17,"response to salt","BP",1
"GO:0040011",0.438530180822561,0.657743787233953,38,69,"locomotion","BP",1
"GO:0033209",0.438567175425845,0.808013473153,5,8,"tumor necrosis factor-mediated signaling pathway","BP",1
"GO:0043410",0.439163938584939,0.731994844088021,11,19,"positive regulation of MAPK cascade","BP",1
"GO:0051091",0.439245218666544,0.74070353170876,10,17,"positive regulation of DNA-binding transcription factor activity","BP",1
"GO:0007283",0.441220303004125,0.730281363517869,11,19,"spermatogenesis","BP",1
"GO:0006996",0.441263913197503,0.622699976031131,103,189,"organelle organization","BP",1
"GO:1900182",0.441720630510295,0.805850089486559,5,8,"positive regulation of protein localization to nucleus","BP",1
"GO:0043065",0.442011668670505,0.698064341068213,17,30,"positive regulation of apoptotic process","BP",1
"GO:0048878",0.442359931122078,0.676809889603289,24,43,"chemical homeostasis","BP",1
"GO:0002532",0.443339595982855,0.804734766699783,5,8,"production of molecular mediator involved in inflammatory response","BP",1
"GO:0060840",0.443534567253185,0.804600235342356,5,8,"artery development","BP",1
"GO:0044255",0.443738265027771,0.662248357085428,31,56,"cellular lipid metabolic process","BP",1
"GO:0010586",0.443957951756402,0.804307939223746,5,8,"miRNA metabolic process","BP",1
"GO:2000628",0.443957951756402,0.804307939223746,5,8,"regulation of miRNA metabolic process","BP",1
"GO:0051402",0.444413407543571,0.727612537643328,11,19,"neuron apoptotic process","BP",1
"GO:0071219",0.445208236162693,0.735810814019542,10,17,"cellular response to molecule of bacterial origin","BP",1
"GO:0071222",0.445208236162693,0.735810814019542,10,17,"cellular response to lipopolysaccharide","BP",1
"GO:0001649",0.44553797609857,0.803215206917785,5,8,"osteoblast differentiation","BP",1
"GO:0002682",0.445978172309396,0.63510982595237,57,104,"regulation of immune system process","BP",1
"GO:1904035",0.44639596875383,0.802620558519806,5,8,"regulation of epithelial cell apoptotic process","BP",1
"GO:0061615",0.447779454474953,0.801659824492203,5,8,"glycolytic process through fructose-6-phosphate","BP",1
"GO:0034341",0.447897965906479,0.801577418413714,5,8,"response to type II interferon","BP",1
"GO:0032088",0.44800443205773,0.801503373366384,5,8,"negative regulation of NF-kappaB transcription factor activity","BP",1
"GO:0009141",0.448227183931565,0.743895586540114,9,15,"nucleoside triphosphate metabolic process","BP",1
"GO:0046578",0.450569951994414,0.777152482264603,6,10,"regulation of Ras protein signal transduction","BP",1
"GO:0051216",0.45111621632613,0.799333089485804,5,8,"cartilage development","BP",1
"GO:0007411",0.452091909040601,0.776013751714624,6,10,"axon guidance","BP",1
"GO:0097485",0.452091909040601,0.776013751714624,6,10,"neuron projection guidance","BP",1
"GO:0045931",0.452466269218762,0.79838783006171,5,8,"positive regulation of mitotic cell cycle","BP",1
"GO:0038066",0.453036690114498,0.797987770898233,5,8,"p38MAPK cascade","BP",1
"GO:0016043",0.453327402775765,0.601882644814017,172,318,"cellular component organization","BP",1
"GO:0032259",0.454787708306287,0.711151508259102,12,21,"methylation","BP",1
"GO:0002275",0.455189448509023,0.773687738293667,6,10,"myeloid cell activation involved in immune response","BP",1
"GO:0002244",0.455413746299384,0.77351886806857,6,10,"hematopoietic progenitor cell differentiation","BP",1
"GO:0031175",0.455752784619351,0.657604760485153,27,49,"neuron projection development","BP",1
"GO:0043299",0.45598101094031,0.773091518034406,6,10,"leukocyte degranulation","BP",1
"GO:0031328",0.456658985628802,0.613075527643986,83,153,"positive regulation of cellular biosynthetic process","BP",1
"GO:0007275",0.456864400121768,0.605600060227559,112,207,"multicellular organism development","BP",1
"GO:1903829",0.457151884953709,0.702373263626618,13,23,"positive regulation of protein localization","BP",1
"GO:0051048",0.457433833291199,0.771995293884924,6,10,"negative regulation of secretion","BP",1
"GO:0051668",0.457477696703343,0.680178986483578,18,32,"localization within membrane","BP",1
"GO:0046683",0.457826969398626,0.794612383108853,5,8,"response to organophosphorus","BP",1
"GO:0051348",0.458043493062387,0.70834916696587,12,21,"negative regulation of transferase activity","BP",1
"GO:2001234",0.458615067454252,0.794054354831714,5,8,"negative regulation of apoptotic signaling pathway","BP",1
"GO:0038202",0.459016583003526,0.770798184622575,6,10,"TORC1 signaling","BP",1
"GO:1903432",0.459016583003526,0.770798184622575,6,10,"regulation of TORC1 signaling","BP",1
"GO:0001525",0.459271354971747,0.700524963423613,13,23,"angiogenesis","BP",1
"GO:0001666",0.459408021488811,0.707171679802364,12,21,"response to hypoxia","BP",1
"GO:0036293",0.459408021488811,0.707171679802364,12,21,"response to decreased oxygen levels","BP",1
"GO:0098742",0.45984063751343,0.770173734827216,6,10,"cell-cell adhesion via plasma-membrane adhesion molecules","BP",1
"GO:0018105",0.459895578443186,0.770132073123514,6,10,"peptidyl-serine phosphorylation","BP",1
"GO:0018209",0.459895578443186,0.770132073123514,6,10,"peptidyl-serine modification","BP",1
"GO:0009653",0.460422483168157,0.617079323804857,64,118,"anatomical structure morphogenesis","BP",1
"GO:0016197",0.460862621099003,0.769398176608059,6,10,"endosomal transport","BP",1
"GO:0000086",0.460972409119727,0.769314787199203,6,10,"G2/M transition of mitotic cell cycle","BP",1
"GO:0009991",0.461277548261001,0.705555533044085,12,21,"response to extracellular stimulus","BP",1
"GO:0008360",0.461372433934622,0.769010827146128,6,10,"regulation of cell shape","BP",1
"GO:0098660",0.461600396007003,0.680638115054392,17,30,"inorganic ion transmembrane transport","BP",1
"GO:0010906",0.461816988205168,0.768672807458789,6,10,"regulation of glucose metabolic process","BP",1
"GO:0015980",0.461852926641007,0.685025672431653,16,28,"energy derivation by oxidation of organic compounds","BP",1
"GO:0050804",0.462258431424929,0.697913020825293,13,23,"modulation of chemical synaptic transmission","BP",1
"GO:0099177",0.462258431424929,0.697913020825293,13,23,"regulation of trans-synaptic signaling","BP",1
"GO:0045598",0.462640710538513,0.791191921658226,5,8,"regulation of fat cell differentiation","BP",1
"GO:0050806",0.462691535782073,0.768007151453778,6,10,"positive regulation of synaptic transmission","BP",1
"GO:1903828",0.462720563608863,0.767985041463129,6,10,"negative regulation of protein localization","BP",1
"GO:0001824",0.462795724599625,0.767927787967838,6,10,"blastocyst development","BP",1
"GO:1905475",0.463315532971896,0.767531641899938,6,10,"regulation of protein localization to membrane","BP",1
"GO:1990138",0.464227656697275,0.766835731521109,6,10,"neuron projection extension","BP",1
"GO:0006633",0.465225377509218,0.766073374072863,6,10,"fatty acid biosynthetic process","BP",1
"GO:0045893",0.465425124309838,0.61750913211743,55,101,"positive regulation of DNA-templated transcription","BP",1
"GO:1902531",0.466589507560094,0.616391602274658,55,101,"regulation of intracellular signal transduction","BP",1
"GO:0090407",0.467852988848458,0.650905000496773,25,45,"organophosphate biosynthetic process","BP",1
"GO:0001510",0.468333649459526,0.763690691803425,6,10,"RNA methylation","BP",1
"GO:0051250",0.468525498987543,0.763543246796916,6,10,"negative regulation of lymphocyte activation","BP",1
"GO:2000026",0.468636655982892,0.62474510386118,42,77,"regulation of multicellular organismal development","BP",1
"GO:0000819",0.469610297546325,0.69831145324138,12,21,"sister chromatid segregation","BP",1
"GO:0010975",0.469801065934109,0.685238058089857,14,25,"regulation of neuron projection development","BP",1
"GO:0051495",0.470091730346275,0.762337868786446,6,10,"positive regulation of cytoskeleton organization","BP",1
"GO:0071214",0.470172209434663,0.690953141917217,13,23,"cellular response to abiotic stimulus","BP",1
"GO:0104004",0.470172209434663,0.690953141917217,13,23,"cellular response to environmental stimulus","BP",1
"GO:0050776",0.470932506027263,0.626006606582616,39,71,"regulation of immune response","BP",1
"GO:0009267",0.47101704319947,0.761624353780974,6,10,"cellular response to starvation","BP",1
"GO:0019058",0.472670858996086,0.688743573411013,13,23,"viral life cycle","BP",1
"GO:0018205",0.474419268628867,0.758991969883585,6,10,"peptidyl-lysine modification","BP",1
"GO:0061448",0.475448131239388,0.758193149650759,6,10,"connective tissue development","BP",1
"GO:0072521",0.476376436399138,0.667280993659085,17,30,"purine-containing compound metabolic process","BP",1
"GO:0001894",0.47700640143956,0.738964060602138,7,12,"tissue homeostasis","BP",1
"GO:0060249",0.47700640143956,0.738964060602138,7,12,"anatomical structure homeostasis","BP",1
"GO:0048666",0.481582843521574,0.627534236729953,30,55,"neuron development","BP",1
"GO:2001242",0.481849511487749,0.753194054817317,6,10,"regulation of intrinsic apoptotic signaling pathway","BP",1
"GO:0070585",0.483931848502669,0.751557055349663,6,10,"protein localization to mitochondrion","BP",1
"GO:0033157",0.486426782762571,0.731271363199915,7,12,"regulation of intracellular protein transport","BP",1
"GO:0031669",0.486456198913433,0.731247178867002,7,12,"cellular response to nutrient levels","BP",1
"GO:0051983",0.486584423667459,0.749464036803371,6,10,"regulation of chromosome segregation","BP",1
"GO:0043067",0.487700777716642,0.598598750695937,51,94,"regulation of programmed cell death","BP",1
"GO:0051225",0.488023265118921,0.72995734873179,7,12,"spindle assembly","BP",1
"GO:0034220",0.488128510638951,0.644724751081024,20,36,"monoatomic ion transmembrane transport","BP",1
"GO:2000045",0.488204228120461,0.729808213986765,7,12,"regulation of G1/S transition of mitotic cell cycle","BP",1
"GO:0022607",0.488366532610173,0.581204508598576,86,159,"cellular component assembly","BP",1
"GO:0046903",0.488366834585985,0.621083518571199,30,55,"secretion","BP",1
"GO:0048193",0.488468425766436,0.729590414669731,7,12,"Golgi vesicle transport","BP",1
"GO:0009636",0.489225880758948,0.728965526460241,7,12,"response to toxic substance","BP",1
"GO:0097190",0.490375756034145,0.63932580225326,21,38,"apoptotic signaling pathway","BP",1
"GO:0006400",0.490959918693273,0.727532416742,7,12,"tRNA modification","BP",1
"GO:0006793",0.493311076460261,0.576356649727886,86,159,"phosphorus metabolic process","BP",1
"GO:0006796",0.493311076460261,0.576356649727886,86,159,"phosphate-containing compound metabolic process","BP",1
"GO:1902107",0.49432553190321,0.724740695129576,7,12,"positive regulation of leukocyte differentiation","BP",1
"GO:1903708",0.49432553190321,0.724740695129576,7,12,"positive regulation of hemopoiesis","BP",1
"GO:0032870",0.494872692069436,0.657089029352576,15,27,"cellular response to hormone stimulus","BP",1
"GO:0050731",0.495813411012975,0.708801843316196,8,14,"positive regulation of peptidyl-tyrosine phosphorylation","BP",1
"GO:0008015",0.496404141768337,0.708296188458408,8,14,"blood circulation","BP",1
"GO:0030307",0.496858809875717,0.722630483759518,7,12,"positive regulation of cell growth","BP",1
"GO:1901293",0.500598988150181,0.66364672414889,13,23,"nucleoside phosphate biosynthetic process","BP",1
"GO:0045333",0.502610064679498,0.66896125362926,12,21,"cellular respiration","BP",1
"GO:0060284",0.504131698589754,0.604181786279503,31,57,"regulation of cell development","BP",1
"GO:0046651",0.504136085384333,0.689498368864715,9,16,"lymphocyte proliferation","BP",1
"GO:0033002",0.504250645484156,0.716429136941252,7,12,"muscle cell proliferation","BP",1
"GO:0050865",0.508397252943307,0.613667929542072,24,44,"regulation of cell activation","BP",1
"GO:0009410",0.508681239541249,0.685479616751965,9,16,"response to xenobiotic stimulus","BP",1
"GO:1902680",0.510853242441887,0.572974304500157,55,102,"positive regulation of RNA biosynthetic process","BP",1
"GO:0046034",0.512182789583724,0.72881318375163,6,10,"ATP metabolic process","BP",1
"GO:0009145",0.51227350799848,0.728738518685688,6,10,"purine nucleoside triphosphate biosynthetic process","BP",1
"GO:0009201",0.51227350799848,0.728738518685688,6,10,"ribonucleoside triphosphate biosynthetic process","BP",1
"GO:0009206",0.51227350799848,0.728738518685688,6,10,"purine ribonucleoside triphosphate biosynthetic process","BP",1
"GO:0006469",0.512628103908302,0.681971304386112,9,16,"negative regulation of protein kinase activity","BP",1
"GO:1901565",0.51286605620651,0.584851376448039,39,72,"organonitrogen compound catabolic process","BP",1
"GO:0034470",0.513730809350812,0.608546559243814,24,44,"ncRNA processing","BP",1
"GO:0070887",0.515264280168463,0.557249730942981,78,145,"cellular response to chemical stimulus","BP",1
"GO:0009150",0.52051239798801,0.638894723165233,14,25,"purine ribonucleotide metabolic process","BP",1
"GO:0000082",0.520646474878663,0.674790367463269,9,16,"G1/S transition of mitotic cell cycle","BP",1
"GO:0140352",0.521455014494434,0.594012137172327,27,50,"export from cell","BP",1
"GO:0002573",0.521523673191241,0.67400040462495,9,16,"myeloid leukocyte differentiation","BP",1
"GO:0007267",0.522617861287096,0.578449930868121,36,67,"cell-cell signaling","BP",1
"GO:0002237",0.523316331745261,0.630568137615046,15,27,"response to molecule of bacterial origin","BP",1
"GO:0032496",0.523316331745261,0.630568137615046,15,27,"response to lipopolysaccharide","BP",1
"GO:0010035",0.523388114363779,0.625403468348778,16,29,"response to inorganic substance","BP",1
"GO:0043687",0.523731447581784,0.594008695715511,26,48,"post-translational protein modification","BP",1
"GO:0031647",0.523998944567736,0.661364701085746,10,18,"regulation of protein stability","BP",1
"GO:1902532",0.525465964454938,0.618823055750239,17,31,"negative regulation of intracellular signal transduction","BP",1
"GO:0001909",0.525906588141534,0.682529842247238,8,14,"leukocyte mediated cytotoxicity","BP",1
"GO:0055085",0.526365932301272,0.579206796364554,33,61,"transmembrane transport","BP",1
"GO:0045088",0.527972498030081,0.612236749781495,18,33,"regulation of innate immune response","BP",1
"GO:0015750",0.528407946044328,1.00000000000002,1,1,"pentose transmembrane transport","BP",1
"GO:0015756",0.528407946044328,1.00000000000002,1,1,"fucose transmembrane transport","BP",1
"GO:0015791",0.528407946044328,1.00000000000002,1,1,"polyol transmembrane transport","BP",1
"GO:0015798",0.528407946044328,1.00000000000002,1,1,"myo-inositol transport","BP",1
"GO:1903409",0.528407946044328,1.00000000000002,1,1,"reactive oxygen species biosynthetic process","BP",1
"GO:1903426",0.528407946044328,1.00000000000002,1,1,"regulation of reactive oxygen species biosynthetic process","BP",1
"GO:1903428",0.528407946044328,1.00000000000002,1,1,"positive regulation of reactive oxygen species biosynthetic process","BP",1
"GO:1904679",0.528407946044328,1.00000000000002,1,1,"myo-inositol import across plasma membrane","BP",1
"GO:0006482",0.528407946044329,1.00000000000001,1,1,"protein demethylation","BP",1
"GO:0008214",0.528407946044329,1.00000000000001,1,1,"protein dealkylation","BP",1
"GO:0016577",0.528407946044329,1.00000000000001,1,1,"histone demethylation","BP",1
"GO:0070076",0.528407946044329,1.00000000000001,1,1,"histone lysine demethylation","BP",1
"GO:0071557",0.528407946044329,1.00000000000001,1,1,"histone H3-K27 demethylation","BP",1
"GO:0002021",0.528407946044363,1.00000000000001,1,1,"response to dietary excess","BP",1
"GO:0002024",0.528407946044363,1.00000000000001,1,1,"diet induced thermogenesis","BP",1
"GO:0010896",0.528407946044363,1.00000000000001,1,1,"regulation of triglyceride catabolic process","BP",1
"GO:0010897",0.528407946044363,1.00000000000001,1,1,"negative regulation of triglyceride catabolic process","BP",1
"GO:0019433",0.528407946044363,1.00000000000001,1,1,"triglyceride catabolic process","BP",1
"GO:0034067",0.528407946044363,1.00000000000001,1,1,"protein localization to Golgi apparatus","BP",1
"GO:0038020",0.528407946044363,1.00000000000001,1,1,"insulin receptor recycling","BP",1
"GO:0044467",0.528407946044363,1.00000000000001,1,1,"glial cell-derived neurotrophic factor production","BP",1
"GO:0045053",0.528407946044363,1.00000000000001,1,1,"protein retention in Golgi apparatus","BP",1
"GO:0050995",0.528407946044363,1.00000000000001,1,1,"negative regulation of lipid catabolic process","BP",1
"GO:0060628",0.528407946044363,1.00000000000001,1,1,"regulation of ER to Golgi vesicle-mediated transport","BP",1
"GO:0070863",0.528407946044363,1.00000000000001,1,1,"positive regulation of protein exit from endoplasmic reticulum","BP",1
"GO:0090209",0.528407946044363,1.00000000000001,1,1,"negative regulation of triglyceride metabolic process","BP",1
"GO:1900166",0.528407946044363,1.00000000000001,1,1,"regulation of glial cell-derived neurotrophic factor production","BP",1
"GO:1900168",0.528407946044363,1.00000000000001,1,1,"positive regulation of glial cell-derived neurotrophic factor production","BP",1
"GO:1902430",0.528407946044363,1.00000000000001,1,1,"negative regulation of amyloid-beta formation","BP",1
"GO:1902769",0.528407946044363,1.00000000000001,1,1,"regulation of choline O-acetyltransferase activity","BP",1
"GO:1902771",0.528407946044363,1.00000000000001,1,1,"positive regulation of choline O-acetyltransferase activity","BP",1
"GO:1902946",0.528407946044363,1.00000000000001,1,1,"protein localization to early endosome","BP",1
"GO:1902947",0.528407946044363,1.00000000000001,1,1,"regulation of tau-protein kinase activity","BP",1
"GO:1902948",0.528407946044363,1.00000000000001,1,1,"negative regulation of tau-protein kinase activity","BP",1
"GO:1902953",0.528407946044363,1.00000000000001,1,1,"positive regulation of ER to Golgi vesicle-mediated transport","BP",1
"GO:1902954",0.528407946044363,1.00000000000001,1,1,"regulation of early endosome to recycling endosome transport","BP",1
"GO:1902955",0.528407946044363,1.00000000000001,1,1,"positive regulation of early endosome to recycling endosome transport","BP",1
"GO:1902959",0.528407946044363,1.00000000000001,1,1,"regulation of aspartic-type endopeptidase activity involved in amyloid precursor protein catabolic process","BP",1
"GO:1902960",0.528407946044363,1.00000000000001,1,1,"negative regulation of aspartic-type endopeptidase activity involved in amyloid precursor protein catabolic process","BP",1
"GO:1902962",0.528407946044363,1.00000000000001,1,1,"regulation of metalloendopeptidase activity involved in amyloid precursor protein catabolic process","BP",1
"GO:1902963",0.528407946044363,1.00000000000001,1,1,"negative regulation of metalloendopeptidase activity involved in amyloid precursor protein catabolic process","BP",1
"GO:1902965",0.528407946044363,1.00000000000001,1,1,"regulation of protein localization to early endosome","BP",1
"GO:1902966",0.528407946044363,1.00000000000001,1,1,"positive regulation of protein localization to early endosome","BP",1
"GO:1902988",0.528407946044363,1.00000000000001,1,1,"neurofibrillary tangle assembly","BP",1
"GO:1902992",0.528407946044363,1.00000000000001,1,1,"negative regulation of amyloid precursor protein catabolic process","BP",1
"GO:1902996",0.528407946044363,1.00000000000001,1,1,"regulation of neurofibrillary tangle assembly","BP",1
"GO:1902997",0.528407946044363,1.00000000000001,1,1,"negative regulation of neurofibrillary tangle assembly","BP",1
"GO:1904177",0.528407946044363,1.00000000000001,1,1,"regulation of adipose tissue development","BP",1
"GO:1904179",0.528407946044363,1.00000000000001,1,1,"positive regulation of adipose tissue development","BP",1
"GO:1904683",0.528407946044363,1.00000000000001,1,1,"regulation of metalloendopeptidase activity","BP",1
"GO:1904684",0.528407946044363,1.00000000000001,1,1,"negative regulation of metalloendopeptidase activity","BP",1
"GO:1905245",0.528407946044363,1.00000000000001,1,1,"regulation of aspartic-type peptidase activity","BP",1
"GO:1905246",0.528407946044363,1.00000000000001,1,1,"negative regulation of aspartic-type peptidase activity","BP",1
"GO:1905666",0.528407946044363,1.00000000000001,1,1,"regulation of protein localization to endosome","BP",1
"GO:1905668",0.528407946044363,1.00000000000001,1,1,"positive regulation of protein localization to endosome","BP",1
"GO:2001137",0.528407946044363,1.00000000000001,1,1,"positive regulation of endocytic recycling","BP",1
"GO:0001662",0.528407946044366,0.999999999999997,1,1,"behavioral fear response","BP",1
"GO:0007413",0.528407946044366,0.999999999999997,1,1,"axonal fasciculation","BP",1
"GO:0010496",0.528407946044366,0.999999999999997,1,1,"intercellular transport","BP",1
"GO:0021535",0.528407946044366,0.999999999999997,1,1,"cell migration in hindbrain","BP",1
"GO:0021602",0.528407946044366,0.999999999999997,1,1,"cranial nerve morphogenesis","BP",1
"GO:0021631",0.528407946044366,0.999999999999997,1,1,"optic nerve morphogenesis","BP",1
"GO:0021934",0.528407946044366,0.999999999999997,1,1,"hindbrain tangential cell migration","BP",1
"GO:0031915",0.528407946044366,0.999999999999997,1,1,"positive regulation of synaptic plasticity","BP",1
"GO:0032410",0.528407946044366,0.999999999999997,1,1,"negative regulation of transporter activity","BP",1
"GO:0032413",0.528407946044366,0.999999999999997,1,1,"negative regulation of ion transmembrane transporter activity","BP",1
"GO:0034766",0.528407946044366,0.999999999999997,1,1,"negative regulation of monoatomic ion transmembrane transport","BP",1
"GO:0042596",0.528407946044366,0.999999999999997,1,1,"fear response","BP",1
"GO:0048013",0.528407946044366,0.999999999999997,1,1,"ephrin receptor signaling pathway","BP",1
"GO:0071679",0.528407946044366,0.999999999999997,1,1,"commissural neuron axon guidance","BP",1
"GO:0099545",0.528407946044366,0.999999999999997,1,1,"trans-synaptic signaling by trans-synaptic complex","BP",1
"GO:0099550",0.528407946044366,0.999999999999997,1,1,"trans-synaptic signaling, modulating synaptic transmission","BP",1
"GO:0099557",0.528407946044366,0.999999999999997,1,1,"trans-synaptic signaling by trans-synaptic complex, modulating synaptic transmission","BP",1
"GO:0106028",0.528407946044366,0.999999999999997,1,1,"neuron projection retraction","BP",1
"GO:0106030",0.528407946044366,0.999999999999997,1,1,"neuron projection fasciculation","BP",1
"GO:0110077",0.528407946044366,0.999999999999997,1,1,"vesicle-mediated intercellular transport","BP",1
"GO:1900273",0.528407946044366,0.999999999999997,1,1,"positive regulation of long-term synaptic potentiation","BP",1
"GO:1903365",0.528407946044366,0.999999999999997,1,1,"regulation of fear response","BP",1
"GO:1904782",0.528407946044366,0.999999999999997,1,1,"negative regulation of NMDA glutamate receptor activity","BP",1
"GO:1904783",0.528407946044366,0.999999999999997,1,1,"positive regulation of NMDA glutamate receptor activity","BP",1
"GO:2000010",0.528407946044366,0.999999999999997,1,1,"positive regulation of protein localization to cell surface","BP",1
"GO:2000272",0.528407946044366,0.999999999999997,1,1,"negative regulation of signaling receptor activity","BP",1
"GO:2000822",0.528407946044366,0.999999999999997,1,1,"regulation of behavioral fear response","BP",1
"GO:0015732",0.5284079460444,0.99999999999999,1,1,"prostaglandin transport","BP",1
"GO:0032305",0.5284079460444,0.99999999999999,1,1,"positive regulation of icosanoid secretion","BP",1
"GO:0032306",0.5284079460444,0.99999999999999,1,1,"regulation of prostaglandin secretion","BP",1
"GO:0032308",0.5284079460444,0.99999999999999,1,1,"positive regulation of prostaglandin secretion","BP",1
"GO:0032310",0.5284079460444,0.99999999999999,1,1,"prostaglandin secretion","BP",1
"GO:0032892",0.5284079460444,0.99999999999999,1,1,"positive regulation of organic acid transport","BP",1
"GO:0051767",0.5284079460444,0.99999999999999,1,1,"nitric-oxide synthase biosynthetic process","BP",1
"GO:0051769",0.5284079460444,0.99999999999999,1,1,"regulation of nitric-oxide synthase biosynthetic process","BP",1
"GO:0051770",0.5284079460444,0.99999999999999,1,1,"positive regulation of nitric-oxide synthase biosynthetic process","BP",1
"GO:0072708",0.5284079460444,0.99999999999999,1,1,"response to sorbitol","BP",1
"GO:0072709",0.5284079460444,0.99999999999999,1,1,"cellular response to sorbitol","BP",1
"GO:0140353",0.5284079460444,0.99999999999999,1,1,"lipid export from cell","BP",1
"GO:2000193",0.5284079460444,0.99999999999999,1,1,"positive regulation of fatty acid transport","BP",1
"GO:0055090",0.528407946044407,1,1,1,"acylglycerol homeostasis","BP",1
"GO:0070328",0.528407946044407,1,1,1,"triglyceride homeostasis","BP",1
"GO:0045880",0.528407946044414,1.00000000000002,1,1,"positive regulation of smoothened signaling pathway","BP",1
"GO:0010878",0.528407946044446,0.999999999999989,1,1,"cholesterol storage","BP",1
"GO:0010885",0.528407946044446,0.999999999999989,1,1,"regulation of cholesterol storage","BP",1
"GO:0010887",0.528407946044446,0.999999999999989,1,1,"negative regulation of cholesterol storage","BP",1
"GO:0033700",0.528407946044446,0.999999999999989,1,1,"phospholipid efflux","BP",1
"GO:0034367",0.528407946044446,0.999999999999989,1,1,"protein-containing complex remodeling","BP",1
"GO:0034368",0.528407946044446,0.999999999999989,1,1,"protein-lipid complex remodeling","BP",1
"GO:0034369",0.528407946044446,0.999999999999989,1,1,"plasma lipoprotein particle remodeling","BP",1
"GO:0034374",0.528407946044446,0.999999999999989,1,1,"low-density lipoprotein particle remodeling","BP",1
"GO:0034375",0.528407946044446,0.999999999999989,1,1,"high-density lipoprotein particle remodeling","BP",1
"GO:0034436",0.528407946044446,0.999999999999989,1,1,"glycoprotein transport","BP",1
"GO:0043691",0.528407946044446,0.999999999999989,1,1,"reverse cholesterol transport","BP",1
"GO:0045540",0.528407946044446,0.999999999999989,1,1,"regulation of cholesterol biosynthetic process","BP",1
"GO:0045542",0.528407946044446,0.999999999999989,1,1,"positive regulation of cholesterol biosynthetic process","BP",1
"GO:0055091",0.528407946044446,0.999999999999989,1,1,"phospholipid homeostasis","BP",1
"GO:0071403",0.528407946044446,0.999999999999989,1,1,"cellular response to high density lipoprotein particle stimulus","BP",1
"GO:0071825",0.528407946044446,0.999999999999989,1,1,"protein-lipid complex organization","BP",1
"GO:0071827",0.528407946044446,0.999999999999989,1,1,"plasma lipoprotein particle organization","BP",1
"GO:0090205",0.528407946044446,0.999999999999989,1,1,"positive regulation of cholesterol metabolic process","BP",1
"GO:0106118",0.528407946044446,0.999999999999989,1,1,"regulation of sterol biosynthetic process","BP",1
"GO:0106120",0.528407946044446,0.999999999999989,1,1,"positive regulation of sterol biosynthetic process","BP",1
"GO:1902932",0.528407946044446,0.999999999999989,1,1,"positive regulation of alcohol biosynthetic process","BP",1
"GO:0006086",0.528407946044453,1.00000000000002,1,1,"acetyl-CoA biosynthetic process from pyruvate","BP",1
"GO:0010510",0.528407946044453,1.00000000000002,1,1,"regulation of acetyl-CoA biosynthetic process from pyruvate","BP",1
"GO:0050812",0.528407946044453,1.00000000000002,1,1,"regulation of acyl-CoA biosynthetic process","BP",1
"GO:0097411",0.528407946044453,1.00000000000002,1,1,"hypoxia-inducible factor-1alpha signaling pathway","BP",1
"GO:0071800",0.528407946044484,0.999999999999991,1,1,"podosome assembly","BP",1
"GO:0098974",0.528407946044484,0.999999999999991,1,1,"postsynaptic actin cytoskeleton organization","BP",1
"GO:0005991",0.528407946044491,0.999999999999995,1,1,"trehalose metabolic process","BP",1
"GO:0043368",0.528407946044491,0.999999999999995,1,1,"positive T cell selection","BP",1
"GO:0043369",0.528407946044491,0.999999999999995,1,1,"CD4-positive or CD8-positive, alpha-beta T cell lineage commitment","BP",1
"GO:0048679",0.528407946044491,0.999999999999995,1,1,"regulation of axon regeneration","BP",1
"GO:0048680",0.528407946044491,0.999999999999995,1,1,"positive regulation of axon regeneration","BP",1
"GO:0070413",0.528407946044491,0.999999999999995,1,1,"trehalose metabolism in response to stress","BP",1
"GO:0070570",0.528407946044491,0.999999999999995,1,1,"regulation of neuron projection regeneration","BP",1
"GO:0070572",0.528407946044491,0.999999999999995,1,1,"positive regulation of neuron projection regeneration","BP",1
"GO:2000301",0.528407946044491,0.999999999999995,1,1,"negative regulation of synaptic vesicle exocytosis","BP",1
"GO:0000101",0.528407946044526,0.999999999999979,1,1,"sulfur amino acid transport","BP",1
"GO:0000820",0.528407946044526,0.999999999999979,1,1,"regulation of glutamine family amino acid metabolic process","BP",1
"GO:0006534",0.528407946044526,0.999999999999979,1,1,"cysteine metabolic process","BP",1
"GO:0006536",0.528407946044526,0.999999999999979,1,1,"glutamate metabolic process","BP",1
"GO:0006750",0.528407946044526,0.999999999999979,1,1,"glutathione biosynthetic process","BP",1
"GO:0006857",0.528407946044526,0.999999999999979,1,1,"oligopeptide transport","BP",1
"GO:0009069",0.528407946044526,0.999999999999979,1,1,"serine family amino acid metabolic process","BP",1
"GO:0015804",0.528407946044526,0.999999999999979,1,1,"neutral amino acid transport","BP",1
"GO:0015811",0.528407946044526,0.999999999999979,1,1,"L-cystine transport","BP",1
"GO:0019184",0.528407946044526,0.999999999999979,1,1,"nonribosomal peptide biosynthetic process","BP",1
"GO:0021591",0.528407946044526,0.999999999999979,1,1,"ventricular system development","BP",1
"GO:0021756",0.528407946044526,0.999999999999979,1,1,"striatum development","BP",1
"GO:0031335",0.528407946044526,0.999999999999979,1,1,"regulation of sulfur amino acid metabolic process","BP",1
"GO:0034635",0.528407946044526,0.999999999999979,1,1,"glutathione transport","BP",1
"GO:0034775",0.528407946044526,0.999999999999979,1,1,"glutathione transmembrane transport","BP",1
"GO:0035442",0.528407946044526,0.999999999999979,1,1,"dipeptide transmembrane transport","BP",1
"GO:0035672",0.528407946044526,0.999999999999979,1,1,"oligopeptide transmembrane transport","BP",1
"GO:0042938",0.528407946044526,0.999999999999979,1,1,"dipeptide transport","BP",1
"GO:0051775",0.528407946044526,0.999999999999979,1,1,"response to redox state","BP",1
"GO:0072578",0.528407946044526,0.999999999999979,1,1,"neurotransmitter-gated ion channel clustering","BP",1
"GO:0080144",0.528407946044526,0.999999999999979,1,1,"intracellular amino acid homeostasis","BP",1
"GO:0090461",0.528407946044526,0.999999999999979,1,1,"intracellular glutamate homeostasis","BP",1
"GO:0097113",0.528407946044526,0.999999999999979,1,1,"AMPA glutamate receptor clustering","BP",1
"GO:0097688",0.528407946044526,0.999999999999979,1,1,"glutamate receptor clustering","BP",1
"GO:0097707",0.528407946044526,0.999999999999979,1,1,"ferroptosis","BP",1
"GO:0106104",0.528407946044526,0.999999999999979,1,1,"regulation of glutamate receptor clustering","BP",1
"GO:0110075",0.528407946044526,0.999999999999979,1,1,"regulation of ferroptosis","BP",1
"GO:0110076",0.528407946044526,0.999999999999979,1,1,"negative regulation of ferroptosis","BP",1
"GO:0140205",0.528407946044526,0.999999999999979,1,1,"oligopeptide import across plasma membrane","BP",1
"GO:0140206",0.528407946044526,0.999999999999979,1,1,"dipeptide import across plasma membrane","BP",1
"GO:0140924",0.528407946044526,0.999999999999979,1,1,"L-kynurenine transmembrane transport","BP",1
"GO:1900407",0.528407946044526,0.999999999999979,1,1,"regulation of cellular response to oxidative stress","BP",1
"GO:1901494",0.528407946044526,0.999999999999979,1,1,"regulation of cysteine metabolic process","BP",1
"GO:1902882",0.528407946044526,0.999999999999979,1,1,"regulation of response to oxidative stress","BP",1
"GO:1903786",0.528407946044526,0.999999999999979,1,1,"regulation of glutathione biosynthetic process","BP",1
"GO:1903909",0.528407946044526,0.999999999999979,1,1,"regulation of receptor clustering","BP",1
"GO:1904717",0.528407946044526,0.999999999999979,1,1,"regulation of AMPA glutamate receptor clustering","BP",1
"GO:2000211",0.528407946044526,0.999999999999979,1,1,"regulation of glutamate metabolic process","BP",1
"GO:0140627",0.528407946044532,0.999999999999996,1,1,"ubiquitin-dependent protein catabolic process via the C-end degron rule pathway","BP",1
"GO:0006488",0.528407946044562,0.999999999999988,1,1,"dolichol-linked oligosaccharide biosynthetic process","BP",1
"GO:0006490",0.528407946044562,0.999999999999988,1,1,"oligosaccharide-lipid intermediate biosynthetic process","BP",1
"GO:0016093",0.528407946044562,0.999999999999988,1,1,"polyprenol metabolic process","BP",1
"GO:0019348",0.528407946044562,0.999999999999988,1,1,"dolichol metabolic process","BP",1
"GO:0035561",0.528407946044564,0.99999999999999,1,1,"regulation of chromatin binding","BP",1
"GO:0035563",0.528407946044564,0.99999999999999,1,1,"positive regulation of chromatin binding","BP",1
"GO:0002071",0.528407946044575,0.999999999999993,1,1,"glandular epithelial cell maturation","BP",1
"GO:0003323",0.528407946044575,0.999999999999993,1,1,"type B pancreatic cell development","BP",1
"GO:0003351",0.528407946044575,0.999999999999993,1,1,"epithelial cilium movement involved in extracellular fluid movement","BP",1
"GO:0006858",0.528407946044575,0.999999999999993,1,1,"extracellular transport","BP",1
"GO:0060287",0.528407946044575,0.999999999999993,1,1,"epithelial cilium movement involved in determination of left/right asymmetry","BP",1
"GO:0072560",0.528407946044575,0.999999999999993,1,1,"type B pancreatic cell maturation","BP",1
"GO:2000074",0.528407946044575,0.999999999999993,1,1,"regulation of type B pancreatic cell development","BP",1
"GO:2000078",0.528407946044575,0.999999999999993,1,1,"positive regulation of type B pancreatic cell development","BP",1
"GO:0035860",0.528407946044606,0.999999999999982,1,1,"glial cell-derived neurotrophic factor receptor signaling pathway","BP",1
"GO:0008627",0.528407946044609,0.999999999999978,1,1,"intrinsic apoptotic signaling pathway in response to osmotic stress","BP",1
"GO:0035520",0.528407946044609,0.999999999999978,1,1,"monoubiquitinated protein deubiquitination","BP",1
"GO:0047484",0.528407946044609,0.999999999999978,1,1,"regulation of response to osmotic stress","BP",1
"GO:0106049",0.528407946044609,0.999999999999978,1,1,"regulation of cellular response to osmotic stress","BP",1
"GO:0140673",0.528407946044609,0.999999999999978,1,1,"transcription elongation-coupled chromatin remodeling","BP",1
"GO:1900150",0.528407946044609,0.999999999999978,1,1,"regulation of defense response to fungus","BP",1
"GO:1902218",0.528407946044609,0.999999999999978,1,1,"regulation of intrinsic apoptotic signaling pathway in response to osmotic stress","BP",1
"GO:1902238",0.528407946044609,0.999999999999978,1,1,"regulation of intrinsic apoptotic signaling pathway in response to osmotic stress by p53 class mediator","BP",1
"GO:1905034",0.528407946044609,0.999999999999978,1,1,"regulation of antifungal innate immune response","BP",1
"GO:1905035",0.528407946044609,0.999999999999978,1,1,"negative regulation of antifungal innate immune response","BP",1
"GO:1990127",0.528407946044609,0.999999999999978,1,1,"intrinsic apoptotic signaling pathway in response to osmotic stress by p53 class mediator","BP",1
"GO:1990167",0.528407946044609,0.999999999999978,1,1,"protein K27-linked deubiquitination","BP",1
"GO:0000447",0.528407946044612,1.00000000000001,1,1,"endonucleolytic cleavage in ITS1 to separate SSU-rRNA from 5.8S rRNA and LSU-rRNA from tricistronic rRNA transcript (SSU-rRNA, 5.8S rRNA, LSU-rRNA)","BP",1
"GO:0000460",0.528407946044612,1.00000000000001,1,1,"maturation of 5.8S rRNA","BP",1
"GO:0000466",0.528407946044612,1.00000000000001,1,1,"maturation of 5.8S rRNA from tricistronic rRNA transcript (SSU-rRNA, 5.8S rRNA, LSU-rRNA)","BP",1
"GO:0000472",0.528407946044612,1.00000000000001,1,1,"endonucleolytic cleavage to generate mature 5'-end of SSU-rRNA from (SSU-rRNA, 5.8S rRNA, LSU-rRNA)","BP",1
"GO:0000479",0.528407946044612,1.00000000000001,1,1,"endonucleolytic cleavage of tricistronic rRNA transcript (SSU-rRNA, 5.8S rRNA, LSU-rRNA)","BP",1
"GO:0000480",0.528407946044612,1.00000000000001,1,1,"endonucleolytic cleavage in 5'-ETS of tricistronic rRNA transcript (SSU-rRNA, 5.8S rRNA, LSU-rRNA)","BP",1
"GO:0000967",0.528407946044612,1.00000000000001,1,1,"rRNA 5'-end processing","BP",1
"GO:0002072",0.528407946044619,1.00000000000002,1,1,"optic cup morphogenesis involved in camera-type eye development","BP",1
"GO:0002089",0.528407946044619,1.00000000000002,1,1,"lens morphogenesis in camera-type eye","BP",1
"GO:0035330",0.528407946044619,1.00000000000002,1,1,"regulation of hippo signaling","BP",1
"GO:0035332",0.528407946044619,1.00000000000002,1,1,"positive regulation of hippo signaling","BP",1
"GO:0045669",0.528407946044619,1.00000000000002,1,1,"positive regulation of osteoblast differentiation","BP",1
"GO:0060022",0.528407946044619,1.00000000000002,1,1,"hard palate development","BP",1
"GO:0060023",0.528407946044619,1.00000000000002,1,1,"soft palate development","BP",1
"GO:0060253",0.528407946044619,1.00000000000002,1,1,"negative regulation of glial cell proliferation","BP",1
"GO:0060900",0.528407946044619,1.00000000000002,1,1,"embryonic camera-type eye formation","BP",1
"GO:0061029",0.528407946044619,1.00000000000002,1,1,"eyelid development in camera-type eye","BP",1
"GO:0061386",0.528407946044619,1.00000000000002,1,1,"closure of optic fissure","BP",1
"GO:0062009",0.528407946044619,1.00000000000002,1,1,"secondary palate development","BP",1
"GO:0097166",0.528407946044619,1.00000000000002,1,1,"lens epithelial cell proliferation","BP",1
"GO:2001109",0.528407946044619,1.00000000000002,1,1,"regulation of lens epithelial cell proliferation","BP",1
"GO:2001111",0.528407946044619,1.00000000000002,1,1,"positive regulation of lens epithelial cell proliferation","BP",1
"GO:0016180",0.528407946044688,0.999999999999978,1,1,"snRNA processing","BP",1
"GO:0034472",0.528407946044688,0.999999999999978,1,1,"snRNA 3'-end processing","BP",1
"GO:0042985",0.528407946044688,0.999999999999981,1,1,"negative regulation of amyloid precursor protein biosynthetic process","BP",1
"GO:0030866",0.528407946044774,0.999999999999975,1,1,"cortical actin cytoskeleton organization","BP",1
"GO:0030204",0.528407946044785,1.00000000000001,1,1,"chondroitin sulfate metabolic process","BP",1
"GO:0030206",0.528407946044785,1.00000000000001,1,1,"chondroitin sulfate biosynthetic process","BP",1
"GO:0050650",0.528407946044785,1.00000000000001,1,1,"chondroitin sulfate proteoglycan biosynthetic process","BP",1
"GO:0050654",0.528407946044785,1.00000000000001,1,1,"chondroitin sulfate proteoglycan metabolic process","BP",1
"GO:0032621",0.52840794604482,0.99999999999999,1,1,"interleukin-18 production","BP",1
"GO:0032661",0.52840794604482,0.99999999999999,1,1,"regulation of interleukin-18 production","BP",1
"GO:0032685",0.52840794604482,0.99999999999999,1,1,"negative regulation of granulocyte macrophage colony-stimulating factor production","BP",1
"GO:0032701",0.52840794604482,0.99999999999999,1,1,"negative regulation of interleukin-18 production","BP",1
"GO:0006670",0.52840794604482,1.00000000000001,1,1,"sphingosine metabolic process","BP",1
"GO:0006684",0.52840794604482,1.00000000000001,1,1,"sphingomyelin metabolic process","BP",1
"GO:0032288",0.52840794604482,1.00000000000001,1,1,"myelin assembly","BP",1
"GO:0032289",0.52840794604482,1.00000000000001,1,1,"central nervous system myelin formation","BP",1
"GO:0032372",0.52840794604482,1.00000000000001,1,1,"negative regulation of sterol transport","BP",1
"GO:0032375",0.52840794604482,1.00000000000001,1,1,"negative regulation of cholesterol transport","BP",1
"GO:0032378",0.52840794604482,1.00000000000001,1,1,"negative regulation of intracellular lipid transport","BP",1
"GO:0032381",0.52840794604482,1.00000000000001,1,1,"negative regulation of intracellular sterol transport","BP",1
"GO:0032384",0.52840794604482,1.00000000000001,1,1,"negative regulation of intracellular cholesterol transport","BP",1
"GO:0032805",0.52840794604482,1.00000000000001,1,1,"positive regulation of low-density lipoprotein particle receptor catabolic process","BP",1
"GO:0034311",0.52840794604482,1.00000000000001,1,1,"diol metabolic process","BP",1
"GO:0034312",0.52840794604482,1.00000000000001,1,1,"diol biosynthetic process","BP",1
"GO:0035627",0.52840794604482,1.00000000000001,1,1,"ceramide transport","BP",1
"GO:0042986",0.52840794604482,1.00000000000001,1,1,"positive regulation of amyloid precursor protein biosynthetic process","BP",1
"GO:0046512",0.52840794604482,1.00000000000001,1,1,"sphingosine biosynthetic process","BP",1
"GO:0046519",0.52840794604482,1.00000000000001,1,1,"sphingoid metabolic process","BP",1
"GO:0046520",0.52840794604482,1.00000000000001,1,1,"sphingoid biosynthetic process","BP",1
"GO:0060049",0.52840794604482,1.00000000000001,1,1,"regulation of protein glycosylation","BP",1
"GO:0071071",0.52840794604482,1.00000000000001,1,1,"regulation of phospholipid biosynthetic process","BP",1
"GO:0071072",0.52840794604482,1.00000000000001,1,1,"negative regulation of phospholipid biosynthetic process","BP",1
"GO:0090153",0.52840794604482,1.00000000000001,1,1,"regulation of sphingolipid biosynthetic process","BP",1
"GO:0090155",0.52840794604482,1.00000000000001,1,1,"negative regulation of sphingolipid biosynthetic process","BP",1
"GO:0090156",0.52840794604482,1.00000000000001,1,1,"intracellular sphingolipid homeostasis","BP",1
"GO:0090370",0.52840794604482,1.00000000000001,1,1,"negative regulation of cholesterol efflux","BP",1
"GO:0099039",0.52840794604482,1.00000000000001,1,1,"sphingolipid translocation","BP",1
"GO:0099040",0.52840794604482,1.00000000000001,1,1,"ceramide translocation","BP",1
"GO:1903725",0.52840794604482,1.00000000000001,1,1,"regulation of phospholipid metabolic process","BP",1
"GO:1903726",0.52840794604482,1.00000000000001,1,1,"negative regulation of phospholipid metabolic process","BP",1
"GO:1905038",0.52840794604482,1.00000000000001,1,1,"regulation of membrane lipid metabolic process","BP",1
"GO:1905598",0.52840794604482,1.00000000000001,1,1,"negative regulation of low-density lipoprotein receptor activity","BP",1
"GO:1905601",0.52840794604482,1.00000000000001,1,1,"negative regulation of receptor-mediated endocytosis involved in cholesterol transport","BP",1
"GO:2000646",0.52840794604482,1.00000000000001,1,1,"positive regulation of receptor catabolic process","BP",1
"GO:0006884",0.528407946044853,0.999999999999991,1,1,"cell volume homeostasis","BP",1
"GO:0042539",0.528407946044853,0.999999999999991,1,1,"hypotonic salinity response","BP",1
"GO:0055064",0.528407946044853,0.999999999999991,1,1,"chloride ion homeostasis","BP",1
"GO:0055075",0.528407946044853,0.999999999999991,1,1,"potassium ion homeostasis","BP",1
"GO:0055081",0.528407946044853,0.999999999999991,1,1,"monoatomic anion homeostasis","BP",1
"GO:0071472",0.528407946044853,0.999999999999991,1,1,"cellular response to salt stress","BP",1
"GO:0071477",0.528407946044853,0.999999999999991,1,1,"cellular hypotonic salinity response","BP",1
"GO:0072488",0.528407946044853,0.999999999999991,1,1,"ammonium transmembrane transport","BP",1
"GO:0140157",0.528407946044853,0.999999999999991,1,1,"ammonium import across plasma membrane","BP",1
"GO:1990573",0.528407946044853,0.999999999999991,1,1,"potassium ion import across plasma membrane","BP",1
"GO:0045601",0.528407946044863,1.00000000000001,1,1,"regulation of endothelial cell differentiation","BP",1
"GO:0051893",0.528407946044863,1.00000000000001,1,1,"regulation of focal adhesion assembly","BP",1
"GO:0071896",0.528407946044863,1.00000000000001,1,1,"protein localization to adherens junction","BP",1
"GO:0090109",0.528407946044863,1.00000000000001,1,1,"regulation of cell-substrate junction assembly","BP",1
"GO:1901550",0.528407946044863,1.00000000000001,1,1,"regulation of endothelial cell development","BP",1
"GO:1903140",0.528407946044863,1.00000000000001,1,1,"regulation of establishment of endothelial barrier","BP",1
"GO:1904702",0.528407946044863,1.00000000000001,1,1,"regulation of protein localization to adherens junction","BP",1
"GO:0097734",0.528407946044904,1.00000000000001,1,1,"extracellular exosome biogenesis","BP",1
"GO:0140112",0.528407946044904,1.00000000000001,1,1,"extracellular vesicle biogenesis","BP",1
"GO:1903541",0.528407946044904,1.00000000000001,1,1,"regulation of exosomal secretion","BP",1
"GO:1903542",0.528407946044904,1.00000000000001,1,1,"negative regulation of exosomal secretion","BP",1
"GO:1905279",0.528407946044904,1.00000000000001,1,1,"regulation of retrograde transport, endosome to Golgi","BP",1
"GO:1990182",0.528407946044904,1.00000000000001,1,1,"exosomal secretion","BP",1
"GO:0060384",0.528407946044937,0.999999999999979,1,1,"innervation","BP",1
"GO:0180010",0.528407946044949,1.00000000000002,1,1,"co-transcriptional mRNA 3'-end processing, cleavage and polyadenylation pathway","BP",1
"GO:0180012",0.528407946044949,1.00000000000002,1,1,"co-transcriptional RNA 3'-end processing, cleavage and polyadenylation pathway","BP",1
"GO:0001702",0.528407946044983,0.999999999999998,1,1,"gastrulation with mouth forming second","BP",1
"GO:0003365",0.528407946044983,0.999999999999998,1,1,"establishment of cell polarity involved in ameboidal cell migration","BP",1
"GO:0042074",0.528407946044983,0.999999999999998,1,1,"cell migration involved in gastrulation","BP",1
"GO:1902231",0.528407946045017,0.999999999999984,1,1,"positive regulation of intrinsic apoptotic signaling pathway in response to DNA damage","BP",1
"GO:0007213",0.528407946045026,0.999999999999998,1,1,"G protein-coupled acetylcholine receptor signaling pathway","BP",1
"GO:0007528",0.528407946045026,0.999999999999998,1,1,"neuromuscular junction development","BP",1
"GO:0008582",0.528407946045026,0.999999999999998,1,1,"regulation of synaptic assembly at neuromuscular junction","BP",1
"GO:0045161",0.528407946045026,0.999999999999998,1,1,"neuronal ion channel clustering","BP",1
"GO:0045162",0.528407946045026,0.999999999999998,1,1,"clustering of voltage-gated sodium channels","BP",1
"GO:0045887",0.528407946045026,0.999999999999998,1,1,"positive regulation of synaptic assembly at neuromuscular junction","BP",1
"GO:0051124",0.528407946045026,0.999999999999998,1,1,"synaptic assembly at neuromuscular junction","BP",1
"GO:0095500",0.528407946045026,0.999999999999998,1,1,"acetylcholine receptor signaling pathway","BP",1
"GO:0098926",0.528407946045026,0.999999999999998,1,1,"postsynaptic signal transduction","BP",1
"GO:1904396",0.528407946045026,0.999999999999998,1,1,"regulation of neuromuscular junction development","BP",1
"GO:1904398",0.528407946045026,0.999999999999998,1,1,"positive regulation of neuromuscular junction development","BP",1
"GO:1905144",0.528407946045026,0.999999999999998,1,1,"response to acetylcholine","BP",1
"GO:1905145",0.528407946045026,0.999999999999998,1,1,"cellular response to acetylcholine","BP",1
"GO:0035092",0.528407946045061,0.999999999999989,1,1,"sperm DNA condensation","BP",1
"GO:0002029",0.528407946045067,0.999999999999999,1,1,"desensitization of G protein-coupled receptor signaling pathway","BP",1
"GO:0002031",0.528407946045067,0.999999999999999,1,1,"G protein-coupled receptor internalization","BP",1
"GO:0022401",0.528407946045067,0.999999999999999,1,1,"negative adaptation of signaling pathway","BP",1
"GO:0023058",0.528407946045067,0.999999999999999,1,1,"adaptation of signaling pathway","BP",1
"GO:0021528",0.528407946045068,0.999999999999992,1,1,"commissural neuron differentiation in spinal cord","BP",1
"GO:0001826",0.528407946045068,0.999999999999993,1,1,"inner cell mass cell differentiation","BP",1
"GO:0001827",0.528407946045068,0.999999999999993,1,1,"inner cell mass cell fate commitment","BP",1
"GO:0001828",0.528407946045068,0.999999999999993,1,1,"inner cell mass cellular morphogenesis","BP",1
"GO:0048791",0.528407946045102,0.999999999999991,1,1,"calcium ion-regulated exocytosis of neurotransmitter","BP",1
"GO:0035336",0.528407946045181,0.999999999999994,1,1,"long-chain fatty-acyl-CoA metabolic process","BP",1
"GO:0035338",0.528407946045181,0.999999999999994,1,1,"long-chain fatty-acyl-CoA biosynthetic process","BP",1
"GO:0043649",0.528407946045181,0.999999999999994,1,1,"dicarboxylic acid catabolic process","BP",1
"GO:0090410",0.528407946045181,0.999999999999994,1,1,"malonate catabolic process","BP",1
"GO:0052646",0.5284079460452,1.00000000000001,1,1,"alditol phosphate metabolic process","BP",1
"GO:2001311",0.5284079460452,1.00000000000001,1,1,"lysobisphosphatidic acid metabolic process","BP",1
"GO:1904970",0.528407946045221,0.999999999999994,1,1,"brush border assembly","BP",1
"GO:0008594",0.528407946045234,0.999999999999999,1,1,"photoreceptor cell morphogenesis","BP",1
"GO:0035845",0.528407946045234,0.999999999999999,1,1,"photoreceptor cell outer segment organization","BP",1
"GO:0010544",0.528407946045236,1,1,1,"negative regulation of platelet activation","BP",1
"GO:0034111",0.528407946045236,1,1,1,"negative regulation of homotypic cell-cell adhesion","BP",1
"GO:0090331",0.528407946045236,1,1,1,"negative regulation of platelet aggregation","BP",1
"GO:0010591",0.528407946045241,1.00000000000002,1,1,"regulation of lamellipodium assembly","BP",1
"GO:0010592",0.528407946045241,1.00000000000002,1,1,"positive regulation of lamellipodium assembly","BP",1
"GO:0051386",0.528407946045241,1.00000000000002,1,1,"regulation of neurotrophin TRK receptor signaling pathway","BP",1
"GO:0051388",0.528407946045241,1.00000000000002,1,1,"positive regulation of neurotrophin TRK receptor signaling pathway","BP",1
"GO:0097484",0.528407946045241,1.00000000000002,1,1,"dendrite extension","BP",1
"GO:0098885",0.528407946045241,1.00000000000002,1,1,"modification of postsynaptic actin cytoskeleton","BP",1
"GO:0099547",0.528407946045241,1.00000000000002,1,1,"regulation of translation at synapse, modulating synaptic transmission","BP",1
"GO:0099578",0.528407946045241,1.00000000000002,1,1,"regulation of translation at postsynapse, modulating synaptic transmission","BP",1
"GO:0140243",0.528407946045241,1.00000000000002,1,1,"regulation of translation at synapse","BP",1
"GO:0140245",0.528407946045241,1.00000000000002,1,1,"regulation of translation at postsynapse","BP",1
"GO:1903422",0.528407946045241,1.00000000000002,1,1,"negative regulation of synaptic vesicle recycling","BP",1
"GO:1905274",0.528407946045241,1.00000000000002,1,1,"regulation of modification of postsynaptic actin cytoskeleton","BP",1
"GO:2000601",0.528407946045241,1.00000000000002,1,1,"positive regulation of Arp2/3 complex-mediated actin nucleation","BP",1
"GO:0021814",0.528407946045268,0.999999999999986,1,1,"cell motility involved in cerebral cortex radial glia guided migration","BP",1
"GO:0036324",0.528407946045268,0.999999999999986,1,1,"vascular endothelial growth factor receptor-2 signaling pathway","BP",1
"GO:0043507",0.528407946045268,0.999999999999986,1,1,"positive regulation of JUN kinase activity","BP",1
"GO:0045023",0.528407946045268,0.999999999999986,1,1,"G0 to G1 transition","BP",1
"GO:0070316",0.528407946045268,0.999999999999986,1,1,"regulation of G0 to G1 transition","BP",1
"GO:0070317",0.528407946045268,0.999999999999986,1,1,"negative regulation of G0 to G1 transition","BP",1
"GO:0090129",0.528407946045268,0.999999999999986,1,1,"positive regulation of synapse maturation","BP",1
"GO:1900103",0.528407946045268,0.999999999999986,1,1,"positive regulation of endoplasmic reticulum unfolded protein response","BP",1
"GO:1900746",0.528407946045268,0.999999999999986,1,1,"regulation of vascular endothelial growth factor signaling pathway","BP",1
"GO:1900747",0.528407946045268,0.999999999999986,1,1,"negative regulation of vascular endothelial growth factor signaling pathway","BP",1
"GO:1902547",0.528407946045268,0.999999999999986,1,1,"regulation of cellular response to vascular endothelial growth factor stimulus","BP",1
"GO:1902548",0.528407946045268,0.999999999999986,1,1,"negative regulation of cellular response to vascular endothelial growth factor stimulus","BP",1
"GO:1903894",0.528407946045268,0.999999999999986,1,1,"regulation of IRE1-mediated unfolded protein response","BP",1
"GO:1903896",0.528407946045268,0.999999999999986,1,1,"positive regulation of IRE1-mediated unfolded protein response","BP",1
"GO:0001961",0.528407946045269,0.999999999999975,1,1,"positive regulation of cytokine-mediated signaling pathway","BP",1
"GO:0060330",0.528407946045269,0.999999999999975,1,1,"regulation of response to type II interferon","BP",1
"GO:0060332",0.528407946045269,0.999999999999975,1,1,"positive regulation of response to type II interferon","BP",1
"GO:0060333",0.528407946045269,0.999999999999975,1,1,"type II interferon-mediated signaling pathway","BP",1
"GO:0060334",0.528407946045269,0.999999999999975,1,1,"regulation of type II interferon-mediated signaling pathway","BP",1
"GO:0060335",0.528407946045269,0.999999999999975,1,1,"positive regulation of type II interferon-mediated signaling pathway","BP",1
"GO:0060340",0.528407946045269,0.999999999999975,1,1,"positive regulation of type I interferon-mediated signaling pathway","BP",1
"GO:0060760",0.528407946045269,0.999999999999975,1,1,"positive regulation of response to cytokine stimulus","BP",1
"GO:0000041",0.528407946045272,1.00000000000001,1,1,"transition metal ion transport","BP",1
"GO:0006826",0.528407946045272,1.00000000000001,1,1,"iron ion transport","BP",1
"GO:0034755",0.528407946045272,1.00000000000001,1,1,"iron ion transmembrane transport","BP",1
"GO:0090091",0.528407946045272,1.00000000000001,1,1,"positive regulation of extracellular matrix disassembly","BP",1
"GO:0035567",0.528407946045278,1.00000000000002,1,1,"non-canonical Wnt signaling pathway","BP",1
"GO:0090521",0.528407946045278,1.00000000000002,1,1,"podocyte cell migration","BP",1
"GO:2000050",0.528407946045278,1.00000000000002,1,1,"regulation of non-canonical Wnt signaling pathway","BP",1
"GO:0018126",0.528407946045348,0.999999999999984,1,1,"protein hydroxylation","BP",1
"GO:0018400",0.528407946045348,0.999999999999984,1,1,"peptidyl-proline hydroxylation to 3-hydroxy-L-proline","BP",1
"GO:0019511",0.528407946045348,0.999999999999984,1,1,"peptidyl-proline hydroxylation","BP",1
"GO:0032607",0.528407946045349,0.99999999999998,1,1,"interferon-alpha production","BP",1
"GO:0032647",0.528407946045349,0.99999999999998,1,1,"regulation of interferon-alpha production","BP",1
"GO:0032687",0.528407946045349,0.99999999999998,1,1,"negative regulation of interferon-alpha production","BP",1
"GO:0141086",0.528407946045349,0.99999999999998,1,1,"negative regulation of inflammasome-mediated signaling pathway","BP",1
"GO:1900226",0.528407946045349,0.99999999999998,1,1,"negative regulation of NLRP3 inflammasome complex assembly","BP",1
"GO:0097499",0.528407946045395,1.00000000000001,1,1,"protein localization to non-motile cilium","BP",1
"GO:0097500",0.528407946045395,1.00000000000001,1,1,"receptor localization to non-motile cilium","BP",1
"GO:1903441",0.528407946045395,1.00000000000001,1,1,"protein localization to ciliary membrane","BP",1
"GO:1903546",0.528407946045395,1.00000000000001,1,1,"protein localization to photoreceptor outer segment","BP",1
"GO:0010571",0.528407946045437,0.999999999999993,1,1,"positive regulation of nuclear cell cycle DNA replication","BP",1
"GO:2000105",0.528407946045437,0.999999999999993,1,1,"positive regulation of DNA-templated DNA replication","BP",1
"GO:0002087",0.528407946045438,0.999999999999994,1,1,"regulation of respiratory gaseous exchange by nervous system process","BP",1
"GO:0007158",0.528407946045438,0.999999999999994,1,1,"neuron cell-cell adhesion","BP",1
"GO:0044065",0.528407946045438,0.999999999999994,1,1,"regulation of respiratory system process","BP",1
"GO:0060024",0.528407946045438,0.999999999999994,1,1,"rhythmic synaptic transmission","BP",1
"GO:0060080",0.528407946045438,0.999999999999994,1,1,"inhibitory postsynaptic potential","BP",1
"GO:0071625",0.528407946045438,0.999999999999994,1,1,"vocalization behavior","BP",1
"GO:0097090",0.528407946045438,0.999999999999994,1,1,"presynaptic membrane organization","BP",1
"GO:0097105",0.528407946045438,0.999999999999994,1,1,"presynaptic membrane assembly","BP",1
"GO:2000311",0.528407946045438,0.999999999999994,1,1,"regulation of AMPA receptor activity","BP",1
"GO:2000969",0.528407946045438,0.999999999999994,1,1,"positive regulation of AMPA receptor activity","BP",1
"GO:0007064",0.528407946045562,0.999999999999999,1,1,"mitotic sister chromatid cohesion","BP",1
"GO:0034085",0.528407946045562,0.999999999999999,1,1,"establishment of sister chromatid cohesion","BP",1
"GO:0034087",0.528407946045562,0.999999999999999,1,1,"establishment of mitotic sister chromatid cohesion","BP",1
"GO:0016268",0.528407946045605,0.999999999999996,1,1,"O-glycan processing, core 2","BP",1
"GO:0060352",0.528407946045605,0.999999999999996,1,1,"cell adhesion molecule production","BP",1
"GO:0070900",0.528407946045613,1.00000000000002,1,1,"mitochondrial tRNA modification","BP",1
"GO:0090646",0.528407946045613,1.00000000000002,1,1,"mitochondrial tRNA processing","BP",1
"GO:1900864",0.528407946045613,1.00000000000002,1,1,"mitochondrial RNA modification","BP",1
"GO:0006778",0.528407946045686,0.999999999999985,1,1,"porphyrin-containing compound metabolic process","BP",1
"GO:0006787",0.528407946045686,0.999999999999985,1,1,"porphyrin-containing compound catabolic process","BP",1
"GO:0015721",0.528407946045686,0.999999999999985,1,1,"bile acid and bile salt transport","BP",1
"GO:0015723",0.528407946045686,0.999999999999985,1,1,"bilirubin transport","BP",1
"GO:0033015",0.528407946045686,0.999999999999985,1,1,"tetrapyrrole catabolic process","BP",1
"GO:0042167",0.528407946045686,0.999999999999985,1,1,"heme catabolic process","BP",1
"GO:0042168",0.528407946045686,0.999999999999985,1,1,"heme metabolic process","BP",1
"GO:0046149",0.528407946045686,0.999999999999985,1,1,"pigment catabolic process","BP",1
"GO:0046618",0.528407946045686,0.999999999999985,1,1,"xenobiotic export from cell","BP",1
"GO:0070633",0.528407946045686,0.999999999999985,1,1,"transepithelial transport","BP",1
"GO:1990962",0.528407946045686,0.999999999999985,1,1,"xenobiotic transport across blood-brain barrier","BP",1
"GO:0006013",0.528407946045688,0.999999999999994,1,1,"mannose metabolic process","BP",1
"GO:0009226",0.528407946045688,0.999999999999994,1,1,"nucleotide-sugar biosynthetic process","BP",1
"GO:0009298",0.528407946045688,0.999999999999994,1,1,"GDP-mannose biosynthetic process","BP",1
"GO:0019673",0.528407946045688,0.999999999999994,1,1,"GDP-mannose metabolic process","BP",1
"GO:0061611",0.528407946045688,0.999999999999994,1,1,"mannose to fructose-6-phosphate metabolic process","BP",1
"GO:0030239",0.528407946049023,0.999999999999982,1,1,"myofibril assembly","BP",1
"GO:0036309",0.528407946049023,0.999999999999982,1,1,"protein localization to M-band","BP",1
"GO:0045214",0.528407946049023,0.999999999999982,1,1,"sarcomere organization","BP",1
"GO:0055002",0.528407946049023,0.999999999999982,1,1,"striated muscle cell development","BP",1
"GO:0040015",0.528407982662745,1.00000000000001,1,1,"negative regulation of multicellular organism growth","BP",1
"GO:0031547",0.528408006130265,1,1,1,"brain-derived neurotrophic factor receptor signaling pathway","BP",1
"GO:0050774",0.528408006130265,1,1,1,"negative regulation of dendrite morphogenesis","BP",1
"GO:0071285",0.528408006130265,1,1,1,"cellular response to lithium ion","BP",1
"GO:2000297",0.528408006130265,1,1,1,"negative regulation of synapse maturation","BP",1
"GO:0071976",0.52840819618641,1.00000000000001,1,1,"cell gliding","BP",1
"GO:0120117",0.52840819618641,1.00000000000001,1,1,"T cell meandering migration","BP",1
"GO:0072656",0.528409012721765,0.999999999999983,1,1,"maintenance of protein location in mitochondrion","BP",1
"GO:1904923",0.528409012721765,0.999999999999983,1,1,"regulation of autophagy of mitochondrion in response to mitochondrial depolarization","BP",1
"GO:1904925",0.528409012721765,0.999999999999983,1,1,"positive regulation of autophagy of mitochondrion in response to mitochondrial depolarization","BP",1
"GO:0014824",0.528409180856343,1,1,1,"artery smooth muscle contraction","BP",1
"GO:0014829",0.528409180856343,1,1,1,"vascular associated smooth muscle contraction","BP",1
"GO:0019674",0.528409180856343,1,1,1,"NAD metabolic process","BP",1
"GO:0045907",0.528409180856343,1,1,1,"positive regulation of vasoconstriction","BP",1
"GO:0032483",0.528414429681985,0.999999999999983,1,1,"regulation of Rab protein signal transduction","BP",1
"GO:0001541",0.528419175311422,0.999999999999992,1,1,"ovarian follicle development","BP",1
"GO:0008354",0.528419175311422,0.999999999999992,1,1,"germ cell migration","BP",1
"GO:0010623",0.528419175311422,0.999999999999992,1,1,"programmed cell death involved in cell development","BP",1
"GO:0014821",0.528419175311422,0.999999999999992,1,1,"phasic smooth muscle contraction","BP",1
"GO:0014827",0.528419175311422,0.999999999999992,1,1,"intestine smooth muscle contraction","BP",1
"GO:0014828",0.528419175311422,0.999999999999992,1,1,"distal stomach smooth muscle contraction","BP",1
"GO:0014831",0.528419175311422,0.999999999999992,1,1,"gastro-intestinal system smooth muscle contraction","BP",1
"GO:0030318",0.528419175311422,0.999999999999992,1,1,"melanocyte differentiation","BP",1
"GO:0031268",0.528419175311422,0.999999999999992,1,1,"pseudopodium organization","BP",1
"GO:0031269",0.528419175311422,0.999999999999992,1,1,"pseudopodium assembly","BP",1
"GO:0031272",0.528419175311422,0.999999999999992,1,1,"regulation of pseudopodium assembly","BP",1
"GO:0031274",0.528419175311422,0.999999999999992,1,1,"positive regulation of pseudopodium assembly","BP",1
"GO:0035234",0.528419175311422,0.999999999999992,1,1,"ectopic germ cell programmed cell death","BP",1
"GO:0035701",0.528419175311422,0.999999999999992,1,1,"hematopoietic stem cell migration","BP",1
"GO:0036017",0.528419175311422,0.999999999999992,1,1,"response to erythropoietin","BP",1
"GO:0036018",0.528419175311422,0.999999999999992,1,1,"cellular response to erythropoietin","BP",1
"GO:0036215",0.528419175311422,0.999999999999992,1,1,"response to stem cell factor","BP",1
"GO:0036216",0.528419175311422,0.999999999999992,1,1,"cellular response to stem cell factor stimulus","BP",1
"GO:0038109",0.528419175311422,0.999999999999992,1,1,"Kit signaling pathway","BP",1
"GO:0038162",0.528419175311422,0.999999999999992,1,1,"erythropoietin-mediated signaling pathway","BP",1
"GO:0043586",0.528419175311422,0.999999999999992,1,1,"tongue development","BP",1
"GO:0050910",0.528419175311422,0.999999999999992,1,1,"detection of mechanical stimulus involved in sensory perception of sound","BP",1
"GO:0050931",0.528419175311422,0.999999999999992,1,1,"pigment cell differentiation","BP",1
"GO:0050974",0.528419175311422,0.999999999999992,1,1,"detection of mechanical stimulus involved in sensory perception","BP",1
"GO:0050982",0.528419175311422,0.999999999999992,1,1,"detection of mechanical stimulus","BP",1
"GO:0070662",0.528419175311422,0.999999999999992,1,1,"mast cell proliferation","BP",1
"GO:0070666",0.528419175311422,0.999999999999992,1,1,"regulation of mast cell proliferation","BP",1
"GO:0070668",0.528419175311422,0.999999999999992,1,1,"positive regulation of mast cell proliferation","BP",1
"GO:0097066",0.528419175311422,0.999999999999992,1,1,"response to thyroid hormone","BP",1
"GO:0097067",0.528419175311422,0.999999999999992,1,1,"cellular response to thyroid hormone stimulus","BP",1
"GO:0097324",0.528419175311422,0.999999999999992,1,1,"melanocyte migration","BP",1
"GO:0097326",0.528419175311422,0.999999999999992,1,1,"melanocyte adhesion","BP",1
"GO:0120063",0.528419175311422,0.999999999999992,1,1,"stomach smooth muscle contraction","BP",1
"GO:0120064",0.528419175311422,0.999999999999992,1,1,"stomach pylorus smooth muscle contraction","BP",1
"GO:0120065",0.528419175311422,0.999999999999992,1,1,"pyloric antrum smooth muscle contraction","BP",1
"GO:0120071",0.528419175311422,0.999999999999992,1,1,"regulation of pyloric antrum smooth muscle contraction","BP",1
"GO:0120072",0.528419175311422,0.999999999999992,1,1,"positive regulation of pyloric antrum smooth muscle contraction","BP",1
"GO:1904304",0.528419175311422,0.999999999999992,1,1,"regulation of gastro-intestinal system smooth muscle contraction","BP",1
"GO:1904306",0.528419175311422,0.999999999999992,1,1,"positive regulation of gastro-intestinal system smooth muscle contraction","BP",1
"GO:1904341",0.528419175311422,0.999999999999992,1,1,"regulation of colon smooth muscle contraction","BP",1
"GO:1904343",0.528419175311422,0.999999999999992,1,1,"positive regulation of colon smooth muscle contraction","BP",1
"GO:1904347",0.528419175311422,0.999999999999992,1,1,"regulation of small intestine smooth muscle contraction","BP",1
"GO:1904349",0.528419175311422,0.999999999999992,1,1,"positive regulation of small intestine smooth muscle contraction","BP",1
"GO:1990765",0.528419175311422,0.999999999999992,1,1,"colon smooth muscle contraction","BP",1
"GO:1990770",0.528419175311422,0.999999999999992,1,1,"small intestine smooth muscle contraction","BP",1
"GO:0001696",0.528420368009974,1.00000000000001,1,1,"gastric acid secretion","BP",1
"GO:0003096",0.528420368009974,1.00000000000001,1,1,"renal sodium ion transport","BP",1
"GO:0044058",0.528420368009974,1.00000000000001,1,1,"regulation of digestive system process","BP",1
"GO:0046717",0.528420368009974,1.00000000000001,1,1,"acid secretion","BP",1
"GO:0060453",0.528420368009974,1.00000000000001,1,1,"regulation of gastric acid secretion","BP",1
"GO:0070293",0.528420368009974,1.00000000000001,1,1,"renal absorption","BP",1
"GO:0070294",0.528420368009974,1.00000000000001,1,1,"renal sodium ion absorption","BP",1
"GO:0018195",0.528424117578508,0.999999999999983,1,1,"peptidyl-arginine modification","BP",1
"GO:0030961",0.528424117578508,0.999999999999983,1,1,"peptidyl-arginine hydroxylation","BP",1
"GO:0006972",0.528425117586376,1.00000000000001,1,1,"hyperosmotic response","BP",1
"GO:0071474",0.528425117586376,1.00000000000001,1,1,"cellular hyperosmotic response","BP",1
"GO:0006590",0.528435562100123,0.999999999999993,1,1,"thyroid hormone generation","BP",1
"GO:0042403",0.528435562100123,0.999999999999993,1,1,"thyroid hormone metabolic process","BP",1
"GO:0010142",0.52844627766775,0.999999999999984,1,1,"farnesyl diphosphate biosynthetic process, mevalonate pathway","BP",1
"GO:1902767",0.52844627766775,0.999999999999984,1,1,"isoprenoid biosynthetic process via mevalonate","BP",1
"GO:0001172",0.528466858995496,0.999999999999977,1,1,"RNA-templated transcription","BP",1
"GO:0014911",0.528466858995496,0.999999999999977,1,1,"positive regulation of smooth muscle cell migration","BP",1
"GO:0032768",0.528466858995496,0.999999999999977,1,1,"regulation of monooxygenase activity","BP",1
"GO:0032770",0.528466858995496,0.999999999999977,1,1,"positive regulation of monooxygenase activity","BP",1
"GO:0038034",0.528466858995496,0.999999999999977,1,1,"signal transduction in absence of ligand","BP",1
"GO:0042634",0.528466858995496,0.999999999999977,1,1,"regulation of hair cycle","BP",1
"GO:0042635",0.528466858995496,0.999999999999977,1,1,"positive regulation of hair cycle","BP",1
"GO:0050999",0.528466858995496,0.999999999999977,1,1,"regulation of nitric-oxide synthase activity","BP",1
"GO:0051000",0.528466858995496,0.999999999999977,1,1,"positive regulation of nitric-oxide synthase activity","BP",1
"GO:0051353",0.528466858995496,0.999999999999977,1,1,"positive regulation of oxidoreductase activity","BP",1
"GO:0060290",0.528466858995496,0.999999999999977,1,1,"transdifferentiation","BP",1
"GO:0070199",0.528466858995496,0.999999999999977,1,1,"establishment of protein localization to chromosome","BP",1
"GO:0070200",0.528466858995496,0.999999999999977,1,1,"establishment of protein localization to telomere","BP",1
"GO:0090399",0.528466858995496,0.999999999999977,1,1,"replicative senescence","BP",1
"GO:0097192",0.528466858995496,0.999999999999977,1,1,"extrinsic apoptotic signaling pathway in absence of ligand","BP",1
"GO:0140745",0.528466858995496,0.999999999999977,1,1,"siRNA transcription","BP",1
"GO:1901099",0.528466858995496,0.999999999999977,1,1,"negative regulation of signal transduction in absence of ligand","BP",1
"GO:1903618",0.528466858995496,0.999999999999977,1,1,"regulation of transdifferentiation","BP",1
"GO:1903620",0.528466858995496,0.999999999999977,1,1,"positive regulation of transdifferentiation","BP",1
"GO:1904752",0.528466858995496,0.999999999999977,1,1,"regulation of vascular associated smooth muscle cell migration","BP",1
"GO:1904754",0.528466858995496,0.999999999999977,1,1,"positive regulation of vascular associated smooth muscle cell migration","BP",1
"GO:2000773",0.528466858995496,0.999999999999977,1,1,"negative regulation of cellular senescence","BP",1
"GO:2001239",0.528466858995496,0.999999999999977,1,1,"regulation of extrinsic apoptotic signaling pathway in absence of ligand","BP",1
"GO:2001240",0.528466858995496,0.999999999999977,1,1,"negative regulation of extrinsic apoptotic signaling pathway in absence of ligand","BP",1
"GO:1903964",0.528485564812379,0.999999999999981,1,1,"monounsaturated fatty acid metabolic process","BP",1
"GO:1903966",0.528485564812379,0.999999999999981,1,1,"monounsaturated fatty acid biosynthetic process","BP",1
"GO:0051132",0.52848603048521,0.99999999999998,1,1,"NK T cell activation","BP",1
"GO:0051133",0.52848603048521,0.99999999999998,1,1,"regulation of NK T cell activation","BP",1
"GO:0051135",0.52848603048521,0.99999999999998,1,1,"positive regulation of NK T cell activation","BP",1
"GO:0000578",0.528509520432964,0.999999999999997,1,1,"embryonic axis specification","BP",1
"GO:0003148",0.528509520432964,0.999999999999997,1,1,"outflow tract septum morphogenesis","BP",1
"GO:0003176",0.528509520432964,0.999999999999997,1,1,"aortic valve development","BP",1
"GO:0003177",0.528509520432964,0.999999999999997,1,1,"pulmonary valve development","BP",1
"GO:0003180",0.528509520432964,0.999999999999997,1,1,"aortic valve morphogenesis","BP",1
"GO:0003184",0.528509520432964,0.999999999999997,1,1,"pulmonary valve morphogenesis","BP",1
"GO:0007352",0.528509520432964,0.999999999999997,1,1,"zygotic specification of dorsal/ventral axis","BP",1
"GO:0009880",0.528509520432964,0.999999999999997,1,1,"embryonic pattern specification","BP",1
"GO:1905314",0.528509520432964,0.999999999999997,1,1,"semi-lunar valve development","BP",1
"GO:0015801",0.528526512588049,1.00000000000002,1,1,"aromatic amino acid transport","BP",1
"GO:0015802",0.528526512588049,1.00000000000002,1,1,"basic amino acid transport","BP",1
"GO:0015822",0.528526512588049,1.00000000000002,1,1,"ornithine transport","BP",1
"GO:0045117",0.528526512588049,1.00000000000002,1,1,"azole transmembrane transport","BP",1
"GO:0089709",0.528526512588049,1.00000000000002,1,1,"L-histidine transmembrane transport","BP",1
"GO:1902022",0.528526512588049,1.00000000000002,1,1,"L-lysine transport","BP",1
"GO:1903352",0.528526512588049,1.00000000000002,1,1,"L-ornithine transmembrane transport","BP",1
"GO:1903401",0.528526512588049,1.00000000000002,1,1,"L-lysine transmembrane transport","BP",1
"GO:1903826",0.528526512588049,1.00000000000002,1,1,"L-arginine transmembrane transport","BP",1
"GO:1990575",0.528526512588049,1.00000000000002,1,1,"mitochondrial L-ornithine transmembrane transport","BP",1
"GO:1990822",0.528526512588049,1.00000000000002,1,1,"basic amino acid transmembrane transport","BP",1
"GO:0044794",0.528550811966885,1.00000000000001,1,1,"positive regulation by host of viral process","BP",1
"GO:0044829",0.528550811966885,1.00000000000001,1,1,"positive regulation by host of viral genome replication","BP",1
"GO:0061684",0.528550811966885,1.00000000000001,1,1,"chaperone-mediated autophagy","BP",1
"GO:1900022",0.528550811966885,1.00000000000001,1,1,"regulation of D-erythro-sphingosine kinase activity","BP",1
"GO:1904714",0.528550811966885,1.00000000000001,1,1,"regulation of chaperone-mediated autophagy","BP",1
"GO:0030846",0.528554330129986,0.99999999999999,1,1,"termination of RNA polymerase II transcription, poly(A)-coupled","BP",1
"GO:0032786",0.528554330129986,0.99999999999999,1,1,"positive regulation of DNA-templated transcription, elongation","BP",1
"GO:0060567",0.528554330129986,0.99999999999999,1,1,"negative regulation of termination of DNA-templated transcription","BP",1
"GO:0120191",0.528554330129986,0.99999999999999,1,1,"negative regulation of termination of RNA polymerase II transcription","BP",1
"GO:1904594",0.528554330129986,0.99999999999999,1,1,"regulation of termination of RNA polymerase II transcription","BP",1
"GO:2000804",0.528554330129986,0.99999999999999,1,1,"regulation of termination of RNA polymerase II transcription, poly(A)-coupled","BP",1
"GO:2000805",0.528554330129986,0.99999999999999,1,1,"negative regulation of termination of RNA polymerase II transcription, poly(A)-coupled","BP",1
"GO:0001820",0.528674590125441,0.999999999999982,1,1,"serotonin secretion","BP",1
"GO:0002238",0.528674590125441,0.999999999999982,1,1,"response to molecule of fungal origin","BP",1
"GO:0002351",0.528674590125441,0.999999999999982,1,1,"serotonin production involved in inflammatory response","BP",1
"GO:0002442",0.528674590125441,0.999999999999982,1,1,"serotonin secretion involved in inflammatory response","BP",1
"GO:0002554",0.528674590125441,0.999999999999982,1,1,"serotonin secretion by platelet","BP",1
"GO:0002576",0.528674590125441,0.999999999999982,1,1,"platelet degranulation","BP",1
"GO:0002861",0.528674590125441,0.999999999999982,1,1,"regulation of inflammatory response to antigenic stimulus","BP",1
"GO:0002862",0.528674590125441,0.999999999999982,1,1,"negative regulation of inflammatory response to antigenic stimulus","BP",1
"GO:0006837",0.528674590125441,0.999999999999982,1,1,"serotonin transport","BP",1
"GO:0032632",0.528674590125441,0.999999999999982,1,1,"interleukin-3 production","BP",1
"GO:0032672",0.528674590125441,0.999999999999982,1,1,"regulation of interleukin-3 production","BP",1
"GO:0032725",0.528674590125441,0.999999999999982,1,1,"positive regulation of granulocyte macrophage colony-stimulating factor production","BP",1
"GO:0032752",0.528674590125441,0.999999999999982,1,1,"positive regulation of interleukin-3 production","BP",1
"GO:0033008",0.528674590125441,0.999999999999982,1,1,"positive regulation of mast cell activation involved in immune response","BP",1
"GO:0035821",0.528674590125441,0.999999999999982,1,1,"modulation of process of another organism","BP",1
"GO:0038095",0.528674590125441,0.999999999999982,1,1,"Fc-epsilon receptor signaling pathway","BP",1
"GO:0043306",0.528674590125441,0.999999999999982,1,1,"positive regulation of mast cell degranulation","BP",1
"GO:0043366",0.528674590125441,0.999999999999982,1,1,"beta selection","BP",1
"GO:0045780",0.528674590125441,0.999999999999982,1,1,"positive regulation of bone resorption","BP",1
"GO:0050482",0.528674590125441,0.999999999999982,1,1,"arachidonic acid secretion","BP",1
"GO:0051709",0.528674590125441,0.999999999999982,1,1,"regulation of killing of cells of another organism","BP",1
"GO:0051712",0.528674590125441,0.999999999999982,1,1,"positive regulation of killing of cells of another organism","BP",1
"GO:0071226",0.528674590125441,0.999999999999982,1,1,"cellular response to molecule of fungal origin","BP",1
"GO:0090237",0.528674590125441,0.999999999999982,1,1,"regulation of arachidonic acid secretion","BP",1
"GO:1903963",0.528674590125441,0.999999999999982,1,1,"arachidonate transport","BP",1
"GO:0033280",0.528697426404923,0.999999999999983,1,1,"response to vitamin D","BP",1
"GO:0048070",0.528697426404923,0.999999999999983,1,1,"regulation of developmental pigmentation","BP",1
"GO:0048086",0.528697426404923,0.999999999999983,1,1,"negative regulation of developmental pigmentation","BP",1
"GO:0090117",0.528697426404923,0.999999999999983,1,1,"endosome to lysosome transport of low-density lipoprotein particle","BP",1
"GO:0090119",0.528697426404923,0.999999999999983,1,1,"vesicle-mediated cholesterol transport","BP",1
"GO:0120305",0.528697426404923,0.999999999999983,1,1,"regulation of pigmentation","BP",1
"GO:0097396",0.528709891822988,0.999999999999985,1,1,"response to interleukin-17","BP",1
"GO:0097398",0.528709891822988,0.999999999999985,1,1,"cellular response to interleukin-17","BP",1
"GO:0097400",0.528709891822988,0.999999999999985,1,1,"interleukin-17-mediated signaling pathway","BP",1
"GO:0006054",0.52879091194101,1.00000000000002,1,1,"N-acetylneuraminate metabolic process","BP",1
"GO:0018279",0.52879091194101,1.00000000000002,1,1,"protein N-linked glycosylation via asparagine","BP",1
"GO:0019082",0.52879091194101,1.00000000000002,1,1,"viral protein processing","BP",1
"GO:0097503",0.52879091194101,1.00000000000002,1,1,"sialylation","BP",1
"GO:0030328",0.528799046888976,1.00000000000002,1,1,"prenylcysteine catabolic process","BP",1
"GO:0030329",0.528799046888976,1.00000000000002,1,1,"prenylcysteine metabolic process","BP",1
"GO:0006722",0.52880041380445,1.00000000000002,1,1,"triterpenoid metabolic process","BP",1
"GO:0016104",0.52880041380445,1.00000000000002,1,1,"triterpenoid biosynthetic process","BP",1
"GO:0003209",0.528824140689373,0.999999999999985,1,1,"cardiac atrium morphogenesis","BP",1
"GO:0003215",0.528824140689373,0.999999999999985,1,1,"cardiac right ventricle morphogenesis","BP",1
"GO:0003230",0.528824140689373,0.999999999999985,1,1,"cardiac atrium development","BP",1
"GO:0003283",0.528824140689373,0.999999999999985,1,1,"atrial septum development","BP",1
"GO:0003284",0.528824140689373,0.999999999999985,1,1,"septum primum development","BP",1
"GO:0003289",0.528824140689373,0.999999999999985,1,1,"atrial septum primum morphogenesis","BP",1
"GO:0035905",0.528824140689373,0.999999999999985,1,1,"ascending aorta development","BP",1
"GO:0035910",0.528824140689373,0.999999999999985,1,1,"ascending aorta morphogenesis","BP",1
"GO:0060413",0.528824140689373,0.999999999999985,1,1,"atrial septum morphogenesis","BP",1
"GO:2000759",0.528824140689373,0.999999999999985,1,1,"regulation of N-terminal peptidyl-lysine acetylation","BP",1
"GO:2000761",0.528824140689373,0.999999999999985,1,1,"positive regulation of N-terminal peptidyl-lysine acetylation","BP",1
"GO:0071701",0.528856239090996,1.00000000000002,1,1,"regulation of MAPK export from nucleus","BP",1
"GO:0006848",0.52888214153587,0.999999999999982,1,1,"pyruvate transport","BP",1
"GO:0042867",0.52888214153587,0.999999999999982,1,1,"pyruvate catabolic process","BP",1
"GO:1901475",0.52888214153587,0.999999999999982,1,1,"pyruvate transmembrane transport","BP",1
"GO:0002372",0.52897099386536,1.00000000000001,1,1,"myeloid dendritic cell cytokine production","BP",1
"GO:0002733",0.52897099386536,1.00000000000001,1,1,"regulation of myeloid dendritic cell cytokine production","BP",1
"GO:0002735",0.52897099386536,1.00000000000001,1,1,"positive regulation of myeloid dendritic cell cytokine production","BP",1
"GO:0035066",0.52897099386536,1.00000000000001,1,1,"positive regulation of histone acetylation","BP",1
"GO:0062176",0.52897099386536,1.00000000000001,1,1,"R-loop processing","BP",1
"GO:0006001",0.529159321636842,1.00000000000001,1,1,"fructose catabolic process","BP",1
"GO:0006071",0.529159321636842,1.00000000000001,1,1,"glycerol metabolic process","BP",1
"GO:0019405",0.529159321636842,1.00000000000001,1,1,"alditol catabolic process","BP",1
"GO:0019563",0.529159321636842,1.00000000000001,1,1,"glycerol catabolic process","BP",1
"GO:0046164",0.529159321636842,1.00000000000001,1,1,"alcohol catabolic process","BP",1
"GO:0046174",0.529159321636842,1.00000000000001,1,1,"polyol catabolic process","BP",1
"GO:0061624",0.529159321636842,1.00000000000001,1,1,"fructose catabolic process to hydroxyacetone phosphate and glyceraldehyde-3-phosphate","BP",1
"GO:0099174",0.52916991558374,0.999999999999989,1,1,"regulation of presynapse organization","BP",1
"GO:0099560",0.52916991558374,0.999999999999989,1,1,"synaptic membrane adhesion","BP",1
"GO:0140058",0.52916991558374,0.999999999999989,1,1,"neuron projection arborization","BP",1
"GO:0150011",0.52916991558374,0.999999999999989,1,1,"regulation of neuron projection arborization","BP",1
"GO:1905606",0.52916991558374,0.999999999999989,1,1,"regulation of presynapse assembly","BP",1
"GO:0006701",0.529222151969745,1.00000000000001,1,1,"progesterone biosynthetic process","BP",1
"GO:0007205",0.529222151969745,1.00000000000001,1,1,"protein kinase C-activating G protein-coupled receptor signaling pathway","BP",1
"GO:0010566",0.529222151969745,1.00000000000001,1,1,"regulation of ketone biosynthetic process","BP",1
"GO:0031943",0.529222151969745,1.00000000000001,1,1,"regulation of glucocorticoid metabolic process","BP",1
"GO:0031946",0.529222151969745,1.00000000000001,1,1,"regulation of glucocorticoid biosynthetic process","BP",1
"GO:0042448",0.529222151969745,1.00000000000001,1,1,"progesterone metabolic process","BP",1
"GO:0046339",0.529222151969745,1.00000000000001,1,1,"diacylglycerol metabolic process","BP",1
"GO:0046834",0.529222151969745,1.00000000000001,1,1,"lipid phosphorylation","BP",1
"GO:0046885",0.529222151969745,1.00000000000001,1,1,"regulation of hormone biosynthetic process","BP",1
"GO:0070493",0.529222151969745,1.00000000000001,1,1,"thrombin-activated receptor signaling pathway","BP",1
"GO:0090030",0.529222151969745,1.00000000000001,1,1,"regulation of steroid hormone biosynthetic process","BP",1
"GO:1900242",0.529222151969745,1.00000000000001,1,1,"regulation of synaptic vesicle endocytosis","BP",1
"GO:2000064",0.529222151969745,1.00000000000001,1,1,"regulation of cortisol biosynthetic process","BP",1
"GO:2000182",0.529222151969745,1.00000000000001,1,1,"regulation of progesterone biosynthetic process","BP",1
"GO:0043171",0.529326415336109,0.999999999999991,1,1,"peptide catabolic process","BP",1
"GO:0039689",0.529393043401531,0.999999999999986,1,1,"negative stranded viral RNA replication","BP",1
"GO:0007187",0.529421084306992,1.00000000000001,1,1,"G protein-coupled receptor signaling pathway, coupled to cyclic nucleotide second messenger","BP",1
"GO:0038194",0.529421084306992,1.00000000000001,1,1,"thyroid-stimulating hormone signaling pathway","BP",1
"GO:1904587",0.529421084306992,1.00000000000001,1,1,"response to glycoprotein","BP",1
"GO:1904588",0.529421084306992,1.00000000000001,1,1,"cellular response to glycoprotein","BP",1
"GO:1905225",0.529421084306992,1.00000000000001,1,1,"response to thyrotropin-releasing hormone","BP",1
"GO:1905229",0.529421084306992,1.00000000000001,1,1,"cellular response to thyrotropin-releasing hormone","BP",1
"GO:0016198",0.529460170506859,1.00000000000001,1,1,"axon choice point recognition","BP",1
"GO:0016199",0.529460170506859,1.00000000000001,1,1,"axon midline choice point recognition","BP",1
"GO:1902667",0.529460170506859,1.00000000000001,1,1,"regulation of axon guidance","BP",1
"GO:1902669",0.529460170506859,1.00000000000001,1,1,"positive regulation of axon guidance","BP",1
"GO:0010971",0.529685653032605,1.00000000000001,1,1,"positive regulation of G2/M transition of mitotic cell cycle","BP",1
"GO:1902751",0.529685653032605,1.00000000000001,1,1,"positive regulation of cell cycle G2/M phase transition","BP",1
"GO:0006577",0.529700723217041,0.99999999999999,1,1,"amino-acid betaine metabolic process","BP",1
"GO:0009437",0.529700723217041,0.99999999999999,1,1,"carnitine metabolic process","BP",1
"GO:0019254",0.529700723217041,0.99999999999999,1,1,"carnitine metabolic process, CoA-linked","BP",1
"GO:0033540",0.529700723217041,0.99999999999999,1,1,"fatty acid beta-oxidation using acyl-CoA oxidase","BP",1
"GO:0051791",0.529700723217041,0.99999999999999,1,1,"medium-chain fatty acid metabolic process","BP",1
"GO:0034316",0.529706784224027,0.999999999999992,1,1,"negative regulation of Arp2/3 complex-mediated actin nucleation","BP",1
"GO:0035767",0.529706784224027,0.999999999999992,1,1,"endothelial cell chemotaxis","BP",1
"GO:0036120",0.529706784224027,0.999999999999992,1,1,"cellular response to platelet-derived growth factor stimulus","BP",1
"GO:0071670",0.529706784224027,0.999999999999992,1,1,"smooth muscle cell chemotaxis","BP",1
"GO:0071671",0.529706784224027,0.999999999999992,1,1,"regulation of smooth muscle cell chemotaxis","BP",1
"GO:0071672",0.529706784224027,0.999999999999992,1,1,"negative regulation of smooth muscle cell chemotaxis","BP",1
"GO:0072673",0.529706784224027,0.999999999999992,1,1,"lamellipodium morphogenesis","BP",1
"GO:0090135",0.529706784224027,0.999999999999992,1,1,"actin filament branching","BP",1
"GO:2000392",0.529706784224027,0.999999999999992,1,1,"regulation of lamellipodium morphogenesis","BP",1
"GO:2000394",0.529706784224027,0.999999999999992,1,1,"positive regulation of lamellipodium morphogenesis","BP",1
"GO:0023035",0.529728146477494,0.999999999999976,1,1,"CD40 signaling pathway","BP",1
"GO:0018243",0.529771569110818,1.00000000000001,1,1,"protein O-linked glycosylation via threonine","BP",1
"GO:0097370",0.529771569110818,1.00000000000001,1,1,"protein O-GlcNAcylation via threonine","BP",1
"GO:0002432",0.52997185622983,1,1,1,"granuloma formation","BP",1
"GO:0001707",0.530116900514098,1.00000000000001,1,1,"mesoderm formation","BP",1
"GO:0033574",0.530116900514098,1.00000000000001,1,1,"response to testosterone","BP",1
"GO:0048332",0.530116900514098,1.00000000000001,1,1,"mesoderm morphogenesis","BP",1
"GO:0045728",0.530168388688566,1.00000000000002,1,1,"respiratory burst after phagocytosis","BP",1
"GO:0006777",0.530328787648362,0.999999999999985,1,1,"Mo-molybdopterin cofactor biosynthetic process","BP",1
"GO:0019720",0.530328787648362,0.999999999999985,1,1,"Mo-molybdopterin cofactor metabolic process","BP",1
"GO:0032324",0.530328787648362,0.999999999999985,1,1,"molybdopterin cofactor biosynthetic process","BP",1
"GO:0043545",0.530328787648362,0.999999999999985,1,1,"molybdopterin cofactor metabolic process","BP",1
"GO:0051189",0.530328787648362,0.999999999999985,1,1,"prosthetic group metabolic process","BP",1
"GO:0006869",0.530424952412229,0.646541625465573,11,20,"lipid transport","BP",1
"GO:0001821",0.530432488952002,1.00000000000002,1,1,"histamine secretion","BP",1
"GO:0002349",0.530432488952002,1.00000000000002,1,1,"histamine production involved in inflammatory response","BP",1
"GO:0002441",0.530432488952002,1.00000000000002,1,1,"histamine secretion involved in inflammatory response","BP",1
"GO:0002553",0.530432488952002,1.00000000000002,1,1,"histamine secretion by mast cell","BP",1
"GO:0034776",0.530432488952002,1.00000000000002,1,1,"response to histamine","BP",1
"GO:0051608",0.530432488952002,1.00000000000002,1,1,"histamine transport","BP",1
"GO:0097279",0.530432488952002,1.00000000000002,1,1,"histamine secretion mediated by IgE immunoglobulin","BP",1
"GO:0097280",0.530432488952002,1.00000000000002,1,1,"histamine secretion mediated by immunoglobulin","BP",1
"GO:0010573",0.530440604087383,1.00000000000002,1,1,"vascular endothelial growth factor production","BP",1
"GO:2001223",0.530440604087383,1.00000000000002,1,1,"negative regulation of neuron migration","BP",1
"GO:0009199",0.530612470908752,0.693769881292736,7,12,"ribonucleoside triphosphate metabolic process","BP",1
"GO:0009205",0.530612470908752,0.693769881292736,7,12,"purine ribonucleoside triphosphate metabolic process","BP",1
"GO:0070536",0.53063692491544,1.00000000000002,1,1,"protein K63-linked deubiquitination","BP",1
"GO:1904612",0.530763368346902,1.00000000000001,1,1,"response to 2,3,7,8-tetrachlorodibenzodioxine","BP",1
"GO:0007077",0.530972086654403,0.999999999999986,1,1,"mitotic nuclear membrane disassembly","BP",1
"GO:0010800",0.530972086654403,0.999999999999986,1,1,"positive regulation of peptidyl-threonine phosphorylation","BP",1
"GO:0016321",0.530972086654403,0.999999999999986,1,1,"female meiosis chromosome segregation","BP",1
"GO:0030397",0.530972086654403,0.999999999999986,1,1,"membrane disassembly","BP",1
"GO:0048308",0.530972086654403,0.999999999999986,1,1,"organelle inheritance","BP",1
"GO:0048313",0.530972086654403,0.999999999999986,1,1,"Golgi inheritance","BP",1
"GO:0051081",0.530972086654403,0.999999999999986,1,1,"nuclear membrane disassembly","BP",1
"GO:0070193",0.530972086654403,0.999999999999986,1,1,"synaptonemal complex organization","BP",1
"GO:0070194",0.530972086654403,0.999999999999986,1,1,"synaptonemal complex disassembly","BP",1
"GO:0072697",0.530972086654403,0.999999999999986,1,1,"protein localization to cell cortex","BP",1
"GO:0090435",0.530972086654403,0.999999999999986,1,1,"protein localization to nuclear envelope","BP",1
"GO:1904776",0.530972086654403,0.999999999999986,1,1,"regulation of protein localization to cell cortex","BP",1
"GO:1905784",0.530972086654403,0.999999999999986,1,1,"regulation of anaphase-promoting complex-dependent catabolic process","BP",1
"GO:0010936",0.530990702766693,0.999999999999981,1,1,"negative regulation of macrophage cytokine production","BP",1
"GO:0016973",0.531004713435447,0.999999999999999,1,1,"poly(A)+ mRNA export from nucleus","BP",1
"GO:0017145",0.53122471350381,0.999999999999994,1,1,"stem cell division","BP",1
"GO:0042078",0.53122471350381,0.999999999999994,1,1,"germ-line stem cell division","BP",1
"GO:0048133",0.53122471350381,0.999999999999994,1,1,"male germ-line stem cell asymmetric division","BP",1
"GO:0060252",0.53122471350381,0.999999999999994,1,1,"positive regulation of glial cell proliferation","BP",1
"GO:0098722",0.53122471350381,0.999999999999994,1,1,"asymmetric stem cell division","BP",1
"GO:0098728",0.53122471350381,0.999999999999994,1,1,"germline stem cell asymmetric division","BP",1
"GO:0032703",0.531244298680294,1.00000000000002,1,1,"negative regulation of interleukin-2 production","BP",1
"GO:0160075",0.531244298680294,1.00000000000002,1,1,"non-canonical inflammasome complex assembly","BP",1
"GO:1903077",0.531244298680294,1.00000000000002,1,1,"negative regulation of protein localization to plasma membrane","BP",1
"GO:1904376",0.531244298680294,1.00000000000002,1,1,"negative regulation of protein localization to cell periphery","BP",1
"GO:1905476",0.531244298680294,1.00000000000002,1,1,"negative regulation of protein localization to membrane","BP",1
"GO:0010908",0.531254118317893,0.999999999999994,1,1,"regulation of heparan sulfate proteoglycan biosynthetic process","BP",1
"GO:0010909",0.531254118317893,0.999999999999994,1,1,"positive regulation of heparan sulfate proteoglycan biosynthetic process","BP",1
"GO:0015012",0.531254118317893,0.999999999999994,1,1,"heparan sulfate proteoglycan biosynthetic process","BP",1
"GO:0044334",0.531254118317893,0.999999999999994,1,1,"canonical Wnt signaling pathway involved in positive regulation of epithelial to mesenchymal transition","BP",1
"GO:0048625",0.531254118317893,0.999999999999994,1,1,"myoblast fate commitment","BP",1
"GO:0051176",0.531254118317893,0.999999999999994,1,1,"positive regulation of sulfur metabolic process","BP",1
"GO:1902730",0.531254118317893,0.999999999999994,1,1,"positive regulation of proteoglycan biosynthetic process","BP",1
"GO:1902175",0.531428861061123,1.00000000000001,1,1,"regulation of oxidative stress-induced intrinsic apoptotic signaling pathway","BP",1
"GO:1902177",0.531428861061123,1.00000000000001,1,1,"positive regulation of oxidative stress-induced intrinsic apoptotic signaling pathway","BP",1
"GO:0099171",0.531479786999632,1.00000000000001,1,1,"presynaptic modulation of chemical synaptic transmission","BP",1
"GO:0051354",0.531582956775056,1.00000000000002,1,1,"negative regulation of oxidoreductase activity","BP",1
"GO:1902283",0.531582956775056,1.00000000000002,1,1,"negative regulation of primary amine oxidase activity","BP",1
"GO:0014037",0.531730317184084,1.00000000000002,1,1,"Schwann cell differentiation","BP",1
"GO:0014044",0.531730317184084,1.00000000000002,1,1,"Schwann cell development","BP",1
"GO:0022011",0.531730317184084,1.00000000000002,1,1,"myelination in peripheral nervous system","BP",1
"GO:0032287",0.531730317184084,1.00000000000002,1,1,"peripheral nervous system myelin maintenance","BP",1
"GO:0032292",0.531730317184084,1.00000000000002,1,1,"peripheral nervous system axon ensheathment","BP",1
"GO:0043217",0.531730317184084,1.00000000000002,1,1,"myelin maintenance","BP",1
"GO:0098655",0.531934529874761,0.617252225809453,16,29,"monoatomic cation transmembrane transport","BP",1
"GO:0098662",0.531934529874761,0.617252225809453,16,29,"inorganic cation transmembrane transport","BP",1
"GO:0014072",0.532057356704903,1.00000000000002,1,1,"response to isoquinoline alkaloid","BP",1
"GO:0043278",0.532057356704903,1.00000000000002,1,1,"response to morphine","BP",1
"GO:0036150",0.532451919522176,1.00000000000002,1,1,"phosphatidylserine acyl-chain remodeling","BP",1
"GO:0000023",0.532617506204774,1.00000000000002,1,1,"maltose metabolic process","BP",1
"GO:0002026",0.532617506204774,1.00000000000002,1,1,"regulation of the force of heart contraction","BP",1
"GO:0002086",0.532617506204774,1.00000000000002,1,1,"diaphragm contraction","BP",1
"GO:0003011",0.532617506204774,1.00000000000002,1,1,"involuntary skeletal muscle contraction","BP",1
"GO:0005985",0.532617506204774,1.00000000000002,1,1,"sucrose metabolic process","BP",1
"GO:0043181",0.532617506204774,1.00000000000002,1,1,"vacuolar sequestering","BP",1
"GO:0046716",0.532617506204774,1.00000000000002,1,1,"muscle cell cellular homeostasis","BP",1
"GO:0050884",0.532617506204774,1.00000000000002,1,1,"neuromuscular process controlling posture","BP",1
"GO:0009595",0.532871657846953,0.999999999999986,1,1,"detection of biotic stimulus","BP",1
"GO:0016045",0.532871657846953,0.999999999999986,1,1,"detection of bacterium","BP",1
"GO:0098543",0.532871657846953,0.999999999999986,1,1,"detection of other organism","BP",1
"GO:0098581",0.532871657846953,0.999999999999986,1,1,"detection of external biotic stimulus","BP",1
"GO:0048584",0.533053319358026,0.545124530834501,65,121,"positive regulation of response to stimulus","BP",1
"GO:0030900",0.533299893686166,0.643857809863784,11,20,"forebrain development","BP",1
"GO:0002138",0.533400124479734,1.00000000000001,1,1,"retinoic acid biosynthetic process","BP",1
"GO:0006775",0.533400124479734,1.00000000000001,1,1,"fat-soluble vitamin metabolic process","BP",1
"GO:0006776",0.533400124479734,1.00000000000001,1,1,"vitamin A metabolic process","BP",1
"GO:0007494",0.533400124479734,1.00000000000001,1,1,"midgut development","BP",1
"GO:0016102",0.533400124479734,1.00000000000001,1,1,"diterpenoid biosynthetic process","BP",1
"GO:0035115",0.533400124479734,1.00000000000001,1,1,"embryonic forelimb morphogenesis","BP",1
"GO:0035799",0.533400124479734,1.00000000000001,1,1,"ureter maturation","BP",1
"GO:0042572",0.533400124479734,1.00000000000001,1,1,"retinol metabolic process","BP",1
"GO:0042573",0.533400124479734,1.00000000000001,1,1,"retinoic acid metabolic process","BP",1
"GO:0042574",0.533400124479734,1.00000000000001,1,1,"retinal metabolic process","BP",1
"GO:0042904",0.533400124479734,1.00000000000001,1,1,"9-cis-retinoic acid biosynthetic process","BP",1
"GO:0042905",0.533400124479734,1.00000000000001,1,1,"9-cis-retinoic acid metabolic process","BP",1
"GO:0072189",0.533400124479734,1.00000000000001,1,1,"ureter development","BP",1
"GO:0090242",0.533400124479734,1.00000000000001,1,1,"retinoic acid receptor signaling pathway involved in somitogenesis","BP",1
"GO:0101023",0.533400124479734,1.00000000000001,1,1,"vascular endothelial cell proliferation","BP",1
"GO:1905562",0.533400124479734,1.00000000000001,1,1,"regulation of vascular endothelial cell proliferation","BP",1
"GO:0032232",0.533432406616839,1.00000000000001,1,1,"negative regulation of actin filament bundle assembly","BP",1
"GO:0051497",0.533432406616839,1.00000000000001,1,1,"negative regulation of stress fiber assembly","BP",1
"GO:0000463",0.533588622819533,0.999999999999996,1,1,"maturation of LSU-rRNA from tricistronic rRNA transcript (SSU-rRNA, 5.8S rRNA, LSU-rRNA)","BP",1
"GO:0030809",0.533614860533039,1.00000000000002,1,1,"negative regulation of nucleotide biosynthetic process","BP",1
"GO:0045980",0.533614860533039,1.00000000000002,1,1,"negative regulation of nucleotide metabolic process","BP",1
"GO:0072111",0.533614860533039,1.00000000000002,1,1,"cell proliferation involved in kidney development","BP",1
"GO:1900372",0.533614860533039,1.00000000000002,1,1,"negative regulation of purine nucleotide biosynthetic process","BP",1
"GO:1900543",0.533614860533039,1.00000000000002,1,1,"negative regulation of purine nucleotide metabolic process","BP",1
"GO:1901722",0.533614860533039,1.00000000000002,1,1,"regulation of cell proliferation involved in kidney development","BP",1
"GO:1901723",0.533614860533039,1.00000000000002,1,1,"negative regulation of cell proliferation involved in kidney development","BP",1
"GO:1901856",0.533614860533039,1.00000000000002,1,1,"negative regulation of cellular respiration","BP",1
"GO:1901858",0.533614860533039,1.00000000000002,1,1,"regulation of mitochondrial DNA metabolic process","BP",1
"GO:1901859",0.533614860533039,1.00000000000002,1,1,"negative regulation of mitochondrial DNA metabolic process","BP",1
"GO:1901862",0.533614860533039,1.00000000000002,1,1,"negative regulation of muscle tissue development","BP",1
"GO:1903444",0.533614860533039,1.00000000000002,1,1,"negative regulation of brown fat cell differentiation","BP",1
"GO:1903579",0.533614860533039,1.00000000000002,1,1,"negative regulation of ATP metabolic process","BP",1
"GO:1905456",0.533614860533039,1.00000000000002,1,1,"regulation of lymphoid progenitor cell differentiation","BP",1
"GO:1905671",0.533614860533039,1.00000000000002,1,1,"regulation of lysosome organization","BP",1
"GO:1905672",0.533614860533039,1.00000000000002,1,1,"negative regulation of lysosome organization","BP",1
"GO:2000973",0.533614860533039,1.00000000000002,1,1,"regulation of pro-B cell differentiation","BP",1
"GO:2001170",0.533614860533039,1.00000000000002,1,1,"negative regulation of ATP biosynthetic process","BP",1
"GO:0003382",0.533793454963871,0.999999999999987,1,1,"epithelial cell morphogenesis","BP",1
"GO:0009414",0.533793454963871,0.999999999999987,1,1,"response to water deprivation","BP",1
"GO:0009415",0.533793454963871,0.999999999999987,1,1,"response to water","BP",1
"GO:0042631",0.533793454963871,0.999999999999987,1,1,"cellular response to water deprivation","BP",1
"GO:0045792",0.533793454963871,0.999999999999987,1,1,"negative regulation of cell size","BP",1
"GO:0071462",0.533793454963871,0.999999999999987,1,1,"cellular response to water stimulus","BP",1
"GO:1904262",0.533793454963871,0.999999999999987,1,1,"negative regulation of TORC1 signaling","BP",1
"GO:0042758",0.533820132485183,1.00000000000002,1,1,"long-chain fatty acid catabolic process","BP",1
"GO:0033036",0.534413373774975,0.536663178344269,82,153,"macromolecule localization","BP",1
"GO:0001835",0.534497918887486,1.00000000000002,1,1,"blastocyst hatching","BP",1
"GO:0035188",0.534497918887486,1.00000000000002,1,1,"hatching","BP",1
"GO:0071684",0.534497918887486,1.00000000000002,1,1,"organism emergence from protective structure","BP",1
"GO:0031400",0.534652290176834,0.601955651757385,19,35,"negative regulation of protein modification process","BP",1
"GO:0006851",0.534688447907426,0.99999999999999,1,1,"mitochondrial calcium ion transmembrane transport","BP",1
"GO:0051480",0.534688447907426,0.99999999999999,1,1,"regulation of cytosolic calcium ion concentration","BP",1
"GO:0086036",0.534688447907426,0.99999999999999,1,1,"regulation of cardiac muscle cell membrane potential","BP",1
"GO:0099093",0.534688447907426,0.99999999999999,1,1,"calcium export from the mitochondrion","BP",1
"GO:0006003",0.534766747008261,1.00000000000001,1,1,"fructose 2,6-bisphosphate metabolic process","BP",1
"GO:0000491",0.534902900766506,0.999999999999982,1,1,"small nucleolar ribonucleoprotein complex assembly","BP",1
"GO:0000492",0.534902900766506,0.999999999999982,1,1,"box C/D snoRNP assembly","BP",1
"GO:0006883",0.534938920676679,1.00000000000001,1,1,"intracellular sodium ion homeostasis","BP",1
"GO:0009268",0.534938920676679,1.00000000000001,1,1,"response to pH","BP",1
"GO:0010447",0.534938920676679,1.00000000000001,1,1,"response to acidic pH","BP",1
"GO:0050914",0.534938920676679,1.00000000000001,1,1,"sensory perception of salty taste","BP",1
"GO:0050915",0.534938920676679,1.00000000000001,1,1,"sensory perception of sour taste","BP",1
"GO:0055078",0.534938920676679,1.00000000000001,1,1,"sodium ion homeostasis","BP",1
"GO:0071467",0.534938920676679,1.00000000000001,1,1,"cellular response to pH","BP",1
"GO:0071468",0.534938920676679,1.00000000000001,1,1,"cellular response to acidic pH","BP",1
"GO:0098719",0.534938920676679,1.00000000000001,1,1,"sodium ion import across plasma membrane","BP",1
"GO:1904116",0.534938920676679,1.00000000000001,1,1,"response to vasopressin","BP",1
"GO:1904117",0.534938920676679,1.00000000000001,1,1,"cellular response to vasopressin","BP",1
"GO:0033144",0.535578005507617,0.999999999999985,1,1,"negative regulation of intracellular steroid hormone receptor signaling pathway","BP",1
"GO:0033147",0.535578005507617,0.999999999999985,1,1,"negative regulation of intracellular estrogen receptor signaling pathway","BP",1
"GO:0034058",0.535578005507617,0.999999999999985,1,1,"endosomal vesicle fusion","BP",1
"GO:0035493",0.535578005507617,0.999999999999985,1,1,"SNARE complex assembly","BP",1
"GO:0035542",0.535578005507617,0.999999999999985,1,1,"regulation of SNARE complex assembly","BP",1
"GO:2000641",0.535578005507617,0.999999999999985,1,1,"regulation of early endosome to late endosome transport","BP",1
"GO:2000643",0.535578005507617,0.999999999999985,1,1,"positive regulation of early endosome to late endosome transport","BP",1
"GO:0000098",0.535607936754494,0.999999999999996,1,1,"sulfur amino acid catabolic process","BP",1
"GO:0006555",0.535607936754494,0.999999999999996,1,1,"methionine metabolic process","BP",1
"GO:0009068",0.535607936754494,0.999999999999996,1,1,"aspartate family amino acid catabolic process","BP",1
"GO:0009087",0.535607936754494,0.999999999999996,1,1,"methionine catabolic process","BP",1
"GO:0014808",0.535803630097316,0.999999999999991,1,1,"release of sequestered calcium ion into cytosol by sarcoplasmic reticulum","BP",1
"GO:1903514",0.535803630097316,0.999999999999991,1,1,"release of sequestered calcium ion into cytosol by endoplasmic reticulum","BP",1
"GO:0006363",0.535811195921451,1.00000000000001,1,1,"termination of RNA polymerase I transcription","BP",1
"GO:0007628",0.535811195921451,1.00000000000001,1,1,"adult walking behavior","BP",1
"GO:0008340",0.535811195921451,1.00000000000001,1,1,"determination of adult lifespan","BP",1
"GO:0035195",0.535811195921451,1.00000000000001,1,1,"miRNA-mediated post-transcriptional gene silencing","BP",1
"GO:0044030",0.535811195921451,1.00000000000001,1,1,"regulation of DNA methylation","BP",1
"GO:0055006",0.535811195921451,1.00000000000001,1,1,"cardiac cell development","BP",1
"GO:0055013",0.535811195921451,1.00000000000001,1,1,"cardiac muscle cell development","BP",1
"GO:0060147",0.535811195921451,1.00000000000001,1,1,"regulation of post-transcriptional gene silencing","BP",1
"GO:0060149",0.535811195921451,1.00000000000001,1,1,"negative regulation of post-transcriptional gene silencing","BP",1
"GO:0060306",0.535811195921451,1.00000000000001,1,1,"regulation of membrane repolarization","BP",1
"GO:0060307",0.535811195921451,1.00000000000001,1,1,"regulation of ventricular cardiac muscle cell membrane repolarization","BP",1
"GO:0060964",0.535811195921451,1.00000000000001,1,1,"regulation of miRNA-mediated gene silencing","BP",1
"GO:0060965",0.535811195921451,1.00000000000001,1,1,"negative regulation of miRNA-mediated gene silencing","BP",1
"GO:0060966",0.535811195921451,1.00000000000001,1,1,"regulation of gene silencing by regulatory ncRNA","BP",1
"GO:0060967",0.535811195921451,1.00000000000001,1,1,"negative regulation of gene silencing by regulatory ncRNA","BP",1
"GO:0061337",0.535811195921451,1.00000000000001,1,1,"cardiac conduction","BP",1
"GO:0061762",0.535811195921451,1.00000000000001,1,1,"CAMKK-AMPK signaling cascade","BP",1
"GO:0070920",0.535811195921451,1.00000000000001,1,1,"regulation of regulatory ncRNA processing","BP",1
"GO:0071586",0.535811195921451,1.00000000000001,1,1,"CAAX-box protein processing","BP",1
"GO:0072396",0.535811195921451,1.00000000000001,1,1,"response to cell cycle checkpoint signaling","BP",1
"GO:0072402",0.535811195921451,1.00000000000001,1,1,"response to DNA integrity checkpoint signaling","BP",1
"GO:0072423",0.535811195921451,1.00000000000001,1,1,"response to DNA damage checkpoint signaling","BP",1
"GO:0080120",0.535811195921451,1.00000000000001,1,1,"CAAX-box protein maturation","BP",1
"GO:0086009",0.535811195921451,1.00000000000001,1,1,"membrane repolarization","BP",1
"GO:0090659",0.535811195921451,1.00000000000001,1,1,"walking behavior","BP",1
"GO:0099004",0.535811195921451,1.00000000000001,1,1,"calmodulin dependent kinase signaling pathway","BP",1
"GO:0099622",0.535811195921451,1.00000000000001,1,1,"cardiac muscle cell membrane repolarization","BP",1
"GO:0099623",0.535811195921451,1.00000000000001,1,1,"regulation of cardiac muscle cell membrane repolarization","BP",1
"GO:0099625",0.535811195921451,1.00000000000001,1,1,"ventricular cardiac muscle cell membrane repolarization","BP",1
"GO:1900368",0.535811195921451,1.00000000000001,1,1,"regulation of post-transcriptional gene silencing by regulatory ncRNA","BP",1
"GO:1900369",0.535811195921451,1.00000000000001,1,1,"negative regulation of post-transcriptional gene silencing by regulatory ncRNA","BP",1
"GO:1903463",0.535811195921451,1.00000000000001,1,1,"regulation of mitotic cell cycle DNA replication","BP",1
"GO:1903798",0.535811195921451,1.00000000000001,1,1,"regulation of miRNA processing","BP",1
"GO:1903799",0.535811195921451,1.00000000000001,1,1,"negative regulation of miRNA processing","BP",1
"GO:1990036",0.535811195921451,1.00000000000001,1,1,"calcium ion import into sarcoplasmic reticulum","BP",1
"GO:2000730",0.535811195921451,1.00000000000001,1,1,"regulation of termination of RNA polymerase I transcription","BP",1
"GO:1901052",0.535909812864997,1.00000000000001,1,1,"sarcosine metabolic process","BP",1
"GO:1901053",0.535909812864997,1.00000000000001,1,1,"sarcosine catabolic process","BP",1
"GO:0002063",0.535932639212349,1.00000000000001,1,1,"chondrocyte development","BP",1
"GO:0002710",0.535932639212349,1.00000000000001,1,1,"negative regulation of T cell mediated immunity","BP",1
"GO:0002725",0.535932639212349,1.00000000000001,1,1,"negative regulation of T cell cytokine production","BP",1
"GO:0003415",0.535932639212349,1.00000000000001,1,1,"chondrocyte hypertrophy","BP",1
"GO:0010944",0.535932639212349,1.00000000000001,1,1,"negative regulation of transcription by competitive promoter binding","BP",1
"GO:0032332",0.535932639212349,1.00000000000001,1,1,"positive regulation of chondrocyte differentiation","BP",1
"GO:0033137",0.535932639212349,1.00000000000001,1,1,"negative regulation of peptidyl-serine phosphorylation","BP",1
"GO:0055008",0.535932639212349,1.00000000000001,1,1,"cardiac muscle tissue morphogenesis","BP",1
"GO:0055010",0.535932639212349,1.00000000000001,1,1,"ventricular cardiac muscle tissue morphogenesis","BP",1
"GO:0060373",0.535932639212349,1.00000000000001,1,1,"regulation of ventricular cardiac muscle cell membrane depolarization","BP",1
"GO:0061036",0.535932639212349,1.00000000000001,1,1,"positive regulation of cartilage development","BP",1
"GO:0061181",0.535932639212349,1.00000000000001,1,1,"regulation of chondrocyte development","BP",1
"GO:1902731",0.535932639212349,1.00000000000001,1,1,"negative regulation of chondrocyte proliferation","BP",1
"GO:1902761",0.535932639212349,1.00000000000001,1,1,"positive regulation of chondrocyte development","BP",1
"GO:1903041",0.535932639212349,1.00000000000001,1,1,"regulation of chondrocyte hypertrophy","BP",1
"GO:1903043",0.535932639212349,1.00000000000001,1,1,"positive regulation of chondrocyte hypertrophy","BP",1
"GO:0035239",0.536043176755687,0.597077493786484,20,37,"tube morphogenesis","BP",1
"GO:0001974",0.536355596220841,1.00000000000001,1,1,"blood vessel remodeling","BP",1
"GO:0010710",0.536355596220841,1.00000000000001,1,1,"regulation of collagen catabolic process","BP",1
"GO:0010711",0.536355596220841,1.00000000000001,1,1,"negative regulation of collagen catabolic process","BP",1
"GO:0010713",0.536355596220841,1.00000000000001,1,1,"negative regulation of collagen metabolic process","BP",1
"GO:0010716",0.536355596220841,1.00000000000001,1,1,"negative regulation of extracellular matrix disassembly","BP",1
"GO:0030574",0.536355596220841,1.00000000000001,1,1,"collagen catabolic process","BP",1
"GO:0060309",0.536355596220841,1.00000000000001,1,1,"elastin catabolic process","BP",1
"GO:0060310",0.536355596220841,1.00000000000001,1,1,"regulation of elastin catabolic process","BP",1
"GO:0060311",0.536355596220841,1.00000000000001,1,1,"negative regulation of elastin catabolic process","BP",1
"GO:0060312",0.536355596220841,1.00000000000001,1,1,"regulation of blood vessel remodeling","BP",1
"GO:0060313",0.536355596220841,1.00000000000001,1,1,"negative regulation of blood vessel remodeling","BP",1
"GO:1903054",0.536355596220841,1.00000000000001,1,1,"negative regulation of extracellular matrix organization","BP",1
"GO:0019042",0.536581947433617,1.00000000000001,1,1,"viral latency","BP",1
"GO:0019045",0.536581947433617,1.00000000000001,1,1,"latent virus replication","BP",1
"GO:0019046",0.536581947433617,1.00000000000001,1,1,"release from viral latency","BP",1
"GO:0043922",0.536581947433617,1.00000000000001,1,1,"negative regulation by host of viral transcription","BP",1
"GO:0097201",0.536581947433617,1.00000000000001,1,1,"negative regulation of transcription from RNA polymerase II promoter in response to stress","BP",1
"GO:1990441",0.536581947433617,1.00000000000001,1,1,"negative regulation of transcription from RNA polymerase II promoter in response to endoplasmic reticulum stress","BP",1
"GO:0060052",0.536629059400057,1,1,1,"neurofilament cytoskeleton organization","BP",1
"GO:0099185",0.536629059400057,1,1,1,"postsynaptic intermediate filament cytoskeleton organization","BP",1
"GO:0071526",0.536644784553916,1,1,1,"semaphorin-plexin signaling pathway","BP",1
"GO:1904862",0.536644784553916,1,1,1,"inhibitory synapse assembly","BP",1
"GO:1904891",0.536644784553916,1,1,1,"positive regulation of excitatory synapse assembly","BP",1
"GO:1905702",0.536644784553916,1,1,1,"regulation of inhibitory synapse assembly","BP",1
"GO:1905704",0.536644784553916,1,1,1,"positive regulation of inhibitory synapse assembly","BP",1
"GO:0022603",0.537227238934844,0.592669785550398,21,39,"regulation of anatomical structure morphogenesis","BP",1
"GO:0031590",0.537705123411413,1.00000000000002,1,1,"wybutosine metabolic process","BP",1
"GO:0031591",0.537705123411413,1.00000000000002,1,1,"wybutosine biosynthetic process","BP",1
"GO:0006227",0.537885956346356,1,1,1,"dUDP biosynthetic process","BP",1
"GO:0006233",0.537885956346356,1,1,1,"dTDP biosynthetic process","BP",1
"GO:0009139",0.537885956346356,1,1,1,"pyrimidine nucleoside diphosphate biosynthetic process","BP",1
"GO:0009186",0.537885956346356,1,1,1,"deoxyribonucleoside diphosphate metabolic process","BP",1
"GO:0009189",0.537885956346356,1,1,1,"deoxyribonucleoside diphosphate biosynthetic process","BP",1
"GO:0009196",0.537885956346356,1,1,1,"pyrimidine deoxyribonucleoside diphosphate metabolic process","BP",1
"GO:0009197",0.537885956346356,1,1,1,"pyrimidine deoxyribonucleoside diphosphate biosynthetic process","BP",1
"GO:0046072",0.537885956346356,1,1,1,"dTDP metabolic process","BP",1
"GO:0046077",0.537885956346356,1,1,1,"dUDP metabolic process","BP",1
"GO:0001516",0.538009890087504,1.00000000000002,1,1,"prostaglandin biosynthetic process","BP",1
"GO:0006692",0.538009890087504,1.00000000000002,1,1,"prostanoid metabolic process","BP",1
"GO:0006693",0.538009890087504,1.00000000000002,1,1,"prostaglandin metabolic process","BP",1
"GO:0031392",0.538009890087504,1.00000000000002,1,1,"regulation of prostaglandin biosynthetic process","BP",1
"GO:0031393",0.538009890087504,1.00000000000002,1,1,"negative regulation of prostaglandin biosynthetic process","BP",1
"GO:0032695",0.538009890087504,1.00000000000002,1,1,"negative regulation of interleukin-12 production","BP",1
"GO:0032814",0.538009890087504,1.00000000000002,1,1,"regulation of natural killer cell activation","BP",1
"GO:0032815",0.538009890087504,1.00000000000002,1,1,"negative regulation of natural killer cell activation","BP",1
"GO:0046457",0.538009890087504,1.00000000000002,1,1,"prostanoid biosynthetic process","BP",1
"GO:2001279",0.538009890087504,1.00000000000002,1,1,"regulation of unsaturated fatty acid biosynthetic process","BP",1
"GO:0030224",0.538267624747611,1.00000000000002,1,1,"monocyte differentiation","BP",1
"GO:0032743",0.538267624747611,1.00000000000002,1,1,"positive regulation of interleukin-2 production","BP",1
"GO:0035397",0.538267624747611,1.00000000000002,1,1,"helper T cell enhancement of adaptive immune response","BP",1
"GO:0045655",0.538267624747611,1.00000000000002,1,1,"regulation of monocyte differentiation","BP",1
"GO:0045657",0.538267624747611,1.00000000000002,1,1,"positive regulation of monocyte differentiation","BP",1
"GO:0097011",0.538267624747611,1.00000000000002,1,1,"cellular response to granulocyte macrophage colony-stimulating factor stimulus","BP",1
"GO:0097012",0.538267624747611,1.00000000000002,1,1,"response to granulocyte macrophage colony-stimulating factor","BP",1
"GO:0009886",0.538477014330461,1.00000000000001,1,1,"post-embryonic animal morphogenesis","BP",1
"GO:0032331",0.538477014330461,1.00000000000001,1,1,"negative regulation of chondrocyte differentiation","BP",1
"GO:0048050",0.538477014330461,1.00000000000001,1,1,"post-embryonic eye morphogenesis","BP",1
"GO:0048563",0.538477014330461,1.00000000000001,1,1,"post-embryonic animal organ morphogenesis","BP",1
"GO:0048569",0.538477014330461,1.00000000000001,1,1,"post-embryonic animal organ development","BP",1
"GO:0046105",0.538493823707884,0.999999999999996,1,1,"thymidine biosynthetic process","BP",1
"GO:0046120",0.538493823707884,0.999999999999996,1,1,"deoxyribonucleoside biosynthetic process","BP",1
"GO:0046126",0.538493823707884,0.999999999999996,1,1,"pyrimidine deoxyribonucleoside biosynthetic process","BP",1
"GO:0090592",0.538493823707884,0.999999999999996,1,1,"DNA synthesis involved in DNA replication","BP",1
"GO:1904860",0.538493823707884,0.999999999999996,1,1,"DNA synthesis involved in mitotic DNA replication","BP",1
"GO:0002291",0.538527468060602,1.00000000000002,1,1,"T cell activation via T cell receptor contact with antigen bound to MHC molecule on antigen presenting cell","BP",1
"GO:0002298",0.538527468060602,1.00000000000002,1,1,"CD4-positive, CD25-positive, alpha-beta regulatory T cell differentiation involved in immune response","BP",1
"GO:0002507",0.538527468060602,1.00000000000002,1,1,"tolerance induction","BP",1
"GO:0002519",0.538527468060602,1.00000000000002,1,1,"natural killer cell tolerance induction","BP",1
"GO:0002716",0.538527468060602,1.00000000000002,1,1,"negative regulation of natural killer cell mediated immunity","BP",1
"GO:0032731",0.538527468060602,1.00000000000002,1,1,"positive regulation of interleukin-1 beta production","BP",1
"GO:0032832",0.538527468060602,1.00000000000002,1,1,"regulation of CD4-positive, CD25-positive, alpha-beta regulatory T cell differentiation involved in immune response","BP",1
"GO:0032834",0.538527468060602,1.00000000000002,1,1,"positive regulation of CD4-positive, CD25-positive, alpha-beta regulatory T cell differentiation involved in immune response","BP",1
"GO:0035739",0.538527468060602,1.00000000000002,1,1,"CD4-positive, alpha-beta T cell proliferation","BP",1
"GO:0045953",0.538527468060602,1.00000000000002,1,1,"negative regulation of natural killer cell mediated cytotoxicity","BP",1
"GO:0046007",0.538527468060602,1.00000000000002,1,1,"negative regulation of activated T cell proliferation","BP",1
"GO:0070230",0.538527468060602,1.00000000000002,1,1,"positive regulation of lymphocyte apoptotic process","BP",1
"GO:0070234",0.538527468060602,1.00000000000002,1,1,"positive regulation of T cell apoptotic process","BP",1
"GO:0070238",0.538527468060602,1.00000000000002,1,1,"activated T cell autonomous cell death","BP",1
"GO:0070239",0.538527468060602,1.00000000000002,1,1,"regulation of activated T cell autonomous cell death","BP",1
"GO:0070241",0.538527468060602,1.00000000000002,1,1,"positive regulation of activated T cell autonomous cell death","BP",1
"GO:0071604",0.538527468060602,1.00000000000002,1,1,"transforming growth factor beta production","BP",1
"GO:0071634",0.538527468060602,1.00000000000002,1,1,"regulation of transforming growth factor beta production","BP",1
"GO:0071636",0.538527468060602,1.00000000000002,1,1,"positive regulation of transforming growth factor beta production","BP",1
"GO:0097048",0.538527468060602,1.00000000000002,1,1,"dendritic cell apoptotic process","BP",1
"GO:2000508",0.538527468060602,1.00000000000002,1,1,"regulation of dendritic cell chemotaxis","BP",1
"GO:2000510",0.538527468060602,1.00000000000002,1,1,"positive regulation of dendritic cell chemotaxis","BP",1
"GO:2000561",0.538527468060602,1.00000000000002,1,1,"regulation of CD4-positive, alpha-beta T cell proliferation","BP",1
"GO:2000562",0.538527468060602,1.00000000000002,1,1,"negative regulation of CD4-positive, alpha-beta T cell proliferation","BP",1
"GO:2000563",0.538527468060602,1.00000000000002,1,1,"positive regulation of CD4-positive, alpha-beta T cell proliferation","BP",1
"GO:2000668",0.538527468060602,1.00000000000002,1,1,"regulation of dendritic cell apoptotic process","BP",1
"GO:2000670",0.538527468060602,1.00000000000002,1,1,"positive regulation of dendritic cell apoptotic process","BP",1
"GO:2001188",0.538527468060602,1.00000000000002,1,1,"regulation of T cell activation via T cell receptor contact with antigen bound to MHC molecule on antigen presenting cell","BP",1
"GO:2001190",0.538527468060602,1.00000000000002,1,1,"positive regulation of T cell activation via T cell receptor contact with antigen bound to MHC molecule on antigen presenting cell","BP",1
"GO:2001198",0.538527468060602,1.00000000000002,1,1,"regulation of dendritic cell differentiation","BP",1
"GO:2001200",0.538527468060602,1.00000000000002,1,1,"positive regulation of dendritic cell differentiation","BP",1
"GO:2001267",0.538527468060602,1.00000000000002,1,1,"regulation of cysteine-type endopeptidase activity involved in apoptotic signaling pathway","BP",1
"GO:2001269",0.538527468060602,1.00000000000002,1,1,"positive regulation of cysteine-type endopeptidase activity involved in apoptotic signaling pathway","BP",1
"GO:0048232",0.538870986160911,0.638632262024247,11,20,"male gamete generation","BP",1
"GO:0034504",0.53889205455178,0.638612438001075,11,20,"protein localization to nucleus","BP",1
"GO:0001661",0.539053241714288,0.999999999999992,1,1,"conditioned taste aversion","BP",1
"GO:0007631",0.539053241714288,0.999999999999992,1,1,"feeding behavior","BP",1
"GO:0009629",0.539053241714288,0.999999999999992,1,1,"response to gravity","BP",1
"GO:0014823",0.539053241714288,0.999999999999992,1,1,"response to activity","BP",1
"GO:0034224",0.539053241714288,0.999999999999992,1,1,"cellular response to zinc ion starvation","BP",1
"GO:0045672",0.539053241714288,0.999999999999992,1,1,"positive regulation of osteoclast differentiation","BP",1
"GO:0051412",0.539053241714288,0.999999999999992,1,1,"response to corticosterone","BP",1
"GO:0071107",0.539053241714288,0.999999999999992,1,1,"response to parathyroid hormone","BP",1
"GO:0071374",0.539053241714288,0.999999999999992,1,1,"cellular response to parathyroid hormone stimulus","BP",1
"GO:0120127",0.539053241714288,0.999999999999992,1,1,"response to zinc ion starvation","BP",1
"GO:1904627",0.539053241714288,0.999999999999992,1,1,"response to phorbol 13-acetate 12-myristate","BP",1
"GO:1904628",0.539053241714288,0.999999999999992,1,1,"cellular response to phorbol 13-acetate 12-myristate","BP",1
"GO:1990637",0.539053241714288,0.999999999999992,1,1,"response to prolactin","BP",1
"GO:1990646",0.539053241714288,0.999999999999992,1,1,"cellular response to prolactin","BP",1
"GO:0002692",0.539104542556747,1.00000000000002,1,1,"negative regulation of cellular extravasation","BP",1
"GO:0002825",0.539104542556747,1.00000000000002,1,1,"regulation of T-helper 1 type immune response","BP",1
"GO:0002827",0.539104542556747,1.00000000000002,1,1,"positive regulation of T-helper 1 type immune response","BP",1
"GO:0002829",0.539104542556747,1.00000000000002,1,1,"negative regulation of type 2 immune response","BP",1
"GO:0048291",0.539104542556747,1.00000000000002,1,1,"isotype switching to IgG isotypes","BP",1
"GO:0048302",0.539104542556747,1.00000000000002,1,1,"regulation of isotype switching to IgG isotypes","BP",1
"GO:0072683",0.539104542556747,1.00000000000002,1,1,"T cell extravasation","BP",1
"GO:2000407",0.539104542556747,1.00000000000002,1,1,"regulation of T cell extravasation","BP",1
"GO:2000408",0.539104542556747,1.00000000000002,1,1,"negative regulation of T cell extravasation","BP",1
"GO:0018146",0.539207361739837,0.999999999999996,1,1,"keratan sulfate biosynthetic process","BP",1
"GO:0030309",0.539207361739837,0.999999999999996,1,1,"poly-N-acetyllactosamine metabolic process","BP",1
"GO:0030311",0.539207361739837,0.999999999999996,1,1,"poly-N-acetyllactosamine biosynthetic process","BP",1
"GO:0042339",0.539207361739837,0.999999999999996,1,1,"keratan sulfate metabolic process","BP",1
"GO:0006067",0.539319073762775,0.999999999999997,1,1,"ethanol metabolic process","BP",1
"GO:0006069",0.539319073762775,0.999999999999997,1,1,"ethanol oxidation","BP",1
"GO:0006083",0.539319073762775,0.999999999999997,1,1,"acetate metabolic process","BP",1
"GO:0019413",0.539319073762775,0.999999999999997,1,1,"acetate biosynthetic process","BP",1
"GO:0019427",0.539319073762775,0.999999999999997,1,1,"acetyl-CoA biosynthetic process from acetate","BP",1
"GO:0019541",0.539319073762775,0.999999999999997,1,1,"propionate metabolic process","BP",1
"GO:0019542",0.539319073762775,0.999999999999997,1,1,"propionate biosynthetic process","BP",1
"GO:0051790",0.539319073762775,0.999999999999997,1,1,"short-chain fatty acid biosynthetic process","BP",1
"GO:0006991",0.539465662355078,1.00000000000002,1,1,"response to sterol depletion","BP",1
"GO:0010894",0.539465662355078,1.00000000000002,1,1,"negative regulation of steroid biosynthetic process","BP",1
"GO:0032933",0.539465662355078,1.00000000000002,1,1,"SREBP signaling pathway","BP",1
"GO:0035437",0.539465662355078,1.00000000000002,1,1,"maintenance of protein localization in endoplasmic reticulum","BP",1
"GO:0036316",0.539465662355078,1.00000000000002,1,1,"SREBP-SCAP complex retention in endoplasmic reticulum","BP",1
"GO:0042474",0.539465662355078,1.00000000000002,1,1,"middle ear morphogenesis","BP",1
"GO:0060363",0.539465662355078,1.00000000000002,1,1,"cranial suture morphogenesis","BP",1
"GO:0070862",0.539465662355078,1.00000000000002,1,1,"negative regulation of protein exit from endoplasmic reticulum","BP",1
"GO:0071501",0.539465662355078,1.00000000000002,1,1,"cellular response to sterol depletion","BP",1
"GO:0090110",0.539465662355078,1.00000000000002,1,1,"COPII-coated vesicle cargo loading","BP",1
"GO:0090317",0.539465662355078,1.00000000000002,1,1,"negative regulation of intracellular protein transport","BP",1
"GO:0097094",0.539465662355078,1.00000000000002,1,1,"craniofacial suture morphogenesis","BP",1
"GO:1901301",0.539465662355078,1.00000000000002,1,1,"regulation of cargo loading into COPII-coated vesicle","BP",1
"GO:1901303",0.539465662355078,1.00000000000002,1,1,"negative regulation of cargo loading into COPII-coated vesicle","BP",1
"GO:2000638",0.539465662355078,1.00000000000002,1,1,"regulation of SREBP signaling pathway","BP",1
"GO:2000639",0.539465662355078,1.00000000000002,1,1,"negative regulation of SREBP signaling pathway","BP",1
"GO:0009301",0.539534840708989,0.999999999999999,1,1,"snRNA transcription","BP",1
"GO:0042795",0.539534840708989,0.999999999999999,1,1,"snRNA transcription by RNA polymerase II","BP",1
"GO:1905380",0.539534840708989,0.999999999999999,1,1,"regulation of snRNA transcription by RNA polymerase II","BP",1
"GO:1905382",0.539534840708989,0.999999999999999,1,1,"positive regulation of snRNA transcription by RNA polymerase II","BP",1
"GO:0007193",0.539612814523785,1.00000000000001,1,1,"adenylate cyclase-inhibiting G protein-coupled receptor signaling pathway","BP",1
"GO:0007194",0.539612814523785,1.00000000000001,1,1,"negative regulation of adenylate cyclase activity","BP",1
"GO:0007212",0.539612814523785,1.00000000000001,1,1,"dopamine receptor signaling pathway","BP",1
"GO:0031280",0.539612814523785,1.00000000000001,1,1,"negative regulation of cyclase activity","BP",1
"GO:0051350",0.539612814523785,1.00000000000001,1,1,"negative regulation of lyase activity","BP",1
"GO:0060159",0.539612814523785,1.00000000000001,1,1,"regulation of dopamine receptor signaling pathway","BP",1
"GO:0060160",0.539612814523785,1.00000000000001,1,1,"negative regulation of dopamine receptor signaling pathway","BP",1
"GO:0071257",0.539612814523785,1.00000000000001,1,1,"cellular response to electrical stimulus","BP",1
"GO:0071867",0.539612814523785,1.00000000000001,1,1,"response to monoamine","BP",1
"GO:0071868",0.539612814523785,1.00000000000001,1,1,"cellular response to monoamine stimulus","BP",1
"GO:0071869",0.539612814523785,1.00000000000001,1,1,"response to catecholamine","BP",1
"GO:0071870",0.539612814523785,1.00000000000001,1,1,"cellular response to catecholamine stimulus","BP",1
"GO:1903350",0.539612814523785,1.00000000000001,1,1,"response to dopamine","BP",1
"GO:1903351",0.539612814523785,1.00000000000001,1,1,"cellular response to dopamine","BP",1
"GO:0016050",0.539755989110256,0.646799070493541,10,18,"vesicle organization","BP",1
"GO:0030970",0.540383253987848,0.999999999999999,1,1,"retrograde protein transport, ER to cytosol","BP",1
"GO:1903513",0.540383253987848,0.999999999999999,1,1,"endoplasmic reticulum to cytosol transport","BP",1
"GO:0009810",0.540622457498124,0.999999999999991,1,1,"stilbene metabolic process","BP",1
"GO:0018904",0.540622457498124,0.999999999999991,1,1,"ether metabolic process","BP",1
"GO:0046272",0.540622457498124,0.999999999999991,1,1,"stilbene catabolic process","BP",1
"GO:0097176",0.540622457498124,0.999999999999991,1,1,"epoxide metabolic process","BP",1
"GO:0120256",0.540622457498124,0.999999999999991,1,1,"olefinic compound catabolic process","BP",1
"GO:0006657",0.54117649114885,1.00000000000001,1,1,"CDP-choline pathway","BP",1
"GO:0032511",0.54125744915371,1.00000000000003,1,1,"late endosome to vacuole transport via multivesicular body sorting pathway","BP",1
"GO:0043328",0.54125744915371,1.00000000000003,1,1,"protein transport to vacuole involved in ubiquitin-dependent protein catabolic process via the multivesicular body sorting pathway","BP",1
"GO:0048265",0.541347557160098,0.999999999999988,1,1,"response to pain","BP",1
"GO:0048266",0.541347557160098,0.999999999999988,1,1,"behavioral response to pain","BP",1
"GO:0002420",0.541392671744173,0.999999999999994,1,1,"natural killer cell mediated cytotoxicity directed against tumor cell target","BP",1
"GO:0002858",0.541392671744173,0.999999999999994,1,1,"regulation of natural killer cell mediated cytotoxicity directed against tumor cell target","BP",1
"GO:0002860",0.541392671744173,0.999999999999994,1,1,"positive regulation of natural killer cell mediated cytotoxicity directed against tumor cell target","BP",1
"GO:0019062",0.541392671744173,0.999999999999994,1,1,"virion attachment to host cell","BP",1
"GO:0019064",0.541392671744173,0.999999999999994,1,1,"fusion of virus membrane with host plasma membrane","BP",1
"GO:0030382",0.541392671744173,0.999999999999994,1,1,"sperm mitochondrion organization","BP",1
"GO:0039663",0.541392671744173,0.999999999999994,1,1,"membrane fusion involved in viral entry into host cell","BP",1
"GO:0042271",0.541392671744173,0.999999999999994,1,1,"susceptibility to natural killer cell mediated cytotoxicity","BP",1
"GO:0044406",0.541392671744173,0.999999999999994,1,1,"adhesion of symbiont to host","BP",1
"GO:0044650",0.541392671744173,0.999999999999994,1,1,"adhesion of symbiont to host cell","BP",1
"GO:0046814",0.541392671744173,0.999999999999994,1,1,"coreceptor-mediated virion attachment to host cell","BP",1
"GO:0060370",0.541392671744173,0.999999999999994,1,1,"susceptibility to T cell mediated cytotoxicity","BP",1
"GO:0016254",0.541410728823841,0.999999999999998,1,1,"preassembly of GPI anchor in ER membrane","BP",1
"GO:0006097",0.541682346870069,0.999999999999985,1,1,"glyoxylate cycle","BP",1
"GO:0006102",0.541682346870069,0.999999999999985,1,1,"isocitrate metabolic process","BP",1
"GO:0046487",0.541682346870069,0.999999999999985,1,1,"glyoxylate metabolic process","BP",1
"GO:0000070",0.541864071547129,0.644829659179798,10,18,"mitotic sister chromatid segregation","BP",1
"GO:0006699",0.541937120343637,1.00000000000001,1,1,"bile acid biosynthetic process","BP",1
"GO:0042745",0.541937120343637,1.00000000000001,1,1,"circadian sleep/wake cycle","BP",1
"GO:0042749",0.541937120343637,1.00000000000001,1,1,"regulation of circadian sleep/wake cycle","BP",1
"GO:0048712",0.541937120343637,1.00000000000001,1,1,"negative regulation of astrocyte differentiation","BP",1
"GO:0060086",0.541937120343637,1.00000000000001,1,1,"circadian temperature homeostasis","BP",1
"GO:0061888",0.541937120343637,1.00000000000001,1,1,"regulation of astrocyte activation","BP",1
"GO:0061889",0.541937120343637,1.00000000000001,1,1,"negative regulation of astrocyte activation","BP",1
"GO:0070857",0.541937120343637,1.00000000000001,1,1,"regulation of bile acid biosynthetic process","BP",1
"GO:0070859",0.541937120343637,1.00000000000001,1,1,"positive regulation of bile acid biosynthetic process","BP",1
"GO:0150077",0.541937120343637,1.00000000000001,1,1,"regulation of neuroinflammatory response","BP",1
"GO:0150079",0.541937120343637,1.00000000000001,1,1,"negative regulation of neuroinflammatory response","BP",1
"GO:1903978",0.541937120343637,1.00000000000001,1,1,"regulation of microglial cell activation","BP",1
"GO:1903979",0.541937120343637,1.00000000000001,1,1,"negative regulation of microglial cell activation","BP",1
"GO:1904253",0.541937120343637,1.00000000000001,1,1,"positive regulation of bile acid metabolic process","BP",1
"GO:0002101",0.542238907108187,0.999999999999993,1,1,"tRNA wobble cytosine modification","BP",1
"GO:0006448",0.542238907108187,0.999999999999993,1,1,"regulation of translational elongation","BP",1
"GO:0035513",0.542238907108187,0.999999999999993,1,1,"oxidative RNA demethylation","BP",1
"GO:0035552",0.542238907108187,0.999999999999993,1,1,"oxidative single-stranded DNA demethylation","BP",1
"GO:0042245",0.542238907108187,0.999999999999993,1,1,"RNA repair","BP",1
"GO:0062125",0.542238907108187,0.999999999999993,1,1,"regulation of mitochondrial gene expression","BP",1
"GO:0070129",0.542238907108187,0.999999999999993,1,1,"regulation of mitochondrial translation","BP",1
"GO:0070989",0.542238907108187,0.999999999999993,1,1,"oxidative demethylation","BP",1
"GO:1990983",0.542238907108187,0.999999999999993,1,1,"tRNA demethylation","BP",1
"GO:0000244",0.542257248852297,1.00000000000001,1,1,"spliceosomal tri-snRNP complex assembly","BP",1
"GO:0000387",0.542257248852297,1.00000000000001,1,1,"spliceosomal snRNP assembly","BP",1
"GO:0002536",0.54231230898006,1.00000000000002,1,1,"respiratory burst involved in inflammatory response","BP",1
"GO:0060263",0.54231230898006,1.00000000000002,1,1,"regulation of respiratory burst","BP",1
"GO:0060264",0.54231230898006,1.00000000000002,1,1,"regulation of respiratory burst involved in inflammatory response","BP",1
"GO:0060266",0.54231230898006,1.00000000000002,1,1,"negative regulation of respiratory burst involved in inflammatory response","BP",1
"GO:0060268",0.54231230898006,1.00000000000002,1,1,"negative regulation of respiratory burst","BP",1
"GO:1905041",0.54231230898006,1.00000000000002,1,1,"regulation of epithelium regeneration","BP",1
"GO:1905042",0.54231230898006,1.00000000000002,1,1,"negative regulation of epithelium regeneration","BP",1
"GO:1990264",0.54231230898006,1.00000000000002,1,1,"peptidyl-tyrosine dephosphorylation involved in inactivation of protein kinase activity","BP",1
"GO:1990399",0.54231230898006,1.00000000000002,1,1,"epithelium regeneration","BP",1
"GO:0042256",0.542523852320977,0.999999999999999,1,1,"cytosolic ribosome assembly","BP",1
"GO:0048539",0.542523852320977,0.999999999999999,1,1,"bone marrow development","BP",1
"GO:0009081",0.542597608517499,0.999999999999991,1,1,"branched-chain amino acid metabolic process","BP",1
"GO:0009083",0.542597608517499,0.999999999999991,1,1,"branched-chain amino acid catabolic process","BP",1
"GO:0045763",0.542597608517499,0.999999999999991,1,1,"negative regulation of cellular amino acid metabolic process","BP",1
"GO:0048593",0.542615115940735,0.85291346293856,2,3,"camera-type eye morphogenesis","BP",1
"GO:0021515",0.542615115941104,0.852913462938355,2,3,"cell differentiation in spinal cord","BP",1
"GO:0042440",0.542615115941189,0.852913462938329,2,3,"pigment metabolic process","BP",1
"GO:0032414",0.542615115941369,0.852913462938221,2,3,"positive regulation of ion transmembrane transporter activity","BP",1
"GO:0034767",0.542615115941369,0.852913462938221,2,3,"positive regulation of monoatomic ion transmembrane transport","BP",1
"GO:0099518",0.54261524074423,0.852913393153025,2,3,"vesicle cytoskeletal trafficking","BP",1
"GO:0048147",0.54261558434812,0.852913201022172,2,3,"negative regulation of fibroblast proliferation","BP",1
"GO:0120192",0.542653152785522,0.852892193041354,2,3,"tight junction assembly","BP",1
"GO:0120193",0.542653152785522,0.852892193041354,2,3,"tight junction organization","BP",1
"GO:0002223",0.542748176554273,0.852839047001695,2,3,"stimulatory C-type lectin receptor signaling pathway","BP",1
"GO:1990840",0.542748176554273,0.852839047001695,2,3,"response to lectin","BP",1
"GO:1990858",0.542748176554273,0.852839047001695,2,3,"cellular response to lectin","BP",1
"GO:0015908",0.542748176554356,0.85283904700166,2,3,"fatty acid transport","BP",1
"GO:2000191",0.542748176554356,0.85283904700166,2,3,"regulation of fatty acid transport","BP",1
"GO:0050764",0.542748176554676,0.852839047001478,2,3,"regulation of phagocytosis","BP",1
"GO:0018076",0.542822825996679,0.852797286628905,2,3,"N-terminal peptidyl-lysine acetylation","BP",1
"GO:0031018",0.542822825997048,0.852797286628699,2,3,"endocrine pancreas development","BP",1
"GO:0090263",0.542822825997111,0.852797286628659,2,3,"positive regulation of canonical Wnt signaling pathway","BP",1
"GO:0006487",0.542841362993732,0.852786915366298,2,3,"protein N-linked glycosylation","BP",1
"GO:0043113",0.542891821069867,0.852758681961529,2,3,"receptor clustering","BP",1
"GO:0099601",0.542948640075417,0.852726884761259,2,3,"regulation of neurotransmitter receptor activity","BP",1
"GO:0006813",0.542948697082633,0.852726852856311,2,3,"potassium ion transport","BP",1
"GO:0042492",0.542976443388956,0.852711323626635,2,3,"gamma-delta T cell differentiation","BP",1
"GO:0045586",0.542976443388956,0.852711323626635,2,3,"regulation of gamma-delta T cell differentiation","BP",1
"GO:0046629",0.542976443388956,0.852711323626635,2,3,"gamma-delta T cell activation","BP",1
"GO:0046643",0.542976443388956,0.852711323626635,2,3,"regulation of gamma-delta T cell activation","BP",1
"GO:0071402",0.543024824010412,0.852684242878091,2,3,"cellular response to lipoprotein particle stimulus","BP",1
"GO:0006863",0.543051288218563,0.999999999999984,1,1,"purine nucleobase transport","BP",1
"GO:0015851",0.543051288218563,0.999999999999984,1,1,"nucleobase transport","BP",1
"GO:0015853",0.543051288218563,0.999999999999984,1,1,"adenine transport","BP",1
"GO:0015854",0.543051288218563,0.999999999999984,1,1,"guanine transport","BP",1
"GO:0015855",0.543051288218563,0.999999999999984,1,1,"pyrimidine nucleobase transport","BP",1
"GO:0015857",0.543051288218563,0.999999999999984,1,1,"uracil transport","BP",1
"GO:0015858",0.543051288218563,0.999999999999984,1,1,"nucleoside transport","BP",1
"GO:0015860",0.543051288218563,0.999999999999984,1,1,"purine nucleoside transmembrane transport","BP",1
"GO:0015861",0.543051288218563,0.999999999999984,1,1,"cytidine transport","BP",1
"GO:0015862",0.543051288218563,0.999999999999984,1,1,"uridine transport","BP",1
"GO:0015864",0.543051288218563,0.999999999999984,1,1,"pyrimidine nucleoside transport","BP",1
"GO:0032238",0.543051288218563,0.999999999999984,1,1,"adenosine transport","BP",1
"GO:0035340",0.543051288218563,0.999999999999984,1,1,"inosine transport","BP",1
"GO:0035344",0.543051288218563,0.999999999999984,1,1,"hypoxanthine transport","BP",1
"GO:0035364",0.543051288218563,0.999999999999984,1,1,"thymine transport","BP",1
"GO:0072531",0.543051288218563,0.999999999999984,1,1,"pyrimidine-containing compound transmembrane transport","BP",1
"GO:1901642",0.543051288218563,0.999999999999984,1,1,"nucleoside transmembrane transport","BP",1
"GO:1903716",0.543051288218563,0.999999999999984,1,1,"guanine transmembrane transport","BP",1
"GO:1903791",0.543051288218563,0.999999999999984,1,1,"uracil transmembrane transport","BP",1
"GO:1904082",0.543051288218563,0.999999999999984,1,1,"pyrimidine nucleobase transmembrane transport","BP",1
"GO:1904823",0.543051288218563,0.999999999999984,1,1,"purine nucleobase transmembrane transport","BP",1
"GO:1902930",0.543354881273976,0.85249940129267,2,3,"regulation of alcohol biosynthetic process","BP",1
"GO:0003407",0.543564292733509,0.999999999999993,1,1,"neural retina development","BP",1
"GO:0014016",0.543564292733509,0.999999999999993,1,1,"neuroblast differentiation","BP",1
"GO:0021892",0.543564292733509,0.999999999999993,1,1,"cerebral cortex GABAergic interneuron differentiation","BP",1
"GO:0021893",0.543564292733509,0.999999999999993,1,1,"cerebral cortex GABAergic interneuron fate commitment","BP",1
"GO:0035881",0.543564292733509,0.999999999999993,1,1,"amacrine cell differentiation","BP",1
"GO:0042475",0.543564292733509,0.999999999999993,1,1,"odontogenesis of dentin-containing tooth","BP",1
"GO:0042476",0.543564292733509,0.999999999999993,1,1,"odontogenesis","BP",1
"GO:0046532",0.543564292733509,0.999999999999993,1,1,"regulation of photoreceptor cell differentiation","BP",1
"GO:0046533",0.543564292733509,0.999999999999993,1,1,"negative regulation of photoreceptor cell differentiation","BP",1
"GO:0048701",0.543564292733509,0.999999999999993,1,1,"embryonic cranial skeleton morphogenesis","BP",1
"GO:0048755",0.543564292733509,0.999999999999993,1,1,"branching morphogenesis of a nerve","BP",1
"GO:0097154",0.543564292733509,0.999999999999993,1,1,"GABAergic neuron differentiation","BP",1
"GO:1902869",0.543564292733509,0.999999999999993,1,1,"regulation of amacrine cell differentiation","BP",1
"GO:1902871",0.543564292733509,0.999999999999993,1,1,"positive regulation of amacrine cell differentiation","BP",1
"GO:0006425",0.543611118891319,0.999999999999977,1,1,"glutaminyl-tRNA aminoacylation","BP",1
"GO:0021819",0.54363065262891,0.852344835423232,2,3,"layer formation in cerebral cortex","BP",1
"GO:0021952",0.543665559484215,0.852325262452569,2,3,"central nervous system projection neuron axonogenesis","BP",1
"GO:0021954",0.543665559484215,0.852325262452569,2,3,"central nervous system neuron development","BP",1
"GO:0021955",0.543665559484215,0.852325262452569,2,3,"central nervous system neuron axonogenesis","BP",1
"GO:0007157",0.543676727086784,0.999999999999992,1,1,"heterophilic cell-cell adhesion via plasma membrane cell adhesion molecules","BP",1
"GO:0016339",0.543676727086784,0.999999999999992,1,1,"calcium-dependent cell-cell adhesion via plasma membrane cell adhesion molecules","BP",1
"GO:0070936",0.543704863188287,1.00000000000002,1,1,"protein K48-linked ubiquitination","BP",1
"GO:0016051",0.543764527822707,0.634015060808378,11,20,"carbohydrate biosynthetic process","BP",1
"GO:0010171",0.54379216370552,0.852254257505271,2,3,"body morphogenesis","BP",1
"GO:0060323",0.54379216370552,0.852254257505271,2,3,"head morphogenesis","BP",1
"GO:0008585",0.543797756033658,0.852251120535476,2,3,"female gonad development","BP",1
"GO:0046545",0.543797756033658,0.852251120535476,2,3,"development of primary female sexual characteristics","BP",1
"GO:0046660",0.543797756033658,0.852251120535476,2,3,"female sex differentiation","BP",1
"GO:0031667",0.544224888432287,0.633579382092862,11,20,"response to nutrient levels","BP",1
"GO:0021796",0.544246924408735,0.851999009002717,2,3,"cerebral cortex regionalization","BP",1
"GO:0021871",0.544246924408735,0.851999009002717,2,3,"forebrain regionalization","BP",1
"GO:0021978",0.544246924408735,0.851999009002717,2,3,"telencephalon regionalization","BP",1
"GO:0008038",0.544270562765352,0.851985732698858,2,3,"neuron recognition","BP",1
"GO:0009240",0.544525391868489,1.00000000000001,1,1,"isopentenyl diphosphate biosynthetic process","BP",1
"GO:0019287",0.544525391868489,1.00000000000001,1,1,"isopentenyl diphosphate biosynthetic process, mevalonate pathway","BP",1
"GO:0046490",0.544525391868489,1.00000000000001,1,1,"isopentenyl diphosphate metabolic process","BP",1
"GO:0035025",0.54462440257443,0.851786900235782,2,3,"positive regulation of Rho protein signal transduction","BP",1
"GO:0046579",0.54462440257443,0.851786900235782,2,3,"positive regulation of Ras protein signal transduction","BP",1
"GO:0051057",0.54462440257443,0.851786900235782,2,3,"positive regulation of small GTPase mediated signal transduction","BP",1
"GO:0003016",0.54472133134713,0.851732400193337,2,3,"respiratory system process","BP",1
"GO:0000303",0.545086553468592,0.99999999999998,1,1,"response to superoxide","BP",1
"GO:0000305",0.545086553468592,0.99999999999998,1,1,"response to oxygen radical","BP",1
"GO:0006541",0.545086553468592,0.99999999999998,1,1,"glutamine metabolic process","BP",1
"GO:0006817",0.545086553468592,0.99999999999998,1,1,"phosphate ion transport","BP",1
"GO:0008272",0.545086553468592,0.99999999999998,1,1,"sulfate transport","BP",1
"GO:0015729",0.545086553468592,0.99999999999998,1,1,"oxaloacetate transport","BP",1
"GO:0015740",0.545086553468592,0.99999999999998,1,1,"C4-dicarboxylate transport","BP",1
"GO:0015743",0.545086553468592,0.99999999999998,1,1,"malate transport","BP",1
"GO:0015810",0.545086553468592,0.99999999999998,1,1,"aspartate transmembrane transport","BP",1
"GO:0035435",0.545086553468592,0.99999999999998,1,1,"phosphate ion transmembrane transport","BP",1
"GO:0061179",0.545086553468592,0.99999999999998,1,1,"negative regulation of insulin secretion involved in cellular response to glucose stimulus","BP",1
"GO:0070778",0.545086553468592,0.99999999999998,1,1,"L-aspartate transmembrane transport","BP",1
"GO:0071284",0.545086553468592,0.99999999999998,1,1,"cellular response to lead ion","BP",1
"GO:0071423",0.545086553468592,0.99999999999998,1,1,"malate transmembrane transport","BP",1
"GO:1902356",0.545086553468592,0.99999999999998,1,1,"oxaloacetate(2-) transmembrane transport","BP",1
"GO:1902358",0.545086553468592,0.99999999999998,1,1,"sulfate transmembrane transport","BP",1
"GO:0009311",0.545164098153834,0.851483265179033,2,3,"oligosaccharide metabolic process","BP",1
"GO:0030511",0.545222097130193,0.851450608438465,2,3,"positive regulation of transforming growth factor beta receptor signaling pathway","BP",1
"GO:1903846",0.545222097130193,0.851450608438465,2,3,"positive regulation of cellular response to transforming growth factor beta stimulus","BP",1
"GO:0035887",0.545239339445551,1.00000000000001,1,1,"aortic smooth muscle cell differentiation","BP",1
"GO:0048251",0.545239339445551,1.00000000000001,1,1,"elastic fiber assembly","BP",1
"GO:0048662",0.545239339445551,1.00000000000001,1,1,"negative regulation of smooth muscle cell proliferation","BP",1
"GO:0061302",0.545239339445551,1.00000000000001,1,1,"smooth muscle cell-matrix adhesion","BP",1
"GO:1904026",0.545239339445551,1.00000000000001,1,1,"regulation of collagen fibril organization","BP",1
"GO:1904028",0.545239339445551,1.00000000000001,1,1,"positive regulation of collagen fibril organization","BP",1
"GO:1904706",0.545239339445551,1.00000000000001,1,1,"negative regulation of vascular associated smooth muscle cell proliferation","BP",1
"GO:1904829",0.545239339445551,1.00000000000001,1,1,"regulation of aortic smooth muscle cell differentiation","BP",1
"GO:1904831",0.545239339445551,1.00000000000001,1,1,"positive regulation of aortic smooth muscle cell differentiation","BP",1
"GO:1905609",0.545239339445551,1.00000000000001,1,1,"positive regulation of smooth muscle cell-matrix adhesion","BP",1
"GO:2000097",0.545239339445551,1.00000000000001,1,1,"regulation of smooth muscle cell-matrix adhesion","BP",1
"GO:0090162",0.545311839427188,0.851400068339755,2,3,"establishment of epithelial cell polarity","BP",1
"GO:1901185",0.545392710930341,0.851354513534592,2,3,"negative regulation of ERBB signaling pathway","BP",1
"GO:0006660",0.545401944952406,0.999999999999992,1,1,"phosphatidylserine catabolic process","BP",1
"GO:0009395",0.545401944952406,0.999999999999992,1,1,"phospholipid catabolic process","BP",1
"GO:0046462",0.545401944952406,0.999999999999992,1,1,"monoacylglycerol metabolic process","BP",1
"GO:0046475",0.545401944952406,0.999999999999992,1,1,"glycerophospholipid catabolic process","BP",1
"GO:0052651",0.545401944952406,0.999999999999992,1,1,"monoacylglycerol catabolic process","BP",1
"GO:0062232",0.545401944952406,0.999999999999992,1,1,"prostanoid catabolic process","BP",1
"GO:1901523",0.545401944952406,0.999999999999992,1,1,"icosanoid catabolic process","BP",1
"GO:1905344",0.545401944952406,0.999999999999992,1,1,"prostaglandin catabolic process","BP",1
"GO:0001773",0.545421092989799,0.999999999999989,1,1,"myeloid dendritic cell activation","BP",1
"GO:0043011",0.545421092989799,0.999999999999989,1,1,"myeloid dendritic cell differentiation","BP",1
"GO:0034035",0.5456319656932,1.00000000000001,1,1,"purine ribonucleoside bisphosphate metabolic process","BP",1
"GO:0050427",0.5456319656932,1.00000000000001,1,1,"3'-phosphoadenosine 5'-phosphosulfate metabolic process","BP",1
"GO:0030193",0.545697853872453,0.851182537563778,2,3,"regulation of blood coagulation","BP",1
"GO:0050818",0.545697853872453,0.851182537563778,2,3,"regulation of coagulation","BP",1
"GO:1900046",0.545697853872453,0.851182537563778,2,3,"regulation of hemostasis","BP",1
"GO:0048260",0.545830270004833,0.85110786496959,2,3,"positive regulation of receptor-mediated endocytosis","BP",1
"GO:0098659",0.545887941357915,0.851075334400583,2,3,"inorganic cation import across plasma membrane","BP",1
"GO:0099587",0.545887941357915,0.851075334400583,2,3,"inorganic ion import across plasma membrane","BP",1
"GO:1902766",0.545987591451599,0.999999999999988,1,1,"skeletal muscle satellite cell migration","BP",1
"GO:2000359",0.546016477748649,0.999999999999984,1,1,"regulation of binding of sperm to zona pellucida","BP",1
"GO:2000360",0.546016477748649,0.999999999999984,1,1,"negative regulation of binding of sperm to zona pellucida","BP",1
"GO:0033143",0.546209751017815,0.850893719040739,2,3,"regulation of intracellular steroid hormone receptor signaling pathway","BP",1
"GO:0018149",0.54633471765046,1.00000000000001,1,1,"peptide cross-linking","BP",1
"GO:2000772",0.546356465846204,0.850810867313821,2,3,"regulation of cellular senescence","BP",1
"GO:0043152",0.546402335679475,1.00000000000002,1,1,"induction of bacterial agglutination","BP",1
"GO:0060907",0.546402335679475,1.00000000000002,1,1,"positive regulation of macrophage cytokine production","BP",1
"GO:0060390",0.546438827322556,0.850764342388588,2,3,"regulation of SMAD protein signal transduction","BP",1
"GO:0060392",0.546438827322556,0.850764342388588,2,3,"negative regulation of SMAD protein signal transduction","BP",1
"GO:0071888",0.546513438147522,0.850722186792583,2,3,"macrophage apoptotic process","BP",1
"GO:2000109",0.546513438147522,0.850722186792583,2,3,"regulation of macrophage apoptotic process","BP",1
"GO:0010719",0.546554771365327,0.850698829610956,2,3,"negative regulation of epithelial to mesenchymal transition","BP",1
"GO:0016322",0.546595739019095,0.999999999999993,1,1,"neuron remodeling","BP",1
"GO:0010715",0.54660168024252,0.850672318502639,2,3,"regulation of extracellular matrix disassembly","BP",1
"GO:0030279",0.546770345709151,0.850576967526301,2,3,"negative regulation of ossification","BP",1
"GO:0034405",0.546770345709151,0.850576967526301,2,3,"response to fluid shear stress","BP",1
"GO:0019080",0.546905735158263,0.850500396990312,2,3,"viral gene expression","BP",1
"GO:0036462",0.546915504927451,1,1,1,"TRAIL-activated apoptotic signaling pathway","BP",1
"GO:1903121",0.546915504927451,1,1,1,"regulation of TRAIL-activated apoptotic signaling pathway","BP",1
"GO:1903984",0.546915504927451,1,1,1,"positive regulation of TRAIL-activated apoptotic signaling pathway","BP",1
"GO:0001956",0.546925206985043,0.999999999999999,1,1,"positive regulation of neurotransmitter secretion","BP",1
"GO:0010701",0.546925206985043,0.999999999999999,1,1,"positive regulation of norepinephrine secretion","BP",1
"GO:0010807",0.546925206985043,0.999999999999999,1,1,"regulation of synaptic vesicle priming","BP",1
"GO:0014061",0.546925206985043,0.999999999999999,1,1,"regulation of norepinephrine secretion","BP",1
"GO:0015874",0.546925206985043,0.999999999999999,1,1,"norepinephrine transport","BP",1
"GO:0017158",0.546925206985043,0.999999999999999,1,1,"regulation of calcium ion-dependent exocytosis","BP",1
"GO:0031629",0.546925206985043,0.999999999999999,1,1,"synaptic vesicle fusion to presynaptic active zone membrane","BP",1
"GO:0033605",0.546925206985043,0.999999999999999,1,1,"positive regulation of catecholamine secretion","BP",1
"GO:0045956",0.546925206985043,0.999999999999999,1,1,"positive regulation of calcium ion-dependent exocytosis","BP",1
"GO:0048243",0.546925206985043,0.999999999999999,1,1,"norepinephrine secretion","BP",1
"GO:0048499",0.546925206985043,0.999999999999999,1,1,"synaptic vesicle membrane organization","BP",1
"GO:0050432",0.546925206985043,0.999999999999999,1,1,"catecholamine secretion","BP",1
"GO:0050433",0.546925206985043,0.999999999999999,1,1,"regulation of catecholamine secretion","BP",1
"GO:0051590",0.546925206985043,0.999999999999999,1,1,"positive regulation of neurotransmitter transport","BP",1
"GO:0051937",0.546925206985043,0.999999999999999,1,1,"catecholamine transport","BP",1
"GO:0051954",0.546925206985043,0.999999999999999,1,1,"positive regulation of amine transport","BP",1
"GO:0099500",0.546925206985043,0.999999999999999,1,1,"vesicle fusion to plasma membrane","BP",1
"GO:1901873",0.547061785689688,0.630889573350538,11,20,"regulation of post-translational protein modification","BP",1
"GO:0099170",0.547070971928967,0.850406908216347,2,3,"postsynaptic modulation of chemical synaptic transmission","BP",1
"GO:0040014",0.547250351229868,0.850305370651978,2,3,"regulation of multicellular organism growth","BP",1
"GO:0003161",0.547518301500825,1.00000000000002,1,1,"cardiac conduction system development","BP",1
"GO:0003164",0.547518301500825,1.00000000000002,1,1,"His-Purkinje system development","BP",1
"GO:0003166",0.547518301500825,1.00000000000002,1,1,"bundle of His development","BP",1
"GO:0043353",0.547518301500825,1.00000000000002,1,1,"enucleate erythrocyte differentiation","BP",1
"GO:0045475",0.547518301500825,1.00000000000002,1,1,"locomotor rhythm","BP",1
"GO:0045578",0.547518301500825,1.00000000000002,1,1,"negative regulation of B cell differentiation","BP",1
"GO:0045649",0.547518301500825,1.00000000000002,1,1,"regulation of macrophage differentiation","BP",1
"GO:0045651",0.547518301500825,1.00000000000002,1,1,"positive regulation of macrophage differentiation","BP",1
"GO:0045687",0.547518301500825,1.00000000000002,1,1,"positive regulation of glial cell differentiation","BP",1
"GO:0045777",0.547518301500825,1.00000000000002,1,1,"positive regulation of blood pressure","BP",1
"GO:0048711",0.547518301500825,1.00000000000002,1,1,"positive regulation of astrocyte differentiation","BP",1
"GO:0061030",0.547518301500825,1.00000000000002,1,1,"epithelial cell differentiation involved in mammary gland alveolus development","BP",1
"GO:0061031",0.547518301500825,1.00000000000002,1,1,"endodermal digestive tract morphogenesis","BP",1
"GO:0071931",0.547518301500825,1.00000000000002,1,1,"positive regulation of transcription involved in G1/S transition of mitotic cell cycle","BP",1
"GO:0033138",0.547558718187745,0.850130704931602,2,3,"positive regulation of peptidyl-serine phosphorylation","BP",1
"GO:0006998",0.547601281680876,0.850106584644981,2,3,"nuclear envelope organization","BP",1
"GO:0048048",0.547673041193505,0.850065913013945,2,3,"embryonic eye morphogenesis","BP",1
"GO:0033383",0.547752308117204,1.00000000000001,1,1,"geranyl diphosphate metabolic process","BP",1
"GO:0033384",0.547752308117204,1.00000000000001,1,1,"geranyl diphosphate biosynthetic process","BP",1
"GO:0048254",0.547976902699049,0.999999999999992,1,1,"snoRNA localization","BP",1
"GO:0042471",0.548173384222611,0.849782111414659,2,3,"ear morphogenesis","BP",1
"GO:0042472",0.548173384222611,0.849782111414659,2,3,"inner ear morphogenesis","BP",1
"GO:0043583",0.548173384222611,0.849782111414659,2,3,"ear development","BP",1
"GO:0048839",0.548173384222611,0.849782111414659,2,3,"inner ear development","BP",1
"GO:0051491",0.548250108181394,0.84973855864972,2,3,"positive regulation of filopodium assembly","BP",1
"GO:0042531",0.54835247749565,0.849680434132412,2,3,"positive regulation of tyrosine phosphorylation of STAT protein","BP",1
"GO:0098877",0.548387866965192,1.00000000000001,1,1,"neurotransmitter receptor transport to plasma membrane","BP",1
"GO:0098887",0.548387866965192,1.00000000000001,1,1,"neurotransmitter receptor transport, endosome to postsynaptic membrane","BP",1
"GO:0098969",0.548387866965192,1.00000000000001,1,1,"neurotransmitter receptor transport to postsynaptic membrane","BP",1
"GO:0099152",0.548387866965192,1.00000000000001,1,1,"regulation of neurotransmitter receptor transport, endosome to postsynaptic membrane","BP",1
"GO:0099637",0.548387866965192,1.00000000000001,1,1,"neurotransmitter receptor transport","BP",1
"GO:0099639",0.548387866965192,1.00000000000001,1,1,"neurotransmitter receptor transport, endosome to plasma membrane","BP",1
"GO:1903540",0.548387866965192,1.00000000000001,1,1,"establishment of protein localization to postsynaptic membrane","BP",1
"GO:1905749",0.548387866965192,1.00000000000001,1,1,"regulation of endosome to plasma membrane protein transport","BP",1
"GO:0006641",0.548507864275291,0.84959217604264,2,3,"triglyceride metabolic process","BP",1
"GO:0048170",0.548581291177066,0.849550457453679,2,3,"positive regulation of long-term neuronal synaptic plasticity","BP",1
"GO:0006359",0.548699877360309,0.849483063503405,2,3,"regulation of transcription by RNA polymerase III","BP",1
"GO:0060706",0.548770417018495,0.999999999999998,1,1,"cell differentiation involved in embryonic placenta development","BP",1
"GO:0060707",0.548770417018495,0.999999999999998,1,1,"trophoblast giant cell differentiation","BP",1
"GO:0006465",0.548848998122956,1.00000000000002,1,1,"signal peptide processing","BP",1
"GO:0006627",0.548848998122956,1.00000000000002,1,1,"protein processing involved in protein targeting to mitochondrion","BP",1
"GO:0034982",0.548848998122956,1.00000000000002,1,1,"mitochondrial protein processing","BP",1
"GO:0006085",0.548987597675326,0.849319459004683,2,3,"acetyl-CoA biosynthetic process","BP",1
"GO:0035902",0.549141275193398,0.849232022358629,2,3,"response to immobilization stress","BP",1
"GO:0034587",0.549153843950137,1.00000000000001,1,1,"piRNA processing","BP",1
"GO:0071139",0.549242448670472,1.00000000000002,1,1,"resolution of recombination intermediates","BP",1
"GO:0070306",0.549260811284884,0.849163985824117,2,3,"lens fiber cell differentiation","BP",1
"GO:0019362",0.549298281752625,0.849142654187077,2,3,"pyridine nucleotide metabolic process","BP",1
"GO:0046496",0.549298281752625,0.849142654187077,2,3,"nicotinamide nucleotide metabolic process","BP",1
"GO:0072524",0.549298281752625,0.849142654187077,2,3,"pyridine-containing compound metabolic process","BP",1
"GO:0032956",0.549462869370784,0.620763997241196,12,22,"regulation of actin cytoskeleton organization","BP",1
"GO:0032970",0.549462869370784,0.620763997241196,12,22,"regulation of actin filament-based process","BP",1
"GO:0070988",0.549580490087835,0.848981925971148,2,3,"demethylation","BP",1
"GO:0050877",0.549792084421013,0.577308227325681,22,41,"nervous system process","BP",1
"GO:2000300",0.549951162025063,0.848770628467687,2,3,"regulation of synaptic vesicle exocytosis","BP",1
"GO:0042908",0.54999369048219,0.848746372071315,2,3,"xenobiotic transport","BP",1
"GO:0033238",0.550036462949841,0.848721973695088,2,3,"regulation of amine metabolic process","BP",1
"GO:0006390",0.550041869400711,0.999999999999992,1,1,"mitochondrial transcription","BP",1
"GO:0006391",0.550041869400711,0.999999999999992,1,1,"transcription initiation at mitochondrial promoter","BP",1
"GO:0016579",0.5501114185086,0.848679210571271,2,3,"protein deubiquitination","BP",1
"GO:0070646",0.5501114185086,0.848679210571271,2,3,"protein modification by small protein removal","BP",1
"GO:0008612",0.550249689371037,1.00000000000002,1,1,"peptidyl-lysine modification to peptidyl-hypusine","BP",1
"GO:0046530",0.550254855907587,0.848597353555602,2,3,"photoreceptor cell differentiation","BP",1
"GO:0060041",0.55025485590767,0.848597353555552,2,3,"retina development in camera-type eye","BP",1
"GO:0048678",0.550429084516112,0.848497881965115,2,3,"response to axon injury","BP",1
"GO:0001657",0.550444227654217,0.848489234149721,2,3,"ureteric bud development","BP",1
"GO:0001823",0.550444227654217,0.848489234149721,2,3,"mesonephros development","BP",1
"GO:0072163",0.550444227654217,0.848489234149721,2,3,"mesonephric epithelium development","BP",1
"GO:0072164",0.550444227654217,0.848489234149721,2,3,"mesonephric tubule development","BP",1
"GO:0002679",0.550498789127685,0.848458072714414,2,3,"respiratory burst involved in defense response","BP",1
"GO:0006611",0.550547460652006,0.848430271306558,2,3,"protein export from nucleus","BP",1
"GO:0042058",0.550725303307752,0.848328655682997,2,3,"regulation of epidermal growth factor receptor signaling pathway","BP",1
"GO:0070231",0.550781184256575,0.848296716393282,2,3,"T cell apoptotic process","BP",1
"GO:0007616",0.550862133448828,0.848250440568078,2,3,"long-term memory","BP",1
"GO:0001539",0.550904499101542,0.84822621757494,2,3,"cilium or flagellum-dependent cell motility","BP",1
"GO:0003341",0.550904499101542,0.84822621757494,2,3,"cilium movement","BP",1
"GO:0060285",0.550904499101542,0.84822621757494,2,3,"cilium-dependent cell motility","BP",1
"GO:0016479",0.551060731019568,0.848136866447299,2,3,"negative regulation of transcription by RNA polymerase I","BP",1
"GO:0001952",0.551437930669556,0.847920985581975,2,3,"regulation of cell-matrix adhesion","BP",1
"GO:0009131",0.551521072040461,0.999999999999982,1,1,"pyrimidine nucleoside monophosphate catabolic process","BP",1
"GO:0009178",0.551521072040461,0.999999999999982,1,1,"pyrimidine deoxyribonucleoside monophosphate catabolic process","BP",1
"GO:0009223",0.551521072040461,0.999999999999982,1,1,"pyrimidine deoxyribonucleotide catabolic process","BP",1
"GO:0046078",0.551521072040461,0.999999999999982,1,1,"dUMP metabolic process","BP",1
"GO:0046079",0.551521072040461,0.999999999999982,1,1,"dUMP catabolic process","BP",1
"GO:0006910",0.551702997486516,0.847769149630604,2,3,"phagocytosis, recognition","BP",1
"GO:0006021",0.551710440666131,1.00000000000001,1,1,"inositol biosynthetic process","BP",1
"GO:0006206",0.551740355520988,1.00000000000002,1,1,"pyrimidine nucleobase metabolic process","BP",1
"GO:0006231",0.551740355520988,1.00000000000002,1,1,"dTMP biosynthetic process","BP",1
"GO:0006760",0.551740355520988,1.00000000000002,1,1,"folic acid-containing compound metabolic process","BP",1
"GO:0009130",0.551740355520988,1.00000000000002,1,1,"pyrimidine nucleoside monophosphate biosynthetic process","BP",1
"GO:0009177",0.551740355520988,1.00000000000002,1,1,"pyrimidine deoxyribonucleoside monophosphate biosynthetic process","BP",1
"GO:0019860",0.551740355520988,1.00000000000002,1,1,"uracil metabolic process","BP",1
"GO:0035999",0.551740355520988,1.00000000000002,1,1,"tetrahydrofolate interconversion","BP",1
"GO:0042558",0.551740355520988,1.00000000000002,1,1,"pteridine-containing compound metabolic process","BP",1
"GO:0046073",0.551740355520988,1.00000000000002,1,1,"dTMP metabolic process","BP",1
"GO:0046653",0.551740355520988,1.00000000000002,1,1,"tetrahydrofolate metabolic process","BP",1
"GO:0051593",0.551740355520988,1.00000000000002,1,1,"response to folic acid","BP",1
"GO:0060574",0.551740355520988,1.00000000000002,1,1,"intestinal epithelial cell maturation","BP",1
"GO:0060575",0.551740355520988,1.00000000000002,1,1,"intestinal epithelial cell differentiation","BP",1
"GO:0060576",0.551740355520988,1.00000000000002,1,1,"intestinal epithelial cell development","BP",1
"GO:0042983",0.551772202481212,0.84772948964095,2,3,"amyloid precursor protein biosynthetic process","BP",1
"GO:0042984",0.551772202481212,0.84772948964095,2,3,"regulation of amyloid precursor protein biosynthetic process","BP",1
"GO:0002887",0.551774180044805,0.84772835623019,2,3,"negative regulation of myeloid leukocyte mediated immunity","BP",1
"GO:0031056",0.551898329008353,0.847657190009385,2,3,"regulation of histone modification","BP",1
"GO:2000402",0.551964835238345,0.847619056665927,2,3,"negative regulation of lymphocyte migration","BP",1
"GO:0033120",0.551972259850963,0.847614799116592,2,3,"positive regulation of RNA splicing","BP",1
"GO:0048745",0.552270115552796,0.84744392716882,2,3,"smooth muscle tissue development","BP",1
"GO:0006103",0.552271547241936,0.847443105514734,2,3,"2-oxoglutarate metabolic process","BP",1
"GO:0031644",0.552299002100461,0.847427348409732,2,3,"regulation of nervous system process","BP",1
"GO:0060078",0.552299002100461,0.847427348409732,2,3,"regulation of postsynaptic membrane potential","BP",1
"GO:0060079",0.552299002100461,0.847427348409732,2,3,"excitatory postsynaptic potential","BP",1
"GO:0098815",0.552299002100461,0.847427348409732,2,3,"modulation of excitatory postsynaptic potential","BP",1
"GO:0099565",0.552299002100461,0.847427348409732,2,3,"chemical synaptic transmission, postsynaptic","BP",1
"GO:2000463",0.552299002100461,0.847427348409732,2,3,"positive regulation of excitatory postsynaptic potential","BP",1
"GO:1905515",0.552317660194474,0.847416639345382,2,3,"non-motile cilium assembly","BP",1
"GO:0006140",0.552387140406634,0.847376755496816,2,3,"regulation of nucleotide metabolic process","BP",1
"GO:0030808",0.552387140406634,0.847376755496816,2,3,"regulation of nucleotide biosynthetic process","BP",1
"GO:1900371",0.552387140406634,0.847376755496816,2,3,"regulation of purine nucleotide biosynthetic process","BP",1
"GO:1900542",0.552387140406634,0.847376755496816,2,3,"regulation of purine nucleotide metabolic process","BP",1
"GO:0032210",0.552409455597584,1.00000000000001,1,1,"regulation of telomere maintenance via telomerase","BP",1
"GO:0032211",0.552409455597584,1.00000000000001,1,1,"negative regulation of telomere maintenance via telomerase","BP",1
"GO:0051972",0.552409455597584,1.00000000000001,1,1,"regulation of telomerase activity","BP",1
"GO:0051974",0.552409455597584,1.00000000000001,1,1,"negative regulation of telomerase activity","BP",1
"GO:1904744",0.552409455597584,1.00000000000001,1,1,"positive regulation of telomeric DNA binding","BP",1
"GO:0046688",0.5524494609188,0.999999999999989,1,1,"response to copper ion","BP",1
"GO:0045830",0.552459463261204,0.999999999999987,1,1,"positive regulation of isotype switching","BP",1
"GO:2001034",0.552459463261204,0.999999999999987,1,1,"positive regulation of double-strand break repair via nonhomologous end joining","BP",1
"GO:0031279",0.552466975150987,0.847330918579902,2,3,"regulation of cyclase activity","BP",1
"GO:0045761",0.552466975150987,0.847330918579902,2,3,"regulation of adenylate cyclase activity","BP",1
"GO:0051339",0.552466975150987,0.847330918579902,2,3,"regulation of lyase activity","BP",1
"GO:0006099",0.552634413480173,0.847234752189536,2,3,"tricarboxylic acid cycle","BP",1
"GO:0062033",0.552699639605526,1.00000000000001,1,1,"positive regulation of mitotic sister chromatid segregation","BP",1
"GO:0090233",0.552699639605526,1.00000000000001,1,1,"negative regulation of spindle checkpoint","BP",1
"GO:0140499",0.552699639605526,1.00000000000001,1,1,"negative regulation of mitotic spindle assembly checkpoint signaling","BP",1
"GO:1901977",0.552699639605526,1.00000000000001,1,1,"negative regulation of cell cycle checkpoint","BP",1
"GO:1902426",0.552699639605526,1.00000000000001,1,1,"deactivation of mitotic spindle assembly checkpoint","BP",1
"GO:0009950",0.552965522872173,0.847044455053083,2,3,"dorsal/ventral axis specification","BP",1
"GO:0000731",0.553176248044169,0.846923257213134,2,3,"DNA synthesis involved in DNA repair","BP",1
"GO:0006301",0.553176248044169,0.846923257213134,2,3,"postreplication repair","BP",1
"GO:0019985",0.553176248044169,0.846923257213134,2,3,"translesion synthesis","BP",1
"GO:0006104",0.553220789776491,0.999999999999987,1,1,"succinyl-CoA metabolic process","BP",1
"GO:0015938",0.553220789776491,0.999999999999987,1,1,"coenzyme A catabolic process","BP",1
"GO:0033869",0.553220789776491,0.999999999999987,1,1,"nucleoside bisphosphate catabolic process","BP",1
"GO:0034031",0.553220789776491,0.999999999999987,1,1,"ribonucleoside bisphosphate catabolic process","BP",1
"GO:0034034",0.553220789776491,0.999999999999987,1,1,"purine nucleoside bisphosphate catabolic process","BP",1
"GO:0036112",0.553220789776491,0.999999999999987,1,1,"medium-chain fatty-acyl-CoA metabolic process","BP",1
"GO:0036114",0.553220789776491,0.999999999999987,1,1,"medium-chain fatty-acyl-CoA catabolic process","BP",1
"GO:0036115",0.553220789776491,0.999999999999987,1,1,"fatty-acyl-CoA catabolic process","BP",1
"GO:0044580",0.553220789776491,0.999999999999987,1,1,"butyryl-CoA catabolic process","BP",1
"GO:0046356",0.553220789776491,0.999999999999987,1,1,"acetyl-CoA catabolic process","BP",1
"GO:1901289",0.553220789776491,0.999999999999987,1,1,"succinyl-CoA catabolic process","BP",1
"GO:1902858",0.553220789776491,0.999999999999987,1,1,"propionyl-CoA metabolic process","BP",1
"GO:1902859",0.553220789776491,0.999999999999987,1,1,"propionyl-CoA catabolic process","BP",1
"GO:2001293",0.553220789776491,0.999999999999987,1,1,"malonyl-CoA metabolic process","BP",1
"GO:2001294",0.553220789776491,0.999999999999987,1,1,"malonyl-CoA catabolic process","BP",1
"GO:0009790",0.55322532876473,0.554984863216389,31,58,"embryo development","BP",1
"GO:0006658",0.553318388513751,0.846841466661951,2,3,"phosphatidylserine metabolic process","BP",1
"GO:0006862",0.553361272709202,1.00000000000001,1,1,"nucleotide transport","BP",1
"GO:0015865",0.553361272709202,1.00000000000001,1,1,"purine nucleotide transport","BP",1
"GO:0015866",0.553361272709202,1.00000000000001,1,1,"ADP transport","BP",1
"GO:0015867",0.553361272709202,1.00000000000001,1,1,"ATP transport","BP",1
"GO:0015868",0.553361272709202,1.00000000000001,1,1,"purine ribonucleotide transport","BP",1
"GO:0051503",0.553361272709202,1.00000000000001,1,1,"adenine nucleotide transport","BP",1
"GO:0140021",0.553361272709202,1.00000000000001,1,1,"mitochondrial ADP transmembrane transport","BP",1
"GO:1901028",0.553361272709202,1.00000000000001,1,1,"regulation of mitochondrial outer membrane permeabilization involved in apoptotic signaling pathway","BP",1
"GO:1901029",0.553361272709202,1.00000000000001,1,1,"negative regulation of mitochondrial outer membrane permeabilization involved in apoptotic signaling pathway","BP",1
"GO:1901679",0.553361272709202,1.00000000000001,1,1,"nucleotide transmembrane transport","BP",1
"GO:1990544",0.553361272709202,1.00000000000001,1,1,"mitochondrial ATP transmembrane transport","BP",1
"GO:0006939",0.553385570913542,0.775599805682364,3,5,"smooth muscle contraction","BP",1
"GO:0006012",0.553421501528551,0.999999999999988,1,1,"galactose metabolic process","BP",1
"GO:0006059",0.553421501528551,0.999999999999988,1,1,"hexitol metabolic process","BP",1
"GO:0019388",0.553421501528551,0.999999999999988,1,1,"galactose catabolic process","BP",1
"GO:0019402",0.553421501528551,0.999999999999988,1,1,"galactitol metabolic process","BP",1
"GO:0033499",0.553421501528551,0.999999999999988,1,1,"galactose catabolic process via UDP-galactose","BP",1
"GO:0061622",0.553421501528551,0.999999999999988,1,1,"glycolytic process through glucose-1-phosphate","BP",1
"GO:0061623",0.553421501528551,0.999999999999988,1,1,"glycolytic process from galactose","BP",1
"GO:0030950",0.55356208569934,1.00000000000002,1,1,"establishment or maintenance of actin cytoskeleton polarity","BP",1
"GO:0030952",0.55356208569934,1.00000000000002,1,1,"establishment or maintenance of cytoskeleton polarity","BP",1
"GO:0045806",0.553768424947445,0.84658229925053,2,3,"negative regulation of endocytosis","BP",1
"GO:0048261",0.553768424947445,0.84658229925053,2,3,"negative regulation of receptor-mediated endocytosis","BP",1
"GO:1902969",0.553796561903113,0.846566085247096,2,3,"mitotic DNA replication","BP",1
"GO:0010803",0.55386366050871,0.846527414504444,2,3,"regulation of tumor necrosis factor-mediated signaling pathway","BP",1
"GO:1903902",0.553960601561013,0.846471532371825,2,3,"positive regulation of viral life cycle","BP",1
"GO:0009064",0.554132177362053,0.846372590802197,2,3,"glutamine family amino acid metabolic process","BP",1
"GO:0030199",0.554150115475909,0.846362243891322,2,3,"collagen fibril organization","BP",1
"GO:1903747",0.554489207563753,0.846166557301372,2,3,"regulation of establishment of protein localization to mitochondrion","BP",1
"GO:0001570",0.554492018155744,0.846164934588074,2,3,"vasculogenesis","BP",1
"GO:0019933",0.554562218201717,0.846124400143679,2,3,"cAMP-mediated signaling","BP",1
"GO:0019935",0.554562218201717,0.846124400143679,2,3,"cyclic-nucleotide-mediated signaling","BP",1
"GO:1903019",0.554650986910243,0.846073132895741,2,3,"negative regulation of glycoprotein metabolic process","BP",1
"GO:0048644",0.554831372681124,0.845968915476082,2,3,"muscle organ morphogenesis","BP",1
"GO:0060415",0.554831372681124,0.845968915476082,2,3,"muscle tissue morphogenesis","BP",1
"GO:0045494",0.554967538478012,0.845890212378767,2,3,"photoreceptor cell maintenance","BP",1
"GO:0061035",0.555389640935721,0.845646055299388,2,3,"regulation of cartilage development","BP",1
"GO:0032365",0.555689564859584,0.773876907345661,3,5,"intracellular lipid transport","BP",1
"GO:0032366",0.555689564859584,0.773876907345661,3,5,"intracellular sterol transport","BP",1
"GO:0032367",0.555689564859584,0.773876907345661,3,5,"intracellular cholesterol transport","BP",1
"GO:0035994",0.555874508193617,0.84536524912859,2,3,"response to muscle stretch","BP",1
"GO:0044380",0.556006202631116,0.845288915988148,2,3,"protein localization to cytoskeleton","BP",1
"GO:0044818",0.556090212893513,0.773576430098765,3,5,"mitotic G2/M transition checkpoint","BP",1
"GO:0033028",0.556201869565118,0.773492643604718,3,5,"myeloid cell apoptotic process","BP",1
"GO:0033032",0.556201869565118,0.773492643604718,3,5,"regulation of myeloid cell apoptotic process","BP",1
"GO:0006977",0.556366438605512,0.99999999999999,1,1,"DNA damage response, signal transduction by p53 class mediator resulting in cell cycle arrest","BP",1
"GO:0090201",0.556366438605512,0.99999999999999,1,1,"negative regulation of release of cytochrome c from mitochondria","BP",1
"GO:1902165",0.556366438605512,0.99999999999999,1,1,"regulation of intrinsic apoptotic signaling pathway in response to DNA damage by p53 class mediator","BP",1
"GO:1902166",0.556366438605512,0.99999999999999,1,1,"negative regulation of intrinsic apoptotic signaling pathway in response to DNA damage by p53 class mediator","BP",1
"GO:1902230",0.556366438605512,0.99999999999999,1,1,"negative regulation of intrinsic apoptotic signaling pathway in response to DNA damage","BP",1
"GO:1902254",0.556366438605512,0.99999999999999,1,1,"negative regulation of intrinsic apoptotic signaling pathway by p53 class mediator","BP",1
"GO:2001138",0.556366438605512,0.99999999999999,1,1,"regulation of phospholipid transport","BP",1
"GO:2001140",0.556366438605512,0.99999999999999,1,1,"positive regulation of phospholipid transport","BP",1
"GO:0045667",0.556457531341697,0.845027109151085,2,3,"regulation of osteoblast differentiation","BP",1
"GO:2000825",0.556508213848974,0.999999999999992,1,1,"positive regulation of androgen receptor activity","BP",1
"GO:0045143",0.556689713956591,0.844892300102965,2,3,"homologous chromosome segregation","BP",1
"GO:0044827",0.556711561229086,0.844879610859296,2,3,"modulation by host of viral genome replication","BP",1
"GO:0035023",0.556727317995836,0.773098078262967,3,5,"regulation of Rho protein signal transduction","BP",1
"GO:0009648",0.556728144949006,0.844869978270195,2,3,"photoperiodism","BP",1
"GO:0009649",0.556728144949006,0.844869978270195,2,3,"entrainment of circadian clock","BP",1
"GO:0043153",0.556728144949006,0.844869978270195,2,3,"entrainment of circadian clock by photoperiod","BP",1
"GO:0070482",0.556781601761038,0.613717579099902,12,22,"response to oxygen levels","BP",1
"GO:0030534",0.55683701675676,0.773015647538571,3,5,"adult behavior","BP",1
"GO:0007044",0.556865853778373,0.772993975342208,3,5,"cell-substrate junction assembly","BP",1
"GO:0048041",0.556865853778373,0.772993975342208,3,5,"focal adhesion assembly","BP",1
"GO:0044092",0.556893843204036,0.554982233639425,29,54,"negative regulation of molecular function","BP",1
"GO:0001766",0.557065599946816,1.00000000000002,1,1,"membrane raft polarization","BP",1
"GO:0002175",0.557065599946816,1.00000000000002,1,1,"protein localization to paranode region of axon","BP",1
"GO:0031580",0.557065599946816,1.00000000000002,1,1,"membrane raft distribution","BP",1
"GO:0045176",0.557065599946816,1.00000000000002,1,1,"apical protein localization","BP",1
"GO:0051665",0.557065599946816,1.00000000000002,1,1,"membrane raft localization","BP",1
"GO:0098737",0.557065599946816,1.00000000000002,1,1,"protein insertion into plasma membrane","BP",1
"GO:0099612",0.557065599946816,1.00000000000002,1,1,"protein localization to axon","BP",1
"GO:0007339",0.557255159791783,0.844563638615107,2,3,"binding of sperm to zona pellucida","BP",1
"GO:0009988",0.557255159791783,0.844563638615107,2,3,"cell-cell recognition","BP",1
"GO:0035036",0.557255159791783,0.844563638615107,2,3,"sperm-egg recognition","BP",1
"GO:0090277",0.557301315103104,0.772666543862425,3,5,"positive regulation of peptide hormone secretion","BP",1
"GO:0070542",0.557376917250344,0.844492802135356,2,3,"response to fatty acid","BP",1
"GO:0002715",0.557709816347987,0.844299007787316,2,3,"regulation of natural killer cell mediated immunity","BP",1
"GO:0042269",0.557709816347987,0.844299007787316,2,3,"regulation of natural killer cell mediated cytotoxicity","BP",1
"GO:0000083",0.557730691203867,0.844286849853033,2,3,"regulation of transcription involved in G1/S transition of mitotic cell cycle","BP",1
"GO:2000515",0.557745546656136,0.844278197321783,2,3,"negative regulation of CD4-positive, alpha-beta T cell activation","BP",1
"GO:0035773",0.557751676376685,0.844274626975802,2,3,"insulin secretion involved in cellular response to glucose stimulus","BP",1
"GO:0061178",0.557751676376685,0.844274626975802,2,3,"regulation of insulin secretion involved in cellular response to glucose stimulus","BP",1
"GO:0010596",0.557859302543032,0.844211928882663,2,3,"negative regulation of endothelial cell migration","BP",1
"GO:0002373",0.557907861690459,1.00000000000001,1,1,"plasmacytoid dendritic cell cytokine production","BP",1
"GO:0002731",0.557907861690459,1.00000000000001,1,1,"negative regulation of dendritic cell cytokine production","BP",1
"GO:0002736",0.557907861690459,1.00000000000001,1,1,"regulation of plasmacytoid dendritic cell cytokine production","BP",1
"GO:0002737",0.557907861690459,1.00000000000001,1,1,"negative regulation of plasmacytoid dendritic cell cytokine production","BP",1
"GO:1901252",0.557907861690459,1.00000000000001,1,1,"regulation of intracellular transport of viral material","BP",1
"GO:1901253",0.557907861690459,1.00000000000001,1,1,"negative regulation of intracellular transport of viral material","BP",1
"GO:1903901",0.557907861690459,1.00000000000001,1,1,"negative regulation of viral life cycle","BP",1
"GO:0002823",0.55803280340261,0.844110816750586,2,3,"negative regulation of adaptive immune response based on somatic recombination of immune receptors built from immunoglobulin superfamily domains","BP",1
"GO:2000317",0.55803280340261,0.844110816750586,2,3,"negative regulation of T-helper 17 type immune response","BP",1
"GO:0009409",0.558069052244602,0.84408968580108,2,3,"response to cold","BP",1
"GO:0002088",0.558255282031612,0.771948158263129,3,5,"lens development in camera-type eye","BP",1
"GO:0001100",0.558344670099072,0.999999999999993,1,1,"negative regulation of exit from mitosis","BP",1
"GO:0003330",0.558344670099072,0.999999999999993,1,1,"regulation of extracellular matrix constituent secretion","BP",1
"GO:0003331",0.558344670099072,0.999999999999993,1,1,"positive regulation of extracellular matrix constituent secretion","BP",1
"GO:0044331",0.558344670099072,0.999999999999993,1,1,"cell-cell adhesion mediated by cadherin","BP",1
"GO:0045737",0.558344670099072,0.999999999999993,1,1,"positive regulation of cyclin-dependent protein serine/threonine kinase activity","BP",1
"GO:0070278",0.558344670099072,0.999999999999993,1,1,"extracellular matrix constituent secretion","BP",1
"GO:0072537",0.558344670099072,0.999999999999993,1,1,"fibroblast activation","BP",1
"GO:0090269",0.558344670099072,0.999999999999993,1,1,"fibroblast growth factor production","BP",1
"GO:0090270",0.558344670099072,0.999999999999993,1,1,"regulation of fibroblast growth factor production","BP",1
"GO:0090272",0.558344670099072,0.999999999999993,1,1,"negative regulation of fibroblast growth factor production","BP",1
"GO:1901201",0.558344670099072,0.999999999999993,1,1,"regulation of extracellular matrix assembly","BP",1
"GO:1901203",0.558344670099072,0.999999999999993,1,1,"positive regulation of extracellular matrix assembly","BP",1
"GO:1904031",0.558344670099072,0.999999999999993,1,1,"positive regulation of cyclin-dependent protein kinase activity","BP",1
"GO:2000047",0.558344670099072,0.999999999999993,1,1,"regulation of cell-cell adhesion mediated by cadherin","BP",1
"GO:2000048",0.558344670099072,0.999999999999993,1,1,"negative regulation of cell-cell adhesion mediated by cadherin","BP",1
"GO:0008608",0.558486094222554,0.843846425617018,2,3,"attachment of spindle microtubules to kinetochore","BP",1
"GO:0009791",0.558571958797629,0.843796306801224,2,3,"post-embryonic development","BP",1
"GO:0000027",0.558573515215193,0.84379539821892,2,3,"ribosomal large subunit assembly","BP",1
"GO:0002437",0.558607161085829,0.84377575599704,2,3,"inflammatory response to antigenic stimulus","BP",1
"GO:0006887",0.558764317573739,0.598783432179308,14,26,"exocytosis","BP",1
"GO:0060338",0.558764529897589,0.843683861442841,2,3,"regulation of type I interferon-mediated signaling pathway","BP",1
"GO:0060339",0.558764529897589,0.843683861442841,2,3,"negative regulation of type I interferon-mediated signaling pathway","BP",1
"GO:0044273",0.558784690267529,0.843672086089545,2,3,"sulfur compound catabolic process","BP",1
"GO:0008104",0.558885199009164,0.516175729628044,71,133,"protein localization","BP",1
"GO:0070727",0.558885199009164,0.516175729628044,71,133,"cellular macromolecule localization","BP",1
"GO:0010761",0.558962354134744,0.843568287646239,2,3,"fibroblast migration","BP",1
"GO:0007622",0.559030773381014,0.843528301029649,2,3,"rhythmic behavior","BP",1
"GO:0048512",0.559030773381014,0.843528301029649,2,3,"circadian behavior","BP",1
"GO:0060324",0.55903077785358,0.771363075542166,3,5,"face development","BP",1
"GO:0050771",0.559095239377797,0.771314397450903,3,5,"negative regulation of axonogenesis","BP",1
"GO:0031648",0.559332791483587,0.771134951368503,3,5,"protein destabilization","BP",1
"GO:0045778",0.559603295581857,0.843193408441132,2,3,"positive regulation of ossification","BP",1
"GO:1904749",0.559621886754736,0.84318252496875,2,3,"regulation of protein localization to nucleolus","BP",1
"GO:1904751",0.559621886754736,0.84318252496875,2,3,"positive regulation of protein localization to nucleolus","BP",1
"GO:0009157",0.559647953288904,0.843167264416924,2,3,"deoxyribonucleoside monophosphate biosynthetic process","BP",1
"GO:0030901",0.559705887483614,0.84313334320865,2,3,"midbrain development","BP",1
"GO:0048663",0.559796050318884,0.843080541134781,2,3,"neuron fate commitment","BP",1
"GO:0010718",0.559824409672622,0.843063930377144,2,3,"positive regulation of epithelial to mesenchymal transition","BP",1
"GO:0006901",0.559900811709758,0.999999999999986,1,1,"vesicle coating","BP",1
"GO:0006903",0.559900811709758,0.999999999999986,1,1,"vesicle targeting","BP",1
"GO:0048199",0.559900811709758,0.999999999999986,1,1,"vesicle targeting, to, from or within Golgi","BP",1
"GO:0048207",0.559900811709758,0.999999999999986,1,1,"vesicle targeting, rough ER to cis-Golgi","BP",1
"GO:0048208",0.559900811709758,0.999999999999986,1,1,"COPII vesicle coating","BP",1
"GO:0099022",0.559900811709758,0.999999999999986,1,1,"vesicle tethering","BP",1
"GO:0032722",0.559978572217482,0.770646663486318,3,5,"positive regulation of chemokine production","BP",1
"GO:0035795",0.560060325521413,0.842925699315955,2,3,"negative regulation of mitochondrial membrane permeability","BP",1
"GO:0046902",0.560060325521413,0.842925699315955,2,3,"regulation of mitochondrial membrane permeability","BP",1
"GO:0090559",0.560060325521413,0.842925699315955,2,3,"regulation of membrane permeability","BP",1
"GO:1905709",0.560060325521413,0.842925699315955,2,3,"negative regulation of membrane permeability","BP",1
"GO:0003333",0.560080740327141,0.770569349467104,3,5,"amino acid transmembrane transport","BP",1
"GO:0006865",0.560080740327141,0.770569349467104,3,5,"amino acid transport","BP",1
"GO:0015807",0.560080740327141,0.770569349467104,3,5,"L-amino acid transport","BP",1
"GO:1902475",0.560080740327141,0.770569349467104,3,5,"L-alpha-amino acid transmembrane transport","BP",1
"GO:0030501",0.560084036394941,0.999999999999981,1,1,"positive regulation of bone mineralization","BP",1
"GO:0032459",0.560084036394941,0.999999999999981,1,1,"regulation of protein oligomerization","BP",1
"GO:0032461",0.560084036394941,0.999999999999981,1,1,"positive regulation of protein oligomerization","BP",1
"GO:0045646",0.560084036394941,0.999999999999981,1,1,"regulation of erythrocyte differentiation","BP",1
"GO:0045648",0.560084036394941,0.999999999999981,1,1,"positive regulation of erythrocyte differentiation","BP",1
"GO:0070169",0.560084036394941,0.999999999999981,1,1,"positive regulation of biomineral tissue development","BP",1
"GO:0006119",0.560150595886801,0.651320412344488,8,14,"oxidative phosphorylation","BP",1
"GO:0036314",0.56020069481209,0.770478554045212,3,5,"response to sterol","BP",1
"GO:0007595",0.560215738532296,0.842834589320107,2,3,"lactation","BP",1
"GO:0051152",0.560235234248575,0.842823157359704,2,3,"positive regulation of smooth muscle cell differentiation","BP",1
"GO:0006475",0.560237719952171,0.770450524369543,3,5,"internal protein amino acid acetylation","BP",1
"GO:0016573",0.560237719952171,0.770450524369543,3,5,"histone acetylation","BP",1
"GO:0018393",0.560237719952171,0.770450524369543,3,5,"internal peptidyl-lysine acetylation","BP",1
"GO:0050673",0.560240266097785,0.603451451097631,13,24,"epithelial cell proliferation","BP",1
"GO:0006081",0.560419521176586,0.770312860113172,3,5,"cellular aldehyde metabolic process","BP",1
"GO:0051251",0.56056263093733,0.60313697854867,13,24,"positive regulation of lymphocyte activation","BP",1
"GO:1900003",0.56074585137054,1.00000000000002,1,1,"regulation of serine-type endopeptidase activity","BP",1
"GO:1900004",0.56074585137054,1.00000000000002,1,1,"negative regulation of serine-type endopeptidase activity","BP",1
"GO:1902571",0.56074585137054,1.00000000000002,1,1,"regulation of serine-type peptidase activity","BP",1
"GO:1902572",0.56074585137054,1.00000000000002,1,1,"negative regulation of serine-type peptidase activity","BP",1
"GO:0017014",0.560796769066506,0.999999999999992,1,1,"protein nitrosylation","BP",1
"GO:0018119",0.560796769066506,0.999999999999992,1,1,"peptidyl-cysteine S-nitrosylation","BP",1
"GO:0032119",0.560796769066506,0.999999999999992,1,1,"sequestering of zinc ion","BP",1
"GO:0051238",0.560796769066506,0.999999999999992,1,1,"sequestering of metal ion","BP",1
"GO:0070486",0.560796769066506,0.999999999999992,1,1,"leukocyte aggregation","BP",1
"GO:0070488",0.560796769066506,0.999999999999992,1,1,"neutrophil aggregation","BP",1
"GO:0033189",0.56083214984866,0.842472843715445,2,3,"response to vitamin A","BP",1
"GO:0048813",0.561048701481409,0.769836010540309,3,5,"dendrite morphogenesis","BP",1
"GO:2000279",0.561433353574294,0.842119440396829,2,3,"negative regulation of DNA biosynthetic process","BP",1
"GO:0007188",0.561455601565116,0.769527278310343,3,5,"adenylate cyclase-modulating G protein-coupled receptor signaling pathway","BP",1
"GO:1901655",0.561555213024436,0.769451657373259,3,5,"cellular response to ketone","BP",1
"GO:0016331",0.561816165153975,0.769253475717632,3,5,"morphogenesis of embryonic epithelium","BP",1
"GO:0002070",0.561993665660766,0.841789555506257,2,3,"epithelial cell maturation","BP",1
"GO:1904037",0.562005928023174,0.841782330411917,2,3,"positive regulation of epithelial cell apoptotic process","BP",1
"GO:2000353",0.562005928023174,0.841782330411917,2,3,"positive regulation of endothelial cell apoptotic process","BP",1
"GO:0034764",0.562174389763062,0.725094275987353,4,7,"positive regulation of transmembrane transport","BP",1
"GO:0045109",0.562239955096822,0.841644393514486,2,3,"intermediate filament organization","BP",1
"GO:0050773",0.562525013145011,0.724799933607688,4,7,"regulation of dendrite development","BP",1
"GO:0048844",0.56259914497498,0.768658163129863,3,5,"artery morphogenesis","BP",1
"GO:0000271",0.56261757199583,0.76864414057309,3,5,"polysaccharide biosynthetic process","BP",1
"GO:0005978",0.56261757199583,0.76864414057309,3,5,"glycogen biosynthetic process","BP",1
"GO:0009250",0.56261757199583,0.76864414057309,3,5,"glucan biosynthetic process","BP",1
"GO:0007035",0.562692045096606,0.841377681137128,2,3,"vacuolar acidification","BP",1
"GO:0007042",0.562692045096606,0.841377681137128,2,3,"lysosomal lumen acidification","BP",1
"GO:0035751",0.562692045096606,0.841377681137128,2,3,"regulation of lysosomal lumen pH","BP",1
"GO:0048388",0.562692045096606,0.841377681137128,2,3,"endosomal lumen acidification","BP",1
"GO:0030500",0.562703786053048,0.841370750154768,2,3,"regulation of bone mineralization","BP",1
"GO:0070167",0.562703786053048,0.841370750154768,2,3,"regulation of biomineral tissue development","BP",1
"GO:0061951",0.562808974535746,0.84130864489896,2,3,"establishment of protein localization to plasma membrane","BP",1
"GO:0045577",0.562877232135021,0.841268334852544,2,3,"regulation of B cell differentiation","BP",1
"GO:0034660",0.562961459230068,0.547015032929277,30,56,"ncRNA metabolic process","BP",1
"GO:0045666",0.563038327844498,0.768323801994902,3,5,"positive regulation of neuron differentiation","BP",1
"GO:0001578",0.563076521305732,0.768294709269875,3,5,"microtubule bundle formation","BP",1
"GO:0034605",0.563102068691657,0.768275247967494,3,5,"cellular response to heat","BP",1
"GO:0001825",0.563375628343084,0.768066790011983,3,5,"blastocyst formation","BP",1
"GO:0032735",0.563494838217087,0.767975910954346,3,5,"positive regulation of interleukin-12 production","BP",1
"GO:0043112",0.56359797020064,0.767897269818009,3,5,"receptor metabolic process","BP",1
"GO:0048145",0.563656225761949,0.767852840475136,3,5,"regulation of fibroblast proliferation","BP",1
"GO:0070198",0.563847311014258,0.8406946400117,2,3,"protein localization to chromosome, telomeric region","BP",1
"GO:1990403",0.563859991665055,0.840687130803302,2,3,"embryonic brain development","BP",1
"GO:0022406",0.563982872855104,0.76760361479543,3,5,"membrane docking","BP",1
"GO:0140056",0.563982872855104,0.76760361479543,3,5,"organelle localization by membrane tethering","BP",1
"GO:0090114",0.564084413069969,0.840554190526781,2,3,"COPII-coated vesicle budding","BP",1
"GO:0098739",0.564195357098245,0.723395066655564,4,7,"import across plasma membrane","BP",1
"GO:1904036",0.564308851102312,0.7673547231259,3,5,"negative regulation of epithelial cell apoptotic process","BP",1
"GO:0009642",0.564574050804738,0.999999999999979,1,1,"response to light intensity","BP",1
"GO:0071385",0.564574050804738,0.999999999999979,1,1,"cellular response to glucocorticoid stimulus","BP",1
"GO:0014812",0.56479477263859,0.766983383906221,3,5,"muscle cell migration","BP",1
"GO:0014909",0.56479477263859,0.766983383906221,3,5,"smooth muscle cell migration","BP",1
"GO:0051224",0.565031880749251,0.766802044525758,3,5,"negative regulation of protein transport","BP",1
"GO:0014009",0.565071409011364,0.766771804375757,3,5,"glial cell proliferation","BP",1
"GO:0033198",0.565253951466356,0.839860080472556,2,3,"response to ATP","BP",1
"GO:0033363",0.565472075330333,0.839730382040164,2,3,"secretory granule organization","BP",1
"GO:0031529",0.565536648788382,0.766415688581634,3,5,"ruffle organization","BP",1
"GO:0016079",0.565738846704005,0.766260804780647,3,5,"synaptic vesicle exocytosis","BP",1
"GO:0051588",0.565738846704034,0.766260804780581,3,5,"regulation of neurotransmitter transport","BP",1
"GO:0061180",0.565853046992705,0.839503668515952,2,3,"mammary gland epithelium development","BP",1
"GO:0051898",0.56634026625216,0.765799714289929,3,5,"negative regulation of phosphatidylinositol 3-kinase/protein kinase B signal transduction","BP",1
"GO:0007229",0.566443575514631,0.765720449464751,3,5,"integrin-mediated signaling pathway","BP",1
"GO:0001101",0.566517252074387,0.765663909682082,3,5,"response to acid chemical","BP",1
"GO:0071229",0.566517252074387,0.765663909682082,3,5,"cellular response to acid chemical","BP",1
"GO:0051145",0.566523160667759,0.765659375003944,3,5,"smooth muscle cell differentiation","BP",1
"GO:0039532",0.566624282886537,0.765581757532895,3,5,"negative regulation of viral-induced cytoplasmic pattern recognition receptor signaling pathway","BP",1
"GO:0050687",0.566624282886537,0.765581757532895,3,5,"negative regulation of defense response to virus","BP",1
"GO:1990542",0.566764362410583,0.838960398649128,2,3,"mitochondrial transmembrane transport","BP",1
"GO:0035337",0.566868784267262,0.83889806288206,2,3,"fatty-acyl-CoA metabolic process","BP",1
"GO:0033866",0.566927792664724,0.765348692760865,3,5,"nucleoside bisphosphate biosynthetic process","BP",1
"GO:0034030",0.566927792664724,0.765348692760865,3,5,"ribonucleoside bisphosphate biosynthetic process","BP",1
"GO:0034033",0.566927792664724,0.765348692760865,3,5,"purine nucleoside bisphosphate biosynthetic process","BP",1
"GO:0035384",0.566927792664724,0.765348692760865,3,5,"thioester biosynthetic process","BP",1
"GO:0071616",0.566927792664724,0.765348692760865,3,5,"acyl-CoA biosynthetic process","BP",1
"GO:0006383",0.566942367830015,0.765337496638951,3,5,"transcription by RNA polymerase III","BP",1
"GO:0002694",0.567029206942138,0.557321915921943,23,43,"regulation of leukocyte activation","BP",1
"GO:0010559",0.567205728999072,0.765135130837758,3,5,"regulation of glycoprotein biosynthetic process","BP",1
"GO:0031113",0.567400235482557,0.838580533085267,2,3,"regulation of microtubule polymerization","BP",1
"GO:0007584",0.567614262303599,0.764820985828572,3,5,"response to nutrient","BP",1
"GO:0043254",0.567872846991917,0.589833346606334,14,26,"regulation of protein-containing complex assembly","BP",1
"GO:1902570",0.567967256422643,0.764549323222967,3,5,"protein localization to nucleolus","BP",1
"GO:0006473",0.568082181468563,0.720109017826968,4,7,"protein acetylation","BP",1
"GO:0043543",0.568082181468563,0.720109017826968,4,7,"protein acylation","BP",1
"GO:0051591",0.568127370986092,0.76442603101945,3,5,"response to cAMP","BP",1
"GO:0045066",0.568165621924128,0.838122425841001,2,3,"regulatory T cell differentiation","BP",1
"GO:0045589",0.568165621924128,0.838122425841001,2,3,"regulation of regulatory T cell differentiation","BP",1
"GO:0045591",0.568165621924128,0.838122425841001,2,3,"positive regulation of regulatory T cell differentiation","BP",1
"GO:0010712",0.568189930200425,0.838107860971882,2,3,"regulation of collagen metabolic process","BP",1
"GO:0032963",0.568189930200425,0.838107860971882,2,3,"collagen metabolic process","BP",1
"GO:0002820",0.568256643607959,0.764326456537095,3,5,"negative regulation of adaptive immune response","BP",1
"GO:0042994",0.568555963349582,0.837888427287369,2,3,"cytoplasmic sequestering of transcription factor","BP",1
"GO:0032720",0.568796055915528,0.763910662420917,3,5,"negative regulation of tumor necrosis factor production","BP",1
"GO:1903556",0.568796055915528,0.763910662420917,3,5,"negative regulation of tumor necrosis factor superfamily cytokine production","BP",1
"GO:0051290",0.569079468858262,0.837574210511193,2,3,"protein heterotetramerization","BP",1
"GO:0051291",0.569079468858262,0.837574210511193,2,3,"protein heterooligomerization","BP",1
"GO:1902414",0.569297741298086,0.763523510909382,3,5,"protein localization to cell junction","BP",1
"GO:0002696",0.569303680026938,0.5884199448183,14,26,"positive regulation of leukocyte activation","BP",1
"GO:0050867",0.569303680026938,0.5884199448183,14,26,"positive regulation of cell activation","BP",1
"GO:0002227",0.569447322201435,0.837353151001108,2,3,"innate immune response in mucosa","BP",1
"GO:0007266",0.569557244990631,0.718855699757714,4,7,"Rho protein signal transduction","BP",1
"GO:0001558",0.569756831420893,0.594123215338118,13,24,"regulation of cell growth","BP",1
"GO:0009159",0.569929343208976,0.837063147999287,2,3,"deoxyribonucleoside monophosphate catabolic process","BP",1
"GO:0021510",0.570043431152972,0.687991197607165,5,9,"spinal cord development","BP",1
"GO:0043618",0.570358018853533,0.83680491996312,2,3,"regulation of transcription from RNA polymerase II promoter in response to stress","BP",1
"GO:0042063",0.570473626415608,0.587262737976977,14,26,"gliogenesis","BP",1
"GO:0007156",0.570951847417646,0.717667567447658,4,7,"homophilic cell adhesion via plasma membrane adhesion molecules","BP",1
"GO:0016445",0.57095927993613,0.762238274657791,3,5,"somatic diversification of immunoglobulins","BP",1
"GO:0010977",0.571122354200328,0.717522091570729,4,7,"negative regulation of neuron projection development","BP",1
"GO:0071357",0.571422666555189,0.761879004694708,3,5,"cellular response to type I interferon","BP",1
"GO:0032633",0.571579686290166,0.761757182837779,3,5,"interleukin-4 production","BP",1
"GO:0032673",0.571579686290166,0.761757182837779,3,5,"regulation of interleukin-4 production","BP",1
"GO:0032755",0.571631539760155,0.761716943794618,3,5,"positive regulation of interleukin-6 production","BP",1
"GO:0010633",0.571712582318184,0.761654044488092,3,5,"negative regulation of epithelial cell migration","BP",1
"GO:1901264",0.57179308472093,0.761591553410122,3,5,"carbohydrate derivative transport","BP",1
"GO:0009953",0.571941718693218,0.76147614546425,3,5,"dorsal/ventral pattern formation","BP",1
"GO:0030261",0.572568724106528,0.760988890673196,3,5,"chromosome condensation","BP",1
"GO:0002562",0.572744509520281,0.760852165741542,3,5,"somatic diversification of immune receptors via germline recombination within a single locus","BP",1
"GO:0016444",0.572744509520281,0.760852165741542,3,5,"somatic cell DNA recombination","BP",1
"GO:0072538",0.572773525838678,0.76082959196808,3,5,"T-helper 17 type immune response","BP",1
"GO:2000316",0.572773525838678,0.76082959196808,3,5,"regulation of T-helper 17 type immune response","BP",1
"GO:0035094",0.572829453825656,0.835310271648018,2,3,"response to nicotine","BP",1
"GO:0044773",0.573369125611097,0.715600814637655,4,7,"mitotic DNA damage checkpoint signaling","BP",1
"GO:0044774",0.573369125611097,0.715600814637655,4,7,"mitotic DNA integrity checkpoint signaling","BP",1
"GO:0072665",0.573419298138916,0.715557818474459,4,7,"protein localization to vacuole","BP",1
"GO:0001960",0.573613879297188,0.760175203492154,3,5,"negative regulation of cytokine-mediated signaling pathway","BP",1
"GO:0060761",0.573613879297188,0.760175203492154,3,5,"negative regulation of response to cytokine stimulus","BP",1
"GO:0005976",0.573867424693089,0.715173610034248,4,7,"polysaccharide metabolic process","BP",1
"GO:0005977",0.573867424693089,0.715173610034248,4,7,"glycogen metabolic process","BP",1
"GO:0006112",0.573867424693089,0.715173610034248,4,7,"energy reserve metabolic process","BP",1
"GO:0044042",0.573867424693089,0.715173610034248,4,7,"glucan metabolic process","BP",1
"GO:2000401",0.574247953061522,0.714847104881438,4,7,"regulation of lymphocyte migration","BP",1
"GO:0030282",0.574273516859314,0.759660698502369,3,5,"bone mineralization","BP",1
"GO:0098813",0.574661423554844,0.589279328083444,13,24,"nuclear chromosome segregation","BP",1
"GO:0050900",0.574691616010077,0.583079336293543,14,26,"leukocyte migration","BP",1
"GO:0071346",0.575719322958629,0.713582432779357,4,7,"cellular response to type II interferon","BP",1
"GO:0045921",0.575808437059788,0.713505725419225,4,7,"positive regulation of exocytosis","BP",1
"GO:0071887",0.576499923618834,0.682178060144482,5,9,"leukocyte apoptotic process","BP",1
"GO:0032940",0.576527158725972,0.540303740621455,26,49,"secretion by cell","BP",1
"GO:0010458",0.576705224093757,0.832945954142934,2,3,"exit from mitosis","BP",1
"GO:0008637",0.576872307532471,0.757626465199224,3,5,"apoptotic mitochondrial changes","BP",1
"GO:0010389",0.577408004408158,0.712126673917785,4,7,"regulation of G2/M transition of mitotic cell cycle","BP",1
"GO:1900744",0.577723606334236,0.756957585967777,3,5,"regulation of p38MAPK cascade","BP",1
"GO:0015988",0.577966093347182,0.832171384546534,2,3,"energy coupled proton transmembrane transport, against electrochemical gradient","BP",1
"GO:0015990",0.577966093347182,0.832171384546534,2,3,"electron transport coupled proton transport","BP",1
"GO:1902750",0.578145976324971,0.711489043100032,4,7,"negative regulation of cell cycle G2/M phase transition","BP",1
"GO:0009566",0.578236509328196,0.711410758958174,4,7,"fertilization","BP",1
"GO:0050778",0.578450998061295,0.529572808144741,31,58,"positive regulation of immune response","BP",1
"GO:0010243",0.5784665318619,0.543143672289947,24,45,"response to organonitrogen compound","BP",1
"GO:2000278",0.578893397028091,0.756036429249085,3,5,"regulation of DNA biosynthetic process","BP",1
"GO:0032637",0.579082443110694,0.755887342732412,3,5,"interleukin-8 production","BP",1
"GO:0032677",0.579082443110694,0.755887342732412,3,5,"regulation of interleukin-8 production","BP",1
"GO:0009165",0.579514967794351,0.591469188114603,12,22,"nucleotide biosynthetic process","BP",1
"GO:0001935",0.579771526024514,0.710081399392022,4,7,"endothelial cell proliferation","BP",1
"GO:0009060",0.580003733917037,0.608329871395221,10,18,"aerobic respiration","BP",1
"GO:0072676",0.580507488912782,0.678538234183384,5,9,"lymphocyte migration","BP",1
"GO:0007032",0.580906508376867,0.709096012316337,4,7,"endosome organization","BP",1
"GO:1901990",0.581110999545888,0.576678311219971,14,26,"regulation of mitotic cell cycle phase transition","BP",1
"GO:0090398",0.58156710514415,0.708521516881938,4,7,"cellular senescence","BP",1
"GO:0071347",0.581995351414994,0.708148706457536,4,7,"cellular response to interleukin-1","BP",1
"GO:0045087",0.582706454559804,0.52192571703486,33,62,"innate immune response","BP",1
"GO:0009605",0.583218233162829,0.490104574391337,74,139,"response to external stimulus","BP",1
"GO:0030705",0.583476946327546,0.675825495480225,5,9,"cytoskeleton-dependent intracellular transport","BP",1
"GO:0070374",0.583701192209618,0.675620088555426,5,9,"positive regulation of ERK1 and ERK2 cascade","BP",1
"GO:0051303",0.584653117535949,0.705828258169965,4,7,"establishment of chromosome localization","BP",1
"GO:0051310",0.584653117535949,0.705828258169965,4,7,"metaphase chromosome alignment","BP",1
"GO:0006935",0.585045655298974,0.567203903449224,15,28,"chemotaxis","BP",1
"GO:0042330",0.585045655298974,0.567203903449224,15,28,"taxis","BP",1
"GO:0007420",0.585811134871989,0.561463310053496,16,30,"brain development","BP",1
"GO:0045165",0.586537977694691,0.673014950349155,5,9,"cell fate commitment","BP",1
"GO:0007040",0.586557212089505,0.672997244298153,5,9,"lysosome organization","BP",1
"GO:0080171",0.586557212089505,0.672997244298153,5,9,"lytic vacuole organization","BP",1
"GO:0050680",0.586576751590366,0.672979256799876,5,9,"negative regulation of epithelial cell proliferation","BP",1
"GO:0042752",0.586597724604832,0.672959948994617,5,9,"regulation of circadian rhythm","BP",1
"GO:0045840",0.587198563533261,0.749428170353285,3,5,"positive regulation of mitotic nuclear division","BP",1
"GO:0051785",0.587198563533261,0.749428170353285,3,5,"positive regulation of nuclear division","BP",1
"GO:0030879",0.587561860944103,0.703275342530654,4,7,"mammary gland development","BP",1
"GO:0016049",0.587733225360748,0.56449362659358,15,28,"cell growth","BP",1
"GO:0072657",0.588439207323105,0.563780494630686,15,28,"protein localization to membrane","BP",1
"GO:0034502",0.588471163334624,0.702474399053338,4,7,"protein localization to chromosome","BP",1
"GO:0031640",0.589040574263871,0.701972143009568,4,7,"killing of cells of another organism","BP",1
"GO:0141060",0.589040574263871,0.701972143009568,4,7,"disruption of anatomical structure in another organism","BP",1
"GO:0141061",0.589040574263871,0.701972143009568,4,7,"disruption of cell in another organism","BP",1
"GO:0051493",0.589672239758535,0.557555943814103,16,30,"regulation of cytoskeleton organization","BP",1
"GO:1901989",0.589835891892129,0.669970718946884,5,9,"positive regulation of cell cycle phase transition","BP",1
"GO:0051384",0.590245911122024,0.746973068922646,3,5,"response to glucocorticoid","BP",1
"GO:0038127",0.590549121163372,0.669310132658439,5,9,"ERBB signaling pathway","BP",1
"GO:0045664",0.590811411482211,0.669067002598856,5,9,"regulation of neuron differentiation","BP",1
"GO:0043542",0.59085033301862,0.645990835594232,6,11,"endothelial cell migration","BP",1
"GO:0019731",0.590863344224096,0.746473622903555,3,5,"antibacterial humoral response","BP",1
"GO:0044087",0.590951133365951,0.52136651672953,28,53,"regulation of cellular component biogenesis","BP",1
"GO:0031099",0.591219158409363,0.668688828569293,5,9,"regeneration","BP",1
"GO:0022408",0.59124608208811,0.668663848473448,5,9,"negative regulation of cell-cell adhesion","BP",1
"GO:0008037",0.591562523316638,0.645311812735349,6,11,"cell recognition","BP",1
"GO:0006334",0.591882719362647,0.699457101421269,4,7,"nucleosome assembly","BP",1
"GO:0006304",0.593162342815582,0.643783796761793,6,11,"DNA modification","BP",1
"GO:0015849",0.593395626725113,0.625681829761291,7,13,"organic acid transport","BP",1
"GO:0046942",0.593395626725113,0.625681829761291,7,13,"carboxylic acid transport","BP",1
"GO:0044242",0.593481260262129,0.666586073609791,5,9,"cellular lipid catabolic process","BP",1
"GO:0140053",0.593672689692237,0.697866189600318,4,7,"mitochondrial gene expression","BP",1
"GO:0044839",0.593694316446142,0.643274869263929,6,11,"cell cycle G2/M phase transition","BP",1
"GO:0051092",0.594235032201209,0.665883618315984,5,9,"positive regulation of NF-kappaB transcription factor activity","BP",1
"GO:0006936",0.594594870242267,0.624513336876238,7,13,"muscle contraction","BP",1
"GO:0043269",0.595180734278721,0.609567854748403,8,15,"regulation of monoatomic ion transport","BP",1
"GO:0030334",0.595393849404277,0.514862232175745,29,55,"regulation of cell migration","BP",1
"GO:2000145",0.595393849404277,0.514862232175745,29,55,"regulation of cell motility","BP",1
"GO:0010976",0.595682912302005,0.623451474972587,7,13,"positive regulation of neuron projection development","BP",1
"GO:0061844",0.596107853078453,0.742203763374172,3,5,"antimicrobial humoral immune response mediated by antimicrobial peptide","BP",1
"GO:0007094",0.596221520012349,0.695591482883818,4,7,"mitotic spindle assembly checkpoint signaling","BP",1
"GO:0031577",0.596221520012349,0.695591482883818,4,7,"spindle checkpoint signaling","BP",1
"GO:0033046",0.596221520012349,0.695591482883818,4,7,"negative regulation of sister chromatid segregation","BP",1
"GO:0033047",0.596221520012349,0.695591482883818,4,7,"regulation of mitotic sister chromatid segregation","BP",1
"GO:0033048",0.596221520012349,0.695591482883818,4,7,"negative regulation of mitotic sister chromatid segregation","BP",1
"GO:0045839",0.596221520012349,0.695591482883818,4,7,"negative regulation of mitotic nuclear division","BP",1
"GO:0045841",0.596221520012349,0.695591482883818,4,7,"negative regulation of mitotic metaphase/anaphase transition","BP",1
"GO:0051784",0.596221520012349,0.695591482883818,4,7,"negative regulation of nuclear division","BP",1
"GO:0051985",0.596221520012349,0.695591482883818,4,7,"negative regulation of chromosome segregation","BP",1
"GO:0071173",0.596221520012349,0.695591482883818,4,7,"spindle assembly checkpoint signaling","BP",1
"GO:0071174",0.596221520012349,0.695591482883818,4,7,"mitotic spindle checkpoint signaling","BP",1
"GO:1902100",0.596221520012349,0.695591482883818,4,7,"negative regulation of metaphase/anaphase transition of cell cycle","BP",1
"GO:1905819",0.596221520012349,0.695591482883818,4,7,"negative regulation of chromosome separation","BP",1
"GO:2000816",0.596221520012349,0.695591482883818,4,7,"negative regulation of mitotic sister chromatid separation","BP",1
"GO:0060322",0.596634509645008,0.54185408133897,18,34,"head development","BP",1
"GO:0014074",0.596941504715914,0.663354034148084,5,9,"response to purine-containing compound","BP",1
"GO:0030154",0.597546144379199,0.465866313693727,106,200,"cell differentiation","BP",1
"GO:0048869",0.597546144379199,0.465866313693727,106,200,"cellular developmental process","BP",1
"GO:0045861",0.59769033773145,0.662652100681449,5,9,"negative regulation of proteolysis","BP",1
"GO:0001775",0.598197085155196,0.500311525946421,37,70,"cell activation","BP",1
"GO:0042127",0.598338952741306,0.479465675748289,63,119,"regulation of cell population proliferation","BP",1
"GO:0072655",0.598414071610159,0.661972850411556,5,9,"establishment of protein localization to mitochondrion","BP",1
"GO:0060485",0.598508592088156,0.62068611982466,7,13,"mesenchyme development","BP",1
"GO:0060560",0.598634775180905,0.638528550380997,6,11,"developmental growth involved in morphogenesis","BP",1
"GO:0043009",0.599086269761887,0.535583472439384,19,36,"chordate embryonic development","BP",1
"GO:0031344",0.599582708924789,0.531618955374332,20,38,"regulation of cell projection organization","BP",1
"GO:0120035",0.599582708924789,0.531618955374332,20,38,"regulation of plasma membrane bounded cell projection organization","BP",1
"GO:0050864",0.600670123663234,0.636562679754605,6,11,"regulation of B cell activation","BP",1
"GO:0016485",0.601514489677767,0.635745327586376,6,11,"protein processing","BP",1
"GO:0007059",0.60176600072606,0.54522393265202,16,30,"chromosome segregation","BP",1
"GO:0034728",0.602201109095374,0.65840499539116,5,9,"nucleosome organization","BP",1
"GO:0044271",0.602622194205478,0.456010382011037,134,252,"cellular nitrogen compound biosynthetic process","BP",1
"GO:0009259",0.602857094995249,0.554681661110072,14,26,"ribonucleotide metabolic process","BP",1
"GO:0019693",0.602857094995249,0.554681661110072,14,26,"ribose phosphate metabolic process","BP",1
"GO:0071375",0.603335395623562,0.615936601432726,7,13,"cellular response to peptide hormone stimulus","BP",1
"GO:0002286",0.604264904115517,0.656450994216119,5,9,"T cell activation involved in immune response","BP",1
"GO:0007281",0.604269881533483,0.615013300664222,7,13,"germ cell development","BP",1
"GO:0040012",0.604383413358413,0.502007609952928,31,59,"regulation of locomotion","BP",1
"GO:1902806",0.604549821278708,0.614736472045607,7,13,"regulation of cell cycle G1/S phase transition","BP",1
"GO:0042594",0.60531819077344,0.632050098697886,6,11,"response to starvation","BP",1
"GO:0042981",0.605627210598423,0.482457963217248,47,89,"regulation of apoptotic process","BP",1
"GO:0042391",0.606684536137215,0.612621840598797,7,13,"regulation of membrane potential","BP",1
"GO:0033045",0.608091069870596,0.65281022500759,5,9,"regulation of sister chromatid segregation","BP",1
"GO:0090068",0.608292849675474,0.611024393694368,7,13,"positive regulation of cell cycle process","BP",1
"GO:0051249",0.608302165283322,0.526082396661517,19,36,"regulation of lymphocyte activation","BP",1
"GO:0009887",0.608401061914468,0.522518686254045,20,38,"animal organ morphogenesis","BP",1
"GO:0043086",0.608446886693684,0.529699752798829,18,34,"negative regulation of catalytic activity","BP",1
"GO:0015850",0.608567814779963,0.584259963527137,9,17,"organic hydroxy compound transport","BP",1
"GO:0002520",0.609652781131844,0.609670780696289,7,13,"immune system development","BP",1
"GO:0019730",0.609682925915629,0.683393273905199,4,7,"antimicrobial humoral response","BP",1
"GO:0042060",0.60975436403357,0.583056958491091,9,17,"wound healing","BP",1
"GO:0008033",0.610683960878065,0.608642633829367,7,13,"tRNA processing","BP",1
"GO:0007346",0.611111869573242,0.526939619579875,18,34,"regulation of mitotic cell cycle","BP",1
"GO:0006650",0.612435855539895,0.580331640270769,9,17,"glycerophospholipid metabolic process","BP",1
"GO:0071496",0.612671903091049,0.592089099925637,8,15,"cellular response to external stimulus","BP",1
"GO:0022412",0.614930349516795,0.577788077041712,9,17,"cellular process involved in reproduction in multicellular organism","BP",1
"GO:0007093",0.615220531299024,0.60410130408147,7,13,"mitotic cell cycle checkpoint signaling","BP",1
"GO:0050870",0.615521414097887,0.577184208793857,9,17,"positive regulation of T cell activation","BP",1
"GO:0006508",0.616589399426972,0.478745553133985,39,74,"proteolysis","BP",1
"GO:0007051",0.617167475607386,0.587530327532948,8,15,"spindle organization","BP",1
"GO:0046364",0.617461035352274,0.58723168178429,8,15,"monosaccharide biosynthetic process","BP",1
"GO:0050727",0.617544968765212,0.601762931682404,7,13,"regulation of inflammatory response","BP",1
"GO:0045055",0.618844378992155,0.563650754854262,10,19,"regulated exocytosis","BP",1
"GO:0043414",0.620234046904688,0.562216280748018,10,19,"macromolecule methylation","BP",1
"GO:0000165",0.620639394478997,0.506575010070963,21,40,"MAPK cascade","BP",1
"GO:0044843",0.620967827638133,0.571598471907284,9,17,"cell cycle G1/S phase transition","BP",1
"GO:0048872",0.621202552441179,0.561215126995286,10,19,"homeostasis of number of cells","BP",1
"GO:0006399",0.621462242261158,0.583149356068053,8,15,"tRNA metabolic process","BP",1
"GO:0045927",0.621690814093017,0.582915484386738,8,15,"positive regulation of growth","BP",1
"GO:0048511",0.622580564396419,0.559788645045296,10,19,"rhythmic process","BP",1
"GO:0007088",0.623773696929571,0.595458079720472,7,13,"regulation of mitotic nuclear division","BP",1
"GO:0051783",0.623773696929571,0.595458079720472,7,13,"regulation of nuclear division","BP",1
"GO:0046631",0.624652502622113,0.567797554123132,9,17,"alpha-beta T cell activation","BP",1
"GO:0009306",0.625406431220884,0.548161839692098,11,21,"protein secretion","BP",1
"GO:0035592",0.625406431220884,0.548161839692098,11,21,"establishment of protein localization to extracellular region","BP",1
"GO:0071692",0.625406431220884,0.548161839692098,11,21,"protein localization to extracellular region","BP",1
"GO:0050808",0.626225100168931,0.533133319085897,13,25,"synapse organization","BP",1
"GO:0051051",0.626416036155417,0.547108270999831,11,21,"negative regulation of transport","BP",1
"GO:0030001",0.630015619725987,0.529152210514959,13,25,"metal ion transport","BP",1
"GO:1901991",0.633103379441297,0.559012213789048,9,17,"negative regulation of mitotic cell cycle phase transition","BP",1
"GO:0071897",0.633465327905603,0.5586338106378,9,17,"DNA biosynthetic process","BP",1
"GO:0002218",0.63383484527001,0.531764365003186,12,23,"activation of innate immune response","BP",1
"GO:0030336",0.634361826737537,0.531208114615263,12,23,"negative regulation of cell migration","BP",1
"GO:2000146",0.634361826737537,0.531208114615263,12,23,"negative regulation of cell motility","BP",1
"GO:0051241",0.634939388043294,0.463914468875913,35,67,"negative regulation of multicellular organismal process","BP",1
"GO:0032501",0.635611392548504,0.418841016174325,163,308,"multicellular organismal process","BP",1
"GO:0097193",0.635738075652091,0.53732189468123,11,21,"intrinsic apoptotic signaling pathway","BP",1
"GO:1902105",0.636060303716492,0.536981717864781,11,21,"regulation of leukocyte differentiation","BP",1
"GO:0140694",0.636613147506518,0.528828071528447,12,23,"non-membrane-bounded organelle assembly","BP",1
"GO:0008285",0.638492829645457,0.47945458911505,24,46,"negative regulation of cell population proliferation","BP",1
"GO:0099536",0.639523533520894,0.507934389920726,15,29,"synaptic signaling","BP",1
"GO:0045892",0.641971526060985,0.456467927757185,35,67,"negative regulation of DNA-templated transcription","BP",1
"GO:1902679",0.641971526060985,0.456467927757185,35,67,"negative regulation of RNA biosynthetic process","BP",1
"GO:0051179",0.642089420758357,0.414643333713511,137,259,"localization","BP",1
"GO:0009144",0.643430797548847,0.575182121226369,7,13,"purine nucleoside triphosphate metabolic process","BP",1
"GO:0044419",0.644012373352417,0.438212577912088,52,99,"biological process involved in interspecies interaction between organisms","BP",1
"GO:1901698",0.644035298764395,0.471154729532904,25,48,"response to nitrogen compound","BP",1
"GO:0071310",0.644558618958464,0.435504687667373,55,105,"cellular response to organic substance","BP",1
"GO:0070925",0.645416419004099,0.467433655607289,26,50,"organelle assembly","BP",1
"GO:0040013",0.647022977812428,0.505192176458946,14,27,"negative regulation of locomotion","BP",1
"GO:0051240",0.649210367741848,0.435423111172556,48,92,"positive regulation of multicellular organismal process","BP",1
"GO:0002833",0.650800409163561,0.495861723231628,15,29,"positive regulation of response to biotic stimulus","BP",1
"GO:0045089",0.650800409163561,0.495861723231628,15,29,"positive regulation of innate immune response","BP",1
"GO:0140014",0.652704691830597,0.51164039228824,12,23,"mitotic nuclear division","BP",1
"GO:0051607",0.652831200968553,0.493672963171218,15,29,"defense response to virus","BP",1
"GO:0140546",0.652831200968553,0.493672963171218,15,29,"defense response to symbiont","BP",1
"GO:0002768",0.654693826075894,0.496933388783621,14,27,"immune response-regulating cell surface receptor signaling pathway","BP",1
"GO:0001818",0.657144590266075,0.500181052028011,13,25,"negative regulation of cytokine production","BP",1
"GO:0010256",0.662619180628585,0.483059849407162,15,29,"endomembrane system organization","BP",1
"GO:0031349",0.665023029312019,0.471398879775343,17,33,"positive regulation of defense response","BP",1
"GO:0009615",0.667162587821031,0.469061772617036,17,33,"response to virus","BP",1
"GO:0040008",0.673492003226485,0.458212130370754,18,35,"regulation of growth","BP",1
"GO:0044772",0.673517374440528,0.462091480419384,17,33,"mitotic cell cycle phase transition","BP",1
"GO:0002831",0.675896366771105,0.451990715014941,19,37,"regulation of response to biotic stimulus","BP",1
"GO:0051640",0.67636790070869,0.445145646338373,21,41,"organelle localization","BP",1
"GO:0048856",0.686388558924948,0.367970712687437,136,259,"anatomical structure development","BP",1
"GO:0035295",0.687194503879289,0.423067451974162,25,49,"tube development","BP",1
"GO:0033365",0.687607461303369,0.412344369360019,31,60,"protein localization to organelle","BP",1
"GO:0007005",0.688008160983628,0.44603343144242,17,33,"mitochondrion organization","BP",1
"GO:0051239",0.689696708302658,0.375881418664389,79,152,"regulation of multicellular organismal process","BP",1
"GO:0006952",0.690543886698791,0.38656494128696,54,104,"defense response","BP",1
"GO:0051254",0.6913800672992,0.38374785814964,57,110,"positive regulation of RNA metabolic process","BP",1
"GO:0007416",0.692847943919814,0.529313806662264,6,12,"synapse assembly","BP",1
"GO:0034765",0.694504114410174,0.548652797793122,5,10,"regulation of monoatomic ion transmembrane transport","BP",1
"GO:0051222",0.695138118553482,0.510125271480283,7,14,"positive regulation of protein transport","BP",1
"GO:1904951",0.695138118553482,0.510125271480283,7,14,"positive regulation of establishment of protein localization","BP",1
"GO:0065003",0.696212900635999,0.388722146824129,43,83,"protein-containing complex assembly","BP",1
"GO:0003012",0.69657166017412,0.508493308220369,7,14,"muscle system process","BP",1
"GO:0016358",0.696743977891116,0.54612218863924,5,10,"dendrite development","BP",1
"GO:0060070",0.698551747963638,0.522835383137222,6,12,"canonical Wnt signaling pathway","BP",1
"GO:0071345",0.698731998034691,0.408138009497619,26,51,"cellular response to cytokine stimulus","BP",1
"GO:0050730",0.69892074357515,0.492396180563512,8,16,"regulation of peptidyl-tyrosine phosphorylation","BP",1
"GO:0006109",0.699275849795291,0.505405137675182,7,14,"regulation of carbohydrate metabolic process","BP",1
"GO:0008643",0.699533945713932,0.571386709540893,4,8,"carbohydrate transport","BP",1
"GO:0008645",0.699533945713932,0.571386709540893,4,8,"hexose transmembrane transport","BP",1
"GO:0015749",0.699533945713932,0.571386709540893,4,8,"monosaccharide transmembrane transport","BP",1
"GO:0034219",0.699533945713932,0.571386709540893,4,8,"carbohydrate transmembrane transport","BP",1
"GO:1904659",0.699533945713932,0.571386709540893,4,8,"glucose transmembrane transport","BP",1
"GO:0016055",0.699802979214067,0.480270091293124,9,18,"Wnt signaling pathway","BP",1
"GO:0198738",0.699802979214067,0.480270091293124,9,18,"cell-cell signaling by wnt","BP",1
"GO:0015711",0.699853756205804,0.491328243780122,8,16,"organic anion transport","BP",1
"GO:0031345",0.699870439495271,0.542572989757682,5,10,"negative regulation of cell projection organization","BP",1
"GO:0045017",0.699925823950365,0.504660974533614,7,14,"glycerolipid biosynthetic process","BP",1
"GO:0046474",0.699925823950365,0.504660974533614,7,14,"glycerophospholipid biosynthetic process","BP",1
"GO:0051130",0.70009762598435,0.404622510707194,27,53,"positive regulation of cellular component organization","BP",1
"GO:0060491",0.70145000813073,0.502913021671313,7,14,"regulation of cell projection assembly","BP",1
"GO:0120032",0.70145000813073,0.502913021671313,7,14,"regulation of plasma membrane bounded cell projection assembly","BP",1
"GO:0009895",0.701528309549814,0.478293432792493,9,18,"negative regulation of catabolic process","BP",1
"GO:0051896",0.702037754833272,0.518846104639962,6,12,"regulation of phosphatidylinositol 3-kinase/protein kinase B signal transduction","BP",1
"GO:2000106",0.702335156709818,0.568224689876922,4,8,"regulation of leukocyte apoptotic process","BP",1
"GO:0048762",0.702444768364927,0.518378839812798,6,12,"mesenchymal cell differentiation","BP",1
"GO:0044057",0.702655319049107,0.488112954062435,8,16,"regulation of system process","BP",1
"GO:0007548",0.702696684430137,0.56781531102114,4,8,"sex differentiation","BP",1
"GO:0008406",0.702696684430137,0.56781531102114,4,8,"gonad development","BP",1
"GO:0045137",0.702696684430137,0.56781531102114,4,8,"development of primary sexual characteristics","BP",1
"GO:0048608",0.702696684430137,0.56781531102114,4,8,"reproductive structure development","BP",1
"GO:0061458",0.702696684430137,0.56781531102114,4,8,"reproductive system development","BP",1
"GO:0071674",0.702813724192244,0.501345641101825,7,14,"mononuclear cell migration","BP",1
"GO:0006305",0.702892357313785,0.56759361625128,4,8,"DNA alkylation","BP",1
"GO:0006306",0.702892357313785,0.56759361625128,4,8,"DNA methylation","BP",1
"GO:0062207",0.702939703747505,0.517810215773501,6,12,"regulation of pattern recognition receptor signaling pathway","BP",1
"GO:0010876",0.703105825773283,0.459024474808526,11,22,"lipid localization","BP",1
"GO:0071840",0.703534403154488,0.345985091843228,184,349,"cellular component organization or biogenesis","BP",1
"GO:0021537",0.703759854201023,0.486841745347075,8,16,"telencephalon development","BP",1
"GO:0051258",0.703811182360916,0.475670892931625,9,18,"protein polymerization","BP",1
"GO:1901653",0.704473310755724,0.486019553838629,8,16,"cellular response to peptide","BP",1
"GO:0007160",0.704670919652533,0.565574557015434,4,8,"cell-matrix adhesion","BP",1
"GO:0045732",0.704729804124715,0.485723762781853,8,16,"positive regulation of protein catabolic process","BP",1
"GO:0072593",0.704897325726109,0.536824628754632,5,10,"reactive oxygen species metabolic process","BP",1
"GO:0051924",0.704911350063641,0.565301065110908,4,8,"regulation of calcium ion transport","BP",1
"GO:0033673",0.705173446237619,0.474102053664446,9,18,"negative regulation of kinase activity","BP",1
"GO:0032868",0.705449950954544,0.514919071044675,6,12,"response to insulin","BP",1
"GO:0001816",0.705835242083925,0.402312415178082,25,49,"cytokine production","BP",1
"GO:0043434",0.706126194942807,0.47300309551662,9,18,"response to peptide hormone","BP",1
"GO:0007268",0.706767690941083,0.436153435239853,14,28,"chemical synaptic transmission","BP",1
"GO:0098916",0.706767690941083,0.436153435239853,14,28,"anterograde trans-synaptic signaling","BP",1
"GO:0099537",0.706767690941083,0.436153435239853,14,28,"trans-synaptic signaling","BP",1
"GO:0032008",0.706817414128074,0.563128237079187,4,8,"positive regulation of TOR signaling","BP",1
"GO:1904263",0.706817414128074,0.563128237079187,4,8,"positive regulation of TORC1 signaling","BP",1
"GO:0048729",0.707152435615571,0.462434106841012,10,20,"tissue morphogenesis","BP",1
"GO:0034644",0.707153938483493,0.534227191632032,5,10,"cellular response to UV","BP",1
"GO:0071482",0.707153938483493,0.534227191632032,5,10,"cellular response to light stimulus","BP",1
"GO:0032368",0.707450094907506,0.533885519391067,5,10,"regulation of lipid transport","BP",1
"GO:0071901",0.707451478836158,0.533883922339177,5,10,"negative regulation of protein serine/threonine kinase activity","BP",1
"GO:0045739",0.70746170932735,0.562391890724921,4,8,"positive regulation of DNA repair","BP",1
"GO:0036294",0.70747089468448,0.533861516052712,5,10,"cellular response to decreased oxygen levels","BP",1
"GO:0071453",0.70747089468448,0.533861516052712,5,10,"cellular response to oxygen levels","BP",1
"GO:0071456",0.70747089468448,0.533861516052712,5,10,"cellular response to hypoxia","BP",1
"GO:0097305",0.70770516802538,0.482284522301485,8,16,"response to alcohol","BP",1
"GO:0008219",0.70770659417183,0.363176287336607,62,120,"cell death","BP",1
"GO:0012501",0.70770659417183,0.363176287336607,62,120,"programmed cell death","BP",1
"GO:0071466",0.708165570477127,0.561586379083977,4,8,"cellular response to xenobiotic stimulus","BP",1
"GO:0062197",0.708377223705906,0.48150563741529,8,16,"cellular response to chemical stress","BP",1
"GO:1903039",0.708515745452532,0.460859800029405,10,20,"positive regulation of leukocyte cell-cell adhesion","BP",1
"GO:0010827",0.708559491637806,0.601976193256671,3,6,"regulation of glucose transmembrane transport","BP",1
"GO:0000077",0.708563773700779,0.561130163263111,4,8,"DNA damage checkpoint signaling","BP",1
"GO:0031570",0.708563773700779,0.561130163263111,4,8,"DNA integrity checkpoint signaling","BP",1
"GO:0032409",0.708741638584718,0.601771891157351,3,6,"regulation of transporter activity","BP",1
"GO:0001837",0.708753879860946,0.560912232481947,4,8,"epithelial to mesenchymal transition","BP",1
"GO:0019827",0.708783580344994,0.560878177402462,4,8,"stem cell population maintenance","BP",1
"GO:0006909",0.708877724670136,0.480925084081021,8,16,"phagocytosis","BP",1
"GO:0071675",0.709157493568382,0.531912138407519,5,10,"regulation of mononuclear cell migration","BP",1
"GO:0043207",0.709165154029681,0.370157327338049,48,93,"response to external biotic stimulus","BP",1
"GO:0051707",0.709165154029681,0.370157327338049,48,93,"response to other organism","BP",1
"GO:0009411",0.709344792335888,0.493793519406097,7,14,"response to UV","BP",1
"GO:0000209",0.709436185931683,0.531589450793641,5,10,"protein polyubiquitination","BP",1
"GO:0022409",0.709524547684551,0.451641401661073,11,22,"positive regulation of cell-cell adhesion","BP",1
"GO:0048640",0.709680672653052,0.559848596378892,4,8,"negative regulation of developmental growth","BP",1
"GO:0003015",0.709962104027086,0.559525217870898,4,8,"heart process","BP",1
"GO:0060047",0.709962104027086,0.559525217870898,4,8,"heart contraction","BP",1
"GO:0001505",0.710090035409906,0.559378157773701,4,8,"regulation of neurotransmitter levels","BP",1
"GO:0006836",0.710090035409906,0.559378157773701,4,8,"neurotransmitter transport","BP",1
"GO:0045807",0.710432286764079,0.599871516526769,3,6,"positive regulation of endocytosis","BP",1
"GO:0099111",0.710435653277752,0.558980672324145,4,8,"microtubule-based transport","BP",1
"GO:0016525",0.71046557551524,0.558946246564199,4,8,"negative regulation of angiogenesis","BP",1
"GO:1901343",0.71046557551524,0.558946246564199,4,8,"negative regulation of vasculature development","BP",1
"GO:2000181",0.71046557551524,0.558946246564199,4,8,"negative regulation of blood vessel morphogenesis","BP",1
"GO:0090307",0.710584853459425,0.558808995739727,4,8,"mitotic spindle assembly","BP",1
"GO:0006352",0.711351696159802,0.557925815315661,4,8,"DNA-templated transcription initiation","BP",1
"GO:0150115",0.711361097137929,0.598824334224292,3,6,"cell-substrate junction organization","BP",1
"GO:0030217",0.711481630434573,0.449378517823139,11,22,"T cell differentiation","BP",1
"GO:0042177",0.711570843973673,0.557673169237929,4,8,"negative regulation of protein catabolic process","BP",1
"GO:0046425",0.711672361599795,0.598472898755603,3,6,"regulation of receptor signaling pathway via JAK-STAT","BP",1
"GO:1904892",0.711672361599795,0.598472898755603,3,6,"regulation of receptor signaling pathway via STAT","BP",1
"GO:0042176",0.711784395967885,0.442028209437648,12,24,"regulation of protein catabolic process","BP",1
"GO:0071407",0.712315787003364,0.448412335015159,11,22,"cellular response to organic cyclic compound","BP",1
"GO:0008333",0.712899931304629,0.597084437184016,3,6,"endosome to lysosome transport","BP",1
"GO:0045582",0.713073232642617,0.555938112309679,4,8,"positive regulation of T cell differentiation","BP",1
"GO:0071241",0.713111270929764,0.527318881562925,5,10,"cellular response to inorganic substance","BP",1
"GO:0071248",0.713111270929764,0.527318881562925,5,10,"cellular response to metal ion","BP",1
"GO:0031123",0.713150238508599,0.596800839556741,3,6,"RNA 3'-end processing","BP",1
"GO:0045834",0.713279715559302,0.596654077833014,3,6,"positive regulation of lipid metabolic process","BP",1
"GO:0050688",0.713487892639009,0.555458305841457,4,8,"regulation of defense response to virus","BP",1
"GO:0008584",0.713541151124452,0.596357607593803,3,6,"male gonad development","BP",1
"GO:0046546",0.713541151124452,0.596357607593803,3,6,"development of primary male sexual characteristics","BP",1
"GO:0046661",0.713541151124452,0.596357607593803,3,6,"male sex differentiation","BP",1
"GO:0042100",0.713602789277257,0.596287683246199,3,6,"B cell proliferation","BP",1
"GO:0006664",0.713655257627113,0.5962281535624,3,6,"glycolipid metabolic process","BP",1
"GO:1903509",0.713655257627113,0.5962281535624,3,6,"liposaccharide metabolic process","BP",1
"GO:0032502",0.714064164455684,0.337371442694746,145,277,"developmental process","BP",1
"GO:0018958",0.714416581779757,0.595363553754456,3,6,"phenol-containing compound metabolic process","BP",1
"GO:0050871",0.714637240583868,0.554126275129172,4,8,"positive regulation of B cell activation","BP",1
"GO:0032101",0.714659089515686,0.384691275768926,29,57,"regulation of response to external stimulus","BP",1
"GO:0009123",0.714705597014567,0.525457305422878,5,10,"nucleoside monophosphate metabolic process","BP",1
"GO:0000910",0.714884696692348,0.553839080396679,4,8,"cytokinesis","BP",1
"GO:0060326",0.714893060859581,0.453458083911695,10,20,"cell chemotaxis","BP",1
"GO:0045444",0.715136906808024,0.473628941641103,8,16,"fat cell differentiation","BP",1
"GO:1902749",0.715139352973927,0.553543378434277,4,8,"regulation of cell cycle G2/M phase transition","BP",1
"GO:2000142",0.715155380803406,0.594523074529665,3,6,"regulation of DNA-templated transcription initiation","BP",1
"GO:0031396",0.715167139892446,0.48699628679298,7,14,"regulation of protein ubiquitination","BP",1
"GO:0000075",0.715345844869981,0.486786683142407,7,14,"cell cycle checkpoint signaling","BP",1
"GO:0072678",0.715583258291651,0.594035649307039,3,6,"T cell migration","BP",1
"GO:0007173",0.715635060930146,0.552967332722259,4,8,"epidermal growth factor receptor signaling pathway","BP",1
"GO:0008277",0.715800244767976,0.593788279645126,3,6,"regulation of G protein-coupled receptor signaling pathway","BP",1
"GO:0006986",0.716055281577412,0.485954004572626,7,14,"response to unfolded protein","BP",1
"GO:0038061",0.716103854201066,0.552422028980937,4,8,"non-canonical NF-kappaB signal transduction","BP",1
"GO:0045637",0.716295027403124,0.50228886643654,6,12,"regulation of myeloid cell differentiation","BP",1
"GO:0062013",0.716896252950687,0.592536895918375,3,6,"positive regulation of small molecule metabolic process","BP",1
"GO:0072329",0.716931869213968,0.551457603270694,4,8,"monocarboxylic acid catabolic process","BP",1
"GO:0043367",0.717230238737134,0.522498330523466,5,10,"CD4-positive, alpha-beta T cell differentiation","BP",1
"GO:0051346",0.717377964992927,0.501015031094157,6,12,"negative regulation of hydrolase activity","BP",1
"GO:0006356",0.717532540200595,0.591808939613621,3,6,"regulation of transcription by RNA polymerase I","BP",1
"GO:2000177",0.717565174075828,0.591771575120375,3,6,"regulation of neural precursor cell proliferation","BP",1
"GO:0031334",0.717796810539253,0.550448427677803,4,8,"positive regulation of protein-containing complex assembly","BP",1
"GO:0009451",0.717936346002105,0.459260406034708,9,18,"RNA modification","BP",1
"GO:0008593",0.718198515388038,0.591045861186796,3,6,"regulation of Notch signaling pathway","BP",1
"GO:0002285",0.718378792722809,0.458741180947591,9,18,"lymphocyte activation involved in immune response","BP",1
"GO:0007269",0.718422091544149,0.590789420377439,3,6,"neurotransmitter secretion","BP",1
"GO:0099643",0.718422091544149,0.590789420377439,3,6,"signal release from synapse","BP",1
"GO:0050000",0.718766678961262,0.549314705907542,4,8,"chromosome localization","BP",1
"GO:0002366",0.719069421068462,0.427436340942097,13,26,"leukocyte activation involved in immune response","BP",1
"GO:1902808",0.719344990887119,0.589729441102123,3,6,"positive regulation of cell cycle G1/S phase transition","BP",1
"GO:0048469",0.719594344223655,0.548345431751179,4,8,"cell maturation","BP",1
"GO:0051260",0.719631225148028,0.54830220247226,4,8,"protein homooligomerization","BP",1
"GO:0006405",0.719793493577146,0.589213495380872,3,6,"RNA export from nucleus","BP",1
"GO:0006406",0.719793493577146,0.589213495380872,3,6,"mRNA export from nucleus","BP",1
"GO:0001936",0.719838551710358,0.589161631760932,3,6,"regulation of endothelial cell proliferation","BP",1
"GO:0007338",0.719859182283128,0.589137883364399,3,6,"single fertilization","BP",1
"GO:0030316",0.720194194257968,0.588752081713835,3,6,"osteoclast differentiation","BP",1
"GO:0007519",0.720443874344566,0.588464351883444,3,6,"skeletal muscle tissue development","BP",1
"GO:0060538",0.720443874344566,0.588464351883444,3,6,"skeletal muscle organ development","BP",1
"GO:0007169",0.72071297611247,0.406820374453728,17,34,"transmembrane receptor protein tyrosine kinase signaling pathway","BP",1
"GO:0098754",0.72158507221803,0.587147096905585,3,6,"detoxification","BP",1
"GO:0098869",0.72158507221803,0.587147096905585,3,6,"cellular oxidant detoxification","BP",1
"GO:1990748",0.72158507221803,0.587147096905585,3,6,"cellular detoxification","BP",1
"GO:0000281",0.721729640711663,0.586979973487254,3,6,"mitotic cytokinesis","BP",1
"GO:0061640",0.721729640711663,0.586979973487254,3,6,"cytoskeleton-dependent cytokinesis","BP",1
"GO:0051259",0.721736464987377,0.479252354892733,7,14,"protein complex oligomerization","BP",1
"GO:0048534",0.721764661689321,0.586939480160293,3,6,"hematopoietic or lymphoid organ development","BP",1
"GO:0051252",0.72218094394456,0.33409361978928,105,202,"regulation of RNA metabolic process","BP",1
"GO:0042255",0.722220585427057,0.586412010161949,3,6,"ribosome assembly","BP",1
"GO:0051656",0.722307014103047,0.404980370858149,17,34,"establishment of organelle localization","BP",1
"GO:0010948",0.722338054186449,0.444738041984115,10,20,"negative regulation of cell cycle process","BP",1
"GO:0032602",0.722419205985006,0.586182044156889,3,6,"chemokine production","BP",1
"GO:0032642",0.722419205985006,0.586182044156889,3,6,"regulation of chemokine production","BP",1
"GO:1904950",0.722493776009756,0.586095678088634,3,6,"negative regulation of establishment of protein localization","BP",1
"GO:0050868",0.722582386907297,0.585993030371539,3,6,"negative regulation of T cell activation","BP",1
"GO:1903038",0.722582386907297,0.585993030371539,3,6,"negative regulation of leukocyte cell-cell adhesion","BP",1
"GO:0034340",0.72270832406872,0.585847106750999,3,6,"response to type I interferon","BP",1
"GO:0002429",0.723274601370246,0.422535420085168,13,26,"immune response-activating cell surface receptor signaling pathway","BP",1
"GO:0051128",0.723653009983014,0.343754896989121,66,128,"regulation of cellular component organization","BP",1
"GO:0006458",0.723840565056996,0.584533233213796,3,6,"'de novo' protein folding","BP",1
"GO:0010950",0.724039561851984,0.584301951424149,3,6,"positive regulation of endopeptidase activity","BP",1
"GO:0043280",0.724039561851984,0.584301951424149,3,6,"positive regulation of cysteine-type endopeptidase activity involved in apoptotic process","BP",1
"GO:2001056",0.724039561851984,0.584301951424149,3,6,"positive regulation of cysteine-type endopeptidase activity","BP",1
"GO:0070098",0.724729246851626,0.583499532433756,3,6,"chemokine-mediated signaling pathway","BP",1
"GO:0002228",0.724839625913743,0.58337098986946,3,6,"natural killer cell mediated immunity","BP",1
"GO:0042267",0.724839625913743,0.58337098986946,3,6,"natural killer cell mediated cytotoxicity","BP",1
"GO:0061025",0.7248397358445,0.583370861832311,3,6,"membrane fusion","BP",1
"GO:0000302",0.724895774895233,0.513429185934543,5,10,"response to reactive oxygen species","BP",1
"GO:0016567",0.725373150311564,0.401432542037976,17,34,"protein ubiquitination","BP",1
"GO:0046434",0.725694956040402,0.54114996247562,4,8,"organophosphate catabolic process","BP",1
"GO:0050922",0.725719069260255,0.582345631166243,3,6,"negative regulation of chemotaxis","BP",1
"GO:0002287",0.725909302552473,0.540895497113603,4,8,"alpha-beta T cell activation involved in immune response","BP",1
"GO:0002292",0.725909302552473,0.540895497113603,4,8,"T cell differentiation involved in immune response","BP",1
"GO:0002293",0.725909302552473,0.540895497113603,4,8,"alpha-beta T cell differentiation involved in immune response","BP",1
"GO:0002294",0.725909302552473,0.540895497113603,4,8,"CD4-positive, alpha-beta T cell differentiation involved in immune response","BP",1
"GO:1901701",0.725954249699481,0.367255937571104,32,63,"cellular response to oxygen-containing compound","BP",1
"GO:0031109",0.726053895813609,0.581954690363065,3,6,"microtubule polymerization or depolymerization","BP",1
"GO:0009792",0.72643032050815,0.393259527084686,19,38,"embryo development ending in birth or egg hatching","BP",1
"GO:0003006",0.726531061211959,0.404062035384524,16,32,"developmental process involved in reproduction","BP",1
"GO:0002200",0.726851221381461,0.58102249135807,3,6,"somatic diversification of immune receptors","BP",1
"GO:0030593",0.727870464228694,0.579828268533161,3,6,"neutrophil chemotaxis","BP",1
"GO:0071621",0.727870464228694,0.579828268533161,3,6,"granulocyte chemotaxis","BP",1
"GO:0007091",0.72805653660554,0.538340117040505,4,8,"metaphase/anaphase transition of mitotic cell cycle","BP",1
"GO:0010965",0.72805653660554,0.538340117040505,4,8,"regulation of mitotic sister chromatid separation","BP",1
"GO:0030071",0.72805653660554,0.538340117040505,4,8,"regulation of mitotic metaphase/anaphase transition","BP",1
"GO:0044784",0.72805653660554,0.538340117040505,4,8,"metaphase/anaphase transition of cell cycle","BP",1
"GO:0051306",0.72805653660554,0.538340117040505,4,8,"mitotic sister chromatid separation","BP",1
"GO:1902099",0.72805653660554,0.538340117040505,4,8,"regulation of metaphase/anaphase transition of cell cycle","BP",1
"GO:1905818",0.72805653660554,0.538340117040505,4,8,"regulation of chromosome separation","BP",1
"GO:0006915",0.728468630252269,0.342206707782682,58,113,"apoptotic process","BP",1
"GO:0009062",0.728520524768232,0.579065097867134,3,6,"fatty acid catabolic process","BP",1
"GO:0009620",0.728655943103583,0.537624737692682,4,8,"response to fungus","BP",1
"GO:0042110",0.728905127291167,0.393714272611939,18,36,"T cell activation","BP",1
"GO:0043270",0.729331879276855,0.644101368165388,2,4,"positive regulation of monoatomic ion transport","BP",1
"GO:0048814",0.72933191441602,0.644101328772402,2,4,"regulation of dendrite morphogenesis","BP",1
"GO:0030888",0.729332314959987,0.644100879739671,2,4,"regulation of B cell proliferation","BP",1
"GO:0030890",0.729332314959987,0.644100879739671,2,4,"positive regulation of B cell proliferation","BP",1
"GO:0010828",0.729352666357427,0.644078063981297,2,4,"positive regulation of glucose transmembrane transport","BP",1
"GO:0022616",0.729352666357544,0.644078063981175,2,4,"DNA strand elongation","BP",1
"GO:0046323",0.729353042692403,0.644077642063247,2,4,"glucose import","BP",1
"GO:0046324",0.729353042692403,0.644077642063247,2,4,"regulation of glucose import","BP",1
"GO:0032890",0.729425972822118,0.643995869803195,2,4,"regulation of organic acid transport","BP",1
"GO:0006474",0.729478757323804,0.643936675018654,2,4,"N-terminal protein amino acid acetylation","BP",1
"GO:0031365",0.729478757323804,0.643936675018654,2,4,"N-terminal protein amino acid modification","BP",1
"GO:0031124",0.729551954818517,0.643854573457653,2,4,"mRNA 3'-end processing","BP",1
"GO:1900006",0.729750896433278,0.643631344900341,2,4,"positive regulation of dendrite development","BP",1
"GO:0000280",0.73010002886549,0.409114765675261,14,28,"nuclear division","BP",1
"GO:0043550",0.730272508377479,0.643045450797551,2,4,"regulation of lipid kinase activity","BP",1
"GO:0006111",0.730627016635205,0.642646754366584,2,4,"regulation of gluconeogenesis","BP",1
"GO:0021795",0.730790698340902,0.642462533710223,2,4,"cerebral cortex cell migration","BP",1
"GO:0021799",0.730790698340902,0.642462533710223,2,4,"cerebral cortex radially oriented cell migration","BP",1
"GO:0021801",0.730790698340902,0.642462533710223,2,4,"cerebral cortex radial glia-guided migration","BP",1
"GO:0021885",0.730790698340902,0.642462533710223,2,4,"forebrain cell migration","BP",1
"GO:0022029",0.730790698340902,0.642462533710223,2,4,"telencephalon cell migration","BP",1
"GO:0022030",0.730790698340902,0.642462533710223,2,4,"telencephalon glial cell migration","BP",1
"GO:0006687",0.730868579691137,0.642374849396045,2,4,"glycosphingolipid metabolic process","BP",1
"GO:0010628",0.731288946181822,0.359817038412496,33,65,"positive regulation of gene expression","BP",1
"GO:1901657",0.731293353648118,0.5757965080225,3,6,"glycosyl compound metabolic process","BP",1
"GO:0048708",0.731328786408986,0.575754600128875,3,6,"astrocyte differentiation","BP",1
"GO:0032103",0.731520077243714,0.387366591393756,19,38,"positive regulation of response to external stimulus","BP",1
"GO:1901575",0.731919227361739,0.338945820621254,57,111,"organic substance catabolic process","BP",1
"GO:0070723",0.731951045996005,0.641154103288039,2,4,"response to cholesterol","BP",1
"GO:0090329",0.732002037154048,0.641096504704267,2,4,"regulation of DNA-templated DNA replication","BP",1
"GO:2000107",0.73208507155639,0.641002692669541,2,4,"negative regulation of leukocyte apoptotic process","BP",1
"GO:0045912",0.732290891642631,0.640770061243471,2,4,"negative regulation of carbohydrate metabolic process","BP",1
"GO:0061512",0.732578136452119,0.640445168201828,2,4,"protein localization to cilium","BP",1
"GO:1900034",0.732888013075615,0.64009437616593,2,4,"regulation of cellular response to heat","BP",1
"GO:0046427",0.732973387439099,0.639997674229033,2,4,"positive regulation of receptor signaling pathway via JAK-STAT","BP",1
"GO:1904894",0.732973387439099,0.639997674229033,2,4,"positive regulation of receptor signaling pathway via STAT","BP",1
"GO:0007189",0.733084706398455,0.639871549661986,2,4,"adenylate cyclase-activating G protein-coupled receptor signaling pathway","BP",1
"GO:0050829",0.733119051905185,0.573632544346285,3,6,"defense response to Gram-negative bacterium","BP",1
"GO:0016073",0.733280021953616,0.63965015917286,2,4,"snRNA metabolic process","BP",1
"GO:0051156",0.733348254605564,0.639572788020278,2,4,"glucose 6-phosphate metabolic process","BP",1
"GO:2000179",0.733408704779917,0.639504228968178,2,4,"positive regulation of neural precursor cell proliferation","BP",1
"GO:0006164",0.733491012745632,0.440811114397538,9,18,"purine nucleotide biosynthetic process","BP",1
"GO:0009152",0.733491012745632,0.440811114397538,9,18,"purine ribonucleotide biosynthetic process","BP",1
"GO:0009260",0.733491012745632,0.440811114397538,9,18,"ribonucleotide biosynthetic process","BP",1
"GO:0046390",0.733491012745632,0.440811114397538,9,18,"ribose phosphate biosynthetic process","BP",1
"GO:0072522",0.733491012745632,0.440811114397538,9,18,"purine-containing compound biosynthetic process","BP",1
"GO:0007260",0.733498180540192,0.639402728892466,2,4,"tyrosine phosphorylation of STAT protein","BP",1
"GO:0042509",0.733498180540192,0.639402728892466,2,4,"regulation of tyrosine phosphorylation of STAT protein","BP",1
"GO:0042147",0.733526084298475,0.639371069902619,2,4,"retrograde transport, endosome to Golgi","BP",1
"GO:0031076",0.733927611539053,0.638915224105776,2,4,"embryonic camera-type eye development","BP",1
"GO:0002534",0.734256702636775,0.638541220136752,2,4,"cytokine production involved in inflammatory response","BP",1
"GO:1900015",0.734256702636775,0.638541220136752,2,4,"regulation of cytokine production involved in inflammatory response","BP",1
"GO:1900016",0.734256702636775,0.638541220136752,2,4,"negative regulation of cytokine production involved in inflammatory response","BP",1
"GO:1905953",0.734364568248734,0.638418556278557,2,4,"negative regulation of lipid localization","BP",1
"GO:0006367",0.734407033299849,0.63837025491421,2,4,"transcription initiation at RNA polymerase II promoter","BP",1
"GO:0060260",0.734407033299849,0.63837025491421,2,4,"regulation of transcription initiation by RNA polymerase II","BP",1
"GO:0006325",0.734715764382362,0.377803456861391,21,42,"chromatin organization","BP",1
"GO:0030517",0.734807851011811,0.637914057978244,2,4,"negative regulation of axon extension","BP",1
"GO:0070227",0.73509089161507,0.637591592832354,2,4,"lymphocyte apoptotic process","BP",1
"GO:0040001",0.735462078628911,0.637168303699933,2,4,"establishment of mitotic spindle localization","BP",1
"GO:0051293",0.735462078628911,0.637168303699933,2,4,"establishment of spindle localization","BP",1
"GO:0051653",0.735462078628911,0.637168303699933,2,4,"spindle localization","BP",1
"GO:0035909",0.73546541786285,0.637164493689617,2,4,"aorta morphogenesis","BP",1
"GO:0045814",0.736025651925784,0.636524754925086,2,4,"negative regulation of gene expression, epigenetic","BP",1
"GO:0031294",0.736275124776823,0.636239544762537,2,4,"lymphocyte costimulation","BP",1
"GO:0031295",0.736275124776823,0.636239544762537,2,4,"T cell costimulation","BP",1
"GO:1901659",0.736333823018627,0.6361724079893,2,4,"glycosyl compound biosynthetic process","BP",1
"GO:0070647",0.736378869189746,0.378678915053565,20,40,"protein modification by small protein conjugation or removal","BP",1
"GO:0050709",0.736504543647171,0.635977079495147,2,4,"negative regulation of protein secretion","BP",1
"GO:1903319",0.736693625939156,0.635760629932011,2,4,"positive regulation of protein maturation","BP",1
"GO:0007369",0.737019709355138,0.635387071390151,2,4,"gastrulation","BP",1
"GO:0030518",0.737669318383196,0.63464183108488,2,4,"intracellular steroid hormone receptor signaling pathway","BP",1
"GO:2000404",0.737758798635289,0.634539068018376,2,4,"regulation of T cell migration","BP",1
"GO:0001676",0.737912774509739,0.634362172835039,2,4,"long-chain fatty acid metabolic process","BP",1
"GO:0045596",0.737930346118647,0.374071487371698,21,42,"negative regulation of cell differentiation","BP",1
"GO:0007613",0.737995594777777,0.634266992054771,2,4,"memory","BP",1
"GO:0016310",0.738077643906165,0.336161369580178,50,98,"phosphorylation","BP",1
"GO:0140467",0.738445230064587,0.567265020166514,3,6,"integrated stress response signaling","BP",1
"GO:0044088",0.73844792438856,0.633746750248839,2,4,"regulation of vacuole organization","BP",1
"GO:0043030",0.738580850451298,0.633593736773071,2,4,"regulation of macrophage activation","BP",1
"GO:0051253",0.738647055036569,0.346528992641518,37,73,"negative regulation of RNA metabolic process","BP",1
"GO:0001881",0.739007256437652,0.633102494118461,2,4,"receptor recycling","BP",1
"GO:0006892",0.739266832124336,0.632803150369902,2,4,"post-Golgi vesicle-mediated transport","BP",1
"GO:0046822",0.739357842737633,0.632698142986574,2,4,"regulation of nucleocytoplasmic transport","BP",1
"GO:0071479",0.739565040582657,0.632458975787922,2,4,"cellular response to ionizing radiation","BP",1
"GO:0043200",0.739872228698903,0.632104124635933,2,4,"response to amino acid","BP",1
"GO:0071230",0.739872228698903,0.632104124635933,2,4,"cellular response to amino acid stimulus","BP",1
"GO:0043506",0.740025992021336,0.631926384178078,2,4,"regulation of JUN kinase activity","BP",1
"GO:0002062",0.74006805548462,0.631877747652077,2,4,"chondrocyte differentiation","BP",1
"GO:0042446",0.740273933991381,0.631639611377682,2,4,"hormone biosynthetic process","BP",1
"GO:0097178",0.740363431410557,0.631536046582002,2,4,"ruffle assembly","BP",1
"GO:0050850",0.740384626050302,0.631511516567249,2,4,"positive regulation of calcium-mediated signaling","BP",1
"GO:0002066",0.740432735549846,0.6314558305031,2,4,"columnar/cuboidal epithelial cell development","BP",1
"GO:0002253",0.740798761979945,0.370731590399613,21,42,"activation of immune response","BP",1
"GO:0045746",0.740878297655145,0.630939726918909,2,4,"negative regulation of Notch signaling pathway","BP",1
"GO:0001895",0.741187151563352,0.630581580878296,2,4,"retina homeostasis","BP",1
"GO:0002011",0.741343582471157,0.630400060718803,2,4,"morphogenesis of an epithelial sheet","BP",1
"GO:0007006",0.741596647194577,0.630106232235193,2,4,"mitochondrial membrane organization","BP",1
"GO:0045911",0.74160319341555,0.630098628660759,2,4,"positive regulation of DNA recombination","BP",1
"GO:0007589",0.741705265857426,0.629980050518496,2,4,"body fluid secretion","BP",1
"GO:0051150",0.741718890680119,0.629964219804862,2,4,"regulation of smooth muscle cell differentiation","BP",1
"GO:0070534",0.741961716372602,0.629681974172555,2,4,"protein K63-linked ubiquitination","BP",1
"GO:2000242",0.742372511462899,0.629204034194837,2,4,"negative regulation of reproductive process","BP",1
"GO:0022617",0.742519864990862,0.629032455392046,2,4,"extracellular matrix disassembly","BP",1
"GO:0032465",0.742526852113892,0.629024317729324,2,4,"regulation of cytokinesis","BP",1
"GO:0071676",0.74268421829838,0.628840994579546,2,4,"negative regulation of mononuclear cell migration","BP",1
"GO:0046456",0.74301618956999,0.62845398836826,2,4,"icosanoid biosynthetic process","BP",1
"GO:0002097",0.743462263137438,0.627933369897151,2,4,"tRNA wobble base modification","BP",1
"GO:0002691",0.7434676399596,0.627927090376935,2,4,"regulation of cellular extravasation","BP",1
"GO:0046330",0.743493463537122,0.627896929977337,2,4,"positive regulation of JNK cascade","BP",1
"GO:0010564",0.74403985561694,0.366946524243928,21,42,"regulation of cell cycle process","BP",1
"GO:0071168",0.744136409815619,0.627145268976233,2,4,"protein localization to chromatin","BP",1
"GO:0051085",0.744171609283456,0.627104076667345,2,4,"chaperone cofactor-dependent protein refolding","BP",1
"GO:0044788",0.744264361173358,0.626995513000458,2,4,"modulation by host of viral process","BP",1
"GO:0001892",0.744397239723774,0.626839930513002,2,4,"embryonic placenta development","BP",1
"GO:0043279",0.744795434834002,0.626373334449362,2,4,"response to alkaloid","BP",1
"GO:0045132",0.745134254463582,0.625975882295494,2,4,"meiotic chromosome segregation","BP",1
"GO:0001763",0.745134282661577,0.625975849201347,2,4,"morphogenesis of a branching structure","BP",1
"GO:1902533",0.746077616395572,0.357346827232538,24,48,"positive regulation of intracellular signal transduction","BP",1
"GO:0031347",0.746780033303914,0.361162272202461,22,44,"regulation of defense response","BP",1
"GO:2000042",0.746802213955377,0.624013483794708,2,4,"negative regulation of double-strand break repair via homologous recombination","BP",1
"GO:0031110",0.747415483534227,0.623289521208311,2,4,"regulation of microtubule polymerization or depolymerization","BP",1
"GO:0050901",0.747801286638703,0.622833408197031,2,4,"leukocyte tethering or rolling","BP",1
"GO:0021772",0.748071421026411,0.622513733301497,2,4,"olfactory bulb development","BP",1
"GO:0021988",0.748071421026411,0.622513733301497,2,4,"olfactory lobe development","BP",1
"GO:0045620",0.748486647286096,0.622021858390315,2,4,"negative regulation of lymphocyte differentiation","BP",1
"GO:0000959",0.748502408982631,0.622003175228761,2,4,"mitochondrial RNA metabolic process","BP",1
"GO:0009607",0.748630812410923,0.325721880961567,48,94,"response to biotic stimulus","BP",1
"GO:0009888",0.748764343225949,0.331891588598845,40,79,"tissue development","BP",1
"GO:0009125",0.749241085054229,0.621126602780458,2,4,"nucleoside monophosphate catabolic process","BP",1
"GO:0014002",0.75002280479685,0.620196853294399,2,4,"astrocyte development","BP",1
"GO:0009890",0.750194404942489,0.315933935508811,62,121,"negative regulation of biosynthetic process","BP",1
"GO:0031327",0.750194404942489,0.315933935508811,62,121,"negative regulation of cellular biosynthetic process","BP",1
"GO:0002251",0.750522809438717,0.619601030529873,2,4,"organ or tissue specific immune response","BP",1
"GO:0002385",0.750522809438717,0.619601030529873,2,4,"mucosal immune response","BP",1
"GO:0045599",0.751882006079865,0.617976868767016,2,4,"negative regulation of fat cell differentiation","BP",1
"GO:0032543",0.75189723164772,0.617958637736902,2,4,"mitochondrial translation","BP",1
"GO:0030163",0.753028591422623,0.343364035020955,27,54,"protein catabolic process","BP",1
"GO:0032757",0.753214626734744,0.616378046297538,2,4,"positive regulation of interleukin-8 production","BP",1
"GO:0001817",0.753579159116236,0.348583571448642,24,48,"regulation of cytokine production","BP",1
"GO:0006278",0.753791228990538,0.61568428249937,2,4,"RNA-templated DNA biosynthetic process","BP",1
"GO:0007004",0.753791228990538,0.61568428249937,2,4,"telomere maintenance via telomerase","BP",1
"GO:1903047",0.754836492625936,0.345034551294981,25,50,"mitotic cell cycle process","BP",1
"GO:0046649",0.757061925398289,0.336938012187236,28,56,"lymphocyte activation","BP",1
"GO:0051248",0.760250965631682,0.334926922495945,27,54,"negative regulation of protein metabolic process","BP",1
"GO:0045321",0.766044669313832,0.320486729358459,32,64,"leukocyte activation","BP",1
"GO:0034762",0.768552019083904,0.402726259184921,8,17,"regulation of transmembrane transport","BP",1
"GO:0007186",0.773151975494847,0.371476057143335,11,23,"G protein-coupled receptor signaling pathway","BP",1
"GO:0006629",0.775062094783113,0.306255663967164,35,70,"lipid metabolic process","BP",1
"GO:0001933",0.775494985787552,0.362284083728452,12,25,"negative regulation of protein phosphorylation","BP",1
"GO:0030855",0.776101087045285,0.351129147962003,14,29,"epithelial cell differentiation","BP",1
"GO:0010558",0.777027987810718,0.286328317193394,60,118,"negative regulation of macromolecule biosynthetic process","BP",1
"GO:0044085",0.777032604657922,0.274510140169508,100,194,"cellular component biogenesis","BP",1
"GO:0002758",0.777711721078698,0.372888193409442,10,21,"innate immune response-activating signaling pathway","BP",1
"GO:0010770",0.777886779319892,0.721070701558319,1,2,"positive regulation of cell morphogenesis","BP",1
"GO:0050775",0.777886779319892,0.721070701558319,1,2,"positive regulation of dendrite morphogenesis","BP",1
"GO:0060997",0.777886779319892,0.721070701558319,1,2,"dendritic spine morphogenesis","BP",1
"GO:0060999",0.777886779319892,0.721070701558319,1,2,"positive regulation of dendritic spine development","BP",1
"GO:0061001",0.777886779319892,0.721070701558319,1,2,"regulation of dendritic spine morphogenesis","BP",1
"GO:0061003",0.777886779319892,0.721070701558319,1,2,"positive regulation of dendritic spine morphogenesis","BP",1
"GO:0097061",0.777886779319892,0.721070701558319,1,2,"dendritic spine organization","BP",1
"GO:0106027",0.777886779319892,0.721070701558319,1,2,"neuron projection organization","BP",1
"GO:1901998",0.777886779319953,0.721070701558257,1,2,"toxin transport","BP",1
"GO:1903078",0.777886779319992,0.721070701558213,1,2,"positive regulation of protein localization to plasma membrane","BP",1
"GO:1904377",0.777886779319992,0.721070701558213,1,2,"positive regulation of protein localization to cell periphery","BP",1
"GO:1904645",0.777886779319992,0.721070701558213,1,2,"response to amyloid-beta","BP",1
"GO:1904646",0.777886779319992,0.721070701558213,1,2,"cellular response to amyloid-beta","BP",1
"GO:1905048",0.777886779319994,0.721070701558217,1,2,"regulation of metallopeptidase activity","BP",1
"GO:1905049",0.777886779319994,0.721070701558217,1,2,"negative regulation of metallopeptidase activity","BP",1
"GO:0002209",0.777886779320016,0.721070701558199,1,2,"behavioral defense response","BP",1
"GO:0034763",0.777886779320091,0.721070701558117,1,2,"negative regulation of transmembrane transport","BP",1
"GO:0050994",0.777886779320106,0.721070701558085,1,2,"regulation of lipid catabolic process","BP",1
"GO:0032438",0.777886779320114,0.721070701558087,1,2,"melanosome organization","BP",1
"GO:0033059",0.777886779320114,0.721070701558087,1,2,"cellular pigmentation","BP",1
"GO:0048753",0.777886779320114,0.721070701558087,1,2,"pigment granule organization","BP",1
"GO:0031290",0.777886779320129,0.721070701558056,1,2,"retinal ganglion cell axon guidance","BP",1
"GO:0006971",0.777886779320147,0.721070701558035,1,2,"hypotonic response","BP",1
"GO:0071476",0.777886779320147,0.721070701558035,1,2,"cellular hypotonic response","BP",1
"GO:0022602",0.777886779320169,0.721070701558018,1,2,"ovulation cycle process","BP",1
"GO:0042698",0.777886779320169,0.721070701558018,1,2,"ovulation cycle","BP",1
"GO:0006509",0.777886779320173,0.721070701558026,1,2,"membrane protein ectodomain proteolysis","BP",1
"GO:0033619",0.777886779320173,0.721070701558026,1,2,"membrane protein proteolysis","BP",1
"GO:0006582",0.777886779320224,0.721070701557953,1,2,"melanin metabolic process","BP",1
"GO:0019748",0.777886779320224,0.721070701557953,1,2,"secondary metabolic process","BP",1
"GO:0042438",0.777886779320224,0.721070701557953,1,2,"melanin biosynthetic process","BP",1
"GO:0043455",0.777886779320224,0.721070701557953,1,2,"regulation of secondary metabolic process","BP",1
"GO:0044550",0.777886779320224,0.721070701557953,1,2,"secondary metabolite biosynthetic process","BP",1
"GO:0046148",0.777886779320224,0.721070701557953,1,2,"pigment biosynthetic process","BP",1
"GO:0046189",0.777886779320224,0.721070701557953,1,2,"phenol-containing compound biosynthetic process","BP",1
"GO:0048021",0.777886779320224,0.721070701557953,1,2,"regulation of melanin biosynthetic process","BP",1
"GO:1900376",0.777886779320224,0.721070701557953,1,2,"regulation of secondary metabolite biosynthetic process","BP",1
"GO:0032369",0.777886779320321,0.721070701557839,1,2,"negative regulation of lipid transport","BP",1
"GO:0003309",0.777886779320379,0.72107070155778,1,2,"type B pancreatic cell differentiation","BP",1
"GO:0030858",0.777886779320379,0.72107070155778,1,2,"positive regulation of epithelial cell differentiation","BP",1
"GO:0035883",0.777886779320379,0.72107070155778,1,2,"enteroendocrine cell differentiation","BP",1
"GO:0008045",0.777886779320385,0.721070701557778,1,2,"motor neuron axon guidance","BP",1
"GO:0048596",0.777886779320403,0.72107070155776,1,2,"embryonic camera-type eye morphogenesis","BP",1
"GO:0061303",0.777886779320403,0.72107070155776,1,2,"cornea development in camera-type eye","BP",1
"GO:0150116",0.777886779320403,0.721070701557753,1,2,"regulation of cell-substrate junction organization","BP",1
"GO:0050766",0.77788677932042,0.721070701557737,1,2,"positive regulation of phagocytosis","BP",1
"GO:0021522",0.77788677932042,0.721070701557738,1,2,"spinal cord motor neuron differentiation","BP",1
"GO:0015800",0.77788677932042,0.721070701557729,1,2,"acidic amino acid transport","BP",1
"GO:0015813",0.77788677932042,0.721070701557729,1,2,"L-glutamate transmembrane transport","BP",1
"GO:0051938",0.77788677932042,0.721070701557729,1,2,"L-glutamate import","BP",1
"GO:0089718",0.77788677932042,0.721070701557729,1,2,"amino acid import across plasma membrane","BP",1
"GO:0098712",0.77788677932042,0.721070701557729,1,2,"L-glutamate import across plasma membrane","BP",1
"GO:0060382",0.777886779320439,0.721070701557709,1,2,"regulation of DNA strand elongation","BP",1
"GO:1904507",0.777886779320439,0.721070701557709,1,2,"positive regulation of telomere maintenance in response to DNA damage","BP",1
"GO:0042059",0.777886779320456,0.721070701557689,1,2,"negative regulation of epidermal growth factor receptor signaling pathway","BP",1
"GO:0048286",0.777886779320534,0.721070701557612,1,2,"lung alveolus development","BP",1
"GO:0001885",0.777886779320537,0.721070701557604,1,2,"endothelial cell development","BP",1
"GO:0003158",0.777886779320537,0.721070701557604,1,2,"endothelium development","BP",1
"GO:0035633",0.777886779320537,0.721070701557604,1,2,"maintenance of blood-brain barrier","BP",1
"GO:0045446",0.777886779320537,0.721070701557604,1,2,"endothelial cell differentiation","BP",1
"GO:0061028",0.777886779320537,0.721070701557604,1,2,"establishment of endothelial barrier","BP",1
"GO:0150105",0.777886779320537,0.721070701557604,1,2,"protein localization to cell-cell junction","BP",1
"GO:0150106",0.777886779320537,0.721070701557604,1,2,"regulation of protein localization to cell-cell junction","BP",1
"GO:0036498",0.777886779320561,0.72107070155759,1,2,"IRE1-mediated unfolded protein response","BP",1
"GO:0071716",0.777886779320578,0.721070701557566,1,2,"leukotriene transport","BP",1
"GO:0042461",0.777886779320693,0.72107070155743,1,2,"photoreceptor cell development","BP",1
"GO:2001224",0.777886779320696,0.721070701557433,1,2,"positive regulation of neuron migration","BP",1
"GO:0099010",0.777886779320884,0.721070701557214,1,2,"modification of postsynaptic structure","BP",1
"GO:0099159",0.777886779320884,0.721070701557214,1,2,"regulation of modification of postsynaptic structure","BP",1
"GO:0099563",0.777886779320884,0.721070701557214,1,2,"modification of synaptic structure","BP",1
"GO:1905244",0.777886779320884,0.721070701557214,1,2,"regulation of modification of synaptic structure","BP",1
"GO:1905809",0.77788680765177,0.721070669805059,1,2,"negative regulation of synapse organization","BP",1
"GO:0014820",0.777887361557153,0.721070049008738,1,2,"tonic smooth muscle contraction","BP",1
"GO:0019229",0.777887361557576,0.721070049008254,1,2,"regulation of vasoconstriction","BP",1
"GO:0035150",0.777887361557576,0.721070049008254,1,2,"regulation of tube size","BP",1
"GO:0035296",0.777887361557576,0.721070049008254,1,2,"regulation of tube diameter","BP",1
"GO:0042310",0.777887361557576,0.721070049008254,1,2,"vasoconstriction","BP",1
"GO:0097746",0.777887361557576,0.721070049008254,1,2,"blood vessel diameter maintenance","BP",1
"GO:0033194",0.777887804228056,0.721069552878779,1,2,"response to hydroperoxide","BP",1
"GO:0006940",0.777892074132461,0.72106476727223,1,2,"regulation of smooth muscle contraction","BP",1
"GO:0045987",0.777892074132461,0.72106476727223,1,2,"positive regulation of smooth muscle contraction","BP",1
"GO:0045747",0.777892074132485,0.721064767272214,1,2,"positive regulation of Notch signaling pathway","BP",1
"GO:0001780",0.7778976240126,0.721058546969257,1,2,"neutrophil homeostasis","BP",1
"GO:0001781",0.7778976240126,0.721058546969257,1,2,"neutrophil apoptotic process","BP",1
"GO:0033029",0.7778976240126,0.721058546969257,1,2,"regulation of neutrophil apoptotic process","BP",1
"GO:0035924",0.777897624012953,0.721058546968863,1,2,"cellular response to vascular endothelial growth factor stimulus","BP",1
"GO:0038084",0.777897624012953,0.721058546968863,1,2,"vascular endothelial growth factor signaling pathway","BP",1
"GO:0002551",0.777902918566189,0.72105261269888,1,2,"mast cell chemotaxis","BP",1
"GO:0060374",0.777902918566189,0.72105261269888,1,2,"mast cell differentiation","BP",1
"GO:0097531",0.777902918566189,0.72105261269888,1,2,"mast cell migration","BP",1
"GO:0009225",0.777919982616781,0.721033485964582,1,2,"nucleotide-sugar metabolic process","BP",1
"GO:0070830",0.777922724555813,0.721030412453122,1,2,"bicellular tight junction assembly","BP",1
"GO:0097320",0.777964868572603,0.720983167594304,1,2,"plasma membrane tubulation","BP",1
"GO:0015909",0.778012507013539,0.720929753071006,1,2,"long-chain fatty acid transport","BP",1
"GO:0001945",0.778012507013796,0.720929753070736,1,2,"lymph vessel development","BP",1
"GO:0033630",0.778012507013851,0.720929753070676,1,2,"positive regulation of cell adhesion mediated by integrin","BP",1
"GO:0023019",0.778029152421256,0.72091108687508,1,2,"signal transduction involved in regulation of gene expression","BP",1
"GO:0043489",0.778029152484322,0.720911086804338,1,2,"RNA stabilization","BP",1
"GO:0048255",0.778029152484322,0.720911086804338,1,2,"mRNA stabilization","BP",1
"GO:1902369",0.778029152484322,0.720911086804338,1,2,"negative regulation of RNA catabolic process","BP",1
"GO:1902373",0.778029152484322,0.720911086804338,1,2,"negative regulation of mRNA catabolic process","BP",1
"GO:0044546",0.77804486932238,0.720893460691279,1,2,"NLRP3 inflammasome complex assembly","BP",1
"GO:0140632",0.77804486932238,0.720893460691279,1,2,"canonical inflammasome complex assembly","BP",1
"GO:0141084",0.77804486932238,0.720893460691279,1,2,"inflammasome-mediated signaling pathway","BP",1
"GO:0141085",0.77804486932238,0.720893460691279,1,2,"regulation of inflammasome-mediated signaling pathway","BP",1
"GO:1900225",0.77804486932238,0.720893460691279,1,2,"regulation of NLRP3 inflammasome complex assembly","BP",1
"GO:0010563",0.778068177854865,0.344311646287312,15,31,"negative regulation of phosphorus metabolic process","BP",1
"GO:0045936",0.778068177854865,0.344311646287312,15,31,"negative regulation of phosphate metabolic process","BP",1
"GO:0045663",0.778085113497206,0.720848322280778,1,2,"positive regulation of myoblast differentiation","BP",1
"GO:0045204",0.778098157867447,0.720833689874898,1,2,"MAPK export from nucleus","BP",1
"GO:0005979",0.778153088300435,0.720772063212183,1,2,"regulation of glycogen biosynthetic process","BP",1
"GO:0010962",0.778153088300435,0.720772063212183,1,2,"regulation of glucan biosynthetic process","BP",1
"GO:0032881",0.778153088300435,0.720772063212183,1,2,"regulation of polysaccharide metabolic process","BP",1
"GO:0032885",0.778153088300435,0.720772063212183,1,2,"regulation of polysaccharide biosynthetic process","BP",1
"GO:0045725",0.778153088300435,0.720772063212183,1,2,"positive regulation of glycogen biosynthetic process","BP",1
"GO:0070873",0.778153088300435,0.720772063212183,1,2,"regulation of glycogen metabolic process","BP",1
"GO:0070875",0.778153088300435,0.720772063212183,1,2,"positive regulation of glycogen metabolic process","BP",1
"GO:0043271",0.778201838236769,0.720717358367552,1,2,"negative regulation of monoatomic ion transport","BP",1
"GO:2000310",0.778201838236769,0.720717358367552,1,2,"regulation of NMDA receptor activity","BP",1
"GO:0009651",0.778201838236988,0.720717358367321,1,2,"response to salt stress","BP",1
"GO:0035249",0.778201838237274,0.720717358366984,1,2,"synaptic transmission, glutamatergic","BP",1
"GO:0051966",0.778201838237274,0.720717358366984,1,2,"regulation of synaptic transmission, glutamatergic","BP",1
"GO:0051968",0.778201838237274,0.720717358366984,1,2,"positive regulation of synaptic transmission, glutamatergic","BP",1
"GO:0050805",0.778202419648716,0.720716705866208,1,2,"negative regulation of synaptic transmission","BP",1
"GO:0060292",0.778202419648716,0.720716705866208,1,2,"long-term synaptic depression","BP",1
"GO:0090207",0.778205531253965,0.720713213776533,1,2,"regulation of triglyceride metabolic process","BP",1
"GO:0019682",0.778241066821454,0.720673329659846,1,2,"glyceraldehyde-3-phosphate metabolic process","BP",1
"GO:0006700",0.778270692457249,0.720640074057536,1,2,"C21-steroid hormone biosynthetic process","BP",1
"GO:0006704",0.778270692457249,0.720640074057536,1,2,"glucocorticoid biosynthetic process","BP",1
"GO:0008207",0.778270692457249,0.720640074057536,1,2,"C21-steroid hormone metabolic process","BP",1
"GO:0008211",0.778270692457249,0.720640074057536,1,2,"glucocorticoid metabolic process","BP",1
"GO:0034309",0.778270692457249,0.720640074057536,1,2,"primary alcohol biosynthetic process","BP",1
"GO:0034650",0.778270692457249,0.720640074057536,1,2,"cortisol metabolic process","BP",1
"GO:0034651",0.778270692457249,0.720640074057536,1,2,"cortisol biosynthetic process","BP",1
"GO:0042181",0.778270692457249,0.720640074057536,1,2,"ketone biosynthetic process","BP",1
"GO:0120255",0.778270692457249,0.720640074057536,1,2,"olefinic compound biosynthetic process","BP",1
"GO:1902644",0.778270692457249,0.720640074057536,1,2,"tertiary alcohol metabolic process","BP",1
"GO:1902645",0.778270692457249,0.720640074057536,1,2,"tertiary alcohol biosynthetic process","BP",1
"GO:0002283",0.778273764734655,0.720636625099717,1,2,"neutrophil activation involved in immune response","BP",1
"GO:0006801",0.778273764734655,0.720636625099717,1,2,"superoxide metabolic process","BP",1
"GO:0032928",0.778273764734655,0.720636625099717,1,2,"regulation of superoxide anion generation","BP",1
"GO:0032930",0.778273764734655,0.720636625099717,1,2,"positive regulation of superoxide anion generation","BP",1
"GO:0036230",0.778273764734655,0.720636625099717,1,2,"granulocyte activation","BP",1
"GO:0042119",0.778273764734655,0.720636625099717,1,2,"neutrophil activation","BP",1
"GO:0042554",0.778273764734655,0.720636625099717,1,2,"superoxide anion generation","BP",1
"GO:0043302",0.778273764734655,0.720636625099717,1,2,"positive regulation of leukocyte degranulation","BP",1
"GO:0043312",0.778273764734655,0.720636625099717,1,2,"neutrophil degranulation","BP",1
"GO:0043313",0.778273764734655,0.720636625099717,1,2,"regulation of neutrophil degranulation","BP",1
"GO:0055094",0.778273764734655,0.720636625099717,1,2,"response to lipoprotein particle","BP",1
"GO:0071404",0.778273764734655,0.720636625099717,1,2,"cellular response to low-density lipoprotein particle stimulus","BP",1
"GO:0090322",0.778273764734655,0.720636625099717,1,2,"regulation of superoxide metabolic process","BP",1
"GO:1902563",0.778273764734655,0.720636625099717,1,2,"regulation of neutrophil activation","BP",1
"GO:0001573",0.778306358110082,0.720600032786223,1,2,"ganglioside metabolic process","BP",1
"GO:0039694",0.778351309359335,0.720549558032865,1,2,"viral RNA genome replication","BP",1
"GO:0002888",0.778413360208903,0.720479866597218,1,2,"positive regulation of myeloid leukocyte mediated immunity","BP",1
"GO:0032958",0.778443117395128,0.720446438727728,1,2,"inositol phosphate biosynthetic process","BP",1
"GO:0070841",0.778466873195228,0.720419749491962,1,2,"inclusion body assembly","BP",1
"GO:0090083",0.778466873195228,0.720419749491962,1,2,"regulation of inclusion body assembly","BP",1
"GO:0090084",0.778466873195228,0.720419749491962,1,2,"negative regulation of inclusion body assembly","BP",1
"GO:0033173",0.778476618339317,0.720408800205456,1,2,"calcineurin-NFAT signaling cascade","BP",1
"GO:0097720",0.778476618339317,0.720408800205456,1,2,"calcineurin-mediated signaling","BP",1
"GO:0022402",0.778493869185782,0.303392879886406,34,68,"cell cycle process","BP",1
"GO:0014912",0.778499205163029,0.720383420725872,1,2,"negative regulation of smooth muscle cell migration","BP",1
"GO:1902463",0.778501291863804,0.720381075899894,1,2,"protein localization to cell leading edge","BP",1
"GO:0048854",0.778513628195552,0.720367213134844,1,2,"brain morphogenesis","BP",1
"GO:0002467",0.778624191204216,0.720242937007279,1,2,"germinal center formation","BP",1
"GO:0045671",0.77869947054988,0.720158287162304,1,2,"negative regulation of osteoclast differentiation","BP",1
"GO:0036109",0.778742119484095,0.720110317354702,1,2,"alpha-linolenic acid metabolic process","BP",1
"GO:0043651",0.778742119484095,0.720110317354702,1,2,"linoleic acid metabolic process","BP",1
"GO:0050678",0.778763113517247,0.371551458313251,10,21,"regulation of epithelial cell proliferation","BP",1
"GO:0030878",0.778775932939816,0.720072279121698,1,2,"thyroid gland development","BP",1
"GO:0071417",0.778810386345933,0.358126449803519,12,25,"cellular response to organonitrogen compound","BP",1
"GO:0022038",0.778878111366665,0.719957300722682,1,2,"corpus callosum development","BP",1
"GO:0021960",0.778878111366994,0.719957300722304,1,2,"anterior commissure morphogenesis","BP",1
"GO:0038156",0.778888418667465,0.719945699428329,1,2,"interleukin-3-mediated signaling pathway","BP",1
"GO:0061097",0.778968384035669,0.719855677714128,1,2,"regulation of protein tyrosine kinase activity","BP",1
"GO:0061098",0.778968384035669,0.719855677714128,1,2,"positive regulation of protein tyrosine kinase activity","BP",1
"GO:0060325",0.778997402398178,0.719823002423044,1,2,"face morphogenesis","BP",1
"GO:0071763",0.779095816451035,0.719712155901849,1,2,"nuclear membrane organization","BP",1
"GO:0001569",0.779109024411532,0.719697275850932,1,2,"branching involved in blood vessel morphogenesis","BP",1
"GO:0015727",0.779176558450762,0.719621179047705,1,2,"lactate transport","BP",1
"GO:0035873",0.779176558450762,0.719621179047705,1,2,"lactate transmembrane transport","BP",1
"GO:0006607",0.779180607797794,0.719616615577636,1,2,"NLS-bearing protein import into nucleus","BP",1
"GO:0033013",0.779196566856871,0.719598629515603,1,2,"tetrapyrrole metabolic process","BP",1
"GO:0045721",0.779228798855576,0.719562299897602,1,2,"negative regulation of gluconeogenesis","BP",1
"GO:0006260",0.779284530604698,0.370887763712505,10,21,"DNA replication","BP",1
"GO:0042754",0.779311192786972,0.71946940852731,1,2,"negative regulation of circadian rhythm","BP",1
"GO:0070593",0.779447800899662,0.719315323567299,1,2,"dendrite self-avoidance","BP",1
"GO:0007586",0.779519968549998,0.719233886810332,1,2,"digestion","BP",1
"GO:0022600",0.779519968549998,0.719233886810332,1,2,"digestive system process","BP",1
"GO:0030947",0.77955793247722,0.719191036746437,1,2,"regulation of vascular endothelial growth factor receptor signaling pathway","BP",1
"GO:0030948",0.77955793247722,0.719191036746437,1,2,"negative regulation of vascular endothelial growth factor receptor signaling pathway","BP",1
"GO:0048646",0.779649376590443,0.314646207953423,25,51,"anatomical structure formation involved in morphogenesis","BP",1
"GO:0016242",0.779730569501232,0.718996092587218,1,2,"negative regulation of macroautophagy","BP",1
"GO:0038113",0.779766259366566,0.718955773095668,1,2,"interleukin-9-mediated signaling pathway","BP",1
"GO:0071104",0.779766259366566,0.718955773095668,1,2,"response to interleukin-9","BP",1
"GO:0071355",0.779766259366566,0.718955773095668,1,2,"cellular response to interleukin-9","BP",1
"GO:0050885",0.77987165660326,0.71883666790465,1,2,"neuromuscular process controlling balance","BP",1
"GO:0036297",0.779882929731342,0.718823925408408,1,2,"interstrand cross-link repair","BP",1
"GO:0046677",0.779939713705659,0.718759730700823,1,2,"response to antibiotic","BP",1
"GO:0021536",0.780240671849017,0.718419234123207,1,2,"diencephalon development","BP",1
"GO:0021983",0.780240671849017,0.718419234123207,1,2,"pituitary gland development","BP",1
"GO:0034113",0.780250423013483,0.718408194542632,1,2,"heterotypic cell-cell adhesion","BP",1
"GO:0035024",0.780343992073047,0.718302238763458,1,2,"negative regulation of Rho protein signal transduction","BP",1
"GO:0000002",0.780364489715496,0.718279021949982,1,2,"mitochondrial genome maintenance","BP",1
"GO:0032042",0.780364489715496,0.718279021949982,1,2,"mitochondrial DNA metabolic process","BP",1
"GO:0022407",0.780468906243006,0.350567037742224,13,27,"regulation of cell-cell adhesion","BP",1
"GO:0045820",0.780498266539348,0.718127448404686,1,2,"negative regulation of glycolytic process","BP",1
"GO:0009889",0.78070759731298,0.264734565886242,143,276,"regulation of biosynthetic process","BP",1
"GO:0097006",0.780788116959437,0.717798739429632,1,2,"regulation of plasma lipoprotein particle levels","BP",1
"GO:0032377",0.780788116959615,0.717798739429435,1,2,"regulation of intracellular lipid transport","BP",1
"GO:0032380",0.780788116959615,0.717798739429435,1,2,"regulation of intracellular sterol transport","BP",1
"GO:0032383",0.780788116959615,0.717798739429435,1,2,"regulation of intracellular cholesterol transport","BP",1
"GO:0032799",0.780788116959615,0.717798739429435,1,2,"low-density lipoprotein receptor particle metabolic process","BP",1
"GO:0032801",0.780788116959615,0.717798739429435,1,2,"receptor catabolic process","BP",1
"GO:0032802",0.780788116959615,0.717798739429435,1,2,"low-density lipoprotein particle receptor catabolic process","BP",1
"GO:0032803",0.780788116959615,0.717798739429435,1,2,"regulation of low-density lipoprotein particle receptor catabolic process","BP",1
"GO:1905600",0.780788116959615,0.717798739429435,1,2,"regulation of receptor-mediated endocytosis involved in cholesterol transport","BP",1
"GO:2000644",0.780788116959615,0.717798739429435,1,2,"regulation of receptor catabolic process","BP",1
"GO:0030195",0.780788116959806,0.717798739429216,1,2,"negative regulation of blood coagulation","BP",1
"GO:0050819",0.780788116959806,0.717798739429216,1,2,"negative regulation of coagulation","BP",1
"GO:0061045",0.780788116959806,0.717798739429216,1,2,"negative regulation of wound healing","BP",1
"GO:1900047",0.780788116959806,0.717798739429216,1,2,"negative regulation of hemostasis","BP",1
"GO:1903035",0.780788116959806,0.717798739429216,1,2,"negative regulation of response to wounding","BP",1
"GO:0006558",0.780861820503896,0.717715089578532,1,2,"L-phenylalanine metabolic process","BP",1
"GO:0006559",0.780861820503896,0.717715089578532,1,2,"L-phenylalanine catabolic process","BP",1
"GO:0006570",0.780861820503896,0.717715089578532,1,2,"tyrosine metabolic process","BP",1
"GO:0006572",0.780861820503896,0.717715089578532,1,2,"tyrosine catabolic process","BP",1
"GO:0009072",0.780861820503896,0.717715089578532,1,2,"aromatic amino acid metabolic process","BP",1
"GO:0009074",0.780861820503896,0.717715089578532,1,2,"aromatic amino acid family catabolic process","BP",1
"GO:1902221",0.780861820503896,0.717715089578532,1,2,"erythrose 4-phosphate/phosphoenolpyruvate family amino acid metabolic process","BP",1
"GO:1902222",0.780861820503896,0.717715089578532,1,2,"erythrose 4-phosphate/phosphoenolpyruvate family amino acid catabolic process","BP",1
"GO:0002263",0.78104238511011,0.349848362704858,13,27,"cell activation involved in immune response","BP",1
"GO:0048799",0.781097079564933,0.717447904879185,1,2,"animal organ maturation","BP",1
"GO:0003014",0.781126511531434,0.717414459845205,1,2,"renal system process","BP",1
"GO:1901623",0.781158993898412,0.717377543571521,1,2,"regulation of lymphocyte chemotaxis","BP",1
"GO:1901616",0.781194358008325,0.717337346326166,1,2,"organic hydroxy compound catabolic process","BP",1
"GO:0009066",0.781281681827022,0.717238061953538,1,2,"aspartate family amino acid metabolic process","BP",1
"GO:0006556",0.781281681888996,0.717238061883054,1,2,"S-adenosylmethionine biosynthetic process","BP",1
"GO:0046500",0.781281681888996,0.717238061883054,1,2,"S-adenosylmethionine metabolic process","BP",1
"GO:0010762",0.78132415334864,0.717189759714203,1,2,"regulation of fibroblast migration","BP",1
"GO:0010764",0.78132415334864,0.717189759714203,1,2,"negative regulation of fibroblast migration","BP",1
"GO:0007140",0.781331612998171,0.717181275052629,1,2,"male meiotic nuclear division","BP",1
"GO:0007606",0.781351068297431,0.717159145167057,1,2,"sensory perception of chemical stimulus","BP",1
"GO:0050909",0.781351068297431,0.717159145167057,1,2,"sensory perception of taste","BP",1
"GO:0016441",0.781377520681558,0.717129053311012,1,2,"post-transcriptional gene silencing","BP",1
"GO:0035194",0.781377520681558,0.717129053311012,1,2,"regulatory ncRNA-mediated post-transcriptional gene silencing","BP",1
"GO:0051301",0.781430676620818,0.349361454105938,13,27,"cell division","BP",1
"GO:0006766",0.781536588746538,0.716948027473601,1,2,"vitamin metabolic process","BP",1
"GO:0007033",0.781619446332439,0.385953804707559,8,17,"vacuole organization","BP",1
"GO:0002369",0.781638651883404,0.716831810219249,1,2,"T cell cytokine production","BP",1
"GO:0002724",0.781638651883404,0.716831810219249,1,2,"regulation of T cell cytokine production","BP",1
"GO:0006516",0.781674211555299,0.71679130713083,1,2,"glycoprotein catabolic process","BP",1
"GO:0001655",0.781674567940494,0.716790901170465,1,2,"urogenital system development","BP",1
"GO:0031641",0.781674567940899,0.716790901170013,1,2,"regulation of myelination","BP",1
"GO:1902894",0.781674595789334,0.716790869447671,1,2,"negative regulation of miRNA transcription","BP",1
"GO:2000629",0.781674595789334,0.716790869447671,1,2,"negative regulation of miRNA metabolic process","BP",1
"GO:0019083",0.781740937770687,0.716715288059631,1,2,"viral transcription","BP",1
"GO:0043923",0.781740937770687,0.716715288059631,1,2,"positive regulation by host of viral transcription","BP",1
"GO:1900271",0.781748337353928,0.716706856601979,1,2,"regulation of long-term synaptic potentiation","BP",1
"GO:0061760",0.78174833735403,0.716706856601874,1,2,"antifungal innate immune response","BP",1
"GO:0110088",0.781748337354254,0.71670685660161,1,2,"hippocampal neuron apoptotic process","BP",1
"GO:0110089",0.781748337354254,0.71670685660161,1,2,"regulation of hippocampal neuron apoptotic process","BP",1
"GO:0110091",0.781748337354254,0.71670685660161,1,2,"negative regulation of hippocampal neuron apoptotic process","BP",1
"GO:0007252",0.781748337354335,0.71670685660153,1,2,"I-kappaB phosphorylation","BP",1
"GO:0035176",0.781748337354426,0.716706856601412,1,2,"social behavior","BP",1
"GO:0051703",0.781748337354426,0.716706856601412,1,2,"biological process involved in intraspecies interaction between organisms","BP",1
"GO:1900101",0.781759446103076,0.716694198229355,1,2,"regulation of endoplasmic reticulum unfolded protein response","BP",1
"GO:0048841",0.781770566074809,0.716681526461862,1,2,"regulation of axon extension involved in axon guidance","BP",1
"GO:0048843",0.781770566074809,0.716681526461862,1,2,"negative regulation of axon extension involved in axon guidance","BP",1
"GO:0048846",0.781770566074809,0.716681526461862,1,2,"axon extension involved in axon guidance","BP",1
"GO:0050919",0.781770566074809,0.716681526461862,1,2,"negative chemotaxis","BP",1
"GO:1902284",0.781770566074809,0.716681526461862,1,2,"neuron projection extension involved in neuron projection guidance","BP",1
"GO:0002281",0.781871880795432,0.716566045269255,1,2,"macrophage activation involved in immune response","BP",1
"GO:0007190",0.781886977549128,0.716548833274605,1,2,"activation of adenylate cyclase activity","BP",1
"GO:0031281",0.781886977549128,0.716548833274605,1,2,"positive regulation of cyclase activity","BP",1
"GO:0045762",0.781886977549128,0.716548833274605,1,2,"positive regulation of adenylate cyclase activity","BP",1
"GO:0051349",0.781886977549128,0.716548833274605,1,2,"positive regulation of lyase activity","BP",1
"GO:1901799",0.781968838808075,0.716455482743441,1,2,"negative regulation of proteasomal protein catabolic process","BP",1
"GO:1903051",0.781968838808075,0.716455482743441,1,2,"negative regulation of proteolysis involved in protein catabolic process","BP",1
"GO:1901861",0.781994617120715,0.716426079610669,1,2,"regulation of muscle tissue development","BP",1
"GO:0007159",0.782012844489045,0.343774459510819,14,29,"leukocyte cell-cell adhesion","BP",1
"GO:1904889",0.782080120001704,0.71632853033672,1,2,"regulation of excitatory synapse assembly","BP",1
"GO:0072520",0.782110214911895,0.716294186835458,1,2,"seminiferous tubule development","BP",1
"GO:0006890",0.782205005213834,0.716185985562783,1,2,"retrograde vesicle-mediated transport, Golgi to endoplasmic reticulum","BP",1
"GO:0090716",0.782215202950133,0.716174342411013,1,2,"adaptive immune memory response","BP",1
"GO:1905674",0.782215202950133,0.716174342411013,1,2,"regulation of adaptive immune memory response","BP",1
"GO:1905675",0.782215202950133,0.716174342411013,1,2,"negative regulation of adaptive immune memory response","BP",1
"GO:0035988",0.782286540100285,0.716092879690632,1,2,"chondrocyte proliferation","BP",1
"GO:0008344",0.782353284242429,0.716016639204121,1,2,"adult locomotory behavior","BP",1
"GO:0009133",0.782355789529857,0.71601377703732,1,2,"nucleoside diphosphate biosynthetic process","BP",1
"GO:0046940",0.782355789529857,0.71601377703732,1,2,"nucleoside monophosphate phosphorylation","BP",1
"GO:0048589",0.78236501701735,0.335056452173927,16,33,"developmental growth","BP",1
"GO:0009138",0.782388325247572,0.715976603781123,1,2,"pyrimidine nucleoside diphosphate metabolic process","BP",1
"GO:2000378",0.782469474548836,0.715883864968793,1,2,"negative regulation of reactive oxygen species metabolic process","BP",1
"GO:0042532",0.782569095201334,0.715769972357112,1,2,"negative regulation of tyrosine phosphorylation of STAT protein","BP",1
"GO:0046426",0.782569095201334,0.715769972357112,1,2,"negative regulation of receptor signaling pathway via JAK-STAT","BP",1
"GO:0050732",0.782569095201334,0.715769972357112,1,2,"negative regulation of peptidyl-tyrosine phosphorylation","BP",1
"GO:1904893",0.782569095201334,0.715769972357112,1,2,"negative regulation of receptor signaling pathway via STAT","BP",1
"GO:0032732",0.782658267268365,0.715667983673295,1,2,"positive regulation of interleukin-1 production","BP",1
"GO:0070232",0.782658267268876,0.715667983672698,1,2,"regulation of T cell apoptotic process","BP",1
"GO:0032147",0.782722866864145,0.71559407470536,1,2,"activation of protein kinase activity","BP",1
"GO:0042976",0.782722866864145,0.71559407470536,1,2,"activation of Janus kinase activity","BP",1
"GO:0006213",0.78286553765554,0.715430770709532,1,2,"pyrimidine nucleoside metabolic process","BP",1
"GO:0046104",0.78286553765554,0.715430770709532,1,2,"thymidine metabolic process","BP",1
"GO:0046125",0.78286553765554,0.715430770709532,1,2,"pyrimidine deoxyribonucleoside metabolic process","BP",1
"GO:0046134",0.78286553765554,0.715430770709532,1,2,"pyrimidine nucleoside biosynthetic process","BP",1
"GO:0070106",0.782930361954347,0.71535653818702,1,2,"interleukin-27-mediated signaling pathway","BP",1
"GO:2000405",0.782932406940219,0.715354196065398,1,2,"negative regulation of T cell migration","BP",1
"GO:0044029",0.783022428996011,0.715251073321876,1,2,"positive regulation of gene expression via CpG island demethylation","BP",1
"GO:0035459",0.783100632283762,0.715161456728286,1,2,"vesicle cargo loading","BP",1
"GO:0061502",0.783170015443494,0.715081922139467,1,2,"early endosome to recycling endosome transport","BP",1
"GO:1990089",0.78317001544355,0.715081922139391,1,2,"response to nerve growth factor","BP",1
"GO:1990090",0.78317001544355,0.715081922139391,1,2,"cellular response to nerve growth factor stimulus","BP",1
"GO:0045765",0.783208512586825,0.395634120072339,7,15,"regulation of angiogenesis","BP",1
"GO:1901342",0.783208512586825,0.395634120072339,7,15,"regulation of vasculature development","BP",1
"GO:0016486",0.783317804882465,0.714912430103933,1,2,"peptide hormone processing","BP",1
"GO:0140448",0.783317804882465,0.714912430103933,1,2,"signaling receptor ligand precursor processing","BP",1
"GO:0046006",0.783330322411834,0.714898069422018,1,2,"regulation of activated T cell proliferation","BP",1
"GO:0035723",0.783393826127226,0.71482520307598,1,2,"interleukin-15-mediated signaling pathway","BP",1
"GO:0070672",0.783393826127226,0.71482520307598,1,2,"response to interleukin-15","BP",1
"GO:0071350",0.783393826127226,0.71482520307598,1,2,"cellular response to interleukin-15","BP",1
"GO:0002764",0.783600570933217,0.323733118571715,19,39,"immune response-regulating signaling pathway","BP",1
"GO:0046839",0.783646067688741,0.714535574635236,1,2,"phospholipid dephosphorylation","BP",1
"GO:0097150",0.783739312736306,0.714428428857768,1,2,"neuronal stem cell population maintenance","BP",1
"GO:0051126",0.78376788454677,0.714395588976071,1,2,"negative regulation of actin nucleation","BP",1
"GO:0000272",0.78385014861402,0.714301013565031,1,2,"polysaccharide catabolic process","BP",1
"GO:0005980",0.78385014861402,0.714301013565031,1,2,"glycogen catabolic process","BP",1
"GO:0009251",0.78385014861402,0.714301013565031,1,2,"glucan catabolic process","BP",1
"GO:0061723",0.78385014861402,0.714301013565031,1,2,"glycophagy","BP",1
"GO:1901223",0.783877651091853,0.714269387648393,1,2,"negative regulation of non-canonical NF-kappaB signal transduction","BP",1
"GO:0002323",0.783889899792772,0.714255301290426,1,2,"natural killer cell activation involved in immune response","BP",1
"GO:0043320",0.783889899792772,0.714255301290426,1,2,"natural killer cell degranulation","BP",1
"GO:0032509",0.783945469159581,0.714191385533313,1,2,"endosome transport via multivesicular body sorting pathway","BP",1
"GO:0036257",0.783945469159581,0.714191385533313,1,2,"multivesicular body organization","BP",1
"GO:0036258",0.783945469159581,0.714191385533313,1,2,"multivesicular body assembly","BP",1
"GO:0043162",0.783945469159581,0.714191385533313,1,2,"ubiquitin-dependent protein catabolic process via the multivesicular body sorting pathway","BP",1
"GO:0045324",0.783945469159581,0.714191385533313,1,2,"late endosome to vacuole transport","BP",1
"GO:0071985",0.783945469159581,0.714191385533313,1,2,"multivesicular body sorting pathway","BP",1
"GO:0090148",0.783945469159581,0.714191385533313,1,2,"membrane fission","BP",1
"GO:0032793",0.783987955458311,0.714142507509316,1,2,"positive regulation of CREB transcription factor activity","BP",1
"GO:0006505",0.784017741154889,0.714108235426004,1,2,"GPI anchor metabolic process","BP",1
"GO:0006506",0.784017741154889,0.714108235426004,1,2,"GPI anchor biosynthetic process","BP",1
"GO:1901532",0.784087873098933,0.714027522582192,1,2,"regulation of hematopoietic progenitor cell differentiation","BP",1
"GO:0030433",0.78409863958628,0.714015129568187,1,2,"ubiquitin-dependent ERAD pathway","BP",1
"GO:0036503",0.78409863958628,0.714015129568187,1,2,"ERAD pathway","BP",1
"GO:2000406",0.784109413350559,0.71400272759895,1,2,"positive regulation of T cell migration","BP",1
"GO:0006739",0.784145810114775,0.71396082602321,1,2,"NADP metabolic process","BP",1
"GO:0048143",0.784265936715254,0.713822484000475,1,2,"astrocyte activation","BP",1
"GO:0044342",0.784265936715366,0.713822484000341,1,2,"type B pancreatic cell proliferation","BP",1
"GO:0061469",0.784265936715366,0.713822484000341,1,2,"regulation of type B pancreatic cell proliferation","BP",1
"GO:0006584",0.784318762043488,0.713761625677545,1,2,"catecholamine metabolic process","BP",1
"GO:0009712",0.784318762043488,0.713761625677545,1,2,"catechol-containing compound metabolic process","BP",1
"GO:0080111",0.78440823015272,0.713658520601617,1,2,"DNA demethylation","BP",1
"GO:0035304",0.784490563304605,0.713563602649567,1,2,"regulation of protein dephosphorylation","BP",1
"GO:0035306",0.784490563304605,0.713563602649567,1,2,"positive regulation of dephosphorylation","BP",1
"GO:0035307",0.784490563304605,0.713563602649567,1,2,"positive regulation of protein dephosphorylation","BP",1
"GO:0035872",0.784564312834811,0.713478551550142,1,2,"nucleotide-binding domain, leucine rich repeat containing receptor signaling pathway","BP",1
"GO:0070423",0.784564312834811,0.713478551550142,1,2,"nucleotide-binding oligomerization domain containing signaling pathway","BP",1
"GO:0010743",0.78456431283483,0.713478551550124,1,2,"regulation of macrophage derived foam cell differentiation","BP",1
"GO:0010745",0.78456431283483,0.713478551550124,1,2,"negative regulation of macrophage derived foam cell differentiation","BP",1
"GO:0010888",0.78456431283483,0.713478551550124,1,2,"negative regulation of lipid storage","BP",1
"GO:0014856",0.784668662670218,0.713358164358829,1,2,"skeletal muscle cell proliferation","BP",1
"GO:0051450",0.784668662670218,0.713358164358829,1,2,"myoblast proliferation","BP",1
"GO:0035082",0.784673209970346,0.713352916951605,1,2,"axoneme assembly","BP",1
"GO:0045859",0.784712495123946,0.332146954506533,16,33,"regulation of protein kinase activity","BP",1
"GO:2000785",0.784751865428583,0.713262135222179,1,2,"regulation of autophagosome assembly","BP",1
"GO:0006307",0.784752122967852,0.713261837927308,1,2,"DNA dealkylation involved in DNA repair","BP",1
"GO:0002521",0.78476246605342,0.325286223082898,18,37,"leukocyte differentiation","BP",1
"GO:0039534",0.784778034397084,0.713231924923753,1,2,"negative regulation of MDA-5 signaling pathway","BP",1
"GO:0001504",0.7847912699508,0.713216644067875,1,2,"neurotransmitter uptake","BP",1
"GO:0033239",0.784830896008846,0.713170889307818,1,2,"negative regulation of amine metabolic process","BP",1
"GO:0000963",0.784931780080487,0.713054366611125,1,2,"mitochondrial RNA processing","BP",1
"GO:0072350",0.784967924121087,0.713012607247577,1,2,"tricarboxylic acid metabolic process","BP",1
"GO:0000470",0.784970314795955,0.713009844927252,1,2,"maturation of LSU-rRNA","BP",1
"GO:0030041",0.78497384039789,0.407783567840563,6,13,"actin filament polymerization","BP",1
"GO:0042246",0.784985964437894,0.712991761741439,1,2,"tissue regeneration","BP",1
"GO:0021872",0.785033152511843,0.712937228404346,1,2,"forebrain generation of neurons","BP",1
"GO:0021879",0.785033152511843,0.712937228404346,1,2,"forebrain neuron differentiation","BP",1
"GO:0035051",0.785105823274777,0.712853223887814,1,2,"cardiocyte differentiation","BP",1
"GO:0055007",0.785105823274777,0.712853223887814,1,2,"cardiac muscle cell differentiation","BP",1
"GO:0036065",0.785236813758468,0.712701737059326,1,2,"fucosylation","BP",1
"GO:0032446",0.785281655401072,0.324646929000321,18,37,"protein modification by small protein conjugation","BP",1
"GO:0002360",0.78532572896249,0.712598859951941,1,2,"T cell lineage commitment","BP",1
"GO:0002327",0.785330846570261,0.712592937541623,1,2,"immature B cell differentiation","BP",1
"GO:0010561",0.785459501177864,0.712444007202548,1,2,"negative regulation of glycoprotein biosynthetic process","BP",1
"GO:0000966",0.785575811409822,0.712309294935823,1,2,"RNA 5'-end processing","BP",1
"GO:0034471",0.785575811409822,0.712309294935823,1,2,"ncRNA 5'-end processing","BP",1
"GO:0036260",0.785575811409822,0.712309294935823,1,2,"RNA capping","BP",1
"GO:0060294",0.785634092643381,0.712241767087173,1,2,"cilium movement involved in cell motility","BP",1
"GO:0031145",0.785745677538916,0.712112430877593,1,2,"anaphase-promoting complex-dependent catabolic process","BP",1
"GO:0051443",0.785745677538916,0.712112430877593,1,2,"positive regulation of ubiquitin-protein transferase activity","BP",1
"GO:1904666",0.785745677538916,0.712112430877593,1,2,"regulation of ubiquitin protein ligase activity","BP",1
"GO:1904668",0.785745677538916,0.712112430877593,1,2,"positive regulation of ubiquitin protein ligase activity","BP",1
"GO:0060414",0.78582293793767,0.712022842809211,1,2,"aorta smooth muscle tissue morphogenesis","BP",1
"GO:0007602",0.785831950999161,0.712012389660571,1,2,"phototransduction","BP",1
"GO:0042743",0.785835494505116,0.712008279868657,1,2,"hydrogen peroxide metabolic process","BP",1
"GO:0042744",0.785835494505116,0.712008279868657,1,2,"hydrogen peroxide catabolic process","BP",1
"GO:0044321",0.785846606672416,0.711995391460114,1,2,"response to leptin","BP",1
"GO:0010288",0.785903396123784,0.711929514673821,1,2,"response to lead ion","BP",1
"GO:0006656",0.785955002041857,0.711869636747743,1,2,"phosphatidylcholine biosynthetic process","BP",1
"GO:0046470",0.785955002041857,0.711869636747743,1,2,"phosphatidylcholine metabolic process","BP",1
"GO:0001954",0.78612674784125,0.711670264524966,1,2,"positive regulation of cell-matrix adhesion","BP",1
"GO:0051646",0.786210353023121,0.711573156901149,1,2,"mitochondrion localization","BP",1
"GO:0051654",0.786210353023121,0.711573156901149,1,2,"establishment of mitochondrion localization","BP",1
"GO:0061037",0.786341360467809,0.711420920241643,1,2,"negative regulation of cartilage development","BP",1
"GO:0001833",0.786341707324392,0.711420517062967,1,2,"inner cell mass cell proliferation","BP",1
"GO:0032616",0.786364744375175,0.711393737922234,1,2,"interleukin-13 production","BP",1
"GO:0032656",0.786364744375175,0.711393737922234,1,2,"regulation of interleukin-13 production","BP",1
"GO:0032736",0.786364744375175,0.711393737922234,1,2,"positive regulation of interleukin-13 production","BP",1
"GO:0008228",0.786371289353466,0.711386129300745,1,2,"opsonization","BP",1
"GO:0001911",0.786436930188919,0.711309808973349,1,2,"negative regulation of leukocyte mediated cytotoxicity","BP",1
"GO:0031342",0.786436930188919,0.711309808973349,1,2,"negative regulation of cell killing","BP",1
"GO:0042537",0.786527429271253,0.711204550230727,1,2,"benzene-containing compound metabolic process","BP",1
"GO:0016082",0.786617822068165,0.711099373617436,1,2,"synaptic vesicle priming","BP",1
"GO:0051952",0.786617822068254,0.711099373617327,1,2,"regulation of amine transport","BP",1
"GO:1903578",0.787001649518846,0.710652308397742,1,2,"regulation of ATP metabolic process","BP",1
"GO:2001169",0.787001649518846,0.710652308397742,1,2,"regulation of ATP biosynthetic process","BP",1
"GO:0002347",0.787296893889635,0.71030791049499,1,2,"response to tumor cell","BP",1
"GO:0002418",0.787296893889635,0.71030791049499,1,2,"immune response to tumor cell","BP",1
"GO:0002423",0.787296893889635,0.71030791049499,1,2,"natural killer cell mediated immune response to tumor cell","BP",1
"GO:0002717",0.787296893889635,0.71030791049499,1,2,"positive regulation of natural killer cell mediated immunity","BP",1
"GO:0002834",0.787296893889635,0.71030791049499,1,2,"regulation of response to tumor cell","BP",1
"GO:0002836",0.787296893889635,0.71030791049499,1,2,"positive regulation of response to tumor cell","BP",1
"GO:0002837",0.787296893889635,0.71030791049499,1,2,"regulation of immune response to tumor cell","BP",1
"GO:0002839",0.787296893889635,0.71030791049499,1,2,"positive regulation of immune response to tumor cell","BP",1
"GO:0002855",0.787296893889635,0.71030791049499,1,2,"regulation of natural killer cell mediated immune response to tumor cell","BP",1
"GO:0002857",0.787296893889635,0.71030791049499,1,2,"positive regulation of natural killer cell mediated immune response to tumor cell","BP",1
"GO:0045954",0.787296893889635,0.71030791049499,1,2,"positive regulation of natural killer cell mediated cytotoxicity","BP",1
"GO:0006942",0.787330025761205,0.710269234949627,1,2,"regulation of striated muscle contraction","BP",1
"GO:0043371",0.787330025761205,0.710269234949627,1,2,"negative regulation of CD4-positive, alpha-beta T cell differentiation","BP",1
"GO:0045623",0.787330025761205,0.710269234949627,1,2,"negative regulation of T-helper cell differentiation","BP",1
"GO:0046639",0.787330025761205,0.710269234949627,1,2,"negative regulation of alpha-beta T cell differentiation","BP",1
"GO:0055117",0.787330025761205,0.710269234949627,1,2,"regulation of cardiac muscle contraction","BP",1
"GO:2000320",0.787330025761205,0.710269234949627,1,2,"negative regulation of T-helper 17 cell differentiation","BP",1
"GO:0060612",0.787367538271128,0.710225439028495,1,2,"adipose tissue development","BP",1
"GO:1900029",0.787367538271523,0.710225439028035,1,2,"positive regulation of ruffle assembly","BP",1
"GO:0001819",0.787415464888143,0.328786627400403,16,33,"positive regulation of cytokine production","BP",1
"GO:0050869",0.787463365017936,0.710113528514376,1,2,"negative regulation of B cell activation","BP",1
"GO:0070525",0.787789361804552,0.709732464293838,1,2,"tRNA threonylcarbamoyladenosine metabolic process","BP",1
"GO:0030865",0.78779865719209,0.709721590754675,1,2,"cortical cytoskeleton organization","BP",1
"GO:0021700",0.787868947771993,0.377805145418433,8,17,"developmental maturation","BP",1
"GO:0045579",0.787918778273063,0.709581035953632,1,2,"positive regulation of B cell differentiation","BP",1
"GO:0046626",0.788008071726192,0.709476504935158,1,2,"regulation of insulin receptor signaling pathway","BP",1
"GO:0046628",0.788008071726192,0.709476504935158,1,2,"positive regulation of insulin receptor signaling pathway","BP",1
"GO:1900076",0.788008071726192,0.709476504935158,1,2,"regulation of cellular response to insulin stimulus","BP",1
"GO:1900078",0.788008071726192,0.709476504935158,1,2,"positive regulation of cellular response to insulin stimulus","BP",1
"GO:0010804",0.788238268298606,0.709206837610839,1,2,"negative regulation of tumor necrosis factor-mediated signaling pathway","BP",1
"GO:0002091",0.788270809825688,0.709168694388769,1,2,"negative regulation of receptor internalization","BP",1
"GO:0006298",0.788278516322203,0.709159660500027,1,2,"mismatch repair","BP",1
"GO:0001942",0.788463842100435,0.70894232165937,1,2,"hair follicle development","BP",1
"GO:0022404",0.788463842100435,0.70894232165937,1,2,"molting cycle process","BP",1
"GO:0022405",0.788463842100435,0.70894232165937,1,2,"hair cycle process","BP",1
"GO:1901987",0.788588153673948,0.33552890410922,14,29,"regulation of cell cycle phase transition","BP",1
"GO:0015695",0.788639860597259,0.708735734224244,1,2,"organic cation transport","BP",1
"GO:0001562",0.788647883012424,0.708726314763807,1,2,"response to protozoan","BP",1
"GO:0042832",0.788647883012424,0.708726314763807,1,2,"defense response to protozoan","BP",1
"GO:0009264",0.78878474883377,0.708565563660897,1,2,"deoxyribonucleotide catabolic process","BP",1
"GO:0046386",0.78878474883377,0.708565563660897,1,2,"deoxyribose phosphate catabolic process","BP",1
"GO:0006244",0.788816324179396,0.708528464201501,1,2,"pyrimidine nucleotide catabolic process","BP",1
"GO:0072529",0.788816324179396,0.708528464201501,1,2,"pyrimidine-containing compound catabolic process","BP",1
"GO:0009112",0.788888139242747,0.708444065926934,1,2,"nucleobase metabolic process","BP",1
"GO:0006337",0.788894523999414,0.708436561165074,1,2,"nucleosome disassembly","BP",1
"GO:0032986",0.788894523999414,0.708436561165074,1,2,"protein-DNA complex disassembly","BP",1
"GO:0046949",0.78895868997979,0.70836112759471,1,2,"fatty-acyl-CoA biosynthetic process","BP",1
"GO:1901570",0.78895868997979,0.70836112759471,1,2,"fatty acid derivative biosynthetic process","BP",1
"GO:0051541",0.789079259491153,0.70821932848869,1,2,"elastin metabolic process","BP",1
"GO:1904356",0.789203614228816,0.708072998969195,1,2,"regulation of telomere maintenance via telomere lengthening","BP",1
"GO:1904357",0.789203614228816,0.708072998969195,1,2,"negative regulation of telomere maintenance via telomere lengthening","BP",1
"GO:1904742",0.789203614228816,0.708072998969195,1,2,"regulation of telomeric DNA binding","BP",1
"GO:0018208",0.78934515405914,0.707906350245001,1,2,"peptidyl-proline modification","BP",1
"GO:0050794",0.789639751656285,0.252534497089192,277,527,"regulation of cellular process","BP",1
"GO:0007129",0.789795182193283,0.707375798337965,1,2,"homologous chromosome pairing at meiosis","BP",1
"GO:0051026",0.789795182193283,0.707375798337965,1,2,"chiasma assembly","BP",1
"GO:0070192",0.789795182193283,0.707375798337965,1,2,"chromosome organization involved in meiotic cell cycle","BP",1
"GO:0030595",0.789931706972259,0.375096904892321,8,17,"leukocyte chemotaxis","BP",1
"GO:0030011",0.789950523461291,0.707192417734081,1,2,"maintenance of cell polarity","BP",1
"GO:0006396",0.790006829376358,0.283695637134803,40,80,"RNA processing","BP",1
"GO:0043031",0.790084871797565,0.70703371814045,1,2,"negative regulation of macrophage activation","BP",1
"GO:0048285",0.790221843016811,0.329167631314341,15,31,"organelle fission","BP",1
"GO:0071539",0.790316931579956,0.706759375127026,1,2,"protein localization to centrosome","BP",1
"GO:0072698",0.790316931579956,0.706759375127026,1,2,"protein localization to microtubule cytoskeleton","BP",1
"GO:1905508",0.790316931579956,0.706759375127026,1,2,"protein localization to microtubule organizing center","BP",1
"GO:0015936",0.790387559302705,0.706675822739655,1,2,"coenzyme A metabolic process","BP",1
"GO:0044770",0.79044106323312,0.32148916962336,17,35,"cell cycle phase transition","BP",1
"GO:0045787",0.790555323975332,0.385932238811702,7,15,"positive regulation of cell cycle","BP",1
"GO:0010332",0.790709385884939,0.706294773255264,1,2,"response to gamma radiation","BP",1
"GO:0071480",0.790709385884939,0.706294773255264,1,2,"cellular response to gamma radiation","BP",1
"GO:0045668",0.790728111005212,0.706272585659611,1,2,"negative regulation of osteoblast differentiation","BP",1
"GO:0050855",0.790800167938567,0.70618718752348,1,2,"regulation of B cell receptor signaling pathway","BP",1
"GO:0019370",0.790849087491195,0.706129195130587,1,2,"leukotriene biosynthetic process","BP",1
"GO:1901797",0.791069287077543,0.705868001215179,1,2,"negative regulation of signal transduction by p53 class mediator","BP",1
"GO:0031571",0.791069287078089,0.705868001214511,1,2,"mitotic G1 DNA damage checkpoint signaling","BP",1
"GO:0044819",0.791069287078089,0.705868001214511,1,2,"mitotic G1/S transition checkpoint signaling","BP",1
"GO:1905898",0.791480219711623,0.70537988566832,1,2,"positive regulation of response to endoplasmic reticulum stress","BP",1
"GO:0043525",0.791480246310182,0.705379854045215,1,2,"positive regulation of neuron apoptotic process","BP",1
"GO:1904738",0.791506299429238,0.705348877630166,1,2,"vascular associated smooth muscle cell migration","BP",1
"GO:0045662",0.791664461612802,0.705160750684873,1,2,"negative regulation of myoblast differentiation","BP",1
"GO:0032717",0.791666800461928,0.705157967739294,1,2,"negative regulation of interleukin-8 production","BP",1
"GO:1903236",0.791666800462166,0.705157967739019,1,2,"regulation of leukocyte tethering or rolling","BP",1
"GO:1903238",0.791666800462166,0.705157967739019,1,2,"positive regulation of leukocyte tethering or rolling","BP",1
"GO:0001937",0.792001993864728,0.704758830392243,1,2,"negative regulation of endothelial cell proliferation","BP",1
"GO:0043537",0.792001993864728,0.704758830392243,1,2,"negative regulation of blood vessel endothelial cell migration","BP",1
"GO:0036119",0.792055191434186,0.704695429988851,1,2,"response to platelet-derived growth factor","BP",1
"GO:0006450",0.792291512821681,0.704413603533544,1,2,"regulation of translational fidelity","BP",1
"GO:2000573",0.792297045128222,0.704407002413312,1,2,"positive regulation of DNA biosynthetic process","BP",1
"GO:0007034",0.792329298415595,0.416269222332672,5,11,"vacuolar transport","BP",1
"GO:0098542",0.792410540390033,0.281773782407822,39,78,"defense response to other organism","BP",1
"GO:0050920",0.792564100877068,0.397622800733321,6,13,"regulation of chemotaxis","BP",1
"GO:0007253",0.792599849450042,0.704045450784149,1,2,"cytoplasmic sequestering of NF-kappaB","BP",1
"GO:0030150",0.792640722027416,0.70399661128664,1,2,"protein import into mitochondrial matrix","BP",1
"GO:0044743",0.792640722027416,0.70399661128664,1,2,"protein transmembrane import into intracellular organelle","BP",1
"GO:0045600",0.792645471243685,0.703990935774534,1,2,"positive regulation of fat cell differentiation","BP",1
"GO:0051083",0.792683627674589,0.703945332903585,1,2,"'de novo' cotranslational protein folding","BP",1
"GO:1900745",0.792797612812912,0.703809056940782,1,2,"positive regulation of p38MAPK cascade","BP",1
"GO:0008209",0.792951525317258,0.703624936026306,1,2,"androgen metabolic process","BP",1
"GO:0008210",0.792951525317258,0.703624936026306,1,2,"estrogen metabolic process","BP",1
"GO:0075733",0.793008908876812,0.703556257590671,1,2,"intracellular transport of virus","BP",1
"GO:0045684",0.793265011771008,0.703249532173626,1,2,"positive regulation of epidermis development","BP",1
"GO:1903753",0.793312688524724,0.703192392860132,1,2,"negative regulation of p38MAPK cascade","BP",1
"GO:0006418",0.793438318463905,0.703041770735778,1,2,"tRNA aminoacylation for protein translation","BP",1
"GO:0043038",0.793438318463905,0.703041770735778,1,2,"amino acid activation","BP",1
"GO:0043039",0.793438318463905,0.703041770735778,1,2,"tRNA aminoacylation","BP",1
"GO:0044319",0.793466056689756,0.703008503068438,1,2,"wound healing, spreading of cells","BP",1
"GO:0090504",0.793466056689756,0.703008503068438,1,2,"epiboly","BP",1
"GO:0090505",0.793466056689756,0.703008503068438,1,2,"epiboly involved in wound healing","BP",1
"GO:0010043",0.793622491892911,0.702820806636937,1,2,"response to zinc ion","BP",1
"GO:0016925",0.793756009707508,0.70266050394527,1,2,"protein sumoylation","BP",1
"GO:0035794",0.793992036533503,0.702376894876614,1,2,"positive regulation of mitochondrial membrane permeability","BP",1
"GO:0097345",0.793992036533503,0.702376894876614,1,2,"mitochondrial outer membrane permeabilization","BP",1
"GO:1902108",0.793992036533503,0.702376894876614,1,2,"regulation of mitochondrial membrane permeability involved in apoptotic process","BP",1
"GO:1902110",0.793992036533503,0.702376894876614,1,2,"positive regulation of mitochondrial membrane permeability involved in apoptotic process","BP",1
"GO:1902686",0.793992036533503,0.702376894876614,1,2,"mitochondrial outer membrane permeabilization involved in programmed cell death","BP",1
"GO:1905710",0.793992036533503,0.702376894876614,1,2,"positive regulation of membrane permeability","BP",1
"GO:0045842",0.794108820447238,0.702236457445388,1,2,"positive regulation of mitotic metaphase/anaphase transition","BP",1
"GO:1902101",0.794108820447238,0.702236457445388,1,2,"positive regulation of metaphase/anaphase transition of cell cycle","BP",1
"GO:0042220",0.794372197205012,0.701919467785335,1,2,"response to cocaine","BP",1
"GO:0044458",0.794373487573411,0.70191791383378,1,2,"motile cilium assembly","BP",1
"GO:0071478",0.794407119946553,0.39513332084395,6,13,"cellular response to radiation","BP",1
"GO:0045930",0.794521562103306,0.359408736321132,9,19,"negative regulation of mitotic cell cycle","BP",1
"GO:1901988",0.794662081307318,0.359224134481397,9,19,"negative regulation of cell cycle phase transition","BP",1
"GO:0035456",0.794869983494804,0.70131933462143,1,2,"response to interferon-beta","BP",1
"GO:0051984",0.795062773585326,0.701086547702276,1,2,"positive regulation of chromosome segregation","BP",1
"GO:0002478",0.795171363928873,0.700955340596125,1,2,"antigen processing and presentation of exogenous peptide antigen","BP",1
"GO:0002495",0.795171363928873,0.700955340596125,1,2,"antigen processing and presentation of peptide antigen via MHC class II","BP",1
"GO:0002504",0.795171363928873,0.700955340596125,1,2,"antigen processing and presentation of peptide or polysaccharide antigen via MHC class II","BP",1
"GO:0019886",0.795171363928873,0.700955340596125,1,2,"antigen processing and presentation of exogenous peptide antigen via MHC class II","BP",1
"GO:0048002",0.795171363928873,0.700955340596125,1,2,"antigen processing and presentation of peptide antigen","BP",1
"GO:0002361",0.795175103003449,0.700950821628322,1,2,"CD4-positive, CD25-positive, alpha-beta regulatory T cell differentiation","BP",1
"GO:0032829",0.795175103003449,0.700950821628322,1,2,"regulation of CD4-positive, CD25-positive, alpha-beta regulatory T cell differentiation","BP",1
"GO:0032831",0.795175103003449,0.700950821628322,1,2,"positive regulation of CD4-positive, CD25-positive, alpha-beta regulatory T cell differentiation","BP",1
"GO:0045595",0.795308921350064,0.274958225330538,43,86,"regulation of cell differentiation","BP",1
"GO:0051054",0.795445823333204,0.393726375232893,6,13,"positive regulation of DNA metabolic process","BP",1
"GO:0032020",0.795581319864697,0.700459426287734,1,2,"ISG15-protein conjugation","BP",1
"GO:0061644",0.795632169082903,0.700397851752963,1,2,"protein localization to CENP-A containing chromatin","BP",1
"GO:0071459",0.795632169082903,0.700397851752963,1,2,"protein localization to chromosome, centromeric region","BP",1
"GO:0002685",0.79596170110181,0.393026556022684,6,13,"regulation of leukocyte migration","BP",1
"GO:0032700",0.796215349819935,0.699690661224512,1,2,"negative regulation of interleukin-17 production","BP",1
"GO:0035418",0.796386387602807,0.69948290268388,1,2,"protein localization to synapse","BP",1
"GO:0062237",0.796386387602807,0.69948290268388,1,2,"protein localization to postsynapse","BP",1
"GO:1902473",0.796386387602807,0.69948290268388,1,2,"regulation of protein localization to synapse","BP",1
"GO:1903539",0.796386387602807,0.69948290268388,1,2,"protein localization to postsynaptic membrane","BP",1
"GO:0016482",0.796713478586057,0.41026312635876,5,11,"cytosolic transport","BP",1
"GO:0035425",0.79675435981597,0.699035388518067,1,2,"autocrine signaling","BP",1
"GO:1903320",0.796883065561886,0.377473654991577,7,15,"regulation of protein modification by small protein conjugation or removal","BP",1
"GO:0046632",0.797079760055981,0.39150743525077,6,13,"alpha-beta T cell differentiation","BP",1
"GO:0006956",0.797419086786069,0.69822509567418,1,2,"complement activation","BP",1
"GO:0043069",0.797423759879021,0.291406913427698,26,53,"negative regulation of programmed cell death","BP",1
"GO:2001032",0.797782501871857,0.697781072858378,1,2,"regulation of double-strand break repair via nonhomologous end joining","BP",1
"GO:0090305",0.797805811096896,0.697752568710963,1,2,"nucleic acid phosphodiester bond hydrolysis","BP",1
"GO:0010714",0.797831500282256,0.697721150716601,1,2,"positive regulation of collagen metabolic process","BP",1
"GO:0032964",0.797831500282256,0.697721150716601,1,2,"collagen biosynthetic process","BP",1
"GO:0032965",0.797831500282256,0.697721150716601,1,2,"regulation of collagen biosynthetic process","BP",1
"GO:0032967",0.797831500282256,0.697721150716601,1,2,"positive regulation of collagen biosynthetic process","BP",1
"GO:0006094",0.798035505042542,0.390206230448789,6,13,"gluconeogenesis","BP",1
"GO:0019319",0.798035505042542,0.390206230448789,6,13,"hexose biosynthetic process","BP",1
"GO:0033598",0.799174906126776,0.696073078036092,1,2,"mammary gland epithelial cell proliferation","BP",1
"GO:0060749",0.799174906126776,0.696073078036092,1,2,"mammary gland alveolus development","BP",1
"GO:0061377",0.799174906126776,0.696073078036092,1,2,"mammary gland lobule development","BP",1
"GO:0036003",0.799672996432199,0.695459481684609,1,2,"positive regulation of transcription from RNA polymerase II promoter in response to stress","BP",1
"GO:1990440",0.799672996432199,0.695459481684609,1,2,"positive regulation of transcription from RNA polymerase II promoter in response to endoplasmic reticulum stress","BP",1
"GO:0018198",0.800549005624386,0.694376964338758,1,2,"peptidyl-cysteine modification","BP",1
"GO:0009266",0.800799410392708,0.404615532624058,5,11,"response to temperature stimulus","BP",1
"GO:1905952",0.801825429358903,0.403189651590006,5,11,"regulation of lipid localization","BP",1
"GO:0008535",0.802538169915248,0.69190281897755,1,2,"respiratory chain complex IV assembly","BP",1
"GO:0016042",0.802904587289741,0.401686545708112,5,11,"lipid catabolic process","BP",1
"GO:0015931",0.803068651762999,0.40145772405101,5,11,"nucleobase-containing compound transport","BP",1
"GO:0007052",0.803668836097107,0.400619956928073,5,11,"mitotic spindle organization","BP",1
"GO:0045050",0.804745705772768,0.689130616482227,1,2,"protein insertion into ER membrane by stop-transfer membrane-anchor sequence","BP",1
"GO:0010959",0.805363741037119,0.422435671064736,4,9,"regulation of metal ion transport","BP",1
"GO:1902075",0.805397494830812,0.398200956672169,5,11,"cellular response to salt","BP",1
"GO:0002523",0.805991345587107,0.687553904640477,1,2,"leukocyte migration involved in inflammatory response","BP",1
"GO:0032479",0.806079542618603,0.39724404736525,5,11,"regulation of type I interferon production","BP",1
"GO:0032606",0.806079542618603,0.39724404736525,5,11,"type I interferon production","BP",1
"GO:1901136",0.806223153387181,0.397042382222343,5,11,"carbohydrate derivative catabolic process","BP",1
"GO:0039531",0.806975356869018,0.420137143297971,4,9,"regulation of viral-induced cytoplasmic pattern recognition receptor signaling pathway","BP",1
"GO:0035710",0.808390591657739,0.393991115752004,5,11,"CD4-positive, alpha-beta T cell activation","BP",1
"GO:0098727",0.80848370864898,0.417977868757543,4,9,"maintenance of cell number","BP",1
"GO:1903825",0.80852117773359,0.417924130705426,4,9,"organic acid transmembrane transport","BP",1
"GO:1905039",0.80852117773359,0.417924130705426,4,9,"carboxylic acid transmembrane transport","BP",1
"GO:1903522",0.809143389707213,0.417031049239464,4,9,"regulation of blood circulation","BP",1
"GO:0007565",0.809485513291108,0.392444226502316,5,11,"female pregnancy","BP",1
"GO:0010594",0.810602522019126,0.414931457457776,4,9,"regulation of endothelial cell migration","BP",1
"GO:0051209",0.810651923424626,0.414860242841713,4,9,"release of sequestered calcium ion into cytosol","BP",1
"GO:0034599",0.811794790954932,0.413210364470358,4,9,"cellular response to oxidative stress","BP",1
"GO:0006403",0.813005122411113,0.41145810147039,4,9,"RNA localization","BP",1
"GO:0032869",0.813225326043058,0.411138745841891,4,9,"cellular response to insulin stimulus","BP",1
"GO:0009056",0.813621069573322,0.241801981514681,65,129,"catabolic process","BP",1
"GO:0034976",0.815324039489208,0.408086406464349,4,9,"response to endoplasmic reticulum stress","BP",1
"GO:0045621",0.815381820298506,0.408002148906805,4,9,"positive regulation of lymphocyte differentiation","BP",1
"GO:0051649",0.81679532770164,0.242202430270191,55,110,"establishment of localization in cell","BP",1
"GO:0099068",0.818627828610364,0.437399623474378,3,7,"postsynapse assembly","BP",1
"GO:0045471",0.819185176306177,0.4024295264662,4,9,"response to ethanol","BP",1
"GO:0043255",0.819346652709931,0.436320270306829,3,7,"regulation of carbohydrate biosynthetic process","BP",1
"GO:0031326",0.819600099447568,0.221303381751256,141,274,"regulation of cellular biosynthetic process","BP",1
"GO:0065004",0.820010613179629,0.401213158998786,4,9,"protein-DNA complex assembly","BP",1
"GO:0016070",0.822708320781141,0.218666045127006,131,255,"RNA metabolic process","BP",1
"GO:0045766",0.823076568818866,0.430684463107152,3,7,"positive regulation of angiogenesis","BP",1
"GO:1904018",0.823076568818866,0.430684463107152,3,7,"positive regulation of vasculature development","BP",1
"GO:2000377",0.823283832256534,0.430369548405912,3,7,"regulation of reactive oxygen species metabolic process","BP",1
"GO:0051304",0.823442018056744,0.39612962872659,4,9,"chromosome separation","BP",1
"GO:0051897",0.824658866194885,0.428275625683059,3,7,"positive regulation of phosphatidylinositol 3-kinase/protein kinase B signal transduction","BP",1
"GO:0051606",0.825226361957494,0.427409039426786,3,7,"detection of stimulus","BP",1
"GO:0006950",0.825527979293202,0.21674330577846,119,232,"response to stress","BP",1
"GO:0006338",0.825551505670013,0.272429719948242,18,38,"chromatin remodeling","BP",1
"GO:0042116",0.8255969577522,0.426842367362933,3,7,"macrophage activation","BP",1
"GO:0007219",0.82564939407277,0.426762139292085,3,7,"Notch signaling pathway","BP",1
"GO:0060291",0.825970420649378,0.426270702808864,3,7,"long-term synaptic potentiation","BP",1
"GO:0031623",0.826091253162189,0.426085611872157,3,7,"receptor internalization","BP",1
"GO:0045935",0.826240449471634,0.229222872478573,59,118,"positive regulation of nucleobase-containing compound metabolic process","BP",1
"GO:0051028",0.82625557384627,0.425833802927424,3,7,"mRNA transport","BP",1
"GO:0060429",0.826369410924562,0.261964016437447,22,46,"epithelium development","BP",1
"GO:0001934",0.826401024415595,0.277346925293412,16,34,"positive regulation of protein phosphorylation","BP",1
"GO:0009408",0.827099592345805,0.424538534547098,3,7,"response to heat","BP",1
"GO:0071824",0.827261989584832,0.262916360251474,21,44,"protein-DNA complex organization","BP",1
"GO:0006914",0.827295646666892,0.279627910767119,15,32,"autophagy","BP",1
"GO:0061919",0.827295646666892,0.279627910767119,15,32,"process utilizing autophagic mechanism","BP",1
"GO:0061077",0.827322380154976,0.424196109631653,3,7,"chaperone-mediated protein folding","BP",1
"GO:0097237",0.827575258790503,0.423807168730246,3,7,"cellular response to toxic substance","BP",1
"GO:0008016",0.828142193595292,0.422934160968899,3,7,"regulation of heart contraction","BP",1
"GO:0050848",0.82818645553072,0.422865943036455,3,7,"regulation of calcium-mediated signaling","BP",1
"GO:0055082",0.828452900491556,0.274662675188358,16,34,"intracellular chemical homeostasis","BP",1
"GO:0010970",0.828518504596534,0.422353899781636,3,7,"transport along microtubule","BP",1
"GO:0007276",0.828574196779156,0.28599584572416,13,28,"gamete generation","BP",1
"GO:0030258",0.82888647114717,0.42178589426733,3,7,"lipid modification","BP",1
"GO:0002757",0.829044244143747,0.267910995932343,18,38,"immune response-activating signaling pathway","BP",1
"GO:0050853",0.829106492525684,0.421445972533802,3,7,"B cell receptor signaling pathway","BP",1
"GO:0002312",0.829136508563555,0.421399582487344,3,7,"B cell activation involved in immune response","BP",1
"GO:0010952",0.829219466420119,0.421271349395822,3,7,"positive regulation of peptidase activity","BP",1
"GO:0051129",0.829977800190468,0.259445704467665,21,44,"negative regulation of cellular component organization","BP",1
"GO:0051851",0.830375768239889,0.419480761365338,3,7,"modulation by host of symbiont process","BP",1
"GO:0070507",0.830863215271431,0.418724118773944,3,7,"regulation of microtubule cytoskeleton organization","BP",1
"GO:0042326",0.830968411909052,0.282789679777262,13,28,"negative regulation of phosphorylation","BP",1
"GO:1902106",0.83153995910347,0.417671852236186,3,7,"negative regulation of leukocyte differentiation","BP",1
"GO:1903707",0.83153995910347,0.417671852236186,3,7,"negative regulation of hemopoiesis","BP",1
"GO:0043407",0.831812689775706,0.417247195112576,3,7,"negative regulation of MAP kinase activity","BP",1
"GO:0051603",0.831888185844025,0.267050155815601,17,36,"proteolysis involved in protein catabolic process","BP",1
"GO:0097530",0.831893603978586,0.417121141852197,3,7,"granulocyte migration","BP",1
"GO:1990266",0.831893603978586,0.417121141852197,3,7,"neutrophil migration","BP",1
"GO:0032370",0.832257660447784,0.416553621636001,3,7,"positive regulation of lipid transport","BP",1
"GO:1903131",0.832279955669717,0.276820582709158,14,30,"mononuclear cell differentiation","BP",1
"GO:1901699",0.832530395193514,0.285416495364896,12,26,"cellular response to nitrogen compound","BP",1
"GO:0043392",0.832959276459536,0.415458174392533,3,7,"negative regulation of DNA binding","BP",1
"GO:0051338",0.833131091192109,0.253346857453456,22,46,"regulation of transferase activity","BP",1
"GO:0032480",0.833186920255839,0.415102263660751,3,7,"negative regulation of type I interferon production","BP",1
"GO:0010556",0.833816843374273,0.205372772872354,138,269,"regulation of macromolecule biosynthetic process","BP",1
"GO:0043066",0.834593211778823,0.247785718352865,24,50,"negative regulation of apoptotic process","BP",1
"GO:0050863",0.834976437647953,0.287421122691084,11,24,"regulation of T cell activation","BP",1
"GO:0010821",0.835591228935206,0.411328591095181,3,7,"regulation of mitochondrion organization","BP",1
"GO:1903037",0.835899802507225,0.286152113198103,11,24,"regulation of leukocyte cell-cell adhesion","BP",1
"GO:0032729",0.836733050351656,0.409526997889496,3,7,"positive regulation of type II interferon production","BP",1
"GO:0009166",0.83727447457856,0.40867057816509,3,7,"nucleotide catabolic process","BP",1
"GO:1901292",0.83727447457856,0.40867057816509,3,7,"nucleoside phosphate catabolic process","BP",1
"GO:1901652",0.837351986270426,0.290224961144267,10,22,"response to peptide","BP",1
"GO:0010631",0.838430616794211,0.295754671769754,9,20,"epithelial cell migration","BP",1
"GO:0090130",0.838430616794211,0.295754671769754,9,20,"tissue migration","BP",1
"GO:0090132",0.838430616794211,0.295754671769754,9,20,"epithelium migration","BP",1
"GO:0042093",0.838771200372625,0.40629582943998,3,7,"T-helper cell differentiation","BP",1
"GO:0045910",0.839982148775895,0.404366659945629,3,7,"negative regulation of DNA recombination","BP",1
"GO:0010468",0.840969688892633,0.197680544916965,132,258,"regulation of gene expression","BP",1
"GO:0045786",0.841270078388374,0.273485498936593,12,26,"negative regulation of cell cycle","BP",1
"GO:1903706",0.841509686535722,0.273156021284927,12,26,"regulation of hemopoiesis","BP",1
"GO:0006816",0.842190160022958,0.298654347978694,8,18,"calcium ion transport","BP",1
"GO:0050832",0.842752661058372,0.399926207936938,3,7,"defense response to fungus","BP",1
"GO:0048732",0.844302589466976,0.287421690183848,9,20,"gland development","BP",1
"GO:0006631",0.844517797400277,0.280181357357797,10,22,"fatty acid metabolic process","BP",1
"GO:0051234",0.84520457883641,0.195016811555909,111,218,"establishment of localization","BP",1
"GO:0002221",0.846428572266409,0.292524903489667,8,18,"pattern recognition receptor signaling pathway","BP",1
"GO:0022898",0.846852852611283,0.44647755533273,2,5,"regulation of transmembrane transporter activity","BP",1
"GO:0032412",0.846852852611283,0.44647755533273,2,5,"regulation of monoatomic ion transmembrane transporter activity","BP",1
"GO:0045995",0.847490983885474,0.445400022264633,2,5,"regulation of embryonic development","BP",1
"GO:0050793",0.847961806178426,0.203144266583607,59,119,"regulation of developmental process","BP",1
"GO:0099173",0.84830651666122,0.311569927446783,6,14,"postsynapse organization","BP",1
"GO:0090630",0.848589885728686,0.443538535243929,2,5,"activation of GTPase activity","BP",1
"GO:0002931",0.848671512199179,0.443399964228061,2,5,"response to ischemia","BP",1
"GO:0008347",0.849430340613342,0.442109765519065,2,5,"glial cell migration","BP",1
"GO:0050790",0.849774218260219,0.210118977758582,41,84,"regulation of catalytic activity","BP",1
"GO:2000379",0.849857775860483,0.441381427822805,2,5,"positive regulation of reactive oxygen species metabolic process","BP",1
"GO:0032526",0.850048907040057,0.441055373411102,2,5,"response to retinoic acid","BP",1
"GO:0072073",0.850165965509799,0.440855567272469,2,5,"kidney epithelium development","BP",1
"GO:0046467",0.850352415115648,0.440537139215777,2,5,"membrane lipid biosynthetic process","BP",1
"GO:0072666",0.851173829118707,0.439131663739401,2,5,"establishment of protein localization to vacuole","BP",1
"GO:0061462",0.851221821125942,0.439049414720509,2,5,"protein localization to lysosome","BP",1
"GO:2000144",0.851641975540005,0.438328724101877,2,5,"positive regulation of DNA-templated transcription initiation","BP",1
"GO:0030101",0.851643649220348,0.438325850984806,2,5,"natural killer cell activation","BP",1
"GO:0021915",0.85172637376653,0.438183819881068,2,5,"neural tube development","BP",1
"GO:0014032",0.85224478560672,0.437292752238552,2,5,"neural crest cell development","BP",1
"GO:0048864",0.85224478560672,0.437292752238552,2,5,"stem cell development","BP",1
"GO:0008154",0.852364161781635,0.305422580865626,6,14,"actin polymerization or depolymerization","BP",1
"GO:0045934",0.852480159382119,0.206772562630339,41,84,"negative regulation of nucleobase-containing compound metabolic process","BP",1
"GO:0009132",0.852540732241535,0.436783293240686,2,5,"nucleoside diphosphate metabolic process","BP",1
"GO:0043484",0.852712210473431,0.304892621813469,6,14,"regulation of RNA splicing","BP",1
"GO:0000462",0.852775890703268,0.436378076274381,2,5,"maturation of SSU-rRNA from tricistronic rRNA transcript (SSU-rRNA, 5.8S rRNA, LSU-rRNA)","BP",1
"GO:1903533",0.852879689738416,0.436199099875149,2,5,"regulation of protein targeting","BP",1
"GO:0009581",0.852905498579206,0.436154587955099,2,5,"detection of external stimulus","BP",1
"GO:0009582",0.852905498579206,0.436154587955099,2,5,"detection of abiotic stimulus","BP",1
"GO:0007623",0.853282308814192,0.292137373993734,7,16,"circadian rhythm","BP",1
"GO:0010507",0.853617374263429,0.434925132837539,2,5,"negative regulation of autophagy","BP",1
"GO:0071677",0.853760578862126,0.434677412066986,2,5,"positive regulation of mononuclear cell migration","BP",1
"GO:0043534",0.85395443780243,0.434341854909607,2,5,"blood vessel endothelial cell migration","BP",1
"GO:0035970",0.854145937886306,0.434010140348375,2,5,"peptidyl-threonine dephosphorylation","BP",1
"GO:0010874",0.854182925779641,0.433946042716661,2,5,"regulation of cholesterol efflux","BP",1
"GO:0033344",0.854182925779641,0.433946042716661,2,5,"cholesterol efflux","BP",1
"GO:0039535",0.8543529587805,0.433651271555979,2,5,"regulation of RIG-I signaling pathway","BP",1
"GO:2000781",0.85454023366773,0.433326390916546,2,5,"positive regulation of double-strand break repair","BP",1
"GO:0051302",0.854957011888454,0.432602547819088,2,5,"regulation of cell division","BP",1
"GO:0002686",0.855055048911138,0.432432115520309,2,5,"negative regulation of leukocyte migration","BP",1
"GO:0006690",0.855261833089109,0.432072424590025,2,5,"icosanoid metabolic process","BP",1
"GO:0060349",0.855323965794028,0.431964292785998,2,5,"bone morphogenesis","BP",1
"GO:0060193",0.85557413028764,0.431528664825274,2,5,"positive regulation of lipase activity","BP",1
"GO:0051084",0.855995960757326,0.430793166958297,2,5,"'de novo' post-translational protein folding","BP",1
"GO:0043247",0.856022602706713,0.430746674862653,2,5,"telomere maintenance in response to DNA damage","BP",1
"GO:2001252",0.856075534655108,0.430654290886041,2,5,"positive regulation of chromosome organization","BP",1
"GO:0006906",0.856098961171341,0.43061339783773,2,5,"vesicle fusion","BP",1
"GO:0090174",0.856098961171341,0.43061339783773,2,5,"organelle membrane fusion","BP",1
"GO:0043491",0.856420435575519,0.299219643394541,6,14,"phosphatidylinositol 3-kinase/protein kinase B signal transduction","BP",1
"GO:1903317",0.856655412682937,0.429640990733286,2,5,"regulation of protein maturation","BP",1
"GO:0034614",0.856831044775013,0.429333643039615,2,5,"cellular response to reactive oxygen species","BP",1
"GO:0048168",0.856871017429784,0.429263664066231,2,5,"regulation of neuronal synaptic plasticity","BP",1
"GO:0048169",0.856871017429784,0.429263664066231,2,5,"regulation of long-term neuronal synaptic plasticity","BP",1
"GO:0032481",0.856918728669285,0.429180123407307,2,5,"positive regulation of type I interferon production","BP",1
"GO:0048167",0.857252176619393,0.297940456436469,6,14,"regulation of synaptic plasticity","BP",1
"GO:0006900",0.857415894026788,0.428308698801692,2,5,"vesicle budding from membrane","BP",1
"GO:0045619",0.857481588778914,0.285823424778473,7,16,"regulation of lymphocyte differentiation","BP",1
"GO:0032874",0.85823755674934,0.426864861371623,2,5,"positive regulation of stress-activated MAPK cascade","BP",1
"GO:0070304",0.85823755674934,0.426864861371623,2,5,"positive regulation of stress-activated protein kinase signaling cascade","BP",1
"GO:0007080",0.858312215163209,0.426733444973652,2,5,"mitotic metaphase chromosome alignment","BP",1
"GO:0061756",0.858352340795427,0.426662798840363,2,5,"leukocyte adhesion to vascular endothelial cell","BP",1
"GO:0032271",0.858354505420915,0.296241248583505,6,14,"regulation of protein polymerization","BP",1
"GO:1903313",0.858687334262612,0.426072576180344,2,5,"positive regulation of mRNA metabolic process","BP",1
"GO:0035966",0.85941719067245,0.282893362533574,7,16,"response to topologically incorrect protein","BP",1
"GO:0071277",0.859580910345079,0.424494461863993,2,5,"cellular response to calcium ion","BP",1
"GO:0003008",0.859614583334502,0.205855069343613,31,65,"system process","BP",1
"GO:0031098",0.860102634565274,0.281852723027532,7,16,"stress-activated protein kinase signaling cascade","BP",1
"GO:0033044",0.860553391572221,0.281167513799356,7,16,"regulation of chromosome organization","BP",1
"GO:1902850",0.860586563688612,0.29278696182999,6,14,"microtubule cytoskeleton organization involved in mitosis","BP",1
"GO:0050792",0.860696743472496,0.292615973233166,6,14,"regulation of viral process","BP",1
"GO:1903900",0.860696743472496,0.292615973233166,6,14,"regulation of viral life cycle","BP",1
"GO:0009798",0.861125658496072,0.421753438359272,2,5,"axis specification","BP",1
"GO:0051172",0.861153585604359,0.185793486103158,63,127,"negative regulation of nitrogen compound metabolic process","BP",1
"GO:0045860",0.861312303157215,0.291659851797496,6,14,"positive regulation of protein kinase activity","BP",1
"GO:0045738",0.861605379007307,0.420898861876905,2,5,"negative regulation of DNA repair","BP",1
"GO:2000780",0.861605379007307,0.420898861876905,2,5,"negative regulation of double-strand break repair","BP",1
"GO:0009116",0.861644417659591,0.420829247879237,2,5,"nucleoside metabolic process","BP",1
"GO:0045580",0.861874111702597,0.290785985240949,6,14,"regulation of T cell differentiation","BP",1
"GO:0006195",0.861927924988891,0.42032337722188,2,5,"purine nucleotide catabolic process","BP",1
"GO:0072523",0.861927924988891,0.42032337722188,2,5,"purine-containing compound catabolic process","BP",1
"GO:0010833",0.861951832535369,0.420280692650525,2,5,"telomere maintenance via telomere lengthening","BP",1
"GO:0043620",0.862215758316527,0.41980921391541,2,5,"regulation of DNA-templated transcription in response to stress","BP",1
"GO:0050729",0.862715306157746,0.418915483728785,2,5,"positive regulation of inflammatory response","BP",1
"GO:1901360",0.863192625122868,0.169407624268337,181,351,"organic cyclic compound metabolic process","BP",1
"GO:0000003",0.864972029403526,0.204816732980861,26,55,"reproduction","BP",1
"GO:0022414",0.864972029403526,0.204816732980861,26,55,"reproductive process","BP",1
"GO:0042327",0.86834180134748,0.219504862312831,16,35,"positive regulation of phosphorylation","BP",1
"GO:0032504",0.868997673030915,0.221519828481058,15,33,"multicellular organism reproduction","BP",1
"GO:0048609",0.868997673030915,0.221519828481058,15,33,"multicellular organismal reproductive process","BP",1
"GO:0007098",0.870546097538428,0.291642282444717,5,12,"centrosome cycle","BP",1
"GO:0031023",0.870546097538428,0.291642282444717,5,12,"microtubule organizing center organization","BP",1
"GO:0046634",0.870605511350334,0.291545360417467,5,12,"regulation of alpha-beta T cell activation","BP",1
"GO:0000278",0.871499439252593,0.196245204592823,26,55,"mitotic cell cycle","BP",1
"GO:0019219",0.87300823779072,0.162387738663718,111,220,"regulation of nucleobase-containing compound metabolic process","BP",1
"GO:0010629",0.874067246309087,0.190417986567562,28,59,"negative regulation of gene expression","BP",1
"GO:0007041",0.874184817356343,0.304872267781101,4,10,"lysosomal transport","BP",1
"GO:0000018",0.87505440991721,0.28424295333511,5,12,"regulation of DNA recombination","BP",1
"GO:0044703",0.875253993616462,0.283913253553167,5,12,"multi-organism reproductive process","BP",1
"GO:0044706",0.875253993616462,0.283913253553167,5,12,"multi-multicellular organism process","BP",1
"GO:0030098",0.875566185082652,0.218959447686835,13,29,"lymphocyte differentiation","BP",1
"GO:0051205",0.875983869749804,0.39450969157796,2,5,"protein insertion into membrane","BP",1
"GO:0070302",0.876597746078196,0.281688677279921,5,12,"regulation of stress-activated protein kinase signaling cascade","BP",1
"GO:0031330",0.877281202865584,0.299580151414103,4,10,"negative regulation of cellular catabolic process","BP",1
"GO:0090066",0.877337690156813,0.229865842078535,10,23,"regulation of anatomical structure size","BP",1
"GO:0009611",0.877450140993258,0.224607468114595,11,25,"response to wounding","BP",1
"GO:2001251",0.877526692387821,0.280145909341368,5,12,"negative regulation of chromosome organization","BP",1
"GO:0007163",0.877612218041319,0.299011436611516,4,10,"establishment or maintenance of cell polarity","BP",1
"GO:1901564",0.877731130800344,0.153599534357914,154,301,"organonitrogen compound metabolic process","BP",1
"GO:0001667",0.878050334375918,0.223720598360597,11,25,"ameboidal-type cell migration","BP",1
"GO:0015918",0.878160065397299,0.298068909857093,4,10,"sterol transport","BP",1
"GO:0030301",0.878160065397299,0.298068909857093,4,10,"cholesterol transport","BP",1
"GO:0097553",0.879660843190243,0.295478750594015,4,10,"calcium ion transmembrane import into cytosol","BP",1
"GO:0032355",0.879907898481762,0.295051204741067,4,10,"response to estradiol","BP",1
"GO:0051208",0.881118554362287,0.292951306034426,4,10,"sequestering of calcium ion","BP",1
"GO:0051282",0.881118554362287,0.292951306034426,4,10,"regulation of sequestering of calcium ion","BP",1
"GO:0051283",0.881118554362287,0.292951306034426,4,10,"negative regulation of sequestering of calcium ion","BP",1
"GO:0006364",0.881972942289655,0.217898060398084,11,25,"rRNA processing","BP",1
"GO:0060348",0.882318436425611,0.290862202525974,4,10,"bone development","BP",1
"GO:0001889",0.882659381789349,0.290267140282154,4,10,"liver development","BP",1
"GO:0061008",0.882659381789349,0.290267140282154,4,10,"hepaticobiliary system development","BP",1
"GO:0043933",0.882798475309446,0.159514347952827,62,126,"protein-containing complex organization","BP",1
"GO:0032535",0.882848846120335,0.227361006182327,9,21,"regulation of cellular component size","BP",1
"GO:0048522",0.884666863084577,0.145797759200046,147,289,"positive regulation of cellular process","BP",1
"GO:0000723",0.884936873731304,0.286275563282997,4,10,"telomere maintenance","BP",1
"GO:0007204",0.885160278203665,0.285882451117914,4,10,"positive regulation of cytosolic calcium ion concentration","BP",1
"GO:0016311",0.887819684440552,0.219684150864341,9,21,"dephosphorylation","BP",1
"GO:0010639",0.890149258953971,0.210443178219061,10,23,"negative regulation of organelle organization","BP",1
"GO:0009987",0.891670472447309,0.156387823077661,417,786,"cellular process","BP",1
"GO:0007600",0.891820242482016,0.220015516829442,8,19,"sensory perception","BP",1
"GO:0051093",0.892487860108894,0.167596752399554,26,56,"negative regulation of developmental process","BP",1
"GO:0007259",0.892643843170035,0.2985957929795,3,8,"receptor signaling pathway via JAK-STAT","BP",1
"GO:0097696",0.892643843170035,0.2985957929795,3,8,"receptor signaling pathway via STAT","BP",1
"GO:0030010",0.8926663564674,0.298553199355835,3,8,"establishment of cell polarity","BP",1
"GO:0006643",0.893108307675301,0.297716326255451,3,8,"membrane lipid metabolic process","BP",1
"GO:0030323",0.893275117068367,0.297400095450662,3,8,"respiratory tube development","BP",1
"GO:0030324",0.893275117068367,0.297400095450662,3,8,"lung development","BP",1
"GO:0071900",0.893647774070711,0.21057085040806,9,21,"regulation of protein serine/threonine kinase activity","BP",1
"GO:0097306",0.893698097925559,0.296597330437616,3,8,"cellular response to alcohol","BP",1
"GO:0006275",0.893889033669204,0.296234536836396,3,8,"regulation of DNA replication","BP",1
"GO:0048024",0.89475760491624,0.294580855049797,3,8,"regulation of mRNA splicing, via spliceosome","BP",1
"GO:0050684",0.89475760491624,0.294580855049797,3,8,"regulation of mRNA processing","BP",1
"GO:0050821",0.895062583870231,0.293998903029356,3,8,"protein stabilization","BP",1
"GO:0060998",0.895522742785477,0.457384884059292,1,3,"regulation of dendritic spine development","BP",1
"GO:1904505",0.895522742785688,0.457384884058811,1,3,"regulation of telomere maintenance in response to DNA damage","BP",1
"GO:0021987",0.895526686568582,0.293112012238978,3,8,"cerebral cortex development","BP",1
"GO:0035855",0.895532521776712,0.457362910078279,1,3,"megakaryocyte development","BP",1
"GO:0046326",0.895535824027311,0.457355489429262,1,3,"positive regulation of glucose import","BP",1
"GO:0033628",0.895581949359264,0.457251823444699,1,3,"regulation of cell adhesion mediated by integrin","BP",1
"GO:0010907",0.895650043111471,0.457098730890529,1,3,"positive regulation of glucose metabolic process","BP",1
"GO:0045913",0.895650043111471,0.457098730890529,1,3,"positive regulation of carbohydrate metabolic process","BP",1
"GO:0043647",0.895784728303928,0.456795737492018,1,3,"inositol phosphate metabolic process","BP",1
"GO:0000768",0.895806100085799,0.456747635923462,1,3,"syncytium formation by plasma membrane fusion","BP",1
"GO:0006949",0.895806100085799,0.456747635923462,1,3,"syncytium formation","BP",1
"GO:0140253",0.895806100085799,0.456747635923462,1,3,"cell-cell fusion","BP",1
"GO:1903312",0.895959388823145,0.456402445616353,1,3,"negative regulation of mRNA metabolic process","BP",1
"GO:0035264",0.896074162857968,0.292063764277202,3,8,"multicellular organism growth","BP",1
"GO:0043552",0.896082349213466,0.456125319589604,1,3,"positive regulation of phosphatidylinositol 3-kinase activity","BP",1
"GO:0090218",0.896082349213466,0.456125319589604,1,3,"positive regulation of lipid kinase activity","BP",1
"GO:0090316",0.896194190564439,0.291833653151477,3,8,"positive regulation of intracellular protein transport","BP",1
"GO:0001938",0.896221784968162,0.455810811324589,1,3,"positive regulation of endothelial cell proliferation","BP",1
"GO:0030148",0.896289088850623,0.455658906805077,1,3,"sphingolipid biosynthetic process","BP",1
"GO:0040019",0.896309704342934,0.455612365312653,1,3,"positive regulation of embryonic development","BP",1
"GO:0048010",0.896456952309607,0.455279768908924,1,3,"vascular endothelial growth factor receptor signaling pathway","BP",1
"GO:0001776",0.896473438089429,0.291297881601106,3,8,"leukocyte homeostasis","BP",1
"GO:0001523",0.896631210719479,0.454885777441913,1,3,"retinoid metabolic process","BP",1
"GO:0016101",0.896631210719479,0.454885777441913,1,3,"diterpenoid metabolic process","BP",1
"GO:0001756",0.896631210719507,0.45488577744185,1,3,"somitogenesis","BP",1
"GO:0035282",0.896631210719507,0.45488577744185,1,3,"segmentation","BP",1
"GO:0061053",0.896631210719507,0.45488577744185,1,3,"somite development","BP",1
"GO:1903034",0.896644489513097,0.290969412599404,3,8,"regulation of response to wounding","BP",1
"GO:0034250",0.896717662054777,0.290828833497664,3,8,"positive regulation of amide metabolic process","BP",1
"GO:0090118",0.896889005338742,0.454302146127715,1,3,"receptor-mediated endocytosis involved in cholesterol transport","BP",1
"GO:0048247",0.897068684338424,0.453894820572803,1,3,"lymphocyte chemotaxis","BP",1
"GO:0045943",0.897084010913595,0.45386005510554,1,3,"positive regulation of transcription by RNA polymerase I","BP",1
"GO:0050657",0.897257751522833,0.289789980855851,3,8,"nucleic acid transport","BP",1
"GO:0050658",0.897257751522833,0.289789980855851,3,8,"RNA transport","BP",1
"GO:0051236",0.897257751522833,0.289789980855851,3,8,"establishment of RNA localization","BP",1
"GO:0009612",0.897260295542352,0.289785082329802,3,8,"response to mechanical stimulus","BP",1
"GO:0002067",0.89730643795807,0.453355154129797,1,3,"glandular epithelial cell differentiation","BP",1
"GO:0002068",0.89730643795807,0.453355154129797,1,3,"glandular epithelial cell development","BP",1
"GO:0000132",0.897392344757713,0.453159964936803,1,3,"establishment of mitotic spindle orientation","BP",1
"GO:0051294",0.897392344757713,0.453159964936803,1,3,"establishment of spindle orientation","BP",1
"GO:0006661",0.897455318490651,0.289409420282358,3,8,"phosphatidylinositol biosynthetic process","BP",1
"GO:0002052",0.897631231817588,0.452616648385151,1,3,"positive regulation of neuroblast proliferation","BP",1
"GO:1902692",0.897631231817588,0.452616648385151,1,3,"regulation of neuroblast proliferation","BP",1
"GO:0002762",0.897682613652527,0.452499683273616,1,3,"negative regulation of myeloid leukocyte differentiation","BP",1
"GO:0140013",0.897749799276437,0.288841637965619,3,8,"meiotic nuclear division","BP",1
"GO:0070228",0.897769662890197,0.452301441046147,1,3,"regulation of lymphocyte apoptotic process","BP",1
"GO:2000108",0.89777466002761,0.452290057562748,1,3,"positive regulation of leukocyte apoptotic process","BP",1
"GO:0046635",0.897817025766715,0.288711928670213,3,8,"positive regulation of alpha-beta T cell activation","BP",1
"GO:0009120",0.897867266406571,0.452079036914098,1,3,"deoxyribonucleoside metabolic process","BP",1
"GO:0009163",0.897867266406571,0.452079036914098,1,3,"nucleoside biosynthetic process","BP",1
"GO:0034404",0.897867266406571,0.452079036914098,1,3,"nucleobase-containing small molecule biosynthetic process","BP",1
"GO:1905168",0.897891589598717,0.452023592143639,1,3,"positive regulation of double-strand break repair via homologous recombination","BP",1
"GO:0030490",0.897909123940554,0.28853417584267,3,8,"maturation of SSU-rRNA","BP",1
"GO:0045815",0.897941146386038,0.451910601690054,1,3,"transcription initiation-coupled chromatin remodeling","BP",1
"GO:0036315",0.897977972215522,0.451826615777389,1,3,"cellular response to sterol","BP",1
"GO:0051279",0.898155478909002,0.451421522606323,1,3,"regulation of release of sequestered calcium ion into cytosol","BP",1
"GO:1903169",0.898155478909002,0.451421522606323,1,3,"regulation of calcium ion transmembrane transport","BP",1
"GO:0071392",0.898399162541393,0.450864683536837,1,3,"cellular response to estradiol stimulus","BP",1
"GO:0040007",0.898447051573354,0.161854937218582,24,52,"growth","BP",1
"GO:0061912",0.898476989897567,0.450686664708179,1,3,"selective autophagy","BP",1
"GO:0071300",0.898540282641365,0.450541828665978,1,3,"cellular response to retinoic acid","BP",1
"GO:2000403",0.898597211129997,0.450411507931282,1,3,"positive regulation of lymphocyte migration","BP",1
"GO:1900246",0.898605937223619,0.450391528102638,1,3,"positive regulation of RIG-I signaling pathway","BP",1
"GO:0048384",0.898652289372289,0.450285379170434,1,3,"retinoic acid receptor signaling pathway","BP",1
"GO:0010742",0.898667214761536,0.450251192750924,1,3,"macrophage derived foam cell differentiation","BP",1
"GO:0090077",0.898667214761536,0.450251192750924,1,3,"foam cell differentiation","BP",1
"GO:0060261",0.898667214761644,0.450251192750685,1,3,"positive regulation of transcription initiation by RNA polymerase II","BP",1
"GO:0045933",0.898696273710538,0.450184624543082,1,3,"positive regulation of muscle contraction","BP",1
"GO:0035510",0.89875565357674,0.450048560034119,1,3,"DNA dealkylation","BP",1
"GO:0039533",0.898767855126993,0.450020594911025,1,3,"regulation of MDA-5 signaling pathway","BP",1
"GO:0007498",0.898935097735031,0.44963707345255,1,3,"mesoderm development","BP",1
"GO:0045744",0.899149852959785,0.449144013207107,1,3,"negative regulation of G protein-coupled receptor signaling pathway","BP",1
"GO:0009247",0.899155020875113,0.449132140014689,1,3,"glycolipid biosynthetic process","BP",1
"GO:0006513",0.899170302441889,0.449097028664592,1,3,"protein monoubiquitination","BP",1
"GO:0007218",0.899177324293119,0.44908089394966,1,3,"neuropeptide signaling pathway","BP",1
"GO:0045123",0.899214329448452,0.286008186503234,3,8,"cellular extravasation","BP",1
"GO:0043277",0.899357048788509,0.44866768615711,1,3,"apoptotic cell clearance","BP",1
"GO:0001838",0.899443754954716,0.448468173573627,1,3,"embryonic epithelial tube formation","BP",1
"GO:0001841",0.899443754954716,0.448468173573627,1,3,"neural tube formation","BP",1
"GO:0001843",0.899443754954716,0.448468173573627,1,3,"neural tube closure","BP",1
"GO:0014020",0.899443754954716,0.448468173573627,1,3,"primary neural tube formation","BP",1
"GO:0060606",0.899443754954716,0.448468173573627,1,3,"tube closure","BP",1
"GO:0001832",0.899504177078008,0.448329077541754,1,3,"blastocyst growth","BP",1
"GO:0050798",0.899552632172032,0.448217492720274,1,3,"activated T cell proliferation","BP",1
"GO:0010562",0.899590502925442,0.171690666849816,17,38,"positive regulation of phosphorus metabolic process","BP",1
"GO:0045937",0.899590502925442,0.171690666849816,17,38,"positive regulation of phosphate metabolic process","BP",1
"GO:0048008",0.899654712539483,0.447982306888469,1,3,"platelet-derived growth factor receptor signaling pathway","BP",1
"GO:0031507",0.899695142822095,0.447889117127845,1,3,"heterochromatin formation","BP",1
"GO:0070828",0.899695142822095,0.447889117127845,1,3,"heterochromatin organization","BP",1
"GO:0002828",0.899734687097696,0.447797946884409,1,3,"regulation of type 2 immune response","BP",1
"GO:0042092",0.899734687097696,0.447797946884409,1,3,"type 2 immune response","BP",1
"GO:0008356",0.899753596261232,0.447754343438221,1,3,"asymmetric cell division","BP",1
"GO:0001755",0.899799810099291,0.447647755372542,1,3,"neural crest cell migration","BP",1
"GO:0090497",0.899799810099291,0.447647755372542,1,3,"mesenchymal cell migration","BP",1
"GO:0007143",0.899870194556733,0.447485360990921,1,3,"female meiotic nuclear division","BP",1
"GO:0006415",0.899941721559672,0.447320257495542,1,3,"translational termination","BP",1
"GO:0010755",0.900018679255722,0.447142536268739,1,3,"regulation of plasminogen activation","BP",1
"GO:0010756",0.900018679255722,0.447142536268739,1,3,"positive regulation of plasminogen activation","BP",1
"GO:0010954",0.900018679255722,0.447142536268739,1,3,"positive regulation of protein processing","BP",1
"GO:0051148",0.900018718704359,0.447142445146689,1,3,"negative regulation of muscle cell differentiation","BP",1
"GO:0098780",0.90004863995358,0.447073323859985,1,3,"response to mitochondrial depolarisation","BP",1
"GO:1904861",0.900079249284326,0.447002599678694,1,3,"excitatory synapse assembly","BP",1
"GO:0065007",0.900143995811004,0.127184779636759,297,570,"biological regulation","BP",1
"GO:0010863",0.900165534483543,0.446803161260899,1,3,"positive regulation of phospholipase C activity","BP",1
"GO:1900274",0.900165534483543,0.446803161260899,1,3,"regulation of phospholipase C activity","BP",1
"GO:0051336",0.90023457138283,0.172981168627696,16,36,"regulation of hydrolase activity","BP",1
"GO:0001704",0.900307943271069,0.446473764421543,1,3,"formation of primary germ layer","BP",1
"GO:0001774",0.900410379866448,0.446236643405766,1,3,"microglial cell activation","BP",1
"GO:0002269",0.900410379866448,0.446236643405766,1,3,"leukocyte activation involved in inflammatory response","BP",1
"GO:0050860",0.900465246397831,0.446109575451135,1,3,"negative regulation of T cell receptor signaling pathway","BP",1
"GO:0060711",0.900494946408807,0.446040773613109,1,3,"labyrinthine layer development","BP",1
"GO:0060716",0.900494946408807,0.446040773613109,1,3,"labyrinthine layer blood vessel development","BP",1
"GO:0015837",0.900586349274716,0.445828953177269,1,3,"amine transport","BP",1
"GO:0046483",0.900669178045035,0.125969085442726,169,331,"heterocycle metabolic process","BP",1
"GO:0030902",0.900768264545133,0.282983843860578,3,8,"hindbrain development","BP",1
"GO:0050918",0.901008541691613,0.444848972298473,1,3,"positive chemotaxis","BP",1
"GO:1900027",0.901042889590703,0.444769130667987,1,3,"regulation of ruffle assembly","BP",1
"GO:0060236",0.901130026670839,0.44456650334718,1,3,"regulation of mitotic spindle organization","BP",1
"GO:0090169",0.901130026670839,0.44456650334718,1,3,"regulation of spindle assembly","BP",1
"GO:0090224",0.901130026670839,0.44456650334718,1,3,"regulation of spindle organization","BP",1
"GO:1901673",0.901130026670839,0.44456650334718,1,3,"regulation of mitotic spindle assembly","BP",1
"GO:0010569",0.901165919732939,0.282206905799918,3,8,"regulation of double-strand break repair via homologous recombination","BP",1
"GO:0009583",0.901224848064064,0.44434588086957,1,3,"detection of light stimulus","BP",1
"GO:0034260",0.901238777385226,0.444313460204727,1,3,"negative regulation of GTPase activity","BP",1
"GO:0032025",0.901284427761272,0.444207188477953,1,3,"response to cobalt ion","BP",1
"GO:0003417",0.901332944357805,0.444094210860401,1,3,"growth plate cartilage development","BP",1
"GO:0060351",0.901332944357805,0.444094210860401,1,3,"cartilage development involved in endochondral bone morphogenesis","BP",1
"GO:0002098",0.901336777167313,0.444085284161503,1,3,"tRNA wobble uridine modification","BP",1
"GO:0010883",0.901403493199215,0.443929866511476,1,3,"regulation of lipid storage","BP",1
"GO:1905954",0.901426517648106,0.281697080791263,3,8,"positive regulation of lipid localization","BP",1
"GO:0051560",0.901454050622341,0.443812047471826,1,3,"mitochondrial calcium ion homeostasis","BP",1
"GO:0001919",0.901527921342689,0.443639831602121,1,3,"regulation of receptor recycling","BP",1
"GO:0006691",0.90162663457205,0.443409574776234,1,3,"leukotriene metabolic process","BP",1
"GO:0046039",0.901669789051594,0.443308868302583,1,3,"GTP metabolic process","BP",1
"GO:0071902",0.901670767514017,0.281218755845459,3,8,"positive regulation of protein serine/threonine kinase activity","BP",1
"GO:0006893",0.901686733263448,0.443269319326535,1,3,"Golgi to plasma membrane transport","BP",1
"GO:1901224",0.901731694744585,0.443164355574579,1,3,"positive regulation of non-canonical NF-kappaB signal transduction","BP",1
"GO:0003254",0.901786429562241,0.443036535483638,1,3,"regulation of membrane depolarization","BP",1
"GO:0051899",0.901786429562241,0.443036535483638,1,3,"membrane depolarization","BP",1
"GO:0050854",0.90184920282942,0.280869022327216,3,8,"regulation of antigen receptor-mediated signaling pathway","BP",1
"GO:0097050",0.901919312414818,0.442726035332005,1,3,"type B pancreatic cell apoptotic process","BP",1
"GO:2000674",0.901919312414818,0.442726035332005,1,3,"regulation of type B pancreatic cell apoptotic process","BP",1
"GO:2000675",0.901919312414818,0.442726035332005,1,3,"negative regulation of type B pancreatic cell apoptotic process","BP",1
"GO:2000678",0.901923821129262,0.442715495487945,1,3,"negative regulation of transcription regulatory region DNA binding","BP",1
"GO:0045661",0.902011500696999,0.442510470651844,1,3,"regulation of myoblast differentiation","BP",1
"GO:0014855",0.902051520035152,0.442416853933882,1,3,"striated muscle cell proliferation","BP",1
"GO:0048754",0.902090810462004,0.442324919276605,1,3,"branching morphogenesis of an epithelial tube","BP",1
"GO:0061138",0.902090810462004,0.442324919276605,1,3,"morphogenesis of a branching epithelium","BP",1
"GO:1904994",0.902127136496539,0.442239900575872,1,3,"regulation of leukocyte adhesion to vascular endothelial cell","BP",1
"GO:1904996",0.902127136496539,0.442239900575872,1,3,"positive regulation of leukocyte adhesion to vascular endothelial cell","BP",1
"GO:0043508",0.902150510794307,0.442185184223196,1,3,"negative regulation of JUN kinase activity","BP",1
"GO:0002446",0.902182603064203,0.442110046973285,1,3,"neutrophil mediated immunity","BP",1
"GO:0032611",0.902261501041238,0.441925259110634,1,3,"interleukin-1 beta production","BP",1
"GO:0032651",0.902261501041238,0.441925259110634,1,3,"regulation of interleukin-1 beta production","BP",1
"GO:0120178",0.902296024382341,0.44184437252542,1,3,"steroid hormone biosynthetic process","BP",1
"GO:0046620",0.902350747426796,0.441716122688382,1,3,"regulation of organ growth","BP",1
"GO:0051702",0.902367120653926,0.279852481932688,3,8,"biological process involved in interaction with symbiont","BP",1
"GO:0031167",0.902434291142511,0.441520242358008,1,3,"rRNA methylation","BP",1
"GO:0043535",0.902555984144417,0.441234729579575,1,3,"regulation of blood vessel endothelial cell migration","BP",1
"GO:0046328",0.90261654342209,0.279362172139799,3,8,"regulation of JNK cascade","BP",1
"GO:0032728",0.902644846444403,0.44102610382023,1,3,"positive regulation of interferon-beta production","BP",1
"GO:0050857",0.902976550826163,0.440246305015108,1,3,"positive regulation of antigen receptor-mediated signaling pathway","BP",1
"GO:0050862",0.902976550826163,0.440246305015108,1,3,"positive regulation of T cell receptor signaling pathway","BP",1
"GO:0006882",0.903007021872751,0.440174588454748,1,3,"intracellular zinc ion homeostasis","BP",1
"GO:0039536",0.903083047185071,0.439995594767027,1,3,"negative regulation of RIG-I signaling pathway","BP",1
"GO:0035303",0.903161153376873,0.439811611459773,1,3,"regulation of dephosphorylation","BP",1
"GO:0045581",0.903323591910957,0.439428684959837,1,3,"negative regulation of T cell differentiation","BP",1
"GO:0090713",0.903467022647963,0.439090236209766,1,3,"immunological memory process","BP",1
"GO:0070059",0.903635832769435,0.43869150259529,1,3,"intrinsic apoptotic signaling pathway in response to endoplasmic reticulum stress","BP",1
"GO:1905897",0.903635832769435,0.43869150259529,1,3,"regulation of response to endoplasmic reticulum stress","BP",1
"GO:0006576",0.903689633307041,0.438564333836563,1,3,"biogenic amine metabolic process","BP",1
"GO:0006281",0.903734433037321,0.170247329341071,15,34,"DNA repair","BP",1
"GO:0001836",0.903759991865069,0.438397960595333,1,3,"release of cytochrome c from mitochondria","BP",1
"GO:0090199",0.903759991865069,0.438397960595333,1,3,"regulation of release of cytochrome c from mitochondria","BP",1
"GO:0098586",0.903805643584208,0.438289970197175,1,3,"cellular response to virus","BP",1
"GO:0032682",0.904119143086054,0.437547523420266,1,3,"negative regulation of chemokine production","BP",1
"GO:0099072",0.904233994855599,0.437275150697283,1,3,"regulation of postsynaptic membrane neurotransmitter receptor levels","BP",1
"GO:0006725",0.904440714011407,0.121397421503398,172,337,"cellular aromatic compound metabolic process","BP",1
"GO:0072539",0.904472084129299,0.436709876803681,1,3,"T-helper 17 cell differentiation","BP",1
"GO:2000319",0.904472084129299,0.436709876803681,1,3,"regulation of T-helper 17 cell differentiation","BP",1
"GO:0006470",0.905090880627088,0.215089015736465,6,15,"protein dephosphorylation","BP",1
"GO:0031579",0.90530689934509,0.434720974144222,1,3,"membrane raft organization","BP",1
"GO:0043372",0.905308447820036,0.434717274992832,1,3,"positive regulation of CD4-positive, alpha-beta T cell differentiation","BP",1
"GO:0030335",0.905365417548415,0.176658870302328,12,28,"positive regulation of cell migration","BP",1
"GO:2000147",0.905365417548415,0.176658870302328,12,28,"positive regulation of cell motility","BP",1
"GO:0065002",0.905532551809529,0.434181520906282,1,3,"intracellular protein transmembrane transport","BP",1
"GO:0071806",0.905532551809529,0.434181520906282,1,3,"protein transmembrane transport","BP",1
"GO:1901970",0.905795056736656,0.433552970860656,1,3,"positive regulation of mitotic sister chromatid separation","BP",1
"GO:1905820",0.905795056736656,0.433552970860656,1,3,"positive regulation of chromosome separation","BP",1
"GO:0006984",0.905900536449592,0.433300104407789,1,3,"ER-nucleus signaling pathway","BP",1
"GO:0032620",0.906269969017147,0.432413091758551,1,3,"interleukin-17 production","BP",1
"GO:0032660",0.906269969017147,0.432413091758551,1,3,"regulation of interleukin-17 production","BP",1
"GO:0046685",0.906524851511137,0.431799866560957,1,3,"response to arsenic-containing substance","BP",1
"GO:0097120",0.906646268951315,0.431507386873009,1,3,"receptor localization to synapse","BP",1
"GO:1902683",0.906646268951315,0.431507386873009,1,3,"regulation of receptor localization to synapse","BP",1
"GO:0002009",0.906763260867045,0.21217950051511,6,15,"morphogenesis of an epithelium","BP",1
"GO:0090231",0.907581564646136,0.429246541505697,1,3,"regulation of spindle checkpoint","BP",1
"GO:0090266",0.907581564646136,0.429246541505697,1,3,"regulation of mitotic cell cycle spindle assembly checkpoint","BP",1
"GO:1901976",0.907581564646136,0.429246541505697,1,3,"regulation of cell cycle checkpoint","BP",1
"GO:1903504",0.907581564646136,0.429246541505697,1,3,"regulation of mitotic spindle checkpoint","BP",1
"GO:0009892",0.907773248775612,0.123808770869731,84,170,"negative regulation of metabolic process","BP",1
"GO:2001243",0.908040680976716,0.428131630780312,1,3,"negative regulation of intrinsic apoptotic signaling pathway","BP",1
"GO:0045926",0.908353344367213,0.209399194387473,6,15,"negative regulation of growth","BP",1
"GO:0065009",0.909969851645865,0.126036863970537,59,122,"regulation of molecular function","BP",1
"GO:0033554",0.91029922124832,0.125897313338796,58,120,"cellular response to stress","BP",1
"GO:0017004",0.910386921865752,0.422380547996049,1,3,"cytochrome complex assembly","BP",1
"GO:0042274",0.911160136353875,0.204457455656614,6,15,"ribosomal small subunit biogenesis","BP",1
"GO:0048513",0.911889564252894,0.122553360599719,63,130,"animal organ development","BP",1
"GO:0051053",0.912659183030106,0.201800004204967,6,15,"negative regulation of DNA metabolic process","BP",1
"GO:0051403",0.912874778194739,0.201416746241658,6,15,"stress-activated MAPK cascade","BP",1
"GO:0071816",0.913202986628281,0.415356320971028,1,3,"tail-anchored membrane protein insertion into ER membrane","BP",1
"GO:0002753",0.913544634480249,0.211453761533319,5,13,"cytosolic pattern recognition receptor signaling pathway","BP",1
"GO:0006468",0.913545855864465,0.131061955371054,35,75,"protein phosphorylation","BP",1
"GO:0040029",0.913708916844201,0.211150795871247,5,13,"epigenetic regulation of gene expression","BP",1
"GO:0044248",0.914111025192912,0.130931318357843,34,73,"cellular catabolic process","BP",1
"GO:0006974",0.914158435669332,0.136286753141518,27,59,"DNA damage response","BP",1
"GO:0070588",0.91464307094746,0.209424722733121,5,13,"calcium ion transmembrane transport","BP",1
"GO:0016072",0.916216034893246,0.163219745513321,11,26,"rRNA metabolic process","BP",1
"GO:0019079",0.91637727077018,0.206205189471048,5,13,"viral genome replication","BP",1
"GO:0006665",0.916396433585455,0.290081467866148,2,6,"sphingolipid metabolic process","BP",1
"GO:0051168",0.916721208298952,0.205564296486005,5,13,"nuclear export","BP",1
"GO:0000380",0.916896126172864,0.288950564390135,2,6,"alternative mRNA splicing, via spliceosome","BP",1
"GO:0050789",0.91738998728074,0.106260419280965,288,555,"regulation of biological process","BP",1
"GO:0035148",0.918102217038346,0.286208721950445,2,6,"tube formation","BP",1
"GO:0032092",0.918264822858054,0.285837731624611,2,6,"positive regulation of protein binding","BP",1
"GO:0044091",0.918373479130811,0.285589651027991,2,6,"membrane biogenesis","BP",1
"GO:0071709",0.918373479130811,0.285589651027991,2,6,"membrane assembly","BP",1
"GO:1905477",0.918492144632469,0.285318554579805,2,6,"positive regulation of protein localization to membrane","BP",1
"GO:0030097",0.918703218845881,0.1328766753657,24,53,"hemopoiesis","BP",1
"GO:0048524",0.918837454120517,0.2845287088446,2,6,"positive regulation of viral process","BP",1
"GO:0000045",0.918988282029453,0.284183256689978,2,6,"autophagosome assembly","BP",1
"GO:1905037",0.918988282029453,0.284183256689978,2,6,"autophagosome organization","BP",1
"GO:0014033",0.919037195914801,0.284071166086473,2,6,"neural crest cell differentiation","BP",1
"GO:0071695",0.919634515115799,0.200103444735647,5,13,"anatomical structure maturation","BP",1
"GO:0002687",0.919925241569205,0.282031029183159,2,6,"positive regulation of leukocyte migration","BP",1
"GO:0033043",0.919933217606632,0.126512087436514,29,63,"regulation of organelle organization","BP",1
"GO:0039529",0.920271298791914,0.281233386413794,2,6,"RIG-I signaling pathway","BP",1
"GO:0009124",0.920512945866874,0.280675521019201,2,6,"nucleoside monophosphate biosynthetic process","BP",1
"GO:0046854",0.92057980010115,0.28052105308389,2,6,"phosphatidylinositol phosphate biosynthetic process","BP",1
"GO:0006139",0.920762734314858,0.10201262877464,166,327,"nucleobase-containing compound metabolic process","BP",1
"GO:0045445",0.920786273592361,0.280043639679081,2,6,"myoblast differentiation","BP",1
"GO:0030522",0.920806884022891,0.164182882487814,9,22,"intracellular receptor signaling pathway","BP",1
"GO:0032371",0.920935085741812,0.279699221300923,2,6,"regulation of sterol transport","BP",1
"GO:0032374",0.920935085741812,0.279699221300923,2,6,"regulation of cholesterol transport","BP",1
"GO:0098927",0.920940501851804,0.279686680742104,2,6,"vesicle-mediated transport between endosomal compartments","BP",1
"GO:0060191",0.920985412124839,0.279582680494718,2,6,"regulation of lipase activity","BP",1
"GO:0006810",0.920988272023971,0.10544195355176,100,202,"transport","BP",1
"GO:0032204",0.921241090594121,0.278990113893188,2,6,"regulation of telomere maintenance","BP",1
"GO:0002260",0.921262851801841,0.278939641566926,2,6,"lymphocyte homeostasis","BP",1
"GO:0031401",0.921403661670514,0.135323071717039,19,43,"positive regulation of protein modification process","BP",1
"GO:0002688",0.921491081898972,0.278409930914822,2,6,"regulation of leukocyte chemotaxis","BP",1
"GO:0007127",0.921573352149244,0.278218824212735,2,6,"meiosis I","BP",1
"GO:0061982",0.921573352149244,0.278218824212735,2,6,"meiosis I cell cycle process","BP",1
"GO:0006937",0.921619798526822,0.278110895401275,2,6,"regulation of muscle contraction","BP",1
"GO:0090257",0.921619798526822,0.278110895401275,2,6,"regulation of muscle system process","BP",1
"GO:0046638",0.921644371729544,0.27805378286277,2,6,"positive regulation of alpha-beta T cell differentiation","BP",1
"GO:0006446",0.922316876453575,0.276487777457033,2,6,"regulation of translational initiation","BP",1
"GO:0043406",0.922443183499878,0.276193012007938,2,6,"positive regulation of MAP kinase activity","BP",1
"GO:0048284",0.922483010922441,0.276100023436236,2,6,"organelle fusion","BP",1
"GO:0051149",0.922682833405115,0.275633172474563,2,6,"positive regulation of muscle cell differentiation","BP",1
"GO:2000241",0.922688339441443,0.275620301286652,2,6,"regulation of reproductive process","BP",1
"GO:1901222",0.922797557339256,0.275364907231639,2,6,"regulation of non-canonical NF-kappaB signal transduction","BP",1
"GO:0050856",0.922982317364565,0.274932515443557,2,6,"regulation of T cell receptor signaling pathway","BP",1
"GO:0042113",0.923008830616839,0.160471744572001,9,22,"B cell activation","BP",1
"GO:0031100",0.923213741628444,0.274390292201043,2,6,"animal organ regeneration","BP",1
"GO:0097421",0.923213741628444,0.274390292201043,2,6,"liver regeneration","BP",1
"GO:1901566",0.923222831673332,0.114852616497,41,87,"organonitrogen compound biosynthetic process","BP",1
"GO:0030968",0.923342570584161,0.274088146716334,2,6,"endoplasmic reticulum unfolded protein response","BP",1
"GO:0034620",0.923342570584161,0.274088146716334,2,6,"cellular response to unfolded protein","BP",1
"GO:0019953",0.923349220991456,0.135672336691606,17,39,"sexual reproduction","BP",1
"GO:0051592",0.923404249700284,0.273943412816685,2,6,"response to calcium ion","BP",1
"GO:0010638",0.923832274720612,0.159077706156134,9,22,"positive regulation of organelle organization","BP",1
"GO:0080135",0.924052132615206,0.131384025161441,19,43,"regulation of cellular response to stress","BP",1
"GO:0006968",0.924054080350973,0.272415522850899,2,6,"cellular defense response","BP",1
"GO:0008064",0.92415279158516,0.205677112073335,4,11,"regulation of actin polymerization or depolymerization","BP",1
"GO:0030832",0.92415279158516,0.205677112073335,4,11,"regulation of actin filament length","BP",1
"GO:0030833",0.92415279158516,0.205677112073335,4,11,"regulation of actin filament polymerization","BP",1
"GO:0043549",0.924804234540286,0.131795482898536,18,41,"regulation of kinase activity","BP",1
"GO:0019725",0.924828854406375,0.133427716117794,17,39,"cellular homeostasis","BP",1
"GO:0006303",0.925826674991462,0.268219348999292,2,6,"double-strand break repair via nonhomologous end joining","BP",1
"GO:0021543",0.926014758911158,0.201926706277504,4,11,"pallium development","BP",1
"GO:0032873",0.926335511845364,0.267007001240884,2,6,"negative regulation of stress-activated MAPK cascade","BP",1
"GO:0070303",0.926335511845364,0.267007001240884,2,6,"negative regulation of stress-activated protein kinase signaling cascade","BP",1
"GO:0002064",0.926483700321579,0.200977467163063,4,11,"epithelial cell development","BP",1
"GO:0043370",0.926583371758619,0.266415175822503,2,6,"regulation of CD4-positive, alpha-beta T cell differentiation","BP",1
"GO:0009058",0.928345795452508,0.0921042112021568,221,431,"biosynthetic process","BP",1
"GO:0030308",0.928514740868854,0.196843949102081,4,11,"negative regulation of cell growth","BP",1
"GO:0051276",0.929848742768777,0.124153204498518,18,41,"chromosome organization","BP",1
"GO:0061061",0.931397565308646,0.129097861318564,14,33,"muscle structure development","BP",1
"GO:0040017",0.932028057552848,0.133032661902769,12,29,"positive regulation of locomotion","BP",1
"GO:0032872",0.932531162803654,0.188559840815292,4,11,"regulation of stress-activated MAPK cascade","BP",1
"GO:0071705",0.933204210819244,0.100343035587105,43,92,"nitrogen compound transport","BP",1
"GO:0030162",0.933450037763634,0.125817675801761,14,33,"regulation of proteolysis","BP",1
"GO:0051604",0.933544329221623,0.123604648092066,15,35,"protein maturation","BP",1
"GO:0006259",0.933733501031472,0.104186559037251,33,72,"DNA metabolic process","BP",1
"GO:0009057",0.934044895226808,0.104929532317078,31,68,"macromolecule catabolic process","BP",1
"GO:0045184",0.934760808494933,0.0993898953734958,40,86,"establishment of protein localization","BP",1
"GO:0043603",0.938018604504917,0.101926838286499,27,60,"amide metabolic process","BP",1
"GO:0090304",0.938281373736642,0.081138997517145,149,297,"nucleic acid metabolic process","BP",1
"GO:0048863",0.938293890712271,0.19494991719817,3,9,"stem cell differentiation","BP",1
"GO:0060541",0.938343811001003,0.194835759309134,3,9,"respiratory system development","BP",1
"GO:0006354",0.93859958877212,0.194250359824089,3,9,"DNA-templated transcription elongation","BP",1
"GO:0006261",0.938856231694985,0.1936621601012,3,9,"DNA-templated DNA replication","BP",1
"GO:0044249",0.938870927891636,0.0793265848336091,215,421,"cellular biosynthetic process","BP",1
"GO:0010605",0.939238229691015,0.0851549335543316,75,155,"negative regulation of macromolecule metabolic process","BP",1
"GO:0034248",0.939835426622528,0.122837493319454,11,27,"regulation of amide metabolic process","BP",1
"GO:0032388",0.939993430318802,0.191045830663442,3,9,"positive regulation of intracellular transport","BP",1
"GO:0046488",0.940344816128408,0.190234074334866,3,9,"phosphatidylinositol metabolic process","BP",1
"GO:0061351",0.940444243954903,0.19000409228438,3,9,"neural precursor cell proliferation","BP",1
"GO:1903046",0.940579527849682,0.189690968281912,3,9,"meiotic cell cycle process","BP",1
"GO:0007605",0.940841405335988,0.189084161394477,3,9,"sensory perception of sound","BP",1
"GO:0050954",0.940841405335988,0.189084161394477,3,9,"sensory perception of mechanical stimulus","BP",1
"GO:0008150",0.940910132897894,0.104532976149067,440,828,"biological_process","BP",1
"GO:0031325",0.943210605250273,0.0783024879621685,90,185,"positive regulation of cellular metabolic process","BP",1
"GO:0046637",0.943225093971095,0.183519278887058,3,9,"regulation of alpha-beta T cell differentiation","BP",1
"GO:1990868",0.94325760780495,0.183442846721009,3,9,"response to chemokine","BP",1
"GO:1990869",0.94325760780495,0.183442846721009,3,9,"cellular response to chemokine","BP",1
"GO:0072594",0.943504067293034,0.116541508908599,11,27,"establishment of protein localization to organelle","BP",1
"GO:0001890",0.943631767431854,0.182562249747581,3,9,"placenta development","BP",1
"GO:0006518",0.944198641738602,0.0989375599481719,20,46,"peptide metabolic process","BP",1
"GO:0007254",0.944236440467106,0.181135066933981,3,9,"JNK cascade","BP",1
"GO:1901576",0.944267747007634,0.072703146285178,219,429,"organic substance biosynthetic process","BP",1
"GO:0043087",0.944755615206858,0.146718669686916,5,14,"regulation of GTPase activity","BP",1
"GO:0010498",0.945350034655821,0.116321838561167,10,25,"proteasomal protein catabolic process","BP",1
"GO:0044238",0.945965786375769,0.0712348048811235,282,546,"primary metabolic process","BP",1
"GO:0048519",0.946903360398699,0.0706788769871707,141,283,"negative regulation of biological process","BP",1
"GO:0010632",0.947296984474511,0.141428696944176,5,14,"regulation of epithelial cell migration","BP",1
"GO:0048523",0.947853643005814,0.0698569888617377,131,264,"negative regulation of cellular process","BP",1
"GO:1903050",0.948015754460794,0.13992050860389,5,14,"regulation of proteolysis involved in protein catabolic process","BP",1
"GO:0071702",0.948122712737192,0.0756627124321911,60,127,"organic substance transport","BP",1
"GO:0043412",0.950558501441799,0.0693348772476346,84,174,"macromolecule modification","BP",1
"GO:0010506",0.950894498166252,0.113471567219179,8,21,"regulation of autophagy","BP",1
"GO:0060996",0.950919780313754,0.270668120723438,1,4,"dendritic spine development","BP",1
"GO:0021517",0.950919780313789,0.270668120723321,1,4,"ventral spinal cord development","BP",1
"GO:0033627",0.951005486055192,0.27037842354054,1,4,"cell adhesion mediated by integrin","BP",1
"GO:0098698",0.951069013898713,0.270163535786321,1,4,"postsynaptic specialization assembly","BP",1
"GO:0099084",0.951069013898713,0.270163535786321,1,4,"postsynaptic specialization organization","BP",1
"GO:0006672",0.951407124998021,0.269017621084995,1,4,"ceramide metabolic process","BP",1
"GO:0000381",0.951491360356681,0.268731547271518,1,4,"regulation of alternative mRNA splicing, via spliceosome","BP",1
"GO:0006622",0.951688774271869,0.268060183906194,1,4,"protein targeting to lysosome","BP",1
"GO:0006623",0.951688774271869,0.268060183906194,1,4,"protein targeting to vacuole","BP",1
"GO:0007405",0.951911396035296,0.267301538233707,1,4,"neuroblast proliferation","BP",1
"GO:0043627",0.95191854901998,0.267277135000791,1,4,"response to estrogen","BP",1
"GO:0051347",0.952109804403177,0.111161008044493,8,21,"positive regulation of transferase activity","BP",1
"GO:1904062",0.952157944208632,0.266459421081341,1,4,"regulation of monoatomic cation transmembrane transport","BP",1
"GO:0050906",0.952176902242798,0.266394582881634,1,4,"detection of stimulus involved in sensory perception","BP",1
"GO:0006110",0.952215809957646,0.266261477027147,1,4,"regulation of glycolytic process","BP",1
"GO:0043470",0.952215809957646,0.266261477027147,1,4,"regulation of carbohydrate catabolic process","BP",1
"GO:0060425",0.952372074227375,0.265726371845933,1,4,"lung morphogenesis","BP",1
"GO:0039530",0.952445936808226,0.265473152142395,1,4,"MDA-5 signaling pathway","BP",1
"GO:0043457",0.952467080840872,0.265400630959062,1,4,"regulation of cellular respiration","BP",1
"GO:0033077",0.952567400702606,0.265056340364155,1,4,"T cell differentiation in thymus","BP",1
"GO:0140374",0.952627723238577,0.264849152863778,1,4,"antiviral innate immune response","BP",1
"GO:0006497",0.952628189240789,0.264847551821218,1,4,"protein lipidation","BP",1
"GO:0042157",0.952628189240789,0.264847551821218,1,4,"lipoprotein metabolic process","BP",1
"GO:0042158",0.952628189240789,0.264847551821218,1,4,"lipoprotein biosynthetic process","BP",1
"GO:0009185",0.952687772297404,0.26464278144758,1,4,"ribonucleoside diphosphate metabolic process","BP",1
"GO:0032206",0.952824015230393,0.264174096588548,1,4,"positive regulation of telomere maintenance","BP",1
"GO:0000377",0.952831100053833,0.109783824569101,8,21,"RNA splicing, via transesterification reactions with bulged adenosine as nucleophile","BP",1
"GO:0000398",0.952831100053833,0.109783824569101,8,21,"mRNA splicing, via spliceosome","BP",1
"GO:0000422",0.952873242043259,0.26400459670993,1,4,"autophagy of mitochondrion","BP",1
"GO:0061726",0.952873242043259,0.26400459670993,1,4,"mitochondrion disassembly","BP",1
"GO:0002690",0.952880835138838,0.263978444436854,1,4,"positive regulation of leukocyte chemotaxis","BP",1
"GO:0031638",0.953084411587974,0.263276543817808,1,4,"zymogen activation","BP",1
"GO:0031639",0.953084411587974,0.263276543817808,1,4,"plasminogen activation","BP",1
"GO:0061900",0.95321838512296,0.262813843630389,1,4,"glial cell activation","BP",1
"GO:0150076",0.95321838512296,0.262813843630389,1,4,"neuroinflammatory response","BP",1
"GO:0006289",0.953253174784386,0.262693590090535,1,4,"nucleotide-excision repair","BP",1
"GO:0010518",0.953286416214289,0.262578648953286,1,4,"positive regulation of phospholipase activity","BP",1
"GO:0021761",0.953432169783394,0.262074213939583,1,4,"limbic system development","BP",1
"GO:0021766",0.953432169783394,0.262074213939583,1,4,"hippocampus development","BP",1
"GO:0060674",0.95351595105775,0.261783922607733,1,4,"placenta blood vessel development","BP",1
"GO:0007131",0.953556986898689,0.261641649328831,1,4,"reciprocal meiotic recombination","BP",1
"GO:0140527",0.953556986898689,0.261641649328831,1,4,"reciprocal homologous recombination","BP",1
"GO:0043330",0.953595390476258,0.261508448926634,1,4,"response to exogenous dsRNA","BP",1
"GO:0043331",0.953595390476258,0.261508448926634,1,4,"response to dsRNA","BP",1
"GO:0019915",0.953685420547294,0.261195982905585,1,4,"lipid storage","BP",1
"GO:0003416",0.95383327695066,0.260682202802834,1,4,"endochondral bone growth","BP",1
"GO:0060350",0.95383327695066,0.260682202802834,1,4,"endochondral bone morphogenesis","BP",1
"GO:0098868",0.95383327695066,0.260682202802834,1,4,"bone growth","BP",1
"GO:0045022",0.953899527105287,0.260451743333854,1,4,"early endosome to late endosome transport","BP",1
"GO:0051052",0.953908346920281,0.093054209072726,13,32,"regulation of DNA metabolic process","BP",1
"GO:1902807",0.953969216898305,0.260209151556438,1,4,"negative regulation of cell cycle G1/S phase transition","BP",1
"GO:2000134",0.953969216898305,0.260209151556438,1,4,"negative regulation of G1/S transition of mitotic cell cycle","BP",1
"GO:0032612",0.954088915074274,0.259792078676124,1,4,"interleukin-1 production","BP",1
"GO:0032652",0.954088915074274,0.259792078676124,1,4,"regulation of interleukin-1 production","BP",1
"GO:0008380",0.954100492102687,0.0927227175889494,13,32,"RNA splicing","BP",1
"GO:0007549",0.954158155907372,0.259550586086635,1,4,"dosage compensation","BP",1
"GO:0009048",0.954158155907372,0.259550586086635,1,4,"dosage compensation by inactivation of X chromosome","BP",1
"GO:0019941",0.954192849256035,0.0925632973935579,13,32,"modification-dependent protein catabolic process","BP",1
"GO:0043632",0.954192849256035,0.0925632973935579,13,32,"modification-dependent macromolecule catabolic process","BP",1
"GO:0043393",0.95439048155019,0.136343770975288,4,12,"regulation of protein binding","BP",1
"GO:0010875",0.954397306941942,0.25871518239158,1,4,"positive regulation of cholesterol efflux","BP",1
"GO:1903036",0.954624764309097,0.257918729748766,1,4,"positive regulation of response to wounding","BP",1
"GO:0030851",0.954690775815044,0.257687239354567,1,4,"granulocyte differentiation","BP",1
"GO:0006635",0.95483597527389,0.257177498004726,1,4,"fatty acid beta-oxidation","BP",1
"GO:0019395",0.95483597527389,0.257177498004726,1,4,"fatty acid oxidation","BP",1
"GO:0034440",0.95483597527389,0.257177498004726,1,4,"lipid oxidation","BP",1
"GO:0009154",0.954904124626245,0.256937988025495,1,4,"purine ribonucleotide catabolic process","BP",1
"GO:0031398",0.954996932761722,0.256611544188194,1,4,"positive regulation of protein ubiquitination","BP",1
"GO:0045665",0.955086593329606,0.256295874246271,1,4,"negative regulation of neuron differentiation","BP",1
"GO:0050858",0.955207408276955,0.255870054880866,1,4,"negative regulation of antigen receptor-mediated signaling pathway","BP",1
"GO:0032205",0.955233046385342,0.255779623272278,1,4,"negative regulation of telomere maintenance","BP",1
"GO:0043029",0.955250005084239,0.255719792755629,1,4,"T cell homeostasis","BP",1
"GO:0006919",0.955255687623919,0.255699742324596,1,4,"activation of cysteine-type endopeptidase activity involved in apoptotic process","BP",1
"GO:0000266",0.955327776461526,0.255445279353803,1,4,"mitochondrial fission","BP",1
"GO:0070613",0.955486498290097,0.254884342053897,1,4,"regulation of protein processing","BP",1
"GO:0030856",0.955562470235234,0.179419650131296,2,7,"regulation of epithelial cell differentiation","BP",1
"GO:0046329",0.955966686973957,0.253181641056407,1,4,"negative regulation of JNK cascade","BP",1
"GO:2000516",0.956200343914165,0.252350008485867,1,4,"positive regulation of CD4-positive, alpha-beta T cell activation","BP",1
"GO:0051146",0.956235701525445,0.177501719733408,2,7,"striated muscle cell differentiation","BP",1
"GO:0043244",0.956278227536764,0.177380220159506,2,7,"regulation of protein-containing complex disassembly","BP",1
"GO:0051494",0.956296987049265,0.177326609724052,2,7,"negative regulation of cytoskeleton organization","BP",1
"GO:1902904",0.956296987049265,0.177326609724052,2,7,"negative regulation of supramolecular fiber organization","BP",1
"GO:1903311",0.956497351746376,0.131469755289975,4,12,"regulation of mRNA metabolic process","BP",1
"GO:0042026",0.956497744120026,0.251288528937635,1,4,"protein refolding","BP",1
"GO:0007009",0.956533340168988,0.176650467188219,2,7,"plasma membrane organization","BP",1
"GO:0007018",0.956699118060877,0.130999655945277,4,12,"microtubule-based movement","BP",1
"GO:0048518",0.956718178552491,0.057763606199485,164,328,"positive regulation of biological process","BP",1
"GO:0032689",0.956890404431783,0.24988190379226,1,4,"negative regulation of type II interferon production","BP",1
"GO:0034641",0.956899708822279,0.0573473944435061,176,350,"cellular nitrogen compound metabolic process","BP",1
"GO:0000154",0.95690321798548,0.249835902564491,1,4,"rRNA modification","BP",1
"GO:0006368",0.956932819868876,0.175504702376874,2,7,"transcription elongation by RNA polymerase II","BP",1
"GO:0051100",0.957182720638518,0.129870473142152,4,12,"negative regulation of binding","BP",1
"GO:0051881",0.957299692874535,0.248409414606303,1,4,"regulation of mitochondrial membrane potential","BP",1
"GO:0060135",0.957306275435707,0.248385679719221,1,4,"maternal process involved in female pregnancy","BP",1
"GO:0043085",0.957398969194501,0.0796479411961507,18,43,"positive regulation of catalytic activity","BP",1
"GO:0061136",0.957680453333574,0.128704684487686,4,12,"regulation of proteasomal protein catabolic process","BP",1
"GO:0032886",0.957910323423674,0.128165033375701,4,12,"regulation of microtubule-based process","BP",1
"GO:0061041",0.95794014194884,0.172598794636656,2,7,"regulation of wound healing","BP",1
"GO:0097529",0.95795252685341,0.128065868757345,4,12,"myeloid leukocyte migration","BP",1
"GO:0006414",0.958293033312511,0.171575009726412,2,7,"translational elongation","BP",1
"GO:0051101",0.958489129557302,0.126802671115835,4,12,"regulation of DNA binding","BP",1
"GO:0043405",0.958548083576147,0.126663622161558,4,12,"regulation of MAP kinase activity","BP",1
"GO:0006413",0.958700428480786,0.170389318871557,2,7,"translational initiation","BP",1
"GO:0050851",0.958790053496276,0.102377954502755,7,19,"antigen receptor-mediated signaling pathway","BP",1
"GO:0035265",0.959008850711088,0.169488957493733,2,7,"organ growth","BP",1
"GO:0009952",0.959057591900119,0.169346453542286,2,7,"anterior/posterior pattern specification","BP",1
"GO:0045071",0.959276871982245,0.16870461326822,2,7,"negative regulation of viral genome replication","BP",1
"GO:0048525",0.959276871982245,0.16870461326822,2,7,"negative regulation of viral process","BP",1
"GO:0032200",0.959363221580388,0.12473554522777,4,12,"telomere organization","BP",1
"GO:1901875",0.959446159797544,0.168208277063312,2,7,"positive regulation of post-translational protein modification","BP",1
"GO:0019220",0.960238485303932,0.0663058602999729,31,70,"regulation of phosphate metabolic process","BP",1
"GO:0051174",0.960238485303932,0.0663058602999729,31,70,"regulation of phosphorus metabolic process","BP",1
"GO:0034249",0.960400827782332,0.165395648617028,2,7,"negative regulation of amide metabolic process","BP",1
"GO:2000514",0.961286879231935,0.162764053946304,2,7,"regulation of CD4-positive, alpha-beta T cell activation","BP",1
"GO:0042325",0.96162180261382,0.0655620516665099,28,64,"regulation of phosphorylation","BP",1
"GO:0045048",0.961644187935672,0.232362024637326,1,4,"protein insertion into ER membrane","BP",1
"GO:0042692",0.961706667391596,0.101327190412497,6,17,"muscle cell differentiation","BP",1
"GO:0042542",0.962448119431892,0.159283430153135,2,7,"response to hydrogen peroxide","BP",1
"GO:0010604",0.962721607125813,0.052494142993817,95,197,"positive regulation of macromolecule metabolic process","BP",1
"GO:0001932",0.963029429181348,0.0649399912954327,25,58,"regulation of protein phosphorylation","BP",1
"GO:0043547",0.965595511053951,0.122111265240253,3,10,"positive regulation of GTPase activity","BP",1
"GO:0000226",0.965913322180367,0.0698590098271526,14,35,"microtubule cytoskeleton organization","BP",1
"GO:0050679",0.966230336010941,0.120399886158711,3,10,"positive regulation of epithelial cell proliferation","BP",1
"GO:0016236",0.966509980152151,0.0967087221205006,5,15,"macroautophagy","BP",1
"GO:0007517",0.967339003481572,0.0947864856728149,5,15,"muscle organ development","BP",1
"GO:0051345",0.967429459186836,0.0797072179462546,8,22,"positive regulation of hydrolase activity","BP",1
"GO:0006807",0.967443022851891,0.0439142723402529,258,505,"nitrogen compound metabolic process","BP",1
"GO:0000724",0.967858497092764,0.0935761887310207,5,15,"double-strand break repair via homologous recombination","BP",1
"GO:0000725",0.967858497092764,0.0935761887310207,5,15,"recombinational repair","BP",1
"GO:0006282",0.967967589219724,0.093321457250933,5,15,"regulation of DNA repair","BP",1
"GO:1901800",0.968032128809318,0.115491989500972,3,10,"positive regulation of proteasomal protein catabolic process","BP",1
"GO:0051147",0.968118120358478,0.115255834378837,3,10,"regulation of muscle cell differentiation","BP",1
"GO:0036211",0.96822108647064,0.0468509407796471,71,151,"protein modification process","BP",1
"GO:0015031",0.968235375735556,0.0533161252267661,33,75,"protein transport","BP",1
"GO:0009059",0.969615018286788,0.0410845994112371,189,377,"macromolecule biosynthetic process","BP",1
"GO:0019538",0.969698661713245,0.0421947809218645,120,246,"protein metabolic process","BP",1
"GO:0000375",0.969738803178004,0.0749587547925635,8,22,"RNA splicing, via transesterification reactions","BP",1
"GO:0051726",0.970110768185075,0.0501536127188983,34,77,"regulation of cell cycle","BP",1
"GO:0032609",0.970173719360377,0.10955604806611,3,10,"type II interferon production","BP",1
"GO:0032649",0.970173719360377,0.10955604806611,3,10,"regulation of type II interferon production","BP",1
"GO:0006397",0.970383449563706,0.0645291206648426,12,31,"mRNA processing","BP",1
"GO:0031503",0.970522141554172,0.0872976584817158,5,15,"protein-containing complex localization","BP",1
"GO:0007017",0.970611895300531,0.0571667311372216,18,44,"microtubule-based process","BP",1
"GO:0051173",0.970993893859993,0.0422700053419011,81,171,"positive regulation of nitrogen compound metabolic process","BP",1
"GO:0006302",0.972313144665383,0.0726451357646169,7,20,"double-strand break repair","BP",1
"GO:0090150",0.972500206753034,0.0825513376015089,5,15,"establishment of protein localization to membrane","BP",1
"GO:0022618",0.974097559272065,0.0853662216560915,4,13,"protein-RNA complex assembly","BP",1
"GO:0071826",0.974097559272065,0.0853662216560915,4,13,"protein-RNA complex organization","BP",1
"GO:0051171",0.97430527816364,0.035508561274115,147,299,"regulation of nitrogen compound metabolic process","BP",1
"GO:0030183",0.97431824970066,0.084788578812415,4,13,"B cell differentiation","BP",1
"GO:0030099",0.975452798304407,0.0579283514353673,10,27,"myeloid cell differentiation","BP",1
"GO:0009893",0.975558255092333,0.0350828926774749,100,209,"positive regulation of metabolic process","BP",1
"GO:0080090",0.975669917768905,0.033672048768444,150,305,"regulation of primary metabolic process","BP",1
"GO:0080134",0.975913680953283,0.0404139577515806,37,84,"regulation of response to stress","BP",1
"GO:0031399",0.976050026532506,0.0411394687240082,33,76,"regulation of protein modification process","BP",1
"GO:0031324",0.976223129659415,0.0355071391792855,74,158,"negative regulation of cellular metabolic process","BP",1
"GO:0031333",0.976731339732651,0.107245056296117,2,8,"negative regulation of protein-containing complex assembly","BP",1
"GO:0033674",0.976904589658373,0.0658400431394077,6,18,"positive regulation of kinase activity","BP",1
"GO:0051247",0.976927609559676,0.0405678185916118,30,70,"positive regulation of protein metabolic process","BP",1
"GO:0043242",0.977151018411271,0.152492666577868,1,5,"negative regulation of protein-containing complex disassembly","BP",1
"GO:0061515",0.977277503325246,0.151919178338641,1,5,"myeloid cell development","BP",1
"GO:0032784",0.977315344471455,0.105238645923966,2,8,"regulation of DNA-templated transcription elongation","BP",1
"GO:0016241",0.977529202349025,0.104500066452245,2,8,"regulation of macroautophagy","BP",1
"GO:0034243",0.97764282533295,0.150255977907339,1,5,"regulation of transcription elongation by RNA polymerase II","BP",1
"GO:0062208",0.977691476319049,0.150033713499086,1,5,"positive regulation of pattern recognition receptor signaling pathway","BP",1
"GO:0010595",0.977799397203523,0.149540018570676,1,5,"positive regulation of endothelial cell migration","BP",1
"GO:0072175",0.977840761073871,0.149350555871934,1,5,"epithelial tube formation","BP",1
"GO:0050921",0.977894642674281,0.149103557283181,1,5,"positive regulation of chemotaxis","BP",1
"GO:0048477",0.977925500138265,0.148962001584353,1,5,"oogenesis","BP",1
"GO:0046777",0.977931420062302,0.148934835983177,1,5,"protein autophosphorylation","BP",1
"GO:0032091",0.97797979853441,0.148712731949478,1,5,"negative regulation of protein binding","BP",1
"GO:0060562",0.978001564029436,0.102861251909615,2,8,"epithelial tube morphogenesis","BP",1
"GO:0050801",0.978034923970839,0.0544250733936778,9,25,"monoatomic ion homeostasis","BP",1
"GO:0055080",0.978034923970839,0.0544250733936778,9,25,"monoatomic cation homeostasis","BP",1
"GO:0010517",0.978085131018442,0.14822851823082,1,5,"regulation of phospholipase activity","BP",1
"GO:0035825",0.97821220829567,0.147643178229788,1,5,"homologous recombination","BP",1
"GO:0098773",0.978236124475016,0.147532872988491,1,5,"skin epidermis development","BP",1
"GO:0030219",0.978833758094219,0.144761558843561,1,5,"megakaryocyte differentiation","BP",1
"GO:0009261",0.978848071031261,0.144694831372956,1,5,"ribonucleotide catabolic process","BP",1
"GO:0032373",0.97888727783681,0.144511961309813,1,5,"positive regulation of sterol transport","BP",1
"GO:0032376",0.97888727783681,0.144511961309813,1,5,"positive regulation of cholesterol transport","BP",1
"GO:0008286",0.978967425290026,0.14413773920957,1,5,"insulin receptor signaling pathway","BP",1
"GO:0043388",0.97912538255672,0.143398648947896,1,5,"positive regulation of DNA binding","BP",1
"GO:0035967",0.979194502051478,0.0986752000356494,2,8,"cellular response to topologically incorrect protein","BP",1
"GO:0043488",0.979342902762276,0.142377441268908,1,5,"regulation of mRNA stability","BP",1
"GO:0061013",0.979342902762276,0.142377441268908,1,5,"regulation of mRNA catabolic process","BP",1
"GO:0021549",0.979400151624125,0.142108006874983,1,5,"cerebellum development","BP",1
"GO:0022037",0.979400151624125,0.142108006874983,1,5,"metencephalon development","BP",1
"GO:1903322",0.979459856930449,0.14182671484233,1,5,"positive regulation of protein modification by small protein conjugation or removal","BP",1
"GO:0002181",0.979905576432277,0.0961464251713195,2,8,"cytoplasmic translation","BP",1
"GO:0045622",0.980505998653674,0.136847683852762,1,5,"regulation of T-helper cell differentiation","BP",1
"GO:0006873",0.980559443806599,0.0509510916897197,8,23,"intracellular monoatomic ion homeostasis","BP",1
"GO:0030003",0.980559443806599,0.0509510916897197,8,23,"intracellular monoatomic cation homeostasis","BP",1
"GO:0043588",0.980885278364716,0.0751284637576651,3,11,"skin development","BP",1
"GO:0070972",0.980991174190453,0.134505171229263,1,5,"protein localization to endoplasmic reticulum","BP",1
"GO:0008152",0.981158775597374,0.026734541997729,310,603,"metabolic process","BP",1
"GO:1902115",0.981224220083011,0.0740819268646307,3,11,"regulation of organelle assembly","BP",1
"GO:0046907",0.981609537182821,0.031848747390526,35,81,"intracellular transport","BP",1
"GO:0006605",0.98195425793072,0.057356643809148,5,16,"protein targeting","BP",1
"GO:0007029",0.982010062803741,0.129513244378198,1,5,"endoplasmic reticulum organization","BP",1
"GO:1903052",0.98219194453245,0.0710677602108385,3,11,"positive regulation of proteolysis involved in protein catabolic process","BP",1
"GO:2000779",0.982324462202983,0.0706519040959113,3,11,"regulation of double-strand break repair","BP",1
"GO:0042254",0.982361804359896,0.0373145056386365,16,41,"ribosome biogenesis","BP",1
"GO:0019439",0.983568913643537,0.0462201551775574,7,21,"aromatic compound catabolic process","BP",1
"GO:1901361",0.983568913643537,0.0462201551775574,7,21,"organic cyclic compound catabolic process","BP",1
"GO:0007049",0.984731755351602,0.0251661383430225,48,108,"cell cycle","BP",1
"GO:0071704",0.985286234678659,0.0209869623553856,296,579,"organic substance metabolic process","BP",1
"GO:0006310",0.985496104350617,0.0376943196361648,9,26,"DNA recombination","BP",1
"GO:0050852",0.986377667320735,0.0496443267874848,4,14,"T cell receptor signaling pathway","BP",1
"GO:0043467",0.988059269841026,0.0620100351212713,2,9,"regulation of generation of precursor metabolites and energy","BP",1
"GO:0007292",0.988083142495781,0.0619141998628657,2,9,"female gamete generation","BP",1
"GO:0030216",0.988409379126899,0.0605995132069671,2,9,"keratinocyte differentiation","BP",1
"GO:0045069",0.988890290385785,0.058643952576885,2,9,"regulation of viral genome replication","BP",1
"GO:0006606",0.989025542507435,0.0580900810019894,2,9,"protein import into nucleus","BP",1
"GO:0051170",0.989025542507435,0.0580900810019894,2,9,"import into nucleus","BP",1
"GO:0019222",0.98915539878883,0.0154769302516536,174,355,"regulation of metabolic process","BP",1
"GO:0006511",0.989211417990304,0.0278730386617661,10,29,"ubiquitin-dependent protein catabolic process","BP",1
"GO:0099175",0.989226406485195,0.0841265668328423,1,6,"regulation of postsynapse organization","BP",1
"GO:0010467",0.989444838701392,0.0151020692853198,170,347,"gene expression","BP",1
"GO:0032436",0.989459503767588,0.0563010281867376,2,9,"positive regulation of proteasomal ubiquitin-dependent protein catabolic process","BP",1
"GO:0006886",0.989559313974229,0.0241766341440305,14,38,"intracellular protein transport","BP",1
"GO:0045862",0.989621538443829,0.0308189625466479,7,22,"positive regulation of proteolysis","BP",1
"GO:0006913",0.98966045018635,0.0307201404551324,7,22,"nucleocytoplasmic transport","BP",1
"GO:0051169",0.98966045018635,0.0307201404551324,7,22,"nuclear transport","BP",1
"GO:0098771",0.989705567411891,0.0306054828309018,7,22,"inorganic ion homeostasis","BP",1
"GO:0043161",0.989860439984415,0.0302112767676207,7,22,"proteasome-mediated ubiquitin-dependent protein catabolic process","BP",1
"GO:0006457",0.98989841015538,0.0347413841606528,5,17,"protein folding","BP",1
"GO:0051321",0.989908860119898,0.043845300781064,3,12,"meiotic cell cycle","BP",1
"GO:0010508",0.989962659569164,0.0799120657072284,1,6,"positive regulation of autophagy","BP",1
"GO:0031323",0.990016723736043,0.0143765625796742,159,327,"regulation of cellular metabolic process","BP",1
"GO:1903008",0.990101320697907,0.0791076438019902,1,6,"organelle disassembly","BP",1
"GO:0045682",0.990192246895199,0.078578240338781,1,6,"regulation of epidermis development","BP",1
"GO:0045727",0.990204879443732,0.078504568558913,1,6,"positive regulation of translation","BP",1
"GO:0046605",0.9902123787179,0.0784608195327402,1,6,"regulation of centrosome cycle","BP",1
"GO:2000058",0.990222504552819,0.0427432794615608,3,12,"regulation of ubiquitin-dependent protein catabolic process","BP",1
"GO:0044093",0.990331370528804,0.0181662152337849,30,73,"positive regulation of molecular function","BP",1
"GO:0043487",0.990706315414695,0.0755558619442517,1,6,"regulation of RNA stability","BP",1
"GO:0017148",0.990937413248474,0.0741803750833625,1,6,"negative regulation of translation","BP",1
"GO:0031329",0.991789172648342,0.0210625122501471,11,32,"regulation of cellular catabolic process","BP",1
"GO:0006874",0.992006408253001,0.0312623753386893,4,15,"intracellular calcium ion homeostasis","BP",1
"GO:0060255",0.993255183628834,0.0098915720569073,158,327,"regulation of macromolecule metabolic process","BP",1
"GO:0044270",0.993936636225586,0.0221583486331654,5,18,"cellular nitrogen compound catabolic process","BP",1
"GO:0046700",0.993936636225586,0.0221583486331654,5,18,"heterocycle catabolic process","BP",1
"GO:0009896",0.994057871358623,0.0169519629344752,9,28,"positive regulation of catabolic process","BP",1
"GO:0008544",0.994359352124665,0.0265289464276087,3,13,"epidermis development","BP",1
"GO:0043604",0.994473955592745,0.0129619331836963,16,44,"amide biosynthetic process","BP",1
"GO:0043170",0.994585910335204,0.00794923197599045,244,489,"macromolecule metabolic process","BP",1
"GO:0032434",0.994597475521351,0.031967867415342,2,10,"regulation of proteasomal ubiquitin-dependent protein catabolic process","BP",1
"GO:0044237",0.99460207275675,0.00801191173227639,277,549,"cellular metabolic process","BP",1
"GO:2000060",0.994603884101522,0.0319375632952021,2,10,"positive regulation of ubiquitin-dependent protein catabolic process","BP",1
"GO:0051099",0.995234901861086,0.0198286951028599,4,16,"positive regulation of binding","BP",1
"GO:0022613",0.995434584391204,0.0104669701535853,18,49,"ribonucleoprotein complex biogenesis","BP",1
"GO:2000677",0.9954739798335,0.0416227012439866,1,7,"regulation of transcription regulatory region DNA binding","BP",1
"GO:0045638",0.99559980722171,0.0407372903450195,1,7,"negative regulation of myeloid cell differentiation","BP",1
"GO:0055074",0.995670775032336,0.0182882685374793,4,16,"calcium ion homeostasis","BP",1
"GO:0051246",0.995694766021294,0.00745391843590353,55,127,"regulation of protein metabolic process","BP",1
"GO:0006402",0.995790608416281,0.0393816961325803,1,7,"mRNA catabolic process","BP",1
"GO:0009894",0.996059365398164,0.00883212469946274,20,54,"regulation of catabolic process","BP",1
"GO:0043043",0.996078296081253,0.0101581620701278,13,38,"peptide biosynthetic process","BP",1
"GO:0051098",0.996213491960065,0.0112710741562125,9,29,"regulation of binding","BP",1
"GO:0006412",0.996541835767814,0.00931726418303927,12,36,"translation","BP",1
"GO:0009913",0.997014667055125,0.0190986888519887,2,11,"epidermal cell differentiation","BP",1
"GO:0006417",0.997205314093764,0.0102124333593939,6,22,"regulation of translation","BP",1
"GO:0032984",0.99732014207719,0.0119107506660918,4,17,"protein-containing complex disassembly","BP",1
"GO:0034655",0.997713415386256,0.0103997694731799,4,17,"nucleobase-containing compound catabolic process","BP",1
"GO:0010634",0.997803690765555,0.0225648718741653,1,8,"positive regulation of epithelial cell migration","BP",1
"GO:0022411",0.998117106272073,0.00626636518328515,8,28,"cellular component disassembly","BP",1
"GO:0010608",0.998281199880659,0.00577839654420927,8,28,"post-transcriptional regulation of gene expression","BP",1
"GO:0031331",0.998611375433982,0.00982455961055848,2,12,"positive regulation of cellular catabolic process","BP",1
"GO:0016071",0.99892511171046,0.00307565617042334,13,41,"mRNA metabolic process","BP",1
"GO:0006401",0.999572370703485,0.00549689832181486,1,10,"RNA catabolic process","BP",1
"GO:0014841",0.999999999999996,0.467767779579487,0,1,"skeletal muscle satellite cell proliferation","BP",1
"GO:0014842",0.999999999999996,0.467767779579487,0,1,"regulation of skeletal muscle satellite cell proliferation","BP",1
"GO:0014857",0.999999999999996,0.467767779579487,0,1,"regulation of skeletal muscle cell proliferation","BP",1
"GO:2000288",0.999999999999996,0.467767779579487,0,1,"positive regulation of myoblast proliferation","BP",1
"GO:2000291",0.999999999999996,0.467767779579487,0,1,"regulation of myoblast proliferation","BP",1
"GO:0002040",0.999999999999997,0.470923874706062,0,1,"sprouting angiogenesis","BP",1
"GO:0002315",0.999999999999997,0.470923874706062,0,1,"marginal zone B cell differentiation","BP",1
"GO:0007172",0.999999999999997,0.470923874706062,0,1,"signal complex assembly","BP",1
"GO:0007215",0.999999999999997,0.470923874706062,0,1,"glutamate receptor signaling pathway","BP",1
"GO:0010758",0.999999999999997,0.470923874706062,0,1,"regulation of macrophage chemotaxis","BP",1
"GO:0010919",0.999999999999997,0.470923874706062,0,1,"regulation of inositol phosphate biosynthetic process","BP",1
"GO:0030502",0.999999999999997,0.470923874706062,0,1,"negative regulation of bone mineralization","BP",1
"GO:0032957",0.999999999999997,0.470923874706062,0,1,"inositol trisphosphate metabolic process","BP",1
"GO:0032959",0.999999999999997,0.470923874706062,0,1,"inositol trisphosphate biosynthetic process","BP",1
"GO:0032960",0.999999999999997,0.470923874706062,0,1,"regulation of inositol trisphosphate biosynthetic process","BP",1
"GO:0035235",0.999999999999997,0.470923874706062,0,1,"ionotropic glutamate receptor signaling pathway","BP",1
"GO:0038083",0.999999999999997,0.470923874706062,0,1,"peptidyl-tyrosine autophosphorylation","BP",1
"GO:0043157",0.999999999999997,0.470923874706062,0,1,"response to cation stress","BP",1
"GO:0043266",0.999999999999997,0.470923874706062,0,1,"regulation of potassium ion transport","BP",1
"GO:0043267",0.999999999999997,0.470923874706062,0,1,"negative regulation of potassium ion transport","BP",1
"GO:0045429",0.999999999999997,0.470923874706062,0,1,"positive regulation of nitric oxide biosynthetic process","BP",1
"GO:0070168",0.999999999999997,0.470923874706062,0,1,"negative regulation of biomineral tissue development","BP",1
"GO:0071498",0.999999999999997,0.470923874706062,0,1,"cellular response to fluid shear stress","BP",1
"GO:0086100",0.999999999999997,0.470923874706062,0,1,"endothelin receptor signaling pathway","BP",1
"GO:0097106",0.999999999999997,0.470923874706062,0,1,"postsynaptic density organization","BP",1
"GO:0097107",0.999999999999997,0.470923874706062,0,1,"postsynaptic density assembly","BP",1
"GO:0099151",0.999999999999997,0.470923874706062,0,1,"regulation of postsynaptic density assembly","BP",1
"GO:0140131",0.999999999999997,0.470923874706062,0,1,"positive regulation of lymphocyte chemotaxis","BP",1
"GO:1904407",0.999999999999997,0.470923874706062,0,1,"positive regulation of nitric oxide metabolic process","BP",1
"GO:1905874",0.999999999999997,0.470923874706062,0,1,"regulation of postsynaptic density organization","BP",1
"GO:1990806",0.999999999999997,0.470923874706062,0,1,"ligand-gated ion channel signaling pathway","BP",1
"GO:2000537",0.999999999999997,0.470923874706062,0,1,"regulation of B cell chemotaxis","BP",1
"GO:2000538",0.999999999999997,0.470923874706062,0,1,"positive regulation of B cell chemotaxis","BP",1
"GO:0070987",0.999999999999997,0.470115744325878,0,1,"error-free translesion synthesis","BP",1
"GO:1903332",0.999999999999997,0.470361785802204,0,1,"regulation of protein folding","BP",1
"GO:1903644",0.999999999999997,0.470361785802204,0,1,"regulation of chaperone-mediated protein folding","BP",1
"GO:0006613",0.999999999999997,0.456818497990824,0,1,"cotranslational protein targeting to membrane","BP",1
"GO:0006614",0.999999999999997,0.456818497990824,0,1,"SRP-dependent cotranslational protein targeting to membrane","BP",1
"GO:0006616",0.999999999999997,0.456818497990824,0,1,"SRP-dependent cotranslational protein targeting to membrane, translocation","BP",1
"GO:0031204",0.999999999999997,0.456818497990824,0,1,"post-translational protein targeting to membrane, translocation","BP",1
"GO:0006995",0.999999999999998,0.46307833290157,0,1,"cellular response to nitrogen starvation","BP",1
"GO:0010070",0.999999999999998,0.455256279739154,0,1,"zygote asymmetric cell division","BP",1
"GO:0031914",0.999999999999998,0.455256279739154,0,1,"negative regulation of synaptic plasticity","BP",1
"GO:0043562",0.999999999999998,0.46307833290157,0,1,"cellular response to nitrogen levels","BP",1
"GO:2001033",0.999999999999998,0.452471955503739,0,1,"negative regulation of double-strand break repair via nonhomologous end joining","BP",1
"GO:0060019",0.999999999999998,0.471489922547818,0,1,"radial glial cell differentiation","BP",1
"GO:0071312",0.999999999999998,0.466664165620397,0,1,"cellular response to alkaloid","BP",1
"GO:0072757",0.999999999999998,0.466664165620397,0,1,"cellular response to camptothecin","BP",1
"GO:1901563",0.999999999999998,0.466664165620397,0,1,"response to camptothecin","BP",1
"GO:1990414",0.999999999999998,0.466664165620397,0,1,"replication-born double-strand break repair via sister chromatid exchange","BP",1
"GO:1990506",0.999999999999998,0.466664165620397,0,1,"mitotic DNA-templated DNA replication","BP",1
"GO:0008635",0.999999999999998,0.471572943569605,0,1,"activation of cysteine-type endopeptidase activity involved in apoptotic process by cytochrome c","BP",1
"GO:0009637",0.999999999999998,0.471592053955058,0,1,"response to blue light","BP",1
"GO:0017003",0.999999999999998,0.455094550533123,0,1,"protein-heme linkage","BP",1
"GO:0017006",0.999999999999998,0.455094550533123,0,1,"protein-tetrapyrrole linkage","BP",1
"GO:0018063",0.999999999999998,0.455094550533123,0,1,"cytochrome c-heme linkage","BP",1
"GO:0018342",0.999999999999998,0.471592053955058,0,1,"protein prenylation","BP",1
"GO:0018344",0.999999999999998,0.471592053955058,0,1,"protein geranylgeranylation","BP",1
"GO:0033131",0.999999999999998,0.445421721074269,0,1,"regulation of glucokinase activity","BP",1
"GO:0033133",0.999999999999998,0.445421721074269,0,1,"positive regulation of glucokinase activity","BP",1
"GO:0048022",0.999999999999998,0.471592053955058,0,1,"negative regulation of melanin biosynthetic process","BP",1
"GO:0048023",0.999999999999998,0.471592053955058,0,1,"positive regulation of melanin biosynthetic process","BP",1
"GO:0070141",0.999999999999998,0.471592053955058,0,1,"response to UV-A","BP",1
"GO:0071492",0.999999999999998,0.471592053955058,0,1,"cellular response to UV-A","BP",1
"GO:0097354",0.999999999999998,0.471592053955058,0,1,"prenylation","BP",1
"GO:1900377",0.999999999999998,0.471592053955058,0,1,"negative regulation of secondary metabolite biosynthetic process","BP",1
"GO:1900378",0.999999999999998,0.471592053955058,0,1,"positive regulation of secondary metabolite biosynthetic process","BP",1
"GO:1901857",0.999999999999998,0.471592053955058,0,1,"positive regulation of cellular respiration","BP",1
"GO:1903299",0.999999999999998,0.445421721074269,0,1,"regulation of hexokinase activity","BP",1
"GO:1903301",0.999999999999998,0.445421721074269,0,1,"positive regulation of hexokinase activity","BP",1
"GO:0002036",0.999999999999998,0.471592053954651,0,1,"regulation of L-glutamate import across plasma membrane","BP",1
"GO:0006089",0.999999999999998,0.471592053954651,0,1,"lactate metabolic process","BP",1
"GO:0010958",0.999999999999998,0.471592053954651,0,1,"regulation of amino acid import across plasma membrane","BP",1
"GO:0019249",0.999999999999998,0.471592053954651,0,1,"lactate biosynthetic process","BP",1
"GO:0050872",0.999999999999998,0.471592053954651,0,1,"white fat cell differentiation","BP",1
"GO:0051580",0.999999999999998,0.471592053954651,0,1,"regulation of neurotransmitter uptake","BP",1
"GO:0051933",0.999999999999998,0.471592053954651,0,1,"amino acid neurotransmitter reuptake","BP",1
"GO:0051935",0.999999999999998,0.471592053954651,0,1,"glutamate reuptake","BP",1
"GO:0051941",0.999999999999998,0.471592053954651,0,1,"regulation of amino acid uptake involved in synaptic transmission","BP",1
"GO:0051946",0.999999999999998,0.471592053954651,0,1,"regulation of glutamate uptake involved in transmission of nerve impulse","BP",1
"GO:0051955",0.999999999999998,0.471592053954651,0,1,"regulation of amino acid transport","BP",1
"GO:0070341",0.999999999999998,0.471592053954651,0,1,"fat cell proliferation","BP",1
"GO:0070344",0.999999999999998,0.471592053954651,0,1,"regulation of fat cell proliferation","BP",1
"GO:0070345",0.999999999999998,0.471592053954651,0,1,"negative regulation of fat cell proliferation","BP",1
"GO:0097167",0.999999999999998,0.471592053954651,0,1,"circadian regulation of translation","BP",1
"GO:0098810",0.999999999999998,0.471592053954651,0,1,"neurotransmitter reuptake","BP",1
"GO:1903789",0.999999999999998,0.471592053954651,0,1,"regulation of amino acid transmembrane transport","BP",1
"GO:0001865",0.999999999999998,0.471592053955436,0,1,"NK T cell differentiation","BP",1
"GO:0002726",0.999999999999998,0.471152672819067,0,1,"positive regulation of T cell cytokine production","BP",1
"GO:0007567",0.999999999999998,0.463628866188814,0,1,"parturition","BP",1
"GO:0008089",0.999999999999998,0.471592053955436,0,1,"anterograde axonal transport","BP",1
"GO:0034154",0.999999999999998,0.471152672819067,0,1,"toll-like receptor 7 signaling pathway","BP",1
"GO:0034155",0.999999999999998,0.471152672819067,0,1,"regulation of toll-like receptor 7 signaling pathway","BP",1
"GO:0034157",0.999999999999998,0.471152672819067,0,1,"positive regulation of toll-like receptor 7 signaling pathway","BP",1
"GO:0034162",0.999999999999998,0.471152672819067,0,1,"toll-like receptor 9 signaling pathway","BP",1
"GO:0034163",0.999999999999998,0.471152672819067,0,1,"regulation of toll-like receptor 9 signaling pathway","BP",1
"GO:0034165",0.999999999999998,0.471152672819067,0,1,"positive regulation of toll-like receptor 9 signaling pathway","BP",1
"GO:0035652",0.999999999999998,0.471592053955436,0,1,"clathrin-coated vesicle cargo loading","BP",1
"GO:0035654",0.999999999999998,0.471592053955436,0,1,"clathrin-coated vesicle cargo loading, AP-3-mediated","BP",1
"GO:0035743",0.999999999999998,0.471152672819067,0,1,"CD4-positive, alpha-beta T cell cytokine production","BP",1
"GO:0035745",0.999999999999998,0.471152672819067,0,1,"T-helper 2 cell cytokine production","BP",1
"GO:0047496",0.999999999999998,0.471592053955436,0,1,"vesicle transport along microtubule","BP",1
"GO:0048490",0.999999999999998,0.471592053955436,0,1,"anterograde synaptic vesicle transport","BP",1
"GO:0051136",0.999999999999998,0.471592053955436,0,1,"regulation of NK T cell differentiation","BP",1
"GO:0051138",0.999999999999998,0.471592053955436,0,1,"positive regulation of NK T cell differentiation","BP",1
"GO:0060155",0.999999999999998,0.471592053955436,0,1,"platelet dense granule organization","BP",1
"GO:0090151",0.999999999999998,0.471592053955436,0,1,"establishment of protein localization to mitochondrial membrane","BP",1
"GO:0090152",0.999999999999998,0.471592053955436,0,1,"establishment of protein localization to mitochondrial membrane involved in mitochondrial fission","BP",1
"GO:0099514",0.999999999999998,0.471592053955436,0,1,"synaptic vesicle cytoskeletal transport","BP",1
"GO:0099517",0.999999999999998,0.471592053955436,0,1,"synaptic vesicle transport along microtubule","BP",1
"GO:1903232",0.999999999999998,0.471592053955436,0,1,"melanosome assembly","BP",1
"GO:2000551",0.999999999999998,0.471152672819067,0,1,"regulation of T-helper 2 cell cytokine production","BP",1
"GO:2000553",0.999999999999998,0.471152672819067,0,1,"positive regulation of T-helper 2 cell cytokine production","BP",1
"GO:0000038",0.999999999999998,0.471592053955215,0,1,"very long-chain fatty acid metabolic process","BP",1
"GO:0000722",0.999999999999998,0.471592053954776,0,1,"telomere maintenance via recombination","BP",1
"GO:0006312",0.999999999999998,0.471592053954776,0,1,"mitotic recombination","BP",1
"GO:0009650",0.999999999999998,0.471592053954776,0,1,"UV protection","BP",1
"GO:0030497",0.999999999999998,0.471592053955215,0,1,"fatty acid elongation","BP",1
"GO:0042761",0.999999999999998,0.471592053955215,0,1,"very long-chain fatty acid biosynthetic process","BP",1
"GO:0061819",0.999999999999998,0.471592053954776,0,1,"telomeric DNA-containing double minutes formation","BP",1
"GO:1901255",0.999999999999998,0.471592053954776,0,1,"nucleotide-excision repair involved in interstrand cross-link repair","BP",1
"GO:1904506",0.999999999999998,0.471592053954776,0,1,"negative regulation of telomere maintenance in response to DNA damage","BP",1
"GO:1904743",0.999999999999998,0.471592053954776,0,1,"negative regulation of telomeric DNA binding","BP",1
"GO:1905764",0.999999999999998,0.471592053954776,0,1,"regulation of protection from non-homologous end joining at telomere","BP",1
"GO:1905765",0.999999999999998,0.471592053954776,0,1,"negative regulation of protection from non-homologous end joining at telomere","BP",1
"GO:1905767",0.999999999999998,0.471592053954776,0,1,"regulation of double-stranded telomeric DNA binding","BP",1
"GO:1905768",0.999999999999998,0.471592053954776,0,1,"negative regulation of double-stranded telomeric DNA binding","BP",1
"GO:0000212",0.999999999999998,0.454483110936398,0,1,"meiotic spindle organization","BP",1
"GO:0001325",0.999999999999998,0.4715920539553,0,1,"formation of extrachromosomal circular DNA","BP",1
"GO:0001508",0.999999999999998,0.471592053955311,0,1,"action potential","BP",1
"GO:0002028",0.999999999999998,0.471592053955311,0,1,"regulation of sodium ion transport","BP",1
"GO:0006285",0.999999999999998,0.459119207689375,0,1,"base-excision repair, AP site formation","BP",1
"GO:0006842",0.999999999999998,0.448110011465943,0,1,"tricarboxylic acid transport","BP",1
"GO:0006843",0.999999999999998,0.448110011465943,0,1,"mitochondrial citrate transmembrane transport","BP",1
"GO:0007056",0.999999999999998,0.454483110936398,0,1,"spindle assembly involved in female meiosis","BP",1
"GO:0007057",0.999999999999998,0.454483110936398,0,1,"spindle assembly involved in female meiosis I","BP",1
"GO:0007144",0.999999999999998,0.454483110936398,0,1,"female meiosis I","BP",1
"GO:0015746",0.999999999999998,0.448110011465943,0,1,"citrate transport","BP",1
"GO:0030174",0.999999999999998,0.4715920539553,0,1,"regulation of DNA-templated DNA replication initiation","BP",1
"GO:0031297",0.999999999999998,0.4715920539553,0,1,"replication fork processing","BP",1
"GO:0031860",0.999999999999998,0.4715920539553,0,1,"telomeric 3' overhang formation","BP",1
"GO:0031952",0.999999999999998,0.4715920539553,0,1,"regulation of protein autophosphorylation","BP",1
"GO:0031954",0.999999999999998,0.4715920539553,0,1,"positive regulation of protein autophosphorylation","BP",1
"GO:0035674",0.999999999999998,0.448110011465943,0,1,"tricarboxylic acid transmembrane transport","BP",1
"GO:0045007",0.999999999999998,0.459119207689375,0,1,"depurination","BP",1
"GO:0051043",0.999999999999998,0.471592053955311,0,1,"regulation of membrane protein ectodomain proteolysis","BP",1
"GO:0051045",0.999999999999998,0.471592053955311,0,1,"negative regulation of membrane protein ectodomain proteolysis","BP",1
"GO:0060218",0.999999999999998,0.471592053955436,0,1,"hematopoietic stem cell differentiation","BP",1
"GO:0060544",0.999999999999998,0.459119207689375,0,1,"regulation of necroptotic process","BP",1
"GO:0060546",0.999999999999998,0.459119207689375,0,1,"negative regulation of necroptotic process","BP",1
"GO:0061523",0.999999999999998,0.454483110936398,0,1,"cilium disassembly","BP",1
"GO:0062098",0.999999999999998,0.459119207689375,0,1,"regulation of programmed necrotic cell death","BP",1
"GO:0062099",0.999999999999998,0.459119207689375,0,1,"negative regulation of programmed necrotic cell death","BP",1
"GO:0070266",0.999999999999998,0.459119207689375,0,1,"necroptotic process","BP",1
"GO:0086010",0.999999999999998,0.471592053955311,0,1,"membrane depolarization during action potential","BP",1
"GO:0090306",0.999999999999998,0.454483110936398,0,1,"meiotic spindle assembly","BP",1
"GO:0090656",0.999999999999998,0.4715920539553,0,1,"t-circle formation","BP",1
"GO:0090737",0.999999999999998,0.4715920539553,0,1,"telomere maintenance via telomere trimming","BP",1
"GO:0097300",0.999999999999998,0.459119207689375,0,1,"programmed necrotic cell death","BP",1
"GO:0098902",0.999999999999998,0.471592053955311,0,1,"regulation of membrane depolarization during action potential","BP",1
"GO:0110025",0.999999999999998,0.4715920539553,0,1,"DNA strand resection involved in replication fork processing","BP",1
"GO:0140894",0.999999999999998,0.217011640766544,0,2,"endolysosomal toll-like receptor signaling pathway","BP",1
"GO:0150052",0.999999999999998,0.471592014447713,0,1,"regulation of postsynapse assembly","BP",1
"GO:1900193",0.999999999999998,0.454483110936398,0,1,"regulation of oocyte maturation","BP",1
"GO:1900195",0.999999999999998,0.454483110936398,0,1,"positive regulation of oocyte maturation","BP",1
"GO:1902305",0.999999999999998,0.471592053955311,0,1,"regulation of sodium ion transmembrane transport","BP",1
"GO:1903429",0.999999999999998,0.454483110936398,0,1,"regulation of cell maturation","BP",1
"GO:1903431",0.999999999999998,0.454483110936398,0,1,"positive regulation of cell maturation","BP",1
"GO:1990546",0.999999999999998,0.448110011465943,0,1,"mitochondrial tricarboxylic acid transmembrane transport","BP",1
"GO:2000649",0.999999999999998,0.471592053955311,0,1,"regulation of sodium ion transmembrane transporter activity","BP",1
"GO:0001958",0.999999999999999,0.469756335446849,0,1,"endochondral ossification","BP",1
"GO:0031663",0.999999999999999,0.45743006058635,0,1,"lipopolysaccharide-mediated signaling pathway","BP",1
"GO:0036075",0.999999999999999,0.469756335446849,0,1,"replacement ossification","BP",1
"GO:0046599",0.999999999999999,0.463822299345811,0,1,"regulation of centriole replication","BP",1
"GO:0051643",0.999999999999999,0.471592053955093,0,1,"endoplasmic reticulum localization","BP",1
"GO:0061817",0.999999999999999,0.471592053955093,0,1,"endoplasmic reticulum-plasma membrane tethering","BP",1
"GO:0070417",0.999999999999999,0.45743006058635,0,1,"cellular response to cold","BP",1
"GO:0070427",0.999999999999999,0.45743006058635,0,1,"nucleotide-binding oligomerization domain containing 1 signaling pathway","BP",1
"GO:0070431",0.999999999999999,0.45743006058635,0,1,"nucleotide-binding oligomerization domain containing 2 signaling pathway","BP",1
"GO:0070498",0.999999999999999,0.45743006058635,0,1,"interleukin-1-mediated signaling pathway","BP",1
"GO:0070977",0.999999999999999,0.469756335446849,0,1,"bone maturation","BP",1
"GO:0090158",0.999999999999999,0.471592053955093,0,1,"endoplasmic reticulum membrane organization","BP",1
"GO:1902178",0.999999999999999,0.469756335446849,0,1,"fibroblast growth factor receptor apoptotic signaling pathway","BP",1
"GO:0001946",0.999999999999999,0.471592053954604,0,1,"lymphangiogenesis","BP",1
"GO:0002457",0.999999999999999,0.461202161209192,0,1,"T cell antigen processing and presentation","BP",1
"GO:0006311",0.999999999999999,0.45583406462892,0,1,"meiotic gene conversion","BP",1
"GO:0008543",0.999999999999999,0.215681146598159,0,2,"fibroblast growth factor receptor signaling pathway","BP",1
"GO:0019417",0.999999999999999,0.470024707284912,0,1,"sulfur oxidation","BP",1
"GO:0032594",0.999999999999999,0.461202161209192,0,1,"protein transport within lipid bilayer","BP",1
"GO:0032596",0.999999999999999,0.461202161209192,0,1,"protein transport into membrane raft","BP",1
"GO:0032740",0.999999999999999,0.461202161209192,0,1,"positive regulation of interleukin-17 production","BP",1
"GO:0033227",0.999999999999999,0.461202161209192,0,1,"dsRNA transport","BP",1
"GO:0034138",0.999999999999999,0.461202161209192,0,1,"toll-like receptor 3 signaling pathway","BP",1
"GO:0035822",0.999999999999999,0.45583406462892,0,1,"gene conversion","BP",1
"GO:0036303",0.999999999999999,0.471592053954604,0,1,"lymph vessel morphogenesis","BP",1
"GO:0040009",0.999999999999999,0.461202161209192,0,1,"regulation of growth rate","BP",1
"GO:0040010",0.999999999999999,0.461202161209192,0,1,"positive regulation of growth rate","BP",1
"GO:0051151",0.999999999999999,0.471592053955629,0,1,"negative regulation of smooth muscle cell differentiation","BP",1
"GO:0060008",0.999999999999999,0.218325432058913,0,2,"Sertoli cell differentiation","BP",1
"GO:1901490",0.999999999999999,0.471592053954604,0,1,"regulation of lymphangiogenesis","BP",1
"GO:1901491",0.999999999999999,0.471592053954604,0,1,"negative regulation of lymphangiogenesis","BP",1
"GO:1903044",0.999999999999999,0.461202161209192,0,1,"protein localization to membrane raft","BP",1
"GO:0006287",0.999999999999999,0.216901506352849,0,2,"base-excision repair, gap-filling","BP",1
"GO:0008053",0.999999999999999,0.461873978933708,0,1,"mitochondrial fusion","BP",1
"GO:0010635",0.999999999999999,0.461873978933708,0,1,"regulation of mitochondrial fusion","BP",1
"GO:0010637",0.999999999999999,0.461873978933708,0,1,"negative regulation of mitochondrial fusion","BP",1
"GO:0010658",0.999999999999999,0.461873978933708,0,1,"striated muscle cell apoptotic process","BP",1
"GO:0010659",0.999999999999999,0.461873978933708,0,1,"cardiac muscle cell apoptotic process","BP",1
"GO:0010661",0.999999999999999,0.461873978933708,0,1,"positive regulation of muscle cell apoptotic process","BP",1
"GO:0010662",0.999999999999999,0.461873978933708,0,1,"regulation of striated muscle cell apoptotic process","BP",1
"GO:0010663",0.999999999999999,0.461873978933708,0,1,"positive regulation of striated muscle cell apoptotic process","BP",1
"GO:0010665",0.999999999999999,0.461873978933708,0,1,"regulation of cardiac muscle cell apoptotic process","BP",1
"GO:0010666",0.999999999999999,0.461873978933708,0,1,"positive regulation of cardiac muscle cell apoptotic process","BP",1
"GO:0010917",0.999999999999999,0.461873978933708,0,1,"negative regulation of mitochondrial membrane potential","BP",1
"GO:0035694",0.999999999999999,0.461873978933708,0,1,"mitochondrial protein catabolic process","BP",1
"GO:0043243",0.999999999999999,0.461873978933708,0,1,"positive regulation of protein-containing complex disassembly","BP",1
"GO:0043653",0.999999999999999,0.461873978933708,0,1,"mitochondrial fragmentation involved in apoptotic process","BP",1
"GO:0045837",0.999999999999999,0.461873978933708,0,1,"negative regulation of membrane potential","BP",1
"GO:0051561",0.999999999999999,0.461873978933708,0,1,"positive regulation of mitochondrial calcium ion concentration","BP",1
"GO:0071279",0.999999999999999,0.461873978933708,0,1,"cellular response to cobalt ion","BP",1
"GO:0090649",0.999999999999999,0.461873978933708,0,1,"response to oxygen-glucose deprivation","BP",1
"GO:0140507",0.999999999999999,0.461873978933708,0,1,"granzyme-mediated programmed cell death signaling pathway","BP",1
"GO:1902109",0.999999999999999,0.461873978933708,0,1,"negative regulation of mitochondrial membrane permeability involved in apoptotic process","BP",1
"GO:1903146",0.999999999999999,0.461873978933708,0,1,"regulation of autophagy of mitochondrion","BP",1
"GO:1903599",0.999999999999999,0.461873978933708,0,1,"positive regulation of autophagy of mitochondrion","BP",1
"GO:0001966",0.999999999999999,0.471592053955346,0,1,"thigmotaxis","BP",1
"GO:0006188",0.999999999999999,0.469271913015491,0,1,"IMP biosynthetic process","BP",1
"GO:0006476",0.999999999999999,0.471592053955346,0,1,"protein deacetylation","BP",1
"GO:0010818",0.999999999999999,0.471569054470144,0,1,"T cell chemotaxis","BP",1
"GO:0010830",0.999999999999999,0.468047847889288,0,1,"regulation of myotube differentiation","BP",1
"GO:0014904",0.999999999999999,0.468047847889288,0,1,"myotube cell development","BP",1
"GO:0019896",0.999999999999999,0.466791641213533,0,1,"axonal transport of mitochondrion","BP",1
"GO:0032264",0.999999999999999,0.469271913015491,0,1,"IMP salvage","BP",1
"GO:0032274",0.999999999999999,0.468047847889288,0,1,"gonadotropin secretion","BP",1
"GO:0033031",0.999999999999999,0.471569054470144,0,1,"positive regulation of neutrophil apoptotic process","BP",1
"GO:0034643",0.999999999999999,0.466791641213533,0,1,"establishment of mitochondrion localization, microtubule-mediated","BP",1
"GO:0035601",0.999999999999999,0.471592053955346,0,1,"protein deacylation","BP",1
"GO:0035747",0.999999999999999,0.471569054470144,0,1,"natural killer cell chemotaxis","BP",1
"GO:0036166",0.999999999999999,0.45328807414979,0,1,"phenotypic switching","BP",1
"GO:0036268",0.999999999999999,0.471592053955346,0,1,"swimming","BP",1
"GO:0038089",0.999999999999999,0.471569054470144,0,1,"positive regulation of cell migration by vascular endothelial growth factor signaling pathway","BP",1
"GO:0043276",0.999999999999999,0.468929354698054,0,1,"anoikis","BP",1
"GO:0043696",0.999999999999999,0.45328807414979,0,1,"dedifferentiation","BP",1
"GO:0043697",0.999999999999999,0.45328807414979,0,1,"cell dedifferentiation","BP",1
"GO:0046040",0.999999999999999,0.469271913015491,0,1,"IMP metabolic process","BP",1
"GO:0047497",0.999999999999999,0.466791641213533,0,1,"mitochondrion transport along microtubule","BP",1
"GO:0048489",0.999999999999999,0.222113220679658,0,2,"synaptic vesicle transport","BP",1
"GO:0048641",0.999999999999999,0.468047847889288,0,1,"regulation of skeletal muscle tissue development","BP",1
"GO:0048643",0.999999999999999,0.468047847889288,0,1,"positive regulation of skeletal muscle tissue development","BP",1
"GO:0048741",0.999999999999999,0.468047847889288,0,1,"skeletal muscle fiber development","BP",1
"GO:0048742",0.999999999999999,0.468047847889288,0,1,"regulation of skeletal muscle fiber development","BP",1
"GO:0048743",0.999999999999999,0.468047847889288,0,1,"positive regulation of skeletal muscle fiber development","BP",1
"GO:0050746",0.999999999999999,0.471590323556974,0,1,"regulation of lipoprotein metabolic process","BP",1
"GO:0050849",0.999999999999999,0.215615874135097,0,2,"negative regulation of calcium-mediated signaling","BP",1
"GO:0050886",0.999999999999999,0.468047847889288,0,1,"endocrine process","BP",1
"GO:0051014",0.999999999999999,0.470215852373096,0,1,"actin filament severing","BP",1
"GO:0051155",0.999999999999999,0.468047847889288,0,1,"positive regulation of striated muscle cell differentiation","BP",1
"GO:0060765",0.999999999999999,0.471592053955346,0,1,"regulation of androgen receptor signaling pathway","BP",1
"GO:0060986",0.999999999999999,0.468047847889288,0,1,"endocrine hormone secretion","BP",1
"GO:0061921",0.999999999999999,0.471592053955346,0,1,"peptidyl-lysine propionylation","BP",1
"GO:0090042",0.999999999999999,0.471592053955346,0,1,"tubulin deacetylation","BP",1
"GO:0090043",0.999999999999999,0.471592053955346,0,1,"regulation of tubulin deacetylation","BP",1
"GO:0090311",0.999999999999999,0.471592053955346,0,1,"regulation of protein deacetylation","BP",1
"GO:0090677",0.999999999999999,0.45328807414979,0,1,"reversible differentiation","BP",1
"GO:0090678",0.999999999999999,0.45328807414979,0,1,"cell dedifferentiation involved in phenotypic switching","BP",1
"GO:0097479",0.999999999999999,0.222113220679658,0,2,"synaptic vesicle localization","BP",1
"GO:0098732",0.999999999999999,0.471592053955346,0,1,"macromolecule deacylation","BP",1
"GO:0140066",0.999999999999999,0.471592053955346,0,1,"peptidyl-lysine crotonylation","BP",1
"GO:0140067",0.999999999999999,0.471592053955346,0,1,"peptidyl-lysine butyrylation","BP",1
"GO:1901863",0.999999999999999,0.468047847889288,0,1,"positive regulation of muscle tissue development","BP",1
"GO:1903059",0.999999999999999,0.471590323556974,0,1,"regulation of protein lipidation","BP",1
"GO:1905174",0.999999999999999,0.45328807414979,0,1,"regulation of vascular associated smooth muscle cell dedifferentiation","BP",1
"GO:1905276",0.999999999999999,0.471569054470144,0,1,"regulation of epithelial tube formation","BP",1
"GO:1905278",0.999999999999999,0.471569054470144,0,1,"positive regulation of epithelial tube formation","BP",1
"GO:1905330",0.999999999999999,0.471569054470144,0,1,"regulation of morphogenesis of an epithelium","BP",1
"GO:1905332",0.999999999999999,0.471569054470144,0,1,"positive regulation of morphogenesis of an epithelium","BP",1
"GO:1905636",0.999999999999999,0.471592053955346,0,1,"positive regulation of RNA polymerase II regulatory region sequence-specific DNA binding","BP",1
"GO:1990936",0.999999999999999,0.45328807414979,0,1,"vascular associated smooth muscle cell dedifferentiation","BP",1
"GO:2000209",0.999999999999999,0.468929354698054,0,1,"regulation of anoikis","BP",1
"GO:2000210",0.999999999999999,0.468929354698054,0,1,"positive regulation of anoikis","BP",1
"GO:2000811",0.999999999999999,0.468929354698054,0,1,"negative regulation of anoikis","BP",1
"GO:0000423",0.999999999999999,0.470916042521899,0,1,"mitophagy","BP",1
"GO:0001955",0.999999999999999,0.208519780288765,0,2,"blood vessel maturation","BP",1
"GO:0006689",0.999999999999999,0.470702207959852,0,1,"ganglioside catabolic process","BP",1
"GO:0008156",0.999999999999999,0.47145401812505,0,1,"negative regulation of DNA replication","BP",1
"GO:0009313",0.999999999999999,0.470702207959852,0,1,"oligosaccharide catabolic process","BP",1
"GO:0016240",0.999999999999999,0.470916042521899,0,1,"autophagosome membrane docking","BP",1
"GO:0019377",0.999999999999999,0.470702207959852,0,1,"glycolipid catabolic process","BP",1
"GO:0021541",0.999999999999999,0.471592053955629,0,1,"ammon gyrus development","BP",1
"GO:0030149",0.999999999999999,0.470702207959852,0,1,"sphingolipid catabolic process","BP",1
"GO:0031069",0.999999999999999,0.456323272913215,0,1,"hair follicle morphogenesis","BP",1
"GO:0031424",0.999999999999999,0.456323272913215,0,1,"keratinization","BP",1
"GO:0038026",0.999999999999999,0.2212368132973,0,2,"reelin-mediated signaling pathway","BP",1
"GO:0042335",0.999999999999999,0.456323272913215,0,1,"cuticle development","BP",1
"GO:0043111",0.999999999999999,0.47145401812505,0,1,"replication fork arrest","BP",1
"GO:0046466",0.999999999999999,0.470702207959852,0,1,"membrane lipid catabolic process","BP",1
"GO:0046479",0.999999999999999,0.470702207959852,0,1,"glycosphingolipid catabolic process","BP",1
"GO:0046514",0.999999999999999,0.470702207959852,0,1,"ceramide catabolic process","BP",1
"GO:0048730",0.999999999999999,0.456323272913215,0,1,"epidermis morphogenesis","BP",1
"GO:0061635",0.999999999999999,0.470916042521899,0,1,"regulation of protein complex stability","BP",1
"GO:0070268",0.999999999999999,0.456323272913215,0,1,"cornification","BP",1
"GO:0090140",0.999999999999999,0.209630299071601,0,2,"regulation of mitochondrial fission","BP",1
"GO:0090141",0.999999999999999,0.209630299071601,0,2,"positive regulation of mitochondrial fission","BP",1
"GO:2000104",0.999999999999999,0.47145401812505,0,1,"negative regulation of DNA-templated DNA replication","BP",1
"GO:0000512",0.999999999999999,0.471592053955553,0,1,"lncRNA-mediated post-transcriptional gene silencing","BP",1
"GO:0001682",0.999999999999999,0.45528478907823,0,1,"tRNA 5'-leader removal","BP",1
"GO:0001921",0.999999999999999,0.46543883525733,0,1,"positive regulation of receptor recycling","BP",1
"GO:0002093",0.999999999999999,0.471592053955553,0,1,"auditory receptor cell morphogenesis","BP",1
"GO:0002759",0.999999999999999,0.45057034998091,0,1,"regulation of antimicrobial humoral response","BP",1
"GO:0002920",0.999999999999999,0.45057034998091,0,1,"regulation of humoral immune response","BP",1
"GO:0002926",0.999999999999999,0.468458521203227,0,1,"tRNA wobble base 5-methoxycarbonylmethyl-2-thiouridinylation","BP",1
"GO:0007079",0.999999999999999,0.460929666094434,0,1,"mitotic chromosome movement towards spindle pole","BP",1
"GO:0009249",0.999999999999999,0.446367596129189,0,1,"protein lipoylation","BP",1
"GO:0010984",0.999999999999999,0.46543883525733,0,1,"regulation of lipoprotein particle clearance","BP",1
"GO:0010986",0.999999999999999,0.46543883525733,0,1,"positive regulation of lipoprotein particle clearance","BP",1
"GO:0010988",0.999999999999999,0.46543883525733,0,1,"regulation of low-density lipoprotein particle clearance","BP",1
"GO:0017183",0.999999999999999,0.468458521203227,0,1,"protein histidyl modification to diphthamide","BP",1
"GO:0018202",0.999999999999999,0.468458521203227,0,1,"peptidyl-histidine modification","BP",1
"GO:0022605",0.999999999999999,0.471592053954521,0,1,"mammalian oogenesis stage","BP",1
"GO:0030047",0.999999999999999,0.471592053955553,0,1,"actin modification","BP",1
"GO:0031340",0.999999999999999,0.46543883525733,0,1,"positive regulation of vesicle fusion","BP",1
"GO:0032060",0.999999999999999,0.471592053955553,0,1,"bleb assembly","BP",1
"GO:0032379",0.999999999999999,0.46543883525733,0,1,"positive regulation of intracellular lipid transport","BP",1
"GO:0032382",0.999999999999999,0.46543883525733,0,1,"positive regulation of intracellular sterol transport","BP",1
"GO:0032385",0.999999999999999,0.46543883525733,0,1,"positive regulation of intracellular cholesterol transport","BP",1
"GO:0032804",0.999999999999999,0.46543883525733,0,1,"negative regulation of low-density lipoprotein particle receptor catabolic process","BP",1
"GO:0034381",0.999999999999999,0.46543883525733,0,1,"plasma lipoprotein particle clearance","BP",1
"GO:0034383",0.999999999999999,0.46543883525733,0,1,"low-density lipoprotein particle clearance","BP",1
"GO:0034508",0.999999999999999,0.460929666094434,0,1,"centromere complex assembly","BP",1
"GO:0035315",0.999999999999999,0.471592053955553,0,1,"hair cell differentiation","BP",1
"GO:0035393",0.999999999999999,0.471592053955504,0,1,"chemokine (C-X-C motif) ligand 9 production","BP",1
"GO:0035394",0.999999999999999,0.471592053955504,0,1,"regulation of chemokine (C-X-C motif) ligand 9 production","BP",1
"GO:0035395",0.999999999999999,0.471592053955504,0,1,"negative regulation of chemokine (C-X-C motif) ligand 9 production","BP",1
"GO:0036035",0.999999999999999,0.46543883525733,0,1,"osteoclast development","BP",1
"GO:0042490",0.999999999999999,0.471592053955553,0,1,"mechanoreceptor differentiation","BP",1
"GO:0042491",0.999999999999999,0.471592053955553,0,1,"inner ear auditory receptor cell differentiation","BP",1
"GO:0042730",0.999999999999999,0.46543883525733,0,1,"fibrinolysis","BP",1
"GO:0044090",0.999999999999999,0.46543883525733,0,1,"positive regulation of vacuole organization","BP",1
"GO:0045947",0.999999999999999,0.459306422300085,0,1,"negative regulation of translational initiation","BP",1
"GO:0045948",0.999999999999999,0.217878580451226,0,2,"positive regulation of translational initiation","BP",1
"GO:0048160",0.999999999999999,0.471592053954521,0,1,"primary follicle stage","BP",1
"GO:0051305",0.999999999999999,0.460929666094434,0,1,"chromosome movement towards spindle pole","BP",1
"GO:0051382",0.999999999999999,0.460929666094434,0,1,"kinetochore assembly","BP",1
"GO:0051383",0.999999999999999,0.460929666094434,0,1,"kinetochore organization","BP",1
"GO:0051546",0.999999999999999,0.214540498822007,0,2,"keratinocyte migration","BP",1
"GO:0051547",0.999999999999999,0.214540498822007,0,2,"regulation of keratinocyte migration","BP",1
"GO:0051549",0.999999999999999,0.214540498822007,0,2,"positive regulation of keratinocyte migration","BP",1
"GO:0051882",0.999999999999999,0.45057034998091,0,1,"mitochondrial depolarization","BP",1
"GO:0051900",0.999999999999999,0.45057034998091,0,1,"regulation of mitochondrial depolarization","BP",1
"GO:0051928",0.999999999999999,0.471592053955553,0,1,"positive regulation of calcium ion transport","BP",1
"GO:0060088",0.999999999999999,0.471592053955553,0,1,"auditory receptor cell stereocilium organization","BP",1
"GO:0060113",0.999999999999999,0.471592053955553,0,1,"inner ear receptor cell differentiation","BP",1
"GO:0060117",0.999999999999999,0.471592053955553,0,1,"auditory receptor cell development","BP",1
"GO:0060119",0.999999999999999,0.471592053955553,0,1,"inner ear receptor cell development","BP",1
"GO:0060122",0.999999999999999,0.471592053955553,0,1,"inner ear receptor cell stereocilium organization","BP",1
"GO:0071612",0.999999999999999,0.471592053955504,0,1,"IP-10 production","BP",1
"GO:0071650",0.999999999999999,0.471592053955504,0,1,"negative regulation of chemokine (C-C motif) ligand 5 production","BP",1
"GO:0071658",0.999999999999999,0.471592053955504,0,1,"regulation of IP-10 production","BP",1
"GO:0071659",0.999999999999999,0.471592053955504,0,1,"negative regulation of IP-10 production","BP",1
"GO:0072567",0.999999999999999,0.471592053955504,0,1,"chemokine (C-X-C motif) ligand 2 production","BP",1
"GO:0098751",0.999999999999999,0.46543883525733,0,1,"bone cell development","BP",1
"GO:0099116",0.999999999999999,0.45528478907823,0,1,"tRNA 5'-end processing","BP",1
"GO:0110104",0.999999999999999,0.471592053954521,0,1,"mRNA alternative polyadenylation","BP",1
"GO:1900120",0.999999999999999,0.46543883525733,0,1,"regulation of receptor binding","BP",1
"GO:1900122",0.999999999999999,0.46543883525733,0,1,"positive regulation of receptor binding","BP",1
"GO:1901193",0.999999999999999,0.459306422300085,0,1,"regulation of formation of translation preinitiation complex","BP",1
"GO:1901194",0.999999999999999,0.459306422300085,0,1,"negative regulation of formation of translation preinitiation complex","BP",1
"GO:1904688",0.999999999999999,0.459306422300085,0,1,"regulation of cytoplasmic translational initiation","BP",1
"GO:1904689",0.999999999999999,0.459306422300085,0,1,"negative regulation of cytoplasmic translational initiation","BP",1
"GO:1905581",0.999999999999999,0.46543883525733,0,1,"positive regulation of low-density lipoprotein particle clearance","BP",1
"GO:1905595",0.999999999999999,0.46543883525733,0,1,"regulation of low-density lipoprotein particle receptor binding","BP",1
"GO:1905597",0.999999999999999,0.46543883525733,0,1,"positive regulation of low-density lipoprotein particle receptor binding","BP",1
"GO:1905599",0.999999999999999,0.46543883525733,0,1,"positive regulation of low-density lipoprotein receptor activity","BP",1
"GO:1905602",0.999999999999999,0.46543883525733,0,1,"positive regulation of receptor-mediated endocytosis involved in cholesterol transport","BP",1
"GO:1905684",0.999999999999999,0.46543883525733,0,1,"regulation of plasma membrane repair","BP",1
"GO:1905686",0.999999999999999,0.46543883525733,0,1,"positive regulation of plasma membrane repair","BP",1
"GO:1990144",0.999999999999999,0.210935734271461,0,2,"intrinsic apoptotic signaling pathway in response to hypoxia","BP",1
"GO:2000111",0.999999999999999,0.471592053955553,0,1,"positive regulation of macrophage apoptotic process","BP",1
"GO:2000341",0.999999999999999,0.471592053955504,0,1,"regulation of chemokine (C-X-C motif) ligand 2 production","BP",1
"GO:2000342",0.999999999999999,0.471592053955504,0,1,"negative regulation of chemokine (C-X-C motif) ligand 2 production","BP",1
"GO:2000645",0.999999999999999,0.46543883525733,0,1,"negative regulation of receptor catabolic process","BP",1
"GO:2000765",0.999999999999999,0.459306422300085,0,1,"regulation of cytoplasmic translation","BP",1
"GO:0030850",0.999999999999999,0.463558812832523,0,1,"prostate gland development","BP",1
"GO:0030852",0.999999999999999,0.463558812832523,0,1,"regulation of granulocyte differentiation","BP",1
"GO:0030853",0.999999999999999,0.463558812832523,0,1,"negative regulation of granulocyte differentiation","BP",1
"GO:0032634",0.999999999999999,0.463558812832523,0,1,"interleukin-5 production","BP",1
"GO:0032674",0.999999999999999,0.463558812832523,0,1,"regulation of interleukin-5 production","BP",1
"GO:0032754",0.999999999999999,0.463558812832523,0,1,"positive regulation of interleukin-5 production","BP",1
"GO:0045064",0.999999999999999,0.463558812832523,0,1,"T-helper 2 cell differentiation","BP",1
"GO:0045624",0.999999999999999,0.463558812832523,0,1,"positive regulation of T-helper cell differentiation","BP",1
"GO:0045628",0.999999999999999,0.463558812832523,0,1,"regulation of T-helper 2 cell differentiation","BP",1
"GO:0045630",0.999999999999999,0.463558812832523,0,1,"positive regulation of T-helper 2 cell differentiation","BP",1
"GO:0048239",0.999999999999999,0.453355862781297,0,1,"negative regulation of DNA recombination at telomere","BP",1
"GO:0055012",0.999999999999999,0.463558812832523,0,1,"ventricular cardiac muscle cell differentiation","BP",1
"GO:0060010",0.999999999999999,0.463558812832523,0,1,"Sertoli cell fate commitment","BP",1
"GO:0060438",0.999999999999999,0.463558812832523,0,1,"trachea development","BP",1
"GO:0060534",0.999999999999999,0.463558812832523,0,1,"trachea cartilage development","BP",1
"GO:0060591",0.999999999999999,0.463558812832523,0,1,"chondroblast differentiation","BP",1
"GO:0071391",0.999999999999999,0.463558812832523,0,1,"cellular response to estrogen stimulus","BP",1
"GO:0072148",0.999999999999999,0.463558812832523,0,1,"epithelial cell fate commitment","BP",1
"GO:0072695",0.999999999999999,0.453355862781297,0,1,"regulation of DNA recombination at telomere","BP",1
"GO:0120033",0.999999999999999,0.218891688243172,0,2,"negative regulation of plasma membrane bounded cell projection assembly","BP",1
"GO:0001580",0.999999999999999,0.470764426805983,0,1,"detection of chemical stimulus involved in sensory perception of bitter taste","BP",1
"GO:0001779",0.999999999999999,0.222101560111535,0,2,"natural killer cell differentiation","BP",1
"GO:0002566",0.999999999999999,0.460586139551178,0,1,"somatic diversification of immune receptors via somatic mutation","BP",1
"GO:0006479",0.999999999999999,0.458823508851151,0,1,"protein methylation","BP",1
"GO:0007202",0.999999999999999,0.470764426805983,0,1,"activation of phospholipase C activity","BP",1
"GO:0008213",0.999999999999999,0.458823508851151,0,1,"protein alkylation","BP",1
"GO:0009593",0.999999999999999,0.470764426805983,0,1,"detection of chemical stimulus","BP",1
"GO:0009948",0.999999999999999,0.200946117981637,0,2,"anterior/posterior axis specification","BP",1
"GO:0010921",0.999999999999999,0.463378799213999,0,1,"regulation of phosphatase activity","BP",1
"GO:0010922",0.999999999999999,0.463378799213999,0,1,"positive regulation of phosphatase activity","BP",1
"GO:0010923",0.999999999999999,0.463378799213999,0,1,"negative regulation of phosphatase activity","BP",1
"GO:0016446",0.999999999999999,0.460586139551178,0,1,"somatic hypermutation of immunoglobulin genes","BP",1
"GO:0016571",0.999999999999999,0.458823508851151,0,1,"histone methylation","BP",1
"GO:0018022",0.999999999999999,0.458823508851151,0,1,"peptidyl-lysine methylation","BP",1
"GO:0019060",0.999999999999999,0.470695108615486,0,1,"intracellular transport of viral protein in host cell","BP",1
"GO:0030581",0.999999999999999,0.470695108615486,0,1,"symbiont intracellular protein transport in host","BP",1
"GO:0031060",0.999999999999999,0.458823508851151,0,1,"regulation of histone methylation","BP",1
"GO:0031062",0.999999999999999,0.458823508851151,0,1,"positive regulation of histone methylation","BP",1
"GO:0032058",0.999999999999999,0.463378799213999,0,1,"positive regulation of translational initiation in response to stress","BP",1
"GO:0032273",0.999999999999999,0.0982227284534482,0,3,"positive regulation of protein polymerization","BP",1
"GO:0032515",0.999999999999999,0.463378799213999,0,1,"negative regulation of phosphoprotein phosphatase activity","BP",1
"GO:0032516",0.999999999999999,0.463378799213999,0,1,"positive regulation of phosphoprotein phosphatase activity","BP",1
"GO:0032780",0.999999999999999,0.470695108615486,0,1,"negative regulation of ATP-dependent activity","BP",1
"GO:0034390",0.999999999999999,0.471592053955559,0,1,"smooth muscle cell apoptotic process","BP",1
"GO:0034391",0.999999999999999,0.471592053955559,0,1,"regulation of smooth muscle cell apoptotic process","BP",1
"GO:0034392",0.999999999999999,0.471592053955559,0,1,"negative regulation of smooth muscle cell apoptotic process","BP",1
"GO:0034968",0.999999999999999,0.458823508851151,0,1,"histone lysine methylation","BP",1
"GO:0035305",0.999999999999999,0.463378799213999,0,1,"negative regulation of dephosphorylation","BP",1
"GO:0035308",0.999999999999999,0.463378799213999,0,1,"negative regulation of protein dephosphorylation","BP",1
"GO:0036490",0.999999999999999,0.463378799213999,0,1,"regulation of translation in response to endoplasmic reticulum stress","BP",1
"GO:0036491",0.999999999999999,0.463378799213999,0,1,"regulation of translation initiation in response to endoplasmic reticulum stress","BP",1
"GO:0036496",0.999999999999999,0.463378799213999,0,1,"regulation of translational initiation by eIF2 alpha dephosphorylation","BP",1
"GO:0036497",0.999999999999999,0.463378799213999,0,1,"eIF2alpha dephosphorylation in response to endoplasmic reticulum stress","BP",1
"GO:0042278",0.999999999999999,0.209426575181193,0,2,"purine nucleoside metabolic process","BP",1
"GO:0042306",0.999999999999999,0.216122348908466,0,2,"regulation of protein import into nucleus","BP",1
"GO:0042307",0.999999999999999,0.216122348908466,0,2,"positive regulation of protein import into nucleus","BP",1
"GO:0043555",0.999999999999999,0.463378799213999,0,1,"regulation of translation in response to stress","BP",1
"GO:0043558",0.999999999999999,0.463378799213999,0,1,"regulation of translational initiation in response to stress","BP",1
"GO:0043666",0.999999999999999,0.463378799213999,0,1,"regulation of phosphoprotein phosphatase activity","BP",1
"GO:0043967",0.999999999999999,0.458823508851151,0,1,"histone H4 acetylation","BP",1
"GO:0043981",0.999999999999999,0.458823508851151,0,1,"histone H4-K5 acetylation","BP",1
"GO:0043982",0.999999999999999,0.458823508851151,0,1,"histone H4-K8 acetylation","BP",1
"GO:0043984",0.999999999999999,0.458823508851151,0,1,"histone H4-K16 acetylation","BP",1
"GO:0044340",0.999999999999999,0.471592053955559,0,1,"canonical Wnt signaling pathway involved in regulation of cell proliferation","BP",1
"GO:0046719",0.999999999999999,0.470695108615486,0,1,"regulation by virus of viral protein levels in host cell","BP",1
"GO:0046824",0.999999999999999,0.216122348908466,0,2,"positive regulation of nucleocytoplasmic transport","BP",1
"GO:0048194",0.999999999999999,0.471592053955546,0,1,"Golgi vesicle budding","BP",1
"GO:0050907",0.999999999999999,0.470764426805983,0,1,"detection of chemical stimulus involved in sensory perception","BP",1
"GO:0050912",0.999999999999999,0.470764426805983,0,1,"detection of chemical stimulus involved in sensory perception of taste","BP",1
"GO:0050913",0.999999999999999,0.470764426805983,0,1,"sensory perception of bitter taste","BP",1
"GO:0051095",0.999999999999999,0.214990729983226,0,2,"regulation of helicase activity","BP",1
"GO:0051097",0.999999999999999,0.470695108615486,0,1,"negative regulation of helicase activity","BP",1
"GO:0051568",0.999999999999999,0.458823508851151,0,1,"histone H3-K4 methylation","BP",1
"GO:0051569",0.999999999999999,0.458823508851151,0,1,"regulation of histone H3-K4 methylation","BP",1
"GO:0051571",0.999999999999999,0.458823508851151,0,1,"positive regulation of histone H3-K4 methylation","BP",1
"GO:0051725",0.999999999999999,0.444685260128328,0,1,"protein de-ADP-ribosylation","BP",1
"GO:0051865",0.999999999999999,0.458489843042301,0,1,"protein autoubiquitination","BP",1
"GO:0070813",0.999999999999999,0.442609821165249,0,1,"hydrogen sulfide metabolic process","BP",1
"GO:0071359",0.999999999999999,0.470695108615486,0,1,"cellular response to dsRNA","BP",1
"GO:0071360",0.999999999999999,0.470695108615486,0,1,"cellular response to exogenous dsRNA","BP",1
"GO:0071542",0.999999999999999,0.471592053955559,0,1,"dopaminergic neuron differentiation","BP",1
"GO:0075506",0.999999999999999,0.468848086233906,0,1,"entry of viral genome into host nucleus through nuclear pore complex via importin","BP",1
"GO:0075732",0.999999999999999,0.468848086233906,0,1,"viral penetration into host nucleus","BP",1
"GO:0090161",0.999999999999999,0.471592053955546,0,1,"Golgi ribbon formation","BP",1
"GO:0090164",0.999999999999999,0.471592053955546,0,1,"asymmetric Golgi ribbon formation","BP",1
"GO:0090244",0.999999999999999,0.471592053955559,0,1,"Wnt signaling pathway involved in somitogenesis","BP",1
"GO:0097194",0.999999999999999,0.216122311338684,0,2,"execution phase of apoptosis","BP",1
"GO:0140291",0.999999999999999,0.444685260128328,0,1,"peptidyl-glutamate ADP-deribosylation","BP",1
"GO:1900095",0.999999999999999,0.458823508851151,0,1,"regulation of dosage compensation by inactivation of X chromosome","BP",1
"GO:1900102",0.999999999999999,0.463378799213999,0,1,"negative regulation of endoplasmic reticulum unfolded protein response","BP",1
"GO:1902275",0.999999999999999,0.458823508851151,0,1,"regulation of chromatin organization","BP",1
"GO:1902308",0.999999999999999,0.463378799213999,0,1,"regulation of peptidyl-serine dephosphorylation","BP",1
"GO:1902310",0.999999999999999,0.463378799213999,0,1,"positive regulation of peptidyl-serine dephosphorylation","BP",1
"GO:1903027",0.999999999999999,0.471592053955546,0,1,"regulation of opsonization","BP",1
"GO:1903028",0.999999999999999,0.471592053955546,0,1,"positive regulation of opsonization","BP",1
"GO:1903573",0.999999999999999,0.463378799213999,0,1,"negative regulation of response to endoplasmic reticulum stress","BP",1
"GO:1903697",0.999999999999999,0.469706327713502,0,1,"negative regulation of microvillus assembly","BP",1
"GO:1903897",0.999999999999999,0.463378799213999,0,1,"regulation of PERK-mediated unfolded protein response","BP",1
"GO:1903898",0.999999999999999,0.463378799213999,0,1,"negative regulation of PERK-mediated unfolded protein response","BP",1
"GO:1903916",0.999999999999999,0.463378799213999,0,1,"regulation of endoplasmic reticulum stress-induced eIF2 alpha dephosphorylation","BP",1
"GO:1903917",0.999999999999999,0.463378799213999,0,1,"positive regulation of endoplasmic reticulum stress-induced eIF2 alpha dephosphorylation","BP",1
"GO:1904441",0.999999999999999,0.469706327713502,0,1,"regulation of thyroid gland epithelial cell proliferation","BP",1
"GO:1904442",0.999999999999999,0.469706327713502,0,1,"negative regulation of thyroid gland epithelial cell proliferation","BP",1
"GO:1904948",0.999999999999999,0.471592053955559,0,1,"midbrain dopaminergic neuron differentiation","BP",1
"GO:1904953",0.999999999999999,0.471592053955559,0,1,"Wnt signaling pathway involved in midbrain dopaminergic neuron differentiation","BP",1
"GO:1990789",0.999999999999999,0.469706327713502,0,1,"thyroid gland epithelial cell proliferation","BP",1
"GO:1990790",0.999999999999999,0.469706327713502,0,1,"response to glial cell derived neurotrophic factor","BP",1
"GO:1990792",0.999999999999999,0.469706327713502,0,1,"cellular response to glial cell derived neurotrophic factor","BP",1
"GO:0001706",0.999999999999999,0.212723139559122,0,2,"endoderm formation","BP",1
"GO:0003299",0.999999999999999,0.470405182341753,0,1,"muscle hypertrophy in response to stress","BP",1
"GO:0003300",0.999999999999999,0.470405182341753,0,1,"cardiac muscle hypertrophy","BP",1
"GO:0007492",0.999999999999999,0.212723139559122,0,2,"endoderm development","BP",1
"GO:0009135",0.999999999999999,0.216537417668826,0,2,"purine nucleoside diphosphate metabolic process","BP",1
"GO:0009179",0.999999999999999,0.216537417668826,0,2,"purine ribonucleoside diphosphate metabolic process","BP",1
"GO:0010822",0.999999999999999,0.0985990989046257,0,3,"positive regulation of mitochondrion organization","BP",1
"GO:0010992",0.999999999999999,0.457411615917499,0,1,"ubiquitin recycling","BP",1
"GO:0010994",0.999999999999999,0.457411615917499,0,1,"free ubiquitin chain polymerization","BP",1
"GO:0014834",0.999999999999999,0.470405182341753,0,1,"skeletal muscle satellite cell maintenance involved in skeletal muscle regeneration","BP",1
"GO:0014887",0.999999999999999,0.470405182341753,0,1,"cardiac muscle adaptation","BP",1
"GO:0014888",0.999999999999999,0.470405182341753,0,1,"striated muscle adaptation","BP",1
"GO:0014896",0.999999999999999,0.470405182341753,0,1,"muscle hypertrophy","BP",1
"GO:0014897",0.999999999999999,0.470405182341753,0,1,"striated muscle hypertrophy","BP",1
"GO:0014898",0.999999999999999,0.470405182341753,0,1,"cardiac muscle hypertrophy in response to stress","BP",1
"GO:0016076",0.999999999999999,0.47159170099595,0,1,"snRNA catabolic process","BP",1
"GO:0031509",0.999999999999999,0.470405182341753,0,1,"subtelomeric heterochromatin formation","BP",1
"GO:0035519",0.999999999999999,0.457411615917499,0,1,"protein K29-linked ubiquitination","BP",1
"GO:0035983",0.999999999999999,0.470405182341753,0,1,"response to trichostatin A","BP",1
"GO:0035984",0.999999999999999,0.470405182341753,0,1,"cellular response to trichostatin A","BP",1
"GO:0036333",0.999999999999999,0.470405182341753,0,1,"hepatocyte homeostasis","BP",1
"GO:0043403",0.999999999999999,0.470405182341753,0,1,"skeletal muscle tissue regeneration","BP",1
"GO:0043500",0.999999999999999,0.470405182341753,0,1,"muscle adaptation","BP",1
"GO:0044314",0.999999999999999,0.457411615917499,0,1,"protein K27-linked ubiquitination","BP",1
"GO:0046031",0.999999999999999,0.216537417668826,0,2,"ADP metabolic process","BP",1
"GO:0048102",0.999999999999999,0.21753058449484,0,2,"autophagic cell death","BP",1
"GO:0048385",0.999999999999999,0.470405182341753,0,1,"regulation of retinoic acid receptor signaling pathway","BP",1
"GO:0048387",0.999999999999999,0.470405182341753,0,1,"negative regulation of retinoic acid receptor signaling pathway","BP",1
"GO:0051154",0.999999999999999,0.470405182341753,0,1,"negative regulation of striated muscle cell differentiation","BP",1
"GO:0051932",0.999999999999999,0.470405182341753,0,1,"synaptic transmission, GABAergic","BP",1
"GO:0070314",0.999999999999999,0.470405182341753,0,1,"G1 to G0 transition","BP",1
"GO:0070979",0.999999999999999,0.457411615917499,0,1,"protein K11-linked ubiquitination","BP",1
"GO:0071236",0.999999999999999,0.470405182341753,0,1,"cellular response to antibiotic","BP",1
"GO:0085020",0.999999999999999,0.457411615917499,0,1,"protein K6-linked ubiquitination","BP",1
"GO:0090183",0.999999999999999,0.470405182341753,0,1,"regulation of kidney development","BP",1
"GO:0140718",0.999999999999999,0.470405182341753,0,1,"facultative heterochromatin formation","BP",1
"GO:0140719",0.999999999999999,0.470405182341753,0,1,"constitutive heterochromatin formation","BP",1
"GO:1904772",0.999999999999999,0.470405182341753,0,1,"response to tetrachloromethane","BP",1
"GO:2000736",0.999999999999999,0.470405182341753,0,1,"regulation of stem cell differentiation","BP",1
"GO:2000737",0.999999999999999,0.470405182341753,0,1,"negative regulation of stem cell differentiation","BP",1
"GO:0000184",1,0.458886384251628,0,1,"nuclear-transcribed mRNA catabolic process, nonsense-mediated decay","BP",1
"GO:0000712",1,0.222113182069158,0,2,"resolution of meiotic recombination intermediates","BP",1
"GO:0000729",1,0.219261515372738,0,2,"DNA double-strand break processing","BP",1
"GO:0002230",1,0.458886384251628,0,1,"positive regulation of defense response to virus by host","BP",1
"GO:0006620",1,0.203369430844285,0,2,"post-translational protein targeting to endoplasmic reticulum membrane","BP",1
"GO:0006809",1,0.0997449141193095,0,3,"nitric oxide biosynthetic process","BP",1
"GO:0007520",1,0.222111128213967,0,2,"myoblast fusion","BP",1
"GO:0010587",1,0.458886384251628,0,1,"miRNA catabolic process","BP",1
"GO:0010884",1,0.458886384251628,0,1,"positive regulation of lipid storage","BP",1
"GO:0015780",1,0.47159205395432,0,1,"nucleotide-sugar transmembrane transport","BP",1
"GO:0015786",1,0.47159205395432,0,1,"UDP-glucose transmembrane transport","BP",1
"GO:0016239",1,0.101039079642045,0,3,"positive regulation of macroautophagy","BP",1
"GO:0019530",1,0.469733360125985,0,1,"taurine metabolic process","BP",1
"GO:0019694",1,0.469733360125985,0,1,"alkanesulfonate metabolic process","BP",1
"GO:0030167",1,0.471505765707714,0,1,"proteoglycan catabolic process","BP",1
"GO:0030200",1,0.471505765707714,0,1,"heparan sulfate proteoglycan catabolic process","BP",1
"GO:0030222",1,0.469733360125985,0,1,"eosinophil differentiation","BP",1
"GO:0030317",1,0.45516118097344,0,1,"flagellated sperm motility","BP",1
"GO:0031338",1,0.213997609021871,0,2,"regulation of vesicle fusion","BP",1
"GO:0032069",1,0.220296538434457,0,2,"regulation of nuclease activity","BP",1
"GO:0035771",1,0.469733360125985,0,1,"interleukin-4-mediated signaling pathway","BP",1
"GO:0035879",1,0.469328595373487,0,1,"plasma membrane lactate transport","BP",1
"GO:0036446",1,0.471591115134182,0,1,"myofibroblast differentiation","BP",1
"GO:0038043",1,0.469733360125985,0,1,"interleukin-5-mediated signaling pathway","BP",1
"GO:0038110",1,0.469733360125985,0,1,"interleukin-2-mediated signaling pathway","BP",1
"GO:0042759",1,0.469965517022223,0,1,"long-chain fatty acid biosynthetic process","BP",1
"GO:0043536",1,0.469733360125985,0,1,"positive regulation of blood vessel endothelial cell migration","BP",1
"GO:0044793",1,0.458886384251628,0,1,"negative regulation by host of viral process","BP",1
"GO:0044828",1,0.458886384251628,0,1,"negative regulation by host of viral genome replication","BP",1
"GO:0045019",1,0.458886384251628,0,1,"negative regulation of nitric oxide biosynthetic process","BP",1
"GO:0045428",1,0.0997449141193095,0,3,"regulation of nitric oxide biosynthetic process","BP",1
"GO:0045472",1,0.458886384251628,0,1,"response to ether","BP",1
"GO:0045616",1,0.103839171854015,0,3,"regulation of keratinocyte differentiation","BP",1
"GO:0045822",1,0.458886384251628,0,1,"negative regulation of heart contraction","BP",1
"GO:0045932",1,0.458886384251628,0,1,"negative regulation of muscle contraction","BP",1
"GO:0045988",1,0.458886384251628,0,1,"negative regulation of striated muscle contraction","BP",1
"GO:0046209",1,0.0997449141193095,0,3,"nitric oxide metabolic process","BP",1
"GO:0050691",1,0.458886384251628,0,1,"regulation of defense response to virus by host","BP",1
"GO:0055118",1,0.458886384251628,0,1,"negative regulation of cardiac muscle contraction","BP",1
"GO:0060396",1,0.469733360125985,0,1,"growth hormone receptor signaling pathway","BP",1
"GO:0060397",1,0.469733360125985,0,1,"growth hormone receptor signaling pathway via JAK-STAT","BP",1
"GO:0060416",1,0.469733360125985,0,1,"response to growth hormone","BP",1
"GO:0060700",1,0.220296538434457,0,2,"regulation of ribonuclease activity","BP",1
"GO:0061158",1,0.458886384251628,0,1,"3'-UTR-mediated mRNA destabilization","BP",1
"GO:0070669",1,0.469733360125985,0,1,"response to interleukin-2","BP",1
"GO:0071352",1,0.469733360125985,0,1,"cellular response to interleukin-2","BP",1
"GO:0071361",1,0.471591115134182,0,1,"cellular response to ethanol","BP",1
"GO:0071362",1,0.458886384251628,0,1,"cellular response to ether","BP",1
"GO:0071378",1,0.469733360125985,0,1,"cellular response to growth hormone stimulus","BP",1
"GO:0071398",1,0.458886384251628,0,1,"cellular response to fatty acid","BP",1
"GO:0071447",1,0.471591115134182,0,1,"cellular response to hydroperoxide","BP",1
"GO:0072702",1,0.471591115134182,0,1,"response to methyl methanesulfonate","BP",1
"GO:0072703",1,0.471591115134182,0,1,"cellular response to methyl methanesulfonate","BP",1
"GO:0080164",1,0.0997449141193095,0,3,"regulation of nitric oxide metabolic process","BP",1
"GO:0090085",1,0.458886384251628,0,1,"regulation of protein deubiquitination","BP",1
"GO:0090481",1,0.47159205395432,0,1,"pyrimidine nucleotide-sugar transmembrane transport","BP",1
"GO:0097722",1,0.45516118097344,0,1,"sperm motility","BP",1
"GO:1900117",1,0.458886384251628,0,1,"regulation of execution phase of apoptosis","BP",1
"GO:1900119",1,0.458886384251628,0,1,"positive regulation of execution phase of apoptosis","BP",1
"GO:1901879",1,0.0487175995239976,0,4,"regulation of protein depolymerization","BP",1
"GO:1901880",1,0.0487175995239976,0,4,"negative regulation of protein depolymerization","BP",1
"GO:1903003",1,0.458886384251628,0,1,"positive regulation of protein deubiquitination","BP",1
"GO:1903523",1,0.458886384251628,0,1,"negative regulation of blood circulation","BP",1
"GO:1903748",1,0.45516118097344,0,1,"negative regulation of establishment of protein localization to mitochondrion","BP",1
"GO:1903935",1,0.458886384251628,0,1,"response to sodium arsenite","BP",1
"GO:1903936",1,0.458886384251628,0,1,"cellular response to sodium arsenite","BP",1
"GO:1904406",1,0.458886384251628,0,1,"negative regulation of nitric oxide metabolic process","BP",1
"GO:1904636",1,0.458886384251628,0,1,"response to ionomycin","BP",1
"GO:1904637",1,0.458886384251628,0,1,"cellular response to ionomycin","BP",1
"GO:1904760",1,0.471591115134182,0,1,"regulation of myofibroblast differentiation","BP",1
"GO:1904761",1,0.471591115134182,0,1,"negative regulation of myofibroblast differentiation","BP",1
"GO:1905258",1,0.45516118097344,0,1,"regulation of nitrosative stress-induced intrinsic apoptotic signaling pathway","BP",1
"GO:1905259",1,0.45516118097344,0,1,"negative regulation of nitrosative stress-induced intrinsic apoptotic signaling pathway","BP",1
"GO:2000232",1,0.0998102645972116,0,3,"regulation of rRNA processing","BP",1
"GO:2000234",1,0.0998102645972116,0,3,"positive regulation of rRNA processing","BP",1
"GO:2000625",1,0.458886384251628,0,1,"regulation of miRNA catabolic process","BP",1
"GO:2000627",1,0.458886384251628,0,1,"positive regulation of miRNA catabolic process","BP",1
"GO:2001057",1,0.0997449141193095,0,3,"reactive nitrogen species metabolic process","BP",1
"GO:0000255",1,0.471592053954396,0,1,"allantoin metabolic process","BP",1
"GO:0001732",1,0.471592025153992,0,1,"formation of cytoplasmic translation initiation complex","BP",1
"GO:0001973",1,0.471592053954396,0,1,"G protein-coupled adenosine receptor signaling pathway","BP",1
"GO:0002027",1,0.471592053954396,0,1,"regulation of heart rate","BP",1
"GO:0002314",1,0.471592053954396,0,1,"germinal center B cell differentiation","BP",1
"GO:0002634",1,0.471592053954396,0,1,"regulation of germinal center formation","BP",1
"GO:0002636",1,0.471592053954396,0,1,"positive regulation of germinal center formation","BP",1
"GO:0002901",1,0.471592053954396,0,1,"mature B cell apoptotic process","BP",1
"GO:0002905",1,0.471592053954396,0,1,"regulation of mature B cell apoptotic process","BP",1
"GO:0002906",1,0.471592053954396,0,1,"negative regulation of mature B cell apoptotic process","BP",1
"GO:0002934",1,0.471566485421401,0,1,"desmosome organization","BP",1
"GO:0006098",1,0.471592053954899,0,1,"pentose-phosphate shunt","BP",1
"GO:0006144",1,0.471592053954396,0,1,"purine nucleobase metabolic process","BP",1
"GO:0006152",1,0.471592053954396,0,1,"purine nucleoside catabolic process","BP",1
"GO:0006154",1,0.471592053954396,0,1,"adenosine catabolic process","BP",1
"GO:0006157",1,0.471592053954396,0,1,"deoxyadenosine catabolic process","BP",1
"GO:0006167",1,0.471592053954396,0,1,"AMP biosynthetic process","BP",1
"GO:0006196",1,0.221019233338381,0,2,"AMP catabolic process","BP",1
"GO:0006284",1,0.0993186115791593,0,3,"base-excision repair","BP",1
"GO:0006705",1,0.471592053955593,0,1,"mineralocorticoid biosynthetic process","BP",1
"GO:0006740",1,0.471592053954899,0,1,"NADPH regeneration","BP",1
"GO:0007617",1,0.471592053954396,0,1,"mating behavior","BP",1
"GO:0007620",1,0.471592053954396,0,1,"copulation","BP",1
"GO:0008212",1,0.471592053955593,0,1,"mineralocorticoid metabolic process","BP",1
"GO:0009052",1,0.471592053954899,0,1,"pentose-phosphate shunt, non-oxidative branch","BP",1
"GO:0009113",1,0.471592053954396,0,1,"purine nucleobase biosynthetic process","BP",1
"GO:0009119",1,0.471592053954396,0,1,"ribonucleoside metabolic process","BP",1
"GO:0009128",1,0.221019233338381,0,2,"purine nucleoside monophosphate catabolic process","BP",1
"GO:0009143",1,0.471592053954396,0,1,"nucleoside triphosphate catabolic process","BP",1
"GO:0009146",1,0.471592053954396,0,1,"purine nucleoside triphosphate catabolic process","BP",1
"GO:0009151",1,0.471592053954396,0,1,"purine deoxyribonucleotide metabolic process","BP",1
"GO:0009155",1,0.471592053954396,0,1,"purine deoxyribonucleotide catabolic process","BP",1
"GO:0009158",1,0.221019233338381,0,2,"ribonucleoside monophosphate catabolic process","BP",1
"GO:0009164",1,0.471592053954396,0,1,"nucleoside catabolic process","BP",1
"GO:0009169",1,0.221019233338381,0,2,"purine ribonucleoside monophosphate catabolic process","BP",1
"GO:0009170",1,0.471592053954396,0,1,"purine deoxyribonucleoside monophosphate metabolic process","BP",1
"GO:0009172",1,0.471592053954396,0,1,"purine deoxyribonucleoside monophosphate catabolic process","BP",1
"GO:0009200",1,0.471592053954396,0,1,"deoxyribonucleoside triphosphate metabolic process","BP",1
"GO:0009204",1,0.471592053954396,0,1,"deoxyribonucleoside triphosphate catabolic process","BP",1
"GO:0009215",1,0.471592053954396,0,1,"purine deoxyribonucleoside triphosphate metabolic process","BP",1
"GO:0009217",1,0.471592053954396,0,1,"purine deoxyribonucleoside triphosphate catabolic process","BP",1
"GO:0010460",1,0.471592053954396,0,1,"positive regulation of heart rate","BP",1
"GO:0010838",1,0.20931702596295,0,2,"positive regulation of keratinocyte proliferation","BP",1
"GO:0019098",1,0.471592053954396,0,1,"reproductive behavior","BP",1
"GO:0032261",1,0.221019233338381,0,2,"purine nucleotide salvage","BP",1
"GO:0032263",1,0.471592053954396,0,1,"GMP salvage","BP",1
"GO:0032341",1,0.471592053955593,0,1,"aldosterone metabolic process","BP",1
"GO:0032342",1,0.471592053955593,0,1,"aldosterone biosynthetic process","BP",1
"GO:0032941",1,0.471592053954396,0,1,"secretion by tissue","BP",1
"GO:0033089",1,0.471592053954396,0,1,"positive regulation of T cell differentiation in thymus","BP",1
"GO:0033119",1,0.221327852346322,0,2,"negative regulation of RNA splicing","BP",1
"GO:0034656",1,0.471592053954396,0,1,"nucleobase-containing small molecule catabolic process","BP",1
"GO:0035588",1,0.471592053954396,0,1,"G protein-coupled purinergic receptor signaling pathway","BP",1
"GO:0035864",1,0.471592053955593,0,1,"response to potassium ion","BP",1
"GO:0035865",1,0.471592053955593,0,1,"cellular response to potassium ion","BP",1
"GO:0042451",1,0.471592053954396,0,1,"purine nucleoside biosynthetic process","BP",1
"GO:0042454",1,0.471592053954396,0,1,"ribonucleoside catabolic process","BP",1
"GO:0042455",1,0.471592053954396,0,1,"ribonucleoside biosynthetic process","BP",1
"GO:0042774",1,0.449532355050934,0,1,"plasma membrane ATP synthesis coupled electron transport","BP",1
"GO:0043084",1,0.471592053954396,0,1,"penile erection","BP",1
"GO:0043096",1,0.471592053954396,0,1,"purine nucleobase salvage","BP",1
"GO:0043101",1,0.221019233338381,0,2,"purine-containing compound salvage","BP",1
"GO:0043103",1,0.471592053954396,0,1,"hypoxanthine salvage","BP",1
"GO:0043173",1,0.221019233338381,0,2,"nucleotide salvage","BP",1
"GO:0043605",1,0.471592053954396,0,1,"amide catabolic process","BP",1
"GO:0044209",1,0.471592053954396,0,1,"AMP salvage","BP",1
"GO:0045722",1,0.471583520613719,0,1,"positive regulation of gluconeogenesis","BP",1
"GO:0045823",1,0.471592053954396,0,1,"positive regulation of heart contraction","BP",1
"GO:0046053",1,0.471592053954396,0,1,"dAMP metabolic process","BP",1
"GO:0046059",1,0.471592053954396,0,1,"dAMP catabolic process","BP",1
"GO:0046060",1,0.471592053954396,0,1,"dATP metabolic process","BP",1
"GO:0046061",1,0.471592053954396,0,1,"dATP catabolic process","BP",1
"GO:0046085",1,0.471592053954396,0,1,"adenosine metabolic process","BP",1
"GO:0046090",1,0.471592053954396,0,1,"deoxyadenosine metabolic process","BP",1
"GO:0046100",1,0.471592053954396,0,1,"hypoxanthine metabolic process","BP",1
"GO:0046101",1,0.471592053954396,0,1,"hypoxanthine biosynthetic process","BP",1
"GO:0046102",1,0.471592053954396,0,1,"inosine metabolic process","BP",1
"GO:0046103",1,0.471592053954396,0,1,"inosine biosynthetic process","BP",1
"GO:0046110",1,0.471592053954396,0,1,"xanthine metabolic process","BP",1
"GO:0046111",1,0.471592053954396,0,1,"xanthine biosynthetic process","BP",1
"GO:0046112",1,0.471592053954396,0,1,"nucleobase biosynthetic process","BP",1
"GO:0046121",1,0.471592053954396,0,1,"deoxyribonucleoside catabolic process","BP",1
"GO:0046122",1,0.471592053954396,0,1,"purine deoxyribonucleoside metabolic process","BP",1
"GO:0046124",1,0.471592053954396,0,1,"purine deoxyribonucleoside catabolic process","BP",1
"GO:0046128",1,0.471592053954396,0,1,"purine ribonucleoside metabolic process","BP",1
"GO:0046129",1,0.471592053954396,0,1,"purine ribonucleoside biosynthetic process","BP",1
"GO:0046130",1,0.471592053954396,0,1,"purine ribonucleoside catabolic process","BP",1
"GO:0046166",1,0.471592053954899,0,1,"glyceraldehyde-3-phosphate biosynthetic process","BP",1
"GO:0048025",1,0.469926437068011,0,1,"negative regulation of mRNA splicing, via spliceosome","BP",1
"GO:0048537",1,0.471592053954396,0,1,"mucosa-associated lymphoid tissue development","BP",1
"GO:0048541",1,0.471592053954396,0,1,"Peyer's patch development","BP",1
"GO:0050686",1,0.469926437068011,0,1,"negative regulation of mRNA processing","BP",1
"GO:0051153",1,0.219886643401265,0,2,"regulation of striated muscle cell differentiation","BP",1
"GO:0051167",1,0.471592053954899,0,1,"xylulose 5-phosphate metabolic process","BP",1
"GO:0060046",1,0.471592053955593,0,1,"regulation of acrosome reaction","BP",1
"GO:0060167",1,0.471592053954396,0,1,"regulation of adenosine receptor signaling pathway","BP",1
"GO:0060169",1,0.471592053954396,0,1,"negative regulation of adenosine receptor signaling pathway","BP",1
"GO:0060405",1,0.471592053954396,0,1,"regulation of penile erection","BP",1
"GO:0060407",1,0.471592053954396,0,1,"negative regulation of penile erection","BP",1
"GO:0060428",1,0.469926437068011,0,1,"lung epithelium development","BP",1
"GO:0060501",1,0.469926437068011,0,1,"positive regulation of epithelial cell proliferation involved in lung morphogenesis","BP",1
"GO:0060502",1,0.469926437068011,0,1,"epithelial cell proliferation involved in lung morphogenesis","BP",1
"GO:0070233",1,0.471592053954396,0,1,"negative regulation of T cell apoptotic process","BP",1
"GO:0070242",1,0.471592053954396,0,1,"thymocyte apoptotic process","BP",1
"GO:0070243",1,0.471592053954396,0,1,"regulation of thymocyte apoptotic process","BP",1
"GO:0070244",1,0.471592053954396,0,1,"negative regulation of thymocyte apoptotic process","BP",1
"GO:0070254",1,0.471592053954396,0,1,"mucus secretion","BP",1
"GO:0070255",1,0.471592053954396,0,1,"regulation of mucus secretion","BP",1
"GO:0070256",1,0.471592053954396,0,1,"negative regulation of mucus secretion","BP",1
"GO:0070509",1,0.471592053955593,0,1,"calcium ion import","BP",1
"GO:0098703",1,0.471592053955593,0,1,"calcium ion import across plasma membrane","BP",1
"GO:0106380",1,0.221019233338381,0,2,"purine ribonucleotide salvage","BP",1
"GO:1901159",1,0.471592053954899,0,1,"xylulose 5-phosphate biosynthetic process","BP",1
"GO:1901658",1,0.471592053954396,0,1,"glycosyl compound catabolic process","BP",1
"GO:1903524",1,0.471592053954396,0,1,"positive regulation of blood circulation","BP",1
"GO:1904424",1,0.219334871273036,0,2,"regulation of GTP binding","BP",1
"GO:1905097",1,0.219334871273036,0,2,"regulation of guanyl-nucleotide exchange factor activity","BP",1
"GO:1905098",1,0.219334871273036,0,2,"negative regulation of guanyl-nucleotide exchange factor activity","BP",1
"GO:1905521",1,0.217942077211121,0,2,"regulation of macrophage migration","BP",1
"GO:2000344",1,0.471592053955593,0,1,"positive regulation of acrosome reaction","BP",1
"GO:2000794",1,0.469926437068011,0,1,"regulation of epithelial cell proliferation involved in lung morphogenesis","BP",1
"GO:0000395",1,0.219206350286096,0,2,"mRNA 5'-splice site recognition","BP",1
"GO:0001778",1,0.100651802325556,0,3,"plasma membrane repair","BP",1
"GO:0002526",1,0.196285642480667,0,2,"acute inflammatory response","BP",1
"GO:0006177",1,0.221940772842471,0,2,"GMP biosynthetic process","BP",1
"GO:0006268",1,0.217954368663118,0,2,"DNA unwinding involved in DNA replication","BP",1
"GO:0006659",1,0.471325409874559,0,1,"phosphatidylserine biosynthetic process","BP",1
"GO:0009299",1,0.0476097748144242,0,4,"mRNA transcription","BP",1
"GO:0009386",1,0.47054509793674,0,1,"translational attenuation","BP",1
"GO:0010837",1,0.04512232277253,0,4,"regulation of keratinocyte proliferation","BP",1
"GO:0014029",1,0.221760918257873,0,2,"neural crest formation","BP",1
"GO:0016128",1,0.46003001772045,0,1,"phytosteroid metabolic process","BP",1
"GO:0016129",1,0.46003001772045,0,1,"phytosteroid biosynthetic process","BP",1
"GO:0016131",1,0.46003001772045,0,1,"brassinosteroid metabolic process","BP",1
"GO:0016132",1,0.46003001772045,0,1,"brassinosteroid biosynthetic process","BP",1
"GO:0019068",1,0.471592053954396,0,1,"virion assembly","BP",1
"GO:0019076",1,0.471592053954396,0,1,"viral release from host cell","BP",1
"GO:0019418",1,0.440180613566741,0,1,"sulfide oxidation","BP",1
"GO:0021575",1,0.471592053955636,0,1,"hindbrain morphogenesis","BP",1
"GO:0021587",1,0.471592053955636,0,1,"cerebellum morphogenesis","BP",1
"GO:0021680",1,0.471592053955636,0,1,"cerebellar Purkinje cell layer development","BP",1
"GO:0021692",1,0.471592053955636,0,1,"cerebellar Purkinje cell layer morphogenesis","BP",1
"GO:0021696",1,0.471592053955636,0,1,"cerebellar cortex morphogenesis","BP",1
"GO:0030857",1,0.220770198049073,0,2,"negative regulation of epithelial cell differentiation","BP",1
"GO:0031468",1,0.471592053954396,0,1,"nuclear membrane reassembly","BP",1
"GO:0032011",1,0.47159205395505,0,1,"ARF protein signal transduction","BP",1
"GO:0032012",1,0.47159205395505,0,1,"regulation of ARF protein signal transduction","BP",1
"GO:0032510",1,0.471592053954396,0,1,"endosome to lysosome transport via multivesicular body sorting pathway","BP",1
"GO:0033489",1,0.46003001772045,0,1,"cholesterol biosynthetic process via desmosterol","BP",1
"GO:0033490",1,0.46003001772045,0,1,"cholesterol biosynthetic process via lathosterol","BP",1
"GO:0035272",1,0.212553829041181,0,2,"exocrine system development","BP",1
"GO:0035891",1,0.471592053954396,0,1,"exit from host cell","BP",1
"GO:0038128",1,0.202180271340768,0,2,"ERBB2 signaling pathway","BP",1
"GO:0038134",1,0.202180271340768,0,2,"ERBB2-EGFR signaling pathway","BP",1
"GO:0039702",1,0.471592053954396,0,1,"viral budding via host ESCRT complex","BP",1
"GO:0042149",1,0.215812188172897,0,2,"cellular response to glucose starvation","BP",1
"GO:0042398",1,0.471325409874559,0,1,"cellular modified amino acid biosynthetic process","BP",1
"GO:0042789",1,0.0476097748144242,0,4,"mRNA transcription by RNA polymerase II","BP",1
"GO:0043616",1,0.04512232277253,0,4,"keratinocyte proliferation","BP",1
"GO:0045056",1,0.215248134571319,0,2,"transcytosis","BP",1
"GO:0045292",1,0.219206350286096,0,2,"mRNA cis splicing, via spliceosome","BP",1
"GO:0045605",1,0.220770198049073,0,2,"negative regulation of epidermal cell differentiation","BP",1
"GO:0045617",1,0.220770198049073,0,2,"negative regulation of keratinocyte differentiation","BP",1
"GO:0045652",1,0.204247342764702,0,2,"regulation of megakaryocyte differentiation","BP",1
"GO:0045653",1,0.43609736496231,0,1,"negative regulation of megakaryocyte differentiation","BP",1
"GO:0045683",1,0.220770198049073,0,2,"negative regulation of epidermis development","BP",1
"GO:0046037",1,0.221940772842471,0,2,"GMP metabolic process","BP",1
"GO:0046697",1,0.204834678232479,0,2,"decidualization","BP",1
"GO:0046753",1,0.471592053954396,0,1,"non-lytic viral release","BP",1
"GO:0046755",1,0.471592053954396,0,1,"viral budding","BP",1
"GO:0046761",1,0.471592053954396,0,1,"viral budding from plasma membrane","BP",1
"GO:0051469",1,0.471592053954396,0,1,"vesicle fusion with vacuole","BP",1
"GO:0060020",1,0.458390223175544,0,1,"Bergmann glial cell differentiation","BP",1
"GO:0061763",1,0.471592053954396,0,1,"multivesicular body-lysosome fusion","BP",1
"GO:0061952",1,0.471592053954396,0,1,"midbody abscission","BP",1
"GO:0070221",1,0.440180613566741,0,1,"sulfide oxidation, using sulfide:quinone oxidoreductase","BP",1
"GO:0070307",1,0.458390223175544,0,1,"lens fiber cell development","BP",1
"GO:0070475",1,0.217420888782619,0,2,"rRNA base methylation","BP",1
"GO:0071225",1,0.458390223175544,0,1,"cellular response to muramyl dipeptide","BP",1
"GO:0071609",1,0.218583148921297,0,2,"chemokine (C-C motif) ligand 5 production","BP",1
"GO:0071649",1,0.218583148921297,0,2,"regulation of chemokine (C-C motif) ligand 5 production","BP",1
"GO:0072344",1,0.103296643234406,0,3,"rescue of stalled ribosome","BP",1
"GO:0097212",1,0.471592053954396,0,1,"lysosomal membrane organization","BP",1
"GO:0097250",1,0.443805656504658,0,1,"mitochondrial respirasome assembly","BP",1
"GO:0097576",1,0.471592053954396,0,1,"vacuole fusion","BP",1
"GO:0120180",1,0.47159205395505,0,1,"cell-substrate junction disassembly","BP",1
"GO:0120181",1,0.47159205395505,0,1,"focal adhesion disassembly","BP",1
"GO:0120182",1,0.47159205395505,0,1,"regulation of focal adhesion disassembly","BP",1
"GO:0120183",1,0.47159205395505,0,1,"positive regulation of focal adhesion disassembly","BP",1
"GO:0150093",1,0.215248134571319,0,2,"amyloid-beta clearance by transcytosis","BP",1
"GO:0150117",1,0.47159205395505,0,1,"positive regulation of cell-substrate junction organization","BP",1
"GO:0160063",1,0.443805656504658,0,1,"multi-pass transmembrane protein insertion into ER membrane","BP",1
"GO:1900245",1,0.215565817051238,0,2,"positive regulation of MDA-5 signaling pathway","BP",1
"GO:1902774",1,0.471592053954396,0,1,"late endosome to lysosome transport","BP",1
"GO:1904896",1,0.471592053954396,0,1,"ESCRT complex disassembly","BP",1
"GO:1904903",1,0.471592053954396,0,1,"ESCRT III complex disassembly","BP",1
"GO:2000243",1,0.214046197585483,0,2,"positive regulation of reproductive process","BP",1
"GO:0000245",1,0.0226434292128229,0,5,"spliceosomal complex assembly","BP",1
"GO:0006101",1,0.469797986926995,0,1,"citrate metabolic process","BP",1
"GO:0006107",1,0.469797986926995,0,1,"oxaloacetate metabolic process","BP",1
"GO:0006376",1,0.0226434292128229,0,5,"mRNA splice site recognition","BP",1
"GO:0006384",1,0.462474574697376,0,1,"transcription initiation at RNA polymerase III promoter","BP",1
"GO:0009127",1,0.10388128017885,0,3,"purine nucleoside monophosphate biosynthetic process","BP",1
"GO:0009137",1,0.459766690637441,0,1,"purine nucleoside diphosphate catabolic process","BP",1
"GO:0009156",1,0.10388128017885,0,3,"ribonucleoside monophosphate biosynthetic process","BP",1
"GO:0009168",1,0.10388128017885,0,3,"purine ribonucleoside monophosphate biosynthetic process","BP",1
"GO:0009181",1,0.459766690637441,0,1,"purine ribonucleoside diphosphate catabolic process","BP",1
"GO:0010656",1,0.101511770023724,0,3,"negative regulation of muscle cell apoptotic process","BP",1
"GO:0018158",1,0.454760660554448,0,1,"protein oxidation","BP",1
"GO:0018171",1,0.454760660554448,0,1,"peptidyl-cysteine oxidation","BP",1
"GO:0030220",1,0.10447336838416,0,3,"platelet formation","BP",1
"GO:0032469",1,0.467875424235607,0,1,"endoplasmic reticulum calcium ion homeostasis","BP",1
"GO:0032470",1,0.467875424235607,0,1,"positive regulation of endoplasmic reticulum calcium ion concentration","BP",1
"GO:0032691",1,0.212364870567506,0,2,"negative regulation of interleukin-1 beta production","BP",1
"GO:0032692",1,0.212364870567506,0,2,"negative regulation of interleukin-1 production","BP",1
"GO:0035268",1,0.467875424235607,0,1,"protein mannosylation","BP",1
"GO:0035269",1,0.467875424235607,0,1,"protein O-linked mannosylation","BP",1
"GO:0036344",1,0.10447336838416,0,3,"platelet morphogenesis","BP",1
"GO:0043094",1,0.103855243185172,0,3,"cellular metabolic compound salvage","BP",1
"GO:0045047",1,0.0899325125496478,0,3,"protein targeting to ER","BP",1
"GO:0045604",1,0.0479536558125334,0,4,"regulation of epidermal cell differentiation","BP",1
"GO:0046032",1,0.459766690637441,0,1,"ADP catabolic process","BP",1
"GO:0046707",1,0.459766690637441,0,1,"IDP metabolic process","BP",1
"GO:0046709",1,0.459766690637441,0,1,"IDP catabolic process","BP",1
"GO:0071027",1,0.213340992721284,0,2,"nuclear RNA surveillance","BP",1
"GO:0072384",1,0.101398620504617,0,3,"organelle transport along microtubule","BP",1
"GO:0072599",1,0.0899325125496478,0,3,"establishment of protein localization to endoplasmic reticulum","BP",1
"GO:0090313",1,0.0998949277439588,0,3,"regulation of protein targeting to membrane","BP",1
"GO:0090314",1,0.0998949277439588,0,3,"positive regulation of protein targeting to membrane","BP",1
"GO:0097502",1,0.467875424235607,0,1,"mannosylation","BP",1
"GO:1905584",1,0.467875424235607,0,1,"outer hair cell apoptotic process","BP",1
"GO:0000054",1,0.0210019370392768,0,5,"ribosomal subunit export from nucleus","BP",1
"GO:0000055",1,0.217511337235444,0,2,"ribosomal large subunit export from nucleus","BP",1
"GO:0000956",1,0.0927019798427965,0,3,"nuclear-transcribed mRNA catabolic process","BP",1
"GO:0001708",1,0.22211322067968,0,2,"cell fate specification","BP",1
"GO:0001767",1,0.471587616241721,0,1,"establishment of lymphocyte polarity","BP",1
"GO:0001768",1,0.471587616241721,0,1,"establishment of T cell polarity","BP",1
"GO:0001829",1,0.212126942861875,0,2,"trophectodermal cell differentiation","BP",1
"GO:0001947",1,0.461799091933509,0,1,"heart looping","BP",1
"GO:0002053",1,0.47159205395518,0,1,"positive regulation of mesenchymal cell proliferation","BP",1
"GO:0002693",1,0.471587616241721,0,1,"positive regulation of cellular extravasation","BP",1
"GO:0002943",1,0.454989744969094,0,1,"tRNA dihydrouridine synthesis","BP",1
"GO:0003143",1,0.461799091933509,0,1,"embryonic heart tube morphogenesis","BP",1
"GO:0006122",1,0.208864944248129,0,2,"mitochondrial electron transport, ubiquinol to cytochrome c","BP",1
"GO:0006264",1,0.471543659197077,0,1,"mitochondrial DNA replication","BP",1
"GO:0006266",1,0.221758894629871,0,2,"DNA ligation","BP",1
"GO:0006349",1,0.471592053954356,0,1,"regulation of gene expression by genomic imprinting","BP",1
"GO:0006612",1,0.0201503945313688,0,5,"protein targeting to membrane","BP",1
"GO:0006983",1,0.442761991957998,0,1,"ER overload response","BP",1
"GO:0007019",1,0.217857372788849,0,2,"microtubule depolymerization","BP",1
"GO:0007026",1,0.469489626095479,0,1,"negative regulation of microtubule depolymerization","BP",1
"GO:0008088",1,0.219849748239875,0,2,"axo-dendritic transport","BP",1
"GO:0009126",1,0.0487999312520032,0,4,"purine nucleoside monophosphate metabolic process","BP",1
"GO:0009161",1,0.0487999312520032,0,4,"ribonucleoside monophosphate metabolic process","BP",1
"GO:0009167",1,0.0487999312520032,0,4,"purine ribonucleoside monophosphate metabolic process","BP",1
"GO:0009584",1,0.217794994786147,0,2,"detection of visible light","BP",1
"GO:0010359",1,0.471592053954308,0,1,"regulation of anion channel activity","BP",1
"GO:0010463",1,0.47159205395518,0,1,"mesenchymal cell proliferation","BP",1
"GO:0010464",1,0.47159205395518,0,1,"regulation of mesenchymal cell proliferation","BP",1
"GO:0010657",1,0.0466995831878718,0,4,"muscle cell apoptotic process","BP",1
"GO:0010660",1,0.0466995831878718,0,4,"regulation of muscle cell apoptotic process","BP",1
"GO:0010746",1,0.47159205395518,0,1,"regulation of long-chain fatty acid import across plasma membrane","BP",1
"GO:0010748",1,0.47159205395518,0,1,"negative regulation of long-chain fatty acid import across plasma membrane","BP",1
"GO:0010839",1,0.461799091933509,0,1,"negative regulation of keratinocyte proliferation","BP",1
"GO:0015697",1,0.467128342153047,0,1,"quaternary ammonium group transport","BP",1
"GO:0015700",1,0.445804445185898,0,1,"arsenite transport","BP",1
"GO:0015755",1,0.464637575944811,0,1,"fructose transmembrane transport","BP",1
"GO:0015871",1,0.467128342153047,0,1,"choline transport","BP",1
"GO:0015911",1,0.47159205395518,0,1,"long-chain fatty acid import across plasma membrane","BP",1
"GO:0016048",1,0.469489626095479,0,1,"detection of temperature stimulus","BP",1
"GO:0016233",1,0.100428207301044,0,3,"telomere capping","BP",1
"GO:0019732",1,0.437879175928493,0,1,"antifungal humoral response","BP",1
"GO:0022612",1,0.20931702596273,0,2,"gland morphogenesis","BP",1
"GO:0030834",1,0.10417168147303,0,3,"regulation of actin filament depolymerization","BP",1
"GO:0030835",1,0.10417168147303,0,3,"negative regulation of actin filament depolymerization","BP",1
"GO:0030837",1,0.10417168147303,0,3,"negative regulation of actin filament polymerization","BP",1
"GO:0031111",1,0.469489626095479,0,1,"negative regulation of microtubule polymerization or depolymerization","BP",1
"GO:0031114",1,0.469489626095479,0,1,"regulation of microtubule depolymerization","BP",1
"GO:0031122",1,0.451082213333178,0,1,"cytoplasmic microtubule organization","BP",1
"GO:0031144",1,0.451082213333178,0,1,"proteasome localization","BP",1
"GO:0031998",1,0.47159205395518,0,1,"regulation of fatty acid beta-oxidation","BP",1
"GO:0032000",1,0.47159205395518,0,1,"positive regulation of fatty acid beta-oxidation","BP",1
"GO:0032272",1,0.10417168147303,0,3,"negative regulation of protein polymerization","BP",1
"GO:0032392",1,0.0101165843217771,0,6,"DNA geometric change","BP",1
"GO:0032508",1,0.0101165843217771,0,6,"DNA duplex unwinding","BP",1
"GO:0032713",1,0.442761991957998,0,1,"negative regulation of interleukin-4 production","BP",1
"GO:0032781",1,0.214838308594813,0,2,"positive regulation of ATP-dependent activity","BP",1
"GO:0032785",1,0.103122285660434,0,3,"negative regulation of DNA-templated transcription, elongation","BP",1
"GO:0032792",1,0.442761991957998,0,1,"negative regulation of CREB transcription factor activity","BP",1
"GO:0032878",1,0.221796072263004,0,2,"regulation of establishment or maintenance of cell polarity","BP",1
"GO:0032891",1,0.47159205395518,0,1,"negative regulation of organic acid transport","BP",1
"GO:0033081",1,0.214674271037003,0,2,"regulation of T cell differentiation in thymus","BP",1
"GO:0033750",1,0.0210019370392768,0,5,"ribosome localization","BP",1
"GO:0034229",1,0.467128342153047,0,1,"ethanolamine transport","BP",1
"GO:0034661",1,0.101656055167488,0,3,"ncRNA catabolic process","BP",1
"GO:0035050",1,0.461799091933509,0,1,"embryonic heart tube development","BP",1
"GO:0035313",1,0.455531470210842,0,1,"wound healing, spreading of epidermal cells","BP",1
"GO:0035590",1,0.221173825589433,0,2,"purinergic nucleotide receptor signaling pathway","BP",1
"GO:0035720",1,0.461799091933509,0,1,"intraciliary anterograde transport","BP",1
"GO:0036499",1,0.204883955384278,0,2,"PERK-mediated unfolded protein response","BP",1
"GO:0036500",1,0.442761991957998,0,1,"ATF6-mediated unfolded protein response","BP",1
"GO:0038130",1,0.455531470210842,0,1,"ERBB4 signaling pathway","BP",1
"GO:0038135",1,0.455531470210842,0,1,"ERBB2-ERBB4 signaling pathway","BP",1
"GO:0038203",1,0.471592053954562,0,1,"TORC2 signaling","BP",1
"GO:0043462",1,0.100858848229313,0,3,"regulation of ATP-dependent activity","BP",1
"GO:0044070",1,0.471592053954308,0,1,"regulation of monoatomic anion transport","BP",1
"GO:0044344",1,0.101448370940593,0,3,"cellular response to fibroblast growth factor stimulus","BP",1
"GO:0044539",1,0.47159205395518,0,1,"long-chain fatty acid import into cell","BP",1
"GO:0045454",1,0.201068978980762,0,2,"cell redox homeostasis","BP",1
"GO:0045923",1,0.47159205395518,0,1,"positive regulation of fatty acid metabolic process","BP",1
"GO:0046033",1,0.103962087644118,0,3,"AMP metabolic process","BP",1
"GO:0046320",1,0.47159205395518,0,1,"regulation of fatty acid oxidation","BP",1
"GO:0046321",1,0.47159205395518,0,1,"positive regulation of fatty acid oxidation","BP",1
"GO:0048015",1,0.10428839035681,0,3,"phosphatidylinositol-mediated signaling","BP",1
"GO:0048240",1,0.460073744162827,0,1,"sperm capacitation","BP",1
"GO:0048262",1,0.442761991957998,0,1,"determination of dorsal/ventral asymmetry","BP",1
"GO:0048263",1,0.442761991957998,0,1,"determination of dorsal identity","BP",1
"GO:0048821",1,0.471592053954356,0,1,"erythrocyte development","BP",1
"GO:0050951",1,0.469489626095479,0,1,"sensory perception of temperature stimulus","BP",1
"GO:0050955",1,0.469489626095479,0,1,"thermoception","BP",1
"GO:0050960",1,0.469489626095479,0,1,"detection of temperature stimulus involved in thermoception","BP",1
"GO:0050961",1,0.469489626095479,0,1,"detection of temperature stimulus involved in sensory perception","BP",1
"GO:0050996",1,0.47159205395518,0,1,"positive regulation of lipid catabolic process","BP",1
"GO:0051013",1,0.451082213333178,0,1,"microtubule severing","BP",1
"GO:0051180",1,0.464637575944811,0,1,"vitamin transport","BP",1
"GO:0051261",1,0.00492017855639204,0,7,"protein depolymerization","BP",1
"GO:0051298",1,0.0479311308440667,0,4,"centrosome duplication","BP",1
"GO:0051542",1,0.455531470210842,0,1,"elastin biosynthetic process","BP",1
"GO:0051543",1,0.455531470210842,0,1,"regulation of elastin biosynthetic process","BP",1
"GO:0051545",1,0.455531470210842,0,1,"negative regulation of elastin biosynthetic process","BP",1
"GO:0051673",1,0.437879175928493,0,1,"disruption of plasma membrane integrity in another organism","BP",1
"GO:0051693",1,0.10417168147303,0,3,"actin filament capping","BP",1
"GO:0060009",1,0.471592053954356,0,1,"Sertoli cell development","BP",1
"GO:0060142",1,0.471587616241721,0,1,"regulation of syncytium formation by plasma membrane fusion","BP",1
"GO:0060143",1,0.471587616241721,0,1,"positive regulation of syncytium formation by plasma membrane fusion","BP",1
"GO:0061371",1,0.461799091933509,0,1,"determination of heart left/right asymmetry","BP",1
"GO:0061436",1,0.100340098176713,0,3,"establishment of skin barrier","BP",1
"GO:0061744",1,0.469489626095479,0,1,"motor behavior","BP",1
"GO:0062036",1,0.469489626095479,0,1,"sensory perception of hot stimulus","BP",1
"GO:0070050",1,0.104204084853449,0,3,"neuron cellular homeostasis","BP",1
"GO:0070670",1,0.0214890076832474,0,5,"response to interleukin-4","BP",1
"GO:0070837",1,0.464637575944811,0,1,"dehydroascorbic acid transport","BP",1
"GO:0071025",1,0.0971599747661963,0,3,"RNA surveillance","BP",1
"GO:0071103",1,0.0101165843217771,0,6,"DNA conformation change","BP",1
"GO:0071243",1,0.203216167964708,0,2,"cellular response to arsenic-containing substance","BP",1
"GO:0071260",1,0.212646634181687,0,2,"cellular response to mechanical stimulus","BP",1
"GO:0071353",1,0.0214890076832474,0,5,"cellular response to interleukin-4","BP",1
"GO:0071397",1,0.222113220680082,0,2,"cellular response to cholesterol","BP",1
"GO:0071622",1,0.471587616241721,0,1,"regulation of granulocyte chemotaxis","BP",1
"GO:0071624",1,0.471587616241721,0,1,"positive regulation of granulocyte chemotaxis","BP",1
"GO:0071774",1,0.101448370940593,0,3,"response to fibroblast growth factor","BP",1
"GO:0072672",1,0.104471165008488,0,3,"neutrophil extravasation","BP",1
"GO:0090022",1,0.471587616241721,0,1,"regulation of neutrophil chemotaxis","BP",1
"GO:0090023",1,0.471587616241721,0,1,"positive regulation of neutrophil chemotaxis","BP",1
"GO:0097368",1,0.471592053954356,0,1,"establishment of Sertoli cell barrier","BP",1
"GO:0098930",1,0.219849748239875,0,2,"axonal transport","BP",1
"GO:0120168",1,0.469489626095479,0,1,"detection of hot stimulus involved in thermoception","BP",1
"GO:0140212",1,0.47159205395518,0,1,"regulation of long-chain fatty acid import into cell","BP",1
"GO:0140213",1,0.47159205395518,0,1,"negative regulation of long-chain fatty acid import into cell","BP",1
"GO:0140354",1,0.47159205395518,0,1,"lipid import into cell","BP",1
"GO:0140975",1,0.437879175928493,0,1,"disruption of cellular anatomical structure in another organism","BP",1
"GO:1901529",1,0.471592053954308,0,1,"positive regulation of anion channel activity","BP",1
"GO:1901739",1,0.471587616241721,0,1,"regulation of myoblast fusion","BP",1
"GO:1901741",1,0.471587616241721,0,1,"positive regulation of myoblast fusion","BP",1
"GO:1902001",1,0.47159205395518,0,1,"fatty acid transmembrane transport","BP",1
"GO:1902235",1,0.442761991957998,0,1,"regulation of endoplasmic reticulum stress-induced intrinsic apoptotic signaling pathway","BP",1
"GO:1902237",1,0.442761991957998,0,1,"positive regulation of endoplasmic reticulum stress-induced intrinsic apoptotic signaling pathway","BP",1
"GO:1902455",1,0.471592053954356,0,1,"negative regulation of stem cell population maintenance","BP",1
"GO:1902459",1,0.471592053954356,0,1,"positive regulation of stem cell population maintenance","BP",1
"GO:1902622",1,0.471587616241721,0,1,"regulation of neutrophil migration","BP",1
"GO:1902624",1,0.471587616241721,0,1,"positive regulation of neutrophil migration","BP",1
"GO:1903026",1,0.442761991957998,0,1,"negative regulation of RNA polymerase II regulatory region sequence-specific DNA binding","BP",1
"GO:1903715",1,0.217531018040866,0,2,"regulation of aerobic respiration","BP",1
"GO:1903793",1,0.471592053954308,0,1,"positive regulation of monoatomic anion transport","BP",1
"GO:1903903",1,0.471587616241721,0,1,"regulation of establishment of T cell polarity","BP",1
"GO:1903904",1,0.471587616241721,0,1,"negative regulation of establishment of T cell polarity","BP",1
"GO:1903939",1,0.471592053954562,0,1,"regulation of TORC2 signaling","BP",1
"GO:1903959",1,0.471592053954308,0,1,"regulation of monoatomic anion transmembrane transport","BP",1
"GO:1903961",1,0.471592053954308,0,1,"positive regulation of anion transmembrane transport","BP",1
"GO:1904515",1,0.471592053954562,0,1,"positive regulation of TORC2 signaling","BP",1
"GO:1904692",1,0.47159205395518,0,1,"positive regulation of type B pancreatic cell proliferation","BP",1
"GO:1905517",1,0.0998364231012436,0,3,"macrophage migration","BP",1
"GO:1905871",1,0.471587616241721,0,1,"regulation of protein localization to cell leading edge","BP",1
"GO:1905872",1,0.471587616241721,0,1,"negative regulation of protein localization to cell leading edge","BP",1
"GO:2000015",1,0.442761991957998,0,1,"regulation of determination of dorsal identity","BP",1
"GO:2000016",1,0.442761991957998,0,1,"negative regulation of determination of dorsal identity","BP",1
"GO:2000114",1,0.221796072263004,0,2,"regulation of establishment of cell polarity","BP",1
"GO:2000192",1,0.47159205395518,0,1,"negative regulation of fatty acid transport","BP",1
"GO:2000389",1,0.471587616241721,0,1,"regulation of neutrophil extravasation","BP",1
"GO:2000391",1,0.471587616241721,0,1,"positive regulation of neutrophil extravasation","BP",1
"GO:2000679",1,0.0468932490241111,0,4,"positive regulation of transcription regulatory region DNA binding","BP",1
"GO:2001107",1,0.471587616241721,0,1,"negative regulation of Rho guanyl-nucleotide exchange factor activity","BP",1
"GO:0000056",1,0.21223379924891,0,2,"ribosomal small subunit export from nucleus","BP",1
"GO:0000288",1,0.447810456707007,0,1,"nuclear-transcribed mRNA catabolic process, deadenylation-dependent decay","BP",1
"GO:0000290",1,0.447810456707007,0,1,"deadenylation-dependent decapping of nuclear-transcribed mRNA","BP",1
"GO:0001542",1,0.471592053955056,0,1,"ovulation from ovarian follicle","BP",1
"GO:0001543",1,0.471592053955056,0,1,"ovarian follicle rupture","BP",1
"GO:0001731",1,0.101580432767507,0,3,"formation of translation preinitiation complex","BP",1
"GO:0001893",1,0.0928946473471883,0,3,"maternal placenta development","BP",1
"GO:0002183",1,0.101580432767507,0,3,"cytoplasmic translational initiation","BP",1
"GO:0002313",1,0.100830845126164,0,3,"mature B cell differentiation involved in immune response","BP",1
"GO:0002335",1,0.100830845126164,0,3,"mature B cell differentiation","BP",1
"GO:0003401",1,0.444452912027163,0,1,"axis elongation","BP",1
"GO:0003413",1,0.460369836767688,0,1,"chondrocyte differentiation involved in endochondral bone morphogenesis","BP",1
"GO:0003418",1,0.460369836767688,0,1,"growth plate cartilage chondrocyte differentiation","BP",1
"GO:0006011",1,0.471521636213145,0,1,"UDP-glucose metabolic process","BP",1
"GO:0006108",1,0.470534543444288,0,1,"malate metabolic process","BP",1
"GO:0006183",1,0.471226325457346,0,1,"GTP biosynthetic process","BP",1
"GO:0006256",1,0.471521636213145,0,1,"UDP catabolic process","BP",1
"GO:0006515",1,0.212442683779957,0,2,"protein quality control for misfolded or incompletely synthesized proteins","BP",1
"GO:0007100",1,0.213981910694668,0,2,"mitotic centrosome separation","BP",1
"GO:0007200",1,0.0479256107906661,0,4,"phospholipase C-activating G protein-coupled receptor signaling pathway","BP",1
"GO:0007221",1,0.468999961410055,0,1,"positive regulation of transcription of Notch receptor target","BP",1
"GO:0008655",1,0.471108483849218,0,1,"pyrimidine-containing compound salvage","BP",1
"GO:0009140",1,0.471521636213145,0,1,"pyrimidine nucleoside diphosphate catabolic process","BP",1
"GO:0009193",1,0.471521636213145,0,1,"pyrimidine ribonucleoside diphosphate metabolic process","BP",1
"GO:0009195",1,0.471521636213145,0,1,"pyrimidine ribonucleoside diphosphate catabolic process","BP",1
"GO:0009218",1,0.471521636213145,0,1,"pyrimidine ribonucleotide metabolic process","BP",1
"GO:0009222",1,0.471521636213145,0,1,"pyrimidine ribonucleotide catabolic process","BP",1
"GO:0009994",1,0.100311804882599,0,3,"oocyte differentiation","BP",1
"GO:0010042",1,0.470534543444288,0,1,"response to manganese ion","BP",1
"GO:0010824",1,0.102744372795344,0,3,"regulation of centrosome duplication","BP",1
"GO:0014902",1,0.10368931770803,0,3,"myotube differentiation","BP",1
"GO:0030042",1,0.0487733125366918,0,4,"actin filament depolymerization","BP",1
"GO:0030728",1,0.471592053955056,0,1,"ovulation","BP",1
"GO:0030810",1,0.457310070483215,0,1,"positive regulation of nucleotide biosynthetic process","BP",1
"GO:0030838",1,0.219459734660783,0,2,"positive regulation of actin filament polymerization","BP",1
"GO:0032495",1,0.209397880494994,0,2,"response to muramyl dipeptide","BP",1
"GO:0033631",1,0.222113220678997,0,2,"cell-cell adhesion mediated by integrin","BP",1
"GO:0033632",1,0.222113220678997,0,2,"regulation of cell-cell adhesion mediated by integrin","BP",1
"GO:0035589",1,0.46959977482582,0,1,"G protein-coupled purinergic nucleotide receptor signaling pathway","BP",1
"GO:0036296",1,0.202405211858976,0,2,"response to increased oxygen levels","BP",1
"GO:0038163",1,0.468999961410055,0,1,"thrombopoietin-mediated signaling pathway","BP",1
"GO:0042695",1,0.444452912027163,0,1,"thelarche","BP",1
"GO:0043097",1,0.471108483849218,0,1,"pyrimidine nucleoside salvage","BP",1
"GO:0043174",1,0.471108483849218,0,1,"nucleoside salvage","BP",1
"GO:0043201",1,0.215291857515484,0,2,"response to leucine","BP",1
"GO:0045070",1,0.10427807852485,0,3,"positive regulation of viral genome replication","BP",1
"GO:0045136",1,0.444452912027163,0,1,"development of secondary sexual characteristics","BP",1
"GO:0045981",1,0.457310070483215,0,1,"positive regulation of nucleotide metabolic process","BP",1
"GO:0046048",1,0.471521636213145,0,1,"UDP metabolic process","BP",1
"GO:0046092",1,0.471108483849218,0,1,"deoxycytidine metabolic process","BP",1
"GO:0046543",1,0.444452912027163,0,1,"development of secondary female sexual characteristics","BP",1
"GO:0048536",1,0.211033628669738,0,2,"spleen development","BP",1
"GO:0048599",1,0.100311804882599,0,3,"oocyte development","BP",1
"GO:0050779",1,0.0435426480299911,0,4,"RNA destabilization","BP",1
"GO:0051016",1,0.221464316644729,0,2,"barbed-end actin filament capping","BP",1
"GO:0051231",1,0.216015088543405,0,2,"spindle elongation","BP",1
"GO:0051299",1,0.099952248730031,0,3,"centrosome separation","BP",1
"GO:0051409",1,0.201246274782412,0,2,"response to nitrosative stress","BP",1
"GO:0051788",1,0.212442683779957,0,2,"response to misfolded protein","BP",1
"GO:0055093",1,0.202405211858976,0,2,"response to hyperoxia","BP",1
"GO:0060443",1,0.444452912027163,0,1,"mammary gland morphogenesis","BP",1
"GO:0060444",1,0.444452912027163,0,1,"branching involved in mammary gland duct morphogenesis","BP",1
"GO:0060598",1,0.444452912027163,0,1,"dichotomous subdivision of terminal units involved in mammary gland duct morphogenesis","BP",1
"GO:0060600",1,0.444452912027163,0,1,"dichotomous subdivision of an epithelial terminal unit","BP",1
"GO:0060602",1,0.444452912027163,0,1,"branch elongation of an epithelium","BP",1
"GO:0060603",1,0.444452912027163,0,1,"mammary gland duct morphogenesis","BP",1
"GO:0060744",1,0.444452912027163,0,1,"mammary gland branching involved in thelarche","BP",1
"GO:0060750",1,0.444452912027163,0,1,"epithelial cell proliferation involved in mammary gland duct elongation","BP",1
"GO:0060751",1,0.444452912027163,0,1,"branch elongation involved in mammary gland duct branching","BP",1
"GO:0061014",1,0.0965183646701104,0,3,"positive regulation of mRNA catabolic process","BP",1
"GO:0061157",1,0.0965183646701104,0,3,"mRNA destabilization","BP",1
"GO:0070884",1,0.470341178111195,0,1,"regulation of calcineurin-NFAT signaling cascade","BP",1
"GO:0070885",1,0.470341178111195,0,1,"negative regulation of calcineurin-NFAT signaling cascade","BP",1
"GO:0071044",1,0.447810456707007,0,1,"histone mRNA catabolic process","BP",1
"GO:0071218",1,0.212442683779957,0,2,"cellular response to misfolded protein","BP",1
"GO:0071233",1,0.215291857515484,0,2,"cellular response to leucine","BP",1
"GO:0071500",1,0.201246274782412,0,2,"cellular response to nitrosative stress","BP",1
"GO:0071630",1,0.212442683779957,0,2,"nuclear protein quality control by the ubiquitin-proteasome system","BP",1
"GO:0090303",1,0.0965990332523853,0,3,"positive regulation of wound healing","BP",1
"GO:0097292",1,0.471226325457346,0,1,"XMP metabolic process","BP",1
"GO:0097293",1,0.471226325457346,0,1,"XMP biosynthetic process","BP",1
"GO:0097294",1,0.471226325457346,0,1,"'de novo' XMP biosynthetic process","BP",1
"GO:0099150",1,0.104328892527371,0,3,"regulation of postsynaptic specialization assembly","BP",1
"GO:0106056",1,0.470341178111195,0,1,"regulation of calcineurin-mediated signaling","BP",1
"GO:0106057",1,0.470341178111195,0,1,"negative regulation of calcineurin-mediated signaling","BP",1
"GO:0110154",1,0.202570390287168,0,2,"RNA decapping","BP",1
"GO:0110156",1,0.447810456707007,0,1,"methylguanosine-cap decapping","BP",1
"GO:0150146",1,0.218251662645801,0,2,"cell junction disassembly","BP",1
"GO:1900037",1,0.457310070483215,0,1,"regulation of cellular response to hypoxia","BP",1
"GO:1900038",1,0.457310070483215,0,1,"negative regulation of cellular response to hypoxia","BP",1
"GO:1900373",1,0.457310070483215,0,1,"positive regulation of purine nucleotide biosynthetic process","BP",1
"GO:1900544",1,0.457310070483215,0,1,"positive regulation of purine nucleotide metabolic process","BP",1
"GO:1902017",1,0.4683385216328,0,1,"regulation of cilium assembly","BP",1
"GO:1903025",1,0.20851978028865,0,2,"regulation of RNA polymerase II regulatory region sequence-specific DNA binding","BP",1
"GO:1903297",1,0.457310070483215,0,1,"regulation of hypoxia-induced intrinsic apoptotic signaling pathway","BP",1
"GO:1903298",1,0.457310070483215,0,1,"negative regulation of hypoxia-induced intrinsic apoptotic signaling pathway","BP",1
"GO:1903580",1,0.457310070483215,0,1,"positive regulation of ATP metabolic process","BP",1
"GO:1904353",1,0.222113220679558,0,2,"regulation of telomere capping","BP",1
"GO:1904354",1,0.222113220679558,0,2,"negative regulation of telomere capping","BP",1
"GO:1990116",1,0.471592053955056,0,1,"ribosome-associated ubiquitin-dependent protein catabolic process","BP",1
"GO:1990442",1,0.201246274782412,0,2,"intrinsic apoptotic signaling pathway in response to nitrosative stress","BP",1
"GO:2001171",1,0.457310070483215,0,1,"positive regulation of ATP biosynthetic process","BP",1
"GO:0000454",1,0.4435626793152,0,1,"snoRNA guided rRNA pseudouridine synthesis","BP",1
"GO:0000957",1,0.456650706371967,0,1,"mitochondrial RNA catabolic process","BP",1
"GO:0000958",1,0.456650706371967,0,1,"mitochondrial mRNA catabolic process","BP",1
"GO:0000960",1,0.456650706371967,0,1,"regulation of mitochondrial RNA catabolic process","BP",1
"GO:0000962",1,0.456650706371967,0,1,"positive regulation of mitochondrial RNA catabolic process","BP",1
"GO:0000965",1,0.456650706371967,0,1,"mitochondrial RNA 3'-end processing","BP",1
"GO:0001522",1,0.4435626793152,0,1,"pseudouridine synthesis","BP",1
"GO:0001556",1,0.213742573176692,0,2,"oocyte maturation","BP",1
"GO:0001709",1,0.471592053954801,0,1,"cell fate determination","BP",1
"GO:0001754",1,0.471592053954801,0,1,"eye photoreceptor cell differentiation","BP",1
"GO:0001765",1,0.214376859575167,0,2,"membrane raft assembly","BP",1
"GO:0001782",1,0.212201342807534,0,2,"B cell homeostasis","BP",1
"GO:0001783",1,0.222113220679311,0,2,"B cell apoptotic process","BP",1
"GO:0001920",1,0.450422420292262,0,1,"negative regulation of receptor recycling","BP",1
"GO:0002224",1,0.21280793731551,0,2,"toll-like receptor signaling pathway","BP",1
"GO:0002370",1,0.464421994492383,0,1,"natural killer cell cytokine production","BP",1
"GO:0002548",1,0.209271019105047,0,2,"monocyte chemotaxis","BP",1
"GO:0002727",1,0.464421994492383,0,1,"regulation of natural killer cell cytokine production","BP",1
"GO:0002729",1,0.464421994492383,0,1,"positive regulation of natural killer cell cytokine production","BP",1
"GO:0002902",1,0.222113220679311,0,2,"regulation of B cell apoptotic process","BP",1
"GO:0002903",1,0.222113220679311,0,2,"negative regulation of B cell apoptotic process","BP",1
"GO:0003310",1,0.471592053954801,0,1,"pancreatic A cell differentiation","BP",1
"GO:0003322",1,0.471592053954801,0,1,"pancreatic A cell development","BP",1
"GO:0006677",1,0.468140693798438,0,1,"glycosylceramide metabolic process","BP",1
"GO:0006678",1,0.468140693798438,0,1,"glucosylceramide metabolic process","BP",1
"GO:0006679",1,0.468140693798438,0,1,"glucosylceramide biosynthetic process","BP",1
"GO:0006688",1,0.468140693798438,0,1,"glycosphingolipid biosynthetic process","BP",1
"GO:0006767",1,0.468814239948686,0,1,"water-soluble vitamin metabolic process","BP",1
"GO:0006911",1,0.471037663165985,0,1,"phagocytosis, engulfment","BP",1
"GO:0007097",1,0.222113220679482,0,2,"nuclear migration","BP",1
"GO:0007099",1,0.216940857582061,0,2,"centriole replication","BP",1
"GO:0007406",1,0.471592053954801,0,1,"negative regulation of neuroblast proliferation","BP",1
"GO:0007431",1,0.471592053954801,0,1,"salivary gland development","BP",1
"GO:0007435",1,0.471592053954801,0,1,"salivary gland morphogenesis","BP",1
"GO:0009235",1,0.468814239948686,0,1,"cobalamin metabolic process","BP",1
"GO:0009786",1,0.471592053954801,0,1,"regulation of asymmetric cell division","BP",1
"GO:0010324",1,0.471037663165985,0,1,"membrane invagination","BP",1
"GO:0010453",1,0.471592053954801,0,1,"regulation of cell fate commitment","BP",1
"GO:0010455",1,0.471592053954801,0,1,"positive regulation of cell fate commitment","BP",1
"GO:0010911",1,0.471037663165985,0,1,"regulation of isomerase activity","BP",1
"GO:0010912",1,0.471037663165985,0,1,"positive regulation of isomerase activity","BP",1
"GO:0015712",1,0.461948685159464,0,1,"hexose phosphate transport","BP",1
"GO:0015760",1,0.461948685159464,0,1,"glucose-6-phosphate transport","BP",1
"GO:0016556",1,0.217369483337493,0,2,"mRNA modification","BP",1
"GO:0021532",1,0.471592053954801,0,1,"neural tube patterning","BP",1
"GO:0021538",1,0.471592053954801,0,1,"epithalamus development","BP",1
"GO:0021546",1,0.471592053954801,0,1,"rhombomere development","BP",1
"GO:0021593",1,0.471592053954801,0,1,"rhombomere morphogenesis","BP",1
"GO:0021695",1,0.221553589035575,0,2,"cerebellar cortex development","BP",1
"GO:0021778",1,0.471592053954801,0,1,"oligodendrocyte cell fate specification","BP",1
"GO:0021779",1,0.471592053954801,0,1,"oligodendrocyte cell fate commitment","BP",1
"GO:0021780",1,0.471592053954801,0,1,"glial cell fate specification","BP",1
"GO:0021781",1,0.471592053954801,0,1,"glial cell fate commitment","BP",1
"GO:0021798",1,0.471592053954801,0,1,"forebrain dorsal/ventral pattern formation","BP",1
"GO:0021846",1,0.471592053954801,0,1,"cell proliferation in forebrain","BP",1
"GO:0021877",1,0.471592053954801,0,1,"forebrain neuron fate commitment","BP",1
"GO:0021902",1,0.471592053954801,0,1,"commitment of neuronal cell to specific neuron type in forebrain","BP",1
"GO:0021903",1,0.471592053954801,0,1,"rostrocaudal neural tube patterning","BP",1
"GO:0021905",1,0.471592053954801,0,1,"forebrain-midbrain boundary formation","BP",1
"GO:0021986",1,0.471592053954801,0,1,"habenula development","BP",1
"GO:0022027",1,0.471592053954801,0,1,"interkinetic nuclear migration","BP",1
"GO:0030033",1,0.221224067059698,0,2,"microvillus assembly","BP",1
"GO:0031112",1,0.448777601216328,0,1,"positive regulation of microtubule polymerization or depolymerization","BP",1
"GO:0031116",1,0.448777601216328,0,1,"positive regulation of microtubule polymerization","BP",1
"GO:0031118",1,0.4435626793152,0,1,"rRNA pseudouridine synthesis","BP",1
"GO:0031848",1,0.213514701692039,0,2,"protection from non-homologous end joining at telomere","BP",1
"GO:0032506",1,0.220579124575964,0,2,"cytokinetic process","BP",1
"GO:0032528",1,0.221224067059698,0,2,"microvillus organization","BP",1
"GO:0032530",1,0.221224067059698,0,2,"regulation of microvillus organization","BP",1
"GO:0032534",1,0.221224067059698,0,2,"regulation of microvillus assembly","BP",1
"GO:0032610",1,0.47159205395551,0,1,"interleukin-1 alpha production","BP",1
"GO:0032650",1,0.47159205395551,0,1,"regulation of interleukin-1 alpha production","BP",1
"GO:0032730",1,0.47159205395551,0,1,"positive regulation of interleukin-1 alpha production","BP",1
"GO:0032808",1,0.471592053954801,0,1,"lacrimal gland development","BP",1
"GO:0033034",1,0.22210237598742,0,2,"positive regulation of myeloid cell apoptotic process","BP",1
"GO:0033210",1,0.468140693798438,0,1,"leptin-mediated signaling pathway","BP",1
"GO:0033563",1,0.471592053955133,0,1,"dorsal/ventral axon guidance","BP",1
"GO:0033615",1,0.452393988664556,0,1,"mitochondrial proton-transporting ATP synthase complex assembly","BP",1
"GO:0034244",1,0.219235860308766,0,2,"negative regulation of transcription elongation by RNA polymerase II","BP",1
"GO:0034694",1,0.471592053954801,0,1,"response to prostaglandin","BP",1
"GO:0034695",1,0.471592053954801,0,1,"response to prostaglandin E","BP",1
"GO:0035696",1,0.471592053954733,0,1,"monocyte extravasation","BP",1
"GO:0035754",1,0.221787332442055,0,2,"B cell chemotaxis","BP",1
"GO:0035783",1,0.464421994492383,0,1,"CD4-positive, alpha-beta T cell costimulation","BP",1
"GO:0035945",1,0.456650706371967,0,1,"mitochondrial ncRNA surveillance","BP",1
"GO:0035946",1,0.456650706371967,0,1,"mitochondrial mRNA surveillance","BP",1
"GO:0035987",1,0.471037663165985,0,1,"endodermal cell differentiation","BP",1
"GO:0036092",1,0.104322053890106,0,3,"phosphatidylinositol-3-phosphate biosynthetic process","BP",1
"GO:0040034",1,0.471592053954801,0,1,"regulation of development, heterochronic","BP",1
"GO:0042053",1,0.471037663165985,0,1,"regulation of dopamine metabolic process","BP",1
"GO:0042069",1,0.471037663165985,0,1,"regulation of catecholamine metabolic process","BP",1
"GO:0042417",1,0.471037663165985,0,1,"dopamine metabolic process","BP",1
"GO:0042462",1,0.471592053954801,0,1,"eye photoreceptor cell development","BP",1
"GO:0042659",1,0.471592053954801,0,1,"regulation of cell fate specification","BP",1
"GO:0042660",1,0.471592053954801,0,1,"positive regulation of cell fate specification","BP",1
"GO:0043001",1,0.451317942609022,0,1,"Golgi to plasma membrane protein transport","BP",1
"GO:0043315",1,0.471037663165985,0,1,"positive regulation of neutrophil degranulation","BP",1
"GO:0043461",1,0.452393988664556,0,1,"proton-transporting ATP synthase complex assembly","BP",1
"GO:0044320",1,0.468140693798438,0,1,"cellular response to leptin stimulus","BP",1
"GO:0045914",1,0.471037663165985,0,1,"negative regulation of catecholamine metabolic process","BP",1
"GO:0045963",1,0.471037663165985,0,1,"negative regulation of dopamine metabolic process","BP",1
"GO:0046184",1,0.222113220679755,0,2,"aldehyde biosynthetic process","BP",1
"GO:0046476",1,0.468140693798438,0,1,"glycosylceramide biosynthetic process","BP",1
"GO:0046513",1,0.468140693798438,0,1,"ceramide biosynthetic process","BP",1
"GO:0048505",1,0.471592053954801,0,1,"regulation of timing of cell differentiation","BP",1
"GO:0048853",1,0.471592053955133,0,1,"forebrain morphogenesis","BP",1
"GO:0048859",1,0.471592053954801,0,1,"formation of anatomical boundary","BP",1
"GO:0050892",1,0.468140693798438,0,1,"intestinal absorption","BP",1
"GO:0050904",1,0.471592053954733,0,1,"diapedesis","BP",1
"GO:0050926",1,0.47159205395551,0,1,"regulation of positive chemotaxis","BP",1
"GO:0050927",1,0.47159205395551,0,1,"positive regulation of positive chemotaxis","BP",1
"GO:0050930",1,0.47159205395551,0,1,"induction of positive chemotaxis","BP",1
"GO:0051647",1,0.222113220679482,0,2,"nucleus localization","BP",1
"GO:0051964",1,0.471592053955133,0,1,"negative regulation of synapse assembly","BP",1
"GO:0061000",1,0.471592053954561,0,1,"negative regulation of dendritic spine development","BP",1
"GO:0061034",1,0.471592053954801,0,1,"olfactory bulb mitral cell layer development","BP",1
"GO:0061072",1,0.471592053954801,0,1,"iris morphogenesis","BP",1
"GO:0061437",1,0.471592053954733,0,1,"renal system vasculature development","BP",1
"GO:0061440",1,0.471592053954733,0,1,"kidney vasculature development","BP",1
"GO:0070071",1,0.452393988664556,0,1,"proton-transporting two-sector ATPase complex assembly","BP",1
"GO:0070229",1,0.222113220679311,0,2,"negative regulation of lymphocyte apoptotic process","BP",1
"GO:0070262",1,0.0983547686048751,0,3,"peptidyl-serine dephosphorylation","BP",1
"GO:0070301",1,0.216982923229452,0,2,"cellular response to hydrogen peroxide","BP",1
"GO:0070584",1,0.456650706371967,0,1,"mitochondrion morphogenesis","BP",1
"GO:0071026",1,0.456650706371967,0,1,"cytoplasmic RNA surveillance","BP",1
"GO:0071379",1,0.471592053954801,0,1,"cellular response to prostaglandin stimulus","BP",1
"GO:0071380",1,0.471592053954801,0,1,"cellular response to prostaglandin E stimulus","BP",1
"GO:0072011",1,0.471592053954733,0,1,"glomerular endothelium development","BP",1
"GO:0072012",1,0.471592053954733,0,1,"glomerulus vasculature development","BP",1
"GO:0080009",1,0.217369483337493,0,2,"mRNA methylation","BP",1
"GO:0090025",1,0.209271019105047,0,2,"regulation of monocyte chemotaxis","BP",1
"GO:0097242",1,0.101125175167196,0,3,"amyloid-beta clearance","BP",1
"GO:0097352",1,0.221794468745458,0,2,"autophagosome maturation","BP",1
"GO:0098534",1,0.216940857582061,0,2,"centriole assembly","BP",1
"GO:0098598",1,0.471592053954801,0,1,"learned vocalization behavior or vocal learning","BP",1
"GO:0098856",1,0.468140693798438,0,1,"intestinal lipid absorption","BP",1
"GO:0099024",1,0.471037663165985,0,1,"plasma membrane invagination","BP",1
"GO:0120006",1,0.471592053954801,0,1,"regulation of glutamatergic neuron differentiation","BP",1
"GO:0120008",1,0.471592053954801,0,1,"positive regulation of glutamatergic neuron differentiation","BP",1
"GO:0140250",1,0.451317942609022,0,1,"regulation protein catabolic process at synapse","BP",1
"GO:0140251",1,0.451317942609022,0,1,"regulation protein catabolic process at presynapse","BP",1
"GO:0141087",1,0.471256775659828,0,1,"positive regulation of inflammasome-mediated signaling pathway","BP",1
"GO:0150107",1,0.471592053954733,0,1,"positive regulation of protein localization to cell-cell junction","BP",1
"GO:1900028",1,0.466625635509529,0,1,"negative regulation of ruffle assembly","BP",1
"GO:1900227",1,0.471256775659828,0,1,"positive regulation of NLRP3 inflammasome complex assembly","BP",1
"GO:1900279",1,0.464421994492383,0,1,"regulation of CD4-positive, alpha-beta T cell costimulation","BP",1
"GO:1900280",1,0.464421994492383,0,1,"negative regulation of CD4-positive, alpha-beta T cell costimulation","BP",1
"GO:1901142",1,0.471592053954801,0,1,"insulin metabolic process","BP",1
"GO:1901889",1,0.471592053955133,0,1,"negative regulation of cell junction assembly","BP",1
"GO:1902410",1,0.220579124575964,0,2,"mitotic cytokinetic process","BP",1
"GO:1902565",1,0.471037663165985,0,1,"positive regulation of neutrophil activation","BP",1
"GO:1903525",1,0.471592053954561,0,1,"regulation of membrane tubulation","BP",1
"GO:1903527",1,0.471592053954561,0,1,"positive regulation of membrane tubulation","BP",1
"GO:1903575",1,0.468140693798438,0,1,"cornified envelope assembly","BP",1
"GO:1903729",1,0.219211883040097,0,2,"regulation of plasma membrane organization","BP",1
"GO:1904526",1,0.471256775659828,0,1,"regulation of microtubule binding","BP",1
"GO:1904528",1,0.471256775659828,0,1,"positive regulation of microtubule binding","BP",1
"GO:1904538",1,0.471256775659828,0,1,"regulation of glycolytic process through fructose-6-phosphate","BP",1
"GO:1904539",1,0.471256775659828,0,1,"negative regulation of glycolytic process through fructose-6-phosphate","BP",1
"GO:1904796",1,0.471592053954801,0,1,"regulation of core promoter binding","BP",1
"GO:1904798",1,0.471592053954801,0,1,"positive regulation of core promoter binding","BP",1
"GO:1904937",1,0.471592053954801,0,1,"sensory neuron migration","BP",1
"GO:1905962",1,0.471592053954801,0,1,"glutamatergic neuron differentiation","BP",1
"GO:2000036",1,0.219138463649106,0,2,"regulation of stem cell population maintenance","BP",1
"GO:2000178",1,0.471592053954801,0,1,"negative regulation of neural precursor cell proliferation","BP",1
"GO:2000361",1,0.471037663165985,0,1,"regulation of prostaglandin-E synthase activity","BP",1
"GO:2000363",1,0.471037663165985,0,1,"positive regulation of prostaglandin-E synthase activity","BP",1
"GO:2000523",1,0.464421994492383,0,1,"regulation of T cell costimulation","BP",1
"GO:2000524",1,0.464421994492383,0,1,"negative regulation of T cell costimulation","BP",1
"GO:2000827",1,0.456650706371967,0,1,"mitochondrial RNA surveillance","BP",1
"GO:0000727",1,0.467658659820499,0,1,"double-strand break repair via break-induced replication","BP",1
"GO:0001845",1,0.460387185476215,0,1,"phagolysosome assembly","BP",1
"GO:0002082",1,0.471592053954808,0,1,"regulation of oxidative phosphorylation","BP",1
"GO:0002143",1,0.451151001877045,0,1,"tRNA wobble position uridine thiolation","BP",1
"GO:0002455",1,0.459324212749932,0,1,"humoral immune response mediated by circulating immunoglobulin","BP",1
"GO:0002830",1,0.218121786134588,0,2,"positive regulation of type 2 immune response","BP",1
"GO:0006172",1,0.471592053954808,0,1,"ADP biosynthetic process","BP",1
"GO:0006270",1,0.218965462155687,0,2,"DNA replication initiation","BP",1
"GO:0006308",1,0.471591186706961,0,1,"DNA catabolic process","BP",1
"GO:0006437",1,0.453220249642765,0,1,"tyrosyl-tRNA aminoacylation","BP",1
"GO:0006525",1,0.465318650898259,0,1,"arginine metabolic process","BP",1
"GO:0006527",1,0.465318650898259,0,1,"arginine catabolic process","BP",1
"GO:0006957",1,0.459324212749932,0,1,"complement activation, alternative pathway","BP",1
"GO:0006958",1,0.459324212749932,0,1,"complement activation, classical pathway","BP",1
"GO:0009065",1,0.465318650898259,0,1,"glutamine family amino acid catabolic process","BP",1
"GO:0009136",1,0.471592053954808,0,1,"purine nucleoside diphosphate biosynthetic process","BP",1
"GO:0009180",1,0.471592053954808,0,1,"purine ribonucleoside diphosphate biosynthetic process","BP",1
"GO:0009188",1,0.471592053954808,0,1,"ribonucleoside diphosphate biosynthetic process","BP",1
"GO:0015949",1,0.471592053954808,0,1,"nucleobase-containing small molecule interconversion","BP",1
"GO:0019336",1,0.465318650898259,0,1,"phenol-containing compound catabolic process","BP",1
"GO:0031339",1,0.460387185476215,0,1,"negative regulation of vesicle fusion","BP",1
"GO:0032447",1,0.451151001877045,0,1,"protein urmylation","BP",1
"GO:0032796",1,0.460387185476215,0,1,"uropod organization","BP",1
"GO:0034121",1,0.451856883277022,0,1,"regulation of toll-like receptor signaling pathway","BP",1
"GO:0034122",1,0.451856883277022,0,1,"negative regulation of toll-like receptor signaling pathway","BP",1
"GO:0034227",1,0.451151001877045,0,1,"tRNA thio-modification","BP",1
"GO:0035357",1,0.451856883277022,0,1,"peroxisome proliferator activated receptor signaling pathway","BP",1
"GO:0035358",1,0.451856883277022,0,1,"regulation of peroxisome proliferator activated receptor signaling pathway","BP",1
"GO:0035360",1,0.451856883277022,0,1,"positive regulation of peroxisome proliferator activated receptor signaling pathway","BP",1
"GO:0038180",1,0.460387185476215,0,1,"nerve growth factor signaling pathway","BP",1
"GO:0042104",1,0.470135485522426,0,1,"positive regulation of activated T cell proliferation","BP",1
"GO:0043567",1,0.470135485522426,0,1,"regulation of insulin-like growth factor receptor signaling pathway","BP",1
"GO:0048009",1,0.470135485522426,0,1,"insulin-like growth factor receptor signaling pathway","BP",1
"GO:0048873",1,0.460387185476215,0,1,"homeostasis of number of cells within a tissue","BP",1
"GO:0050859",1,0.451856883277022,0,1,"negative regulation of B cell receptor signaling pathway","BP",1
"GO:0051639",1,0.471574540140101,0,1,"actin filament network formation","BP",1
"GO:0070126",1,0.466599875520267,0,1,"mitochondrial translational termination","BP",1
"GO:0070127",1,0.453220249642765,0,1,"tRNA aminoacylation for mitochondrial protein translation","BP",1
"GO:0070184",1,0.453220249642765,0,1,"mitochondrial tyrosyl-tRNA aminoacylation","BP",1
"GO:0072679",1,0.460387185476215,0,1,"thymocyte migration","BP",1
"GO:0090200",1,0.217531018040671,0,2,"positive regulation of release of cytochrome c from mitochondria","BP",1
"GO:0090382",1,0.460387185476215,0,1,"phagosome maturation","BP",1
"GO:1900044",1,0.451856883277022,0,1,"regulation of protein K63-linked ubiquitination","BP",1
"GO:1900045",1,0.451856883277022,0,1,"negative regulation of protein K63-linked ubiquitination","BP",1
"GO:1901999",1,0.465318650898259,0,1,"homogentisate metabolic process","BP",1
"GO:1902000",1,0.465318650898259,0,1,"homogentisate catabolic process","BP",1
"GO:1902914",1,0.451856883277022,0,1,"regulation of protein polyubiquitination","BP",1
"GO:1902915",1,0.451856883277022,0,1,"negative regulation of protein polyubiquitination","BP",1
"GO:0002158",1,0.450412553991193,0,1,"osteoclast proliferation","BP",1
"GO:0002396",1,0.444463017076138,0,1,"MHC protein complex assembly","BP",1
"GO:0002399",1,0.444463017076138,0,1,"MHC class II protein complex assembly","BP",1
"GO:0002468",1,0.444463017076138,0,1,"dendritic cell antigen processing and presentation","BP",1
"GO:0002469",1,0.444463017076138,0,1,"myeloid dendritic cell antigen processing and presentation","BP",1
"GO:0002483",1,0.444463017076138,0,1,"antigen processing and presentation of endogenous peptide antigen","BP",1
"GO:0002491",1,0.444463017076138,0,1,"antigen processing and presentation of endogenous peptide antigen via MHC class II","BP",1
"GO:0002501",1,0.444463017076138,0,1,"peptide antigen assembly with MHC protein complex","BP",1
"GO:0002503",1,0.444463017076138,0,1,"peptide antigen assembly with MHC class II protein complex","BP",1
"GO:0002689",1,0.452208655567487,0,1,"negative regulation of leukocyte chemotaxis","BP",1
"GO:0006265",1,0.471591972070136,0,1,"DNA topological change","BP",1
"GO:0006921",1,0.471591972070136,0,1,"cellular component disassembly involved in execution phase of apoptosis","BP",1
"GO:0007340",1,0.216682195117663,0,2,"acrosome reaction","BP",1
"GO:0008334",1,0.210686367165111,0,2,"histone mRNA metabolic process","BP",1
"GO:0009134",1,0.216505047284727,0,2,"nucleoside diphosphate catabolic process","BP",1
"GO:0009191",1,0.216505047284727,0,2,"ribonucleoside diphosphate catabolic process","BP",1
"GO:0010526",1,0.459261915963735,0,1,"retrotransposon silencing","BP",1
"GO:0010955",1,0.447049936104515,0,1,"negative regulation of protein processing","BP",1
"GO:0016191",1,0.47159205395485,0,1,"synaptic vesicle uncoating","BP",1
"GO:0019233",1,0.452208655567487,0,1,"sensory perception of pain","BP",1
"GO:0030252",1,0.464105390451133,0,1,"growth hormone secretion","BP",1
"GO:0030262",1,0.471591972070136,0,1,"apoptotic nuclear changes","BP",1
"GO:0030263",1,0.471591972070136,0,1,"apoptotic chromosome condensation","BP",1
"GO:0032074",1,0.46773920623544,0,1,"negative regulation of nuclease activity","BP",1
"GO:0032196",1,0.459261915963735,0,1,"transposition","BP",1
"GO:0032197",1,0.459261915963735,0,1,"retrotransposition","BP",1
"GO:0032790",1,0.46773920623544,0,1,"ribosome disassembly","BP",1
"GO:0033687",1,0.450412553991193,0,1,"osteoblast proliferation","BP",1
"GO:0039692",1,0.471591972070136,0,1,"single stranded viral RNA replication via double stranded DNA intermediate","BP",1
"GO:0040016",1,0.471591972070136,0,1,"embryonic cleavage","BP",1
"GO:0043379",1,0.444463017076138,0,1,"memory T cell differentiation","BP",1
"GO:0043380",1,0.444463017076138,0,1,"regulation of memory T cell differentiation","BP",1
"GO:0043382",1,0.444463017076138,0,1,"positive regulation of memory T cell differentiation","BP",1
"GO:0045005",1,0.222048134182637,0,2,"DNA-templated DNA replication maintenance of fidelity","BP",1
"GO:0045091",1,0.471591972070136,0,1,"regulation of single stranded viral RNA replication via double stranded DNA intermediate","BP",1
"GO:0045870",1,0.471591972070136,0,1,"positive regulation of single stranded viral RNA replication via double stranded DNA intermediate","BP",1
"GO:0046856",1,0.47159205395485,0,1,"phosphatidylinositol dephosphorylation","BP",1
"GO:0048246",1,0.216013550807554,0,2,"macrophage chemotaxis","BP",1
"GO:0051036",1,0.457032284084312,0,1,"regulation of endosome size","BP",1
"GO:0051096",1,0.457356248364195,0,1,"positive regulation of helicase activity","BP",1
"GO:0051445",1,0.452208655567487,0,1,"regulation of meiotic cell cycle","BP",1
"GO:0051447",1,0.452208655567487,0,1,"negative regulation of meiotic cell cycle","BP",1
"GO:0051642",1,0.209201208509354,0,2,"centrosome localization","BP",1
"GO:0060123",1,0.464105390451133,0,1,"regulation of growth hormone secretion","BP",1
"GO:0060124",1,0.464105390451133,0,1,"positive regulation of growth hormone secretion","BP",1
"GO:0060136",1,0.450412553991193,0,1,"embryonic process involved in female pregnancy","BP",1
"GO:0060699",1,0.46773920623544,0,1,"regulation of endoribonuclease activity","BP",1
"GO:0060701",1,0.46773920623544,0,1,"negative regulation of ribonuclease activity","BP",1
"GO:0060702",1,0.46773920623544,0,1,"negative regulation of endoribonuclease activity","BP",1
"GO:0061842",1,0.209201208509354,0,2,"microtubule organizing center localization","BP",1
"GO:0071318",1,0.44724028069515,0,1,"cellular response to ATP","BP",1
"GO:0071651",1,0.464105390451133,0,1,"positive regulation of chemokine (C-C motif) ligand 5 production","BP",1
"GO:0072318",1,0.47159205395485,0,1,"clathrin coat disassembly","BP",1
"GO:0072319",1,0.47159205395485,0,1,"vesicle uncoating","BP",1
"GO:0090027",1,0.452208655567487,0,1,"negative regulation of monocyte chemotaxis","BP",1
"GO:0090715",1,0.444463017076138,0,1,"immunological memory formation process","BP",1
"GO:0097340",1,0.447049936104515,0,1,"inhibition of cysteine-type endopeptidase activity","BP",1
"GO:0097341",1,0.447049936104515,0,1,"zymogen inhibition","BP",1
"GO:0097494",1,0.457032284084312,0,1,"regulation of vesicle size","BP",1
"GO:1903318",1,0.447049936104515,0,1,"negative regulation of protein maturation","BP",1
"GO:1904978",1,0.47159205395485,0,1,"regulation of endosome organization","BP",1
"GO:1904980",1,0.47159205395485,0,1,"positive regulation of endosome organization","BP",1
"GO:1905462",1,0.471591972070136,0,1,"regulation of DNA duplex unwinding","BP",1
"GO:1905463",1,0.471591972070136,0,1,"negative regulation of DNA duplex unwinding","BP",1
"GO:1990709",1,0.447049936104515,0,1,"presynaptic active zone organization","BP",1
"GO:2000286",1,0.457032284084312,0,1,"receptor internalization involved in canonical Wnt signaling pathway","BP",1
"GO:0000022",1,0.45879653757779,0,1,"mitotic spindle elongation","BP",1
"GO:0000076",1,0.470119046796604,0,1,"DNA replication checkpoint signaling","BP",1
"GO:0001878",1,0.442366262027435,0,1,"response to yeast","BP",1
"GO:0002438",1,0.442366262027435,0,1,"acute inflammatory response to antigenic stimulus","BP",1
"GO:0002775",1,0.442366262027435,0,1,"antimicrobial peptide production","BP",1
"GO:0002777",1,0.442366262027435,0,1,"antimicrobial peptide biosynthetic process","BP",1
"GO:0002778",1,0.442366262027435,0,1,"antibacterial peptide production","BP",1
"GO:0002780",1,0.442366262027435,0,1,"antibacterial peptide biosynthetic process","BP",1
"GO:0002812",1,0.442366262027435,0,1,"biosynthetic process of antibacterial peptides active against Gram-negative bacteria","BP",1
"GO:0006891",1,0.462433835091974,0,1,"intra-Golgi vesicle-mediated transport","BP",1
"GO:0016188",1,0.471592053955221,0,1,"synaptic vesicle maturation","BP",1
"GO:0030521",1,0.214365907356509,0,2,"androgen receptor signaling pathway","BP",1
"GO:0031573",1,0.470119046796604,0,1,"mitotic intra-S DNA damage checkpoint signaling","BP",1
"GO:0032467",1,0.45879653757779,0,1,"positive regulation of cytokinesis","BP",1
"GO:0033313",1,0.470119046796604,0,1,"meiotic cell cycle checkpoint signaling","BP",1
"GO:0033314",1,0.470119046796604,0,1,"mitotic DNA replication checkpoint signaling","BP",1
"GO:0033634",1,0.471592053954477,0,1,"positive regulation of cell-cell adhesion mediated by integrin","BP",1
"GO:0035850",1,0.471592053954477,0,1,"epithelial cell differentiation involved in kidney development","BP",1
"GO:0044778",1,0.470119046796604,0,1,"meiotic DNA integrity checkpoint signaling","BP",1
"GO:0050908",1,0.462433835091974,0,1,"detection of light stimulus involved in visual perception","BP",1
"GO:0050962",1,0.462433835091974,0,1,"detection of light stimulus involved in sensory perception","BP",1
"GO:0051255",1,0.45879653757779,0,1,"spindle midzone assembly","BP",1
"GO:0051256",1,0.45879653757779,0,1,"mitotic spindle midzone assembly","BP",1
"GO:0051315",1,0.45879653757779,0,1,"attachment of mitotic spindle microtubules to kinetochore","BP",1
"GO:0051781",1,0.45879653757779,0,1,"positive regulation of cell division","BP",1
"GO:0051873",1,0.442366262027435,0,1,"killing by host of symbiont cells","BP",1
"GO:0051987",1,0.45879653757779,0,1,"positive regulation of attachment of spindle microtubules to kinetochore","BP",1
"GO:0051988",1,0.45879653757779,0,1,"regulation of attachment of spindle microtubules to kinetochore","BP",1
"GO:0061005",1,0.471592053954477,0,1,"cell differentiation involved in kidney development","BP",1
"GO:0061318",1,0.471592053954477,0,1,"renal filtration cell differentiation","BP",1
"GO:0070942",1,0.442366262027435,0,1,"neutrophil mediated cytotoxicity","BP",1
"GO:0070943",1,0.442366262027435,0,1,"neutrophil-mediated killing of symbiont cell","BP",1
"GO:0070944",1,0.442366262027435,0,1,"neutrophil-mediated killing of bacterium","BP",1
"GO:0070945",1,0.442366262027435,0,1,"neutrophil-mediated killing of gram-negative bacterium","BP",1
"GO:0070947",1,0.442366262027435,0,1,"neutrophil-mediated killing of fungus","BP",1
"GO:0072015",1,0.471592053954477,0,1,"podocyte development","BP",1
"GO:0072112",1,0.471592053954477,0,1,"podocyte differentiation","BP",1
"GO:0072310",1,0.471592053954477,0,1,"glomerular epithelial cell development","BP",1
"GO:0072311",1,0.471592053954477,0,1,"glomerular epithelial cell differentiation","BP",1
"GO:0090232",1,0.45879653757779,0,1,"positive regulation of spindle checkpoint","BP",1
"GO:0090235",1,0.45879653757779,0,1,"regulation of metaphase plate congression","BP",1
"GO:0090267",1,0.45879653757779,0,1,"positive regulation of mitotic cell cycle spindle assembly checkpoint","BP",1
"GO:0097401",1,0.471592053955221,0,1,"synaptic vesicle lumen acidification","BP",1
"GO:0110064",1,0.471592053954479,0,1,"lncRNA catabolic process","BP",1
"GO:0140742",1,0.471592053954479,0,1,"lncRNA transcription","BP",1
"GO:0140743",1,0.471592053954479,0,1,"regulation of lncRNA transcription","BP",1
"GO:0140744",1,0.471592053954479,0,1,"negative regulation of lncRNA transcription","BP",1
"GO:1901978",1,0.45879653757779,0,1,"positive regulation of cell cycle checkpoint","BP",1
"GO:1902412",1,0.45879653757779,0,1,"regulation of mitotic cytokinesis","BP",1
"GO:1902423",1,0.45879653757779,0,1,"regulation of attachment of mitotic spindle microtubules to kinetochore","BP",1
"GO:1902425",1,0.45879653757779,0,1,"positive regulation of attachment of mitotic spindle microtubules to kinetochore","BP",1
"GO:1903490",1,0.45879653757779,0,1,"positive regulation of mitotic cytokinesis","BP",1
"GO:1903564",1,0.462433835091974,0,1,"regulation of protein localization to cilium","BP",1
"GO:0000413",1,0.447290348091,0,1,"protein peptidyl-prolyl isomerization","BP",1
"GO:0002265",1,0.47159205395542,0,1,"astrocyte activation involved in immune response","BP",1
"GO:0002538",1,0.444351847019291,0,1,"arachidonic acid metabolite production involved in inflammatory response","BP",1
"GO:0002540",1,0.444351847019291,0,1,"leukotriene production involved in inflammatory response","BP",1
"GO:0002673",1,0.444351847019291,0,1,"regulation of acute inflammatory response","BP",1
"GO:0002675",1,0.444351847019291,0,1,"positive regulation of acute inflammatory response","BP",1
"GO:0002949",1,0.450590064707833,0,1,"tRNA threonylcarbamoyladenosine modification","BP",1
"GO:0006703",1,0.441848373086574,0,1,"estrogen biosynthetic process","BP",1
"GO:0007039",1,0.47159205395542,0,1,"protein catabolic process in the vacuole","BP",1
"GO:0010224",1,0.456097880628696,0,1,"response to UV-B","BP",1
"GO:0010640",1,0.47159205395542,0,1,"regulation of platelet-derived growth factor receptor signaling pathway","BP",1
"GO:0010642",1,0.47159205395542,0,1,"negative regulation of platelet-derived growth factor receptor signaling pathway","BP",1
"GO:0010792",1,0.465544097335418,0,1,"DNA double-strand break processing involved in repair via single-strand annealing","BP",1
"GO:0019372",1,0.444351847019291,0,1,"lipoxygenase pathway","BP",1
"GO:0032429",1,0.47159205395542,0,1,"regulation of phospholipase A2 activity","BP",1
"GO:0035791",1,0.47159205395542,0,1,"platelet-derived growth factor receptor-beta signaling pathway","BP",1
"GO:0036158",1,0.471592053955226,0,1,"outer dynein arm assembly","BP",1
"GO:0040036",1,0.459740267614823,0,1,"regulation of fibroblast growth factor receptor signaling pathway","BP",1
"GO:0042953",1,0.47159205395542,0,1,"lipoprotein transport","BP",1
"GO:0044872",1,0.47159205395542,0,1,"lipoprotein localization","BP",1
"GO:0045002",1,0.465544097335418,0,1,"double-strand break repair via single-strand annealing","BP",1
"GO:0045003",1,0.465544097335418,0,1,"double-strand break repair via synthesis-dependent strand annealing","BP",1
"GO:0045743",1,0.459740267614823,0,1,"positive regulation of fibroblast growth factor receptor signaling pathway","BP",1
"GO:0046602",1,0.471450579365854,0,1,"regulation of mitotic centrosome separation","BP",1
"GO:0046621",1,0.456097880628696,0,1,"negative regulation of organ growth","BP",1
"GO:0051123",1,0.471592053954844,0,1,"RNA polymerase II preinitiation complex assembly","BP",1
"GO:0055017",1,0.456097880628696,0,1,"cardiac muscle tissue growth","BP",1
"GO:0055021",1,0.456097880628696,0,1,"regulation of cardiac muscle tissue growth","BP",1
"GO:0055022",1,0.456097880628696,0,1,"negative regulation of cardiac muscle tissue growth","BP",1
"GO:0060038",1,0.456097880628696,0,1,"cardiac muscle cell proliferation","BP",1
"GO:0060043",1,0.456097880628696,0,1,"regulation of cardiac muscle cell proliferation","BP",1
"GO:0060044",1,0.456097880628696,0,1,"negative regulation of cardiac muscle cell proliferation","BP",1
"GO:0060419",1,0.456097880628696,0,1,"heart growth","BP",1
"GO:0060420",1,0.456097880628696,0,1,"regulation of heart growth","BP",1
"GO:0061117",1,0.456097880628696,0,1,"negative regulation of heart growth","BP",1
"GO:0070206",1,0.444351847019291,0,1,"protein trimerization","BP",1
"GO:0070207",1,0.444351847019291,0,1,"protein homotrimerization","BP",1
"GO:0070286",1,0.471592053955226,0,1,"axonemal dynein complex assembly","BP",1
"GO:0070897",1,0.471592053954844,0,1,"transcription preinitiation complex assembly","BP",1
"GO:0071493",1,0.456097880628696,0,1,"cellular response to UV-B","BP",1
"GO:0097065",1,0.471592053954767,0,1,"anterior head development","BP",1
"GO:0097681",1,0.465544097335418,0,1,"double-strand break repair via alternative nonhomologous end joining","BP",1
"GO:0150094",1,0.47159205395542,0,1,"amyloid-beta clearance by cellular catabolic process","BP",1
"GO:1900221",1,0.47159205395542,0,1,"regulation of amyloid-beta clearance","BP",1
"GO:1900223",1,0.47159205395542,0,1,"positive regulation of amyloid-beta clearance","BP",1
"GO:1904298",1,0.47159205395542,0,1,"regulation of transcytosis","BP",1
"GO:1904300",1,0.47159205395542,0,1,"positive regulation of transcytosis","BP",1
"GO:1904350",1,0.47159205395542,0,1,"regulation of protein catabolic process in the vacuole","BP",1
"GO:1904352",1,0.47159205395542,0,1,"positive regulation of protein catabolic process in the vacuole","BP",1
"GO:1905146",1,0.47159205395542,0,1,"lysosomal protein catabolic process","BP",1
"GO:1905165",1,0.47159205395542,0,1,"regulation of lysosomal protein catabolic process","BP",1
"GO:1905167",1,0.47159205395542,0,1,"positive regulation of lysosomal protein catabolic process","BP",1
"GO:2000586",1,0.47159205395542,0,1,"regulation of platelet-derived growth factor receptor-beta signaling pathway","BP",1
"GO:2000587",1,0.47159205395542,0,1,"negative regulation of platelet-derived growth factor receptor-beta signaling pathway","BP",1
"GO:0006595",1,0.447760494154674,0,1,"polyamine metabolic process","BP",1
"GO:0008215",1,0.447760494154674,0,1,"spermine metabolic process","BP",1
"GO:0008216",1,0.447760494154674,0,1,"spermidine metabolic process","BP",1
"GO:0009303",1,0.455398731634852,0,1,"rRNA transcription","BP",1
"GO:0009445",1,0.447760494154674,0,1,"putrescine metabolic process","BP",1
"GO:0017196",1,0.471592053954319,0,1,"N-terminal peptidyl-methionine acetylation","BP",1
"GO:0018206",1,0.471592053954319,0,1,"peptidyl-methionine modification","BP",1
"GO:0032835",1,0.222113220679152,0,2,"glomerulus development","BP",1
"GO:0032917",1,0.447760494154674,0,1,"polyamine acetylation","BP",1
"GO:0032918",1,0.447760494154674,0,1,"spermidine acetylation","BP",1
"GO:0032919",1,0.447760494154674,0,1,"spermine acetylation","BP",1
"GO:0032920",1,0.447760494154674,0,1,"putrescine acetylation","BP",1
"GO:0042790",1,0.455398731634852,0,1,"nucleolar large rRNA transcription by RNA polymerase I","BP",1
"GO:0046204",1,0.447760494154674,0,1,"nor-spermidine metabolic process","BP",1
"GO:0072006",1,0.222113220679152,0,2,"nephron development","BP",1
"GO:0072009",1,0.222113220679152,0,2,"nephron epithelium development","BP",1
"GO:0072010",1,0.222113220679152,0,2,"glomerular epithelium development","BP",1
"GO:1901836",1,0.455398731634852,0,1,"regulation of transcription of nucleolar large rRNA by RNA polymerase I","BP",1
"GO:1901837",1,0.455398731634852,0,1,"negative regulation of transcription of nucleolar large rRNA by RNA polymerase I","BP",1
"GO:0002326",1,0.45581518609118,0,1,"B cell lineage commitment","BP",1
"GO:0002329",1,0.45581518609118,0,1,"pre-B cell differentiation","BP",1
"GO:0002331",1,0.45581518609118,0,1,"pre-B cell allelic exclusion","BP",1
"GO:0002358",1,0.45581518609118,0,1,"B cell homeostatic proliferation","BP",1
"GO:0006398",1,0.471114747168049,0,1,"mRNA 3'-end processing by stem-loop binding and cleavage","BP",1
"GO:0031146",1,0.471592053954938,0,1,"SCF-dependent proteasomal ubiquitin-dependent protein catabolic process","BP",1
"GO:0033085",1,0.45581518609118,0,1,"negative regulation of T cell differentiation in thymus","BP",1
"GO:0033151",1,0.45581518609118,0,1,"V(D)J recombination","BP",1
"GO:0046622",1,0.45581518609118,0,1,"positive regulation of organ growth","BP",1
"GO:0048146",1,0.451484715505077,0,1,"positive regulation of fibroblast proliferation","BP",1
"GO:0090402",1,0.451484715505077,0,1,"oncogene-induced cell senescence","BP",1
"GO:0098696",1,0.451484715505077,0,1,"regulation of neurotransmitter receptor localization to postsynaptic specialization membrane","BP",1
"GO:0099633",1,0.451484715505077,0,1,"protein localization to postsynaptic specialization membrane","BP",1
"GO:0099645",1,0.451484715505077,0,1,"neurotransmitter receptor localization to postsynaptic specialization membrane","BP",1
"GO:1904155",1,0.45581518609118,0,1,"DN2 thymocyte differentiation","BP",1
"GO:0021534",1,0.452150082391926,0,1,"cell proliferation in hindbrain","BP",1
"GO:0021889",1,0.452150082391926,0,1,"olfactory bulb interneuron differentiation","BP",1
"GO:0021891",1,0.452150082391926,0,1,"olfactory bulb interneuron development","BP",1
"GO:0021924",1,0.452150082391926,0,1,"cell proliferation in external granule layer","BP",1
"GO:0021930",1,0.452150082391926,0,1,"cerebellar granule cell precursor proliferation","BP",1
"GO:0035088",1,0.47113624300255,0,1,"establishment or maintenance of apical/basal cell polarity","BP",1
"GO:0035090",1,0.47113624300255,0,1,"maintenance of apical/basal cell polarity","BP",1
"GO:0045197",1,0.47113624300255,0,1,"establishment or maintenance of epithelial cell apical/basal polarity","BP",1
"GO:0045199",1,0.47113624300255,0,1,"maintenance of epithelial cell apical/basal polarity","BP",1
"GO:0061245",1,0.47113624300255,0,1,"establishment or maintenance of bipolar cell polarity","BP",1
"GO:1903361",1,0.47113624300255,0,1,"protein localization to basolateral plasma membrane","BP",1
"GO:0002282",1,0.463402359177944,0,1,"microglial cell activation involved in immune response","BP",1
"GO:0006879",1,0.471592053954808,0,1,"intracellular iron ion homeostasis","BP",1
"GO:0021626",1,0.463402359177944,0,1,"central nervous system maturation","BP",1
"GO:0048874",1,0.463402359177944,0,1,"host-mediated regulation of intestinal microbiota composition","BP",1
"GO:0090026",1,0.463402359177944,0,1,"positive regulation of monocyte chemotaxis","BP",1
"GO:0090634",1,0.463402359177944,0,1,"microglial cell mediated cytotoxicity","BP",1
"GO:0098883",1,0.463402359177944,0,1,"synapse pruning","BP",1
"GO:0150089",1,0.463402359177944,0,1,"multiple spine synapse organization","BP",1
"GO:0150090",1,0.463402359177944,0,1,"multiple spine synapse organization, single dendrite","BP",1
"GO:1900272",1,0.463402359177944,0,1,"negative regulation of long-term synaptic potentiation","BP",1
"GO:1903719",1,0.463402359177944,0,1,"regulation of I-kappaB phosphorylation","BP",1
"GO:1903721",1,0.463402359177944,0,1,"positive regulation of I-kappaB phosphorylation","BP",1
"GO:1903975",1,0.463402359177944,0,1,"regulation of glial cell migration","BP",1
"GO:1903977",1,0.463402359177944,0,1,"positive regulation of glial cell migration","BP",1
"GO:1904124",1,0.463402359177944,0,1,"microglial cell migration","BP",1
"GO:1904139",1,0.463402359177944,0,1,"regulation of microglial cell migration","BP",1
"GO:1904141",1,0.463402359177944,0,1,"positive regulation of microglial cell migration","BP",1
"GO:1904149",1,0.463402359177944,0,1,"regulation of microglial cell mediated cytotoxicity","BP",1
"GO:1904150",1,0.463402359177944,0,1,"negative regulation of microglial cell mediated cytotoxicity","BP",1
"GO:1905523",1,0.463402359177944,0,1,"positive regulation of macrophage migration","BP",1
"GO:0032435",1,0.471592053954388,0,1,"negative regulation of proteasomal ubiquitin-dependent protein catabolic process","BP",1
"GO:2000059",1,0.471592053954388,0,1,"negative regulation of ubiquitin-dependent protein catabolic process","BP",1
"GO:0040031",1,0.471592053820943,0,1,"snRNA modification","BP",1
"GO:0070935",1,0.471592053820943,0,1,"3'-UTR-mediated mRNA stabilization","BP",1
"GO:0071028",1,0.452987443223779,0,1,"nuclear mRNA surveillance","BP",1
"GO:0110155",1,0.452987443223779,0,1,"NAD-cap decapping","BP",1
"GO:0120049",1,0.471592053820943,0,1,"snRNA (adenine-N6)-methylation","BP",1
"GO:1905868",1,0.471592053820943,0,1,"regulation of 3'-UTR-mediated mRNA stabilization","BP",1
"GO:1905869",1,0.471592053820943,0,1,"negative regulation of 3'-UTR-mediated mRNA stabilization","BP",1
